Time,Position,Velocity
0,0,0.00365540887
0.0333333333,0.000121846962,0.00365540837
0.0666666667,0.000243693908,0.0036554078
0.1,0.000365540835,0.00365540593
0.133333333,0.000487387699,0.00365540436
0.166666667,0.000609234511,0.00365540241
0.2,0.000731081258,0.0036553993
0.233333333,0.000852927901,0.00365539634
0.266666667,0.000974774446,0.00365539314
0.3,0.00109662088,0.00365538853
0.333333333,0.00121846717,0.00365538432
0.366666667,0.00134031331,0.00365537974
0.4,0.0014621593,0.00365537384
0.433333333,0.0015840051,0.00365536831
0.466666667,0.00170585071,0.00365536233
0.5,0.00182769612,0.0036553552
0.533333333,0.00194954129,0.00365534822
0.566666667,0.00207138623,0.00365534128
0.6,0.00219323094,0.00365533217
0.633333333,0.00231507535,0.00365532419
0.666666667,0.00243691949,0.00365531677
0.7,0.00255876338,0.00365530455
0.733333333,0.00268060687,0.00365529613
0.766666667,0.00280245007,0.00365528577
0.8,0.00292429293,0.00365527542
0.833333333,0.00304613544,0.00365526406
0.866666667,0.00316797758,0.00365525346
0.9,0.00328981936,0.00365523959
0.933333333,0.00341166068,0.00365522769
0.966666667,0.0035335016,0.00365521616
1,0.00365534214,0.00365520102
1.03333333,0.00377718218,0.0036551879
1.06666667,0.00389902177,0.00365517435
1.1,0.00402086092,0.00365515835
1.13333333,0.00414269953,0.0036551438
1.16666667,0.00426453766,0.00365512872
1.2,0.00438637528,0.00365511179
1.23333333,0.00450821234,0.0036550957
1.26666667,0.00463004886,0.0036550824
1.3,0.00475188494,0.00365505725
1.33333333,0.00487372018,0.00365504424
1.36666667,0.00499555499,0.00365502997
1.4,0.00511738932,0.0036550021
1.43333333,0.00523922273,0.00365498747
1.46666667,0.00536105564,0.0036549686
1.5,0.00548288793,0.00365494684
1.53333333,0.00560471949,0.00365492773
1.56666667,0.00572655042,0.00365491016
1.6,0.00584838075,0.0036548814
1.63333333,0.00597021013,0.00365486321
1.66666667,0.00609203891,0.00365484138
1.7,0.00621386695,0.00365481749
1.73333333,0.0063356942,0.00365479549
1.76666667,0.00645752072,0.00365477374
1.8,0.00657934651,0.00365474467
1.83333333,0.00670117133,0.00365472351
1.86666667,0.00682299545,0.00365470329
1.9,0.00694481889,0.00365466739
1.93333333,0.00706664114,0.00365464655
1.96666667,0.00718846269,0.00365462496
2,0.00731028352,0.00365458961
2.03333333,0.00743210318,0.00365456511
2.06666667,0.00755392201,0.00365454173
2.1,0.00767574007,0.00365450977
2.13333333,0.00779755706,0.00365448242
2.16666667,0.00791937315,0.003654457
2.2,0.00804118838,0.00365441914
2.23333333,0.00816300235,0.00365439577
2.26666667,0.00828481554,0.00365436237
2.3,0.00840662762,0.00365433492
2.33333333,0.00852843878,0.00365430151
2.36666667,0.00865024884,0.00365427408
2.4,0.00877205797,0.00365423414
2.43333333,0.00889386578,0.00365420708
2.46666667,0.00901567268,0.00365417195
2.5,0.00913747841,0.00365414056
2.53333333,0.0092592831,0.00365410565
2.56666667,0.00938108662,0.00365407287
2.6,0.00950288905,0.00365403474
2.63333333,0.0096246902,0.00365400193
2.66666667,0.00974649027,0.003653966
2.7,0.00986828913,0.00365392967
2.73333333,0.00999008679,0.00365389322
2.76666667,0.0101118832,0.00365385627
2.8,0.0102336784,0.00365381895
2.83333333,0.0103554724,0.00365378034
2.86666667,0.0104772651,0.00365374526
2.9,0.0105990566,0.00365370216
2.93333333,0.0107208467,0.00365366477
2.96666667,0.0108426355,0.00365362384
3,0.010964423,0.00365358645
3.03333333,0.0110862092,0.00365354291
3.06666667,0.0112079939,0.00365350948
3.1,0.0113297776,0.00365345765
3.13333333,0.0114515595,0.00365342058
3.16666667,0.0115733402,0.00365338033
3.2,0.0116951195,0.00365333299
3.23333333,0.0118168973,0.00365329203
3.26666667,0.0119386737,0.00365324915
3.3,0.0120604487,0.00365320365
3.33333333,0.0121822221,0.00365315637
3.36666667,0.012303994,0.00365311414
3.4,0.0124257645,0.00365307354
3.43333333,0.0125475336,0.00365301985
3.46666667,0.0126693009,0.00365297692
3.5,0.0127910668,0.00365293449
3.53333333,0.0129128313,0.00365287934
3.56666667,0.0130345939,0.00365283571
3.6,0.0131563551,0.0036527914
3.63333333,0.0132781148,0.00365273483
3.66666667,0.0133998727,0.00365269052
3.7,0.013521629,0.00365264427
3.73333333,0.0136433838,0.00365258466
3.76666667,0.0137651367,0.0036525371
3.8,0.0138868879,0.00365249563
3.83333333,0.0140086377,0.00365244177
3.86666667,0.0141303858,0.00365238181
3.9,0.0142521319,0.00365233371
3.93333333,0.0143738763,0.00365228808
3.96666667,0.0144956193,0.00365223252
4,0.0146173603,0.00365217201
4.03333333,0.0147390994,0.00365212219
4.06666667,0.0148608368,0.00365207344
4.1,0.0149825726,0.00365200672
4.13333333,0.0151043062,0.00365195248
4.16666667,0.0152260379,0.00365190375
4.2,0.015347768,0.00365184913
4.23333333,0.0154694963,0.00365178514
4.26666667,0.0155912225,0.003651727
4.3,0.0157129467,0.00365167668
4.33333333,0.0158346693,0.00365162435
4.36666667,0.0159563901,0.00365156525
4.4,0.016078109,0.003651493
4.43333333,0.0161998254,0.0036514351
4.46666667,0.0163215399,0.00365138286
4.5,0.0164432526,0.00365132463
4.53333333,0.0165649635,0.00365125606
4.56666667,0.016686672,0.00365119359
4.6,0.0168083785,0.00365114625
4.63333333,0.0169300833,0.00365107745
4.66666667,0.0170517859,0.0036510198
4.7,0.0171734866,0.0036509445
4.73333333,0.0172951847,0.00365088781
4.76666667,0.017416881,0.00365083137
4.8,0.0175385754,0.00365075249
4.83333333,0.0176602671,0.00365069383
4.86666667,0.0177819569,0.00365063235
4.9,0.0179036447,0.00365056427
4.93333333,0.0180253301,0.00365049186
4.96666667,0.0181470132,0.0036504295
5,0.0182686942,0.00365037269
5.03333333,0.0183903733,0.00365030199
5.06666667,0.01851205,0.00365024505
5.1,0.0186337248,0.00365014799
5.13333333,0.0187553964,0.00365008769
5.16666667,0.018877066,0.00365003003
5.2,0.0189987337,0.00364995557
5.23333333,0.0191203989,0.00364987469
5.26666667,0.0192420614,0.00364981583
5.3,0.0193637219,0.00364975679
5.33333333,0.0194853805,0.00364966051
5.36666667,0.0196070358,0.00364959751
5.4,0.0197286891,0.00364953727
5.43333333,0.0198503403,0.00364945952
5.46666667,0.0199719889,0.00364937508
5.5,0.0200936348,0.00364931364
5.53333333,0.0202152786,0.00364925203
5.56666667,0.0203369203,0.00364915159
5.6,0.0204585587,0.00364908589
5.63333333,0.0205801949,0.00364902307
5.66666667,0.020701829,0.00364894202
5.7,0.0208234604,0.00364885402
5.73333333,0.0209450889,0.00364878895
5.76666667,0.0210667152,0.00364872319
5.8,0.0211883393,0.00364861284
5.83333333,0.0213099597,0.00364854434
5.86666667,0.0214315778,0.00364847887
5.9,0.0215531938,0.00364839441
5.93333333,0.0216748069,0.00364830273
5.96666667,0.021796417,0.00364823606
6,0.0219180249,0.00364816922
6.03333333,0.0220396305,0.00364806033
6.06666667,0.0221612326,0.00364799888
6.1,0.0222828325,0.00364792155
6.13333333,0.0224044299,0.00364783406
6.16666667,0.0225260244,0.00364774336
6.2,0.0226476158,0.00364767071
6.23333333,0.0227692048,0.00364757794
6.26666667,0.0228907908,0.00364751548
6.3,0.0230123746,0.00364739941
6.33333333,0.0231339546,0.00364733289
6.36666667,0.0232555324,0.0036472398
6.4,0.023377107,0.00364716485
6.43333333,0.0234986792,0.00364706659
6.46666667,0.0236202481,0.00364698236
6.5,0.0237418142,0.00364691161
6.53333333,0.0238633779,0.00364681429
6.56666667,0.0239849383,0.0036467248
6.6,0.0241064958,0.00364663688
6.63333333,0.0242280504,0.00364653484
6.66666667,0.0243496016,0.00364645509
6.7,0.0244711501,0.00364637505
6.73333333,0.0245926959,0.00364629472
6.76666667,0.0247142391,0.00364619324
6.8,0.0248357788,0.00364609838
6.83333333,0.0249573154,0.00364600532
6.86666667,0.025078849,0.00364591407
6.9,0.0252003794,0.00364582933
6.93333333,0.0253219071,0.00364571683
6.96666667,0.025443431,0.0036456335
7,0.0255649521,0.00364554987
7.03333333,0.0256864704,0.00364546596
7.06666667,0.0258079859,0.00364536602
7.1,0.0259294981,0.00364525581
7.13333333,0.0260510067,0.00364516039
7.16666667,0.026172512,0.00364506856
7.2,0.0262940143,0.00364498258
7.23333333,0.0264155137,0.00364486651
7.26666667,0.0265370093,0.0036447759
7.3,0.0266585018,0.0036446887
7.33333333,0.0267799914,0.00364460121
7.36666667,0.0269014781,0.0036445033
7.4,0.0270229616,0.00364437618
7.43333333,0.0271444408,0.00364427977
7.46666667,0.0272659168,0.00364418704
7.5,0.0273873897,0.00364409749
7.53333333,0.0275088596,0.00364398305
7.56666667,0.0276303257,0.00364388231
7.6,0.0277517884,0.00364379153
7.63333333,0.0278732482,0.00364370046
7.66666667,0.0279947048,0.00364360509
7.7,0.0281161583,0.00364345944
7.73333333,0.028237607,0.00364337309
7.76666667,0.0283590528,0.00364329325
7.8,0.0284804959,0.0036431509
7.83333333,0.0286019342,0.00364306765
7.86666667,0.0287233698,0.00364297448
7.9,0.0288448023,0.00364283673
7.93333333,0.0289662302,0.00364275159
7.96666667,0.0290876552,0.00364263759
8,0.0292090765,0.00364254008
8.03333333,0.0293304945,0.00364242081
8.06666667,0.0294519085,0.00364231924
8.1,0.0295733192,0.00364222118
8.13333333,0.0296947265,0.00364209925
8.16666667,0.0298161299,0.00364197977
8.2,0.0299375292,0.00364190284
8.23333333,0.0300589259,0.00364175556
8.26666667,0.0301803178,0.00364165832
8.3,0.0303017064,0.00364156451
8.33333333,0.0304230919,0.00364145129
8.36666667,0.0305444736,0.00364131712
8.4,0.0306658508,0.00364122208
8.43333333,0.0307872249,0.00364112685
8.46666667,0.0309085958,0.00364098865
8.5,0.0310299621,0.00364087556
8.53333333,0.0311513246,0.00364077912
8.56666667,0.0312726839,0.00364067608
8.6,0.0313940398,0.00364051578
8.63333333,0.0315153903,0.00364041472
8.66666667,0.0316367375,0.00364031462
8.7,0.0317580813,0.00364018606
8.73333333,0.0318794208,0.00364005628
8.76666667,0.032000756,0.00363995711
8.8,0.0321220879,0.00363985773
8.83333333,0.0322434165,0.00363970302
8.86666667,0.03236474,0.0036395955
8.9,0.0324860598,0.00363949491
8.93333333,0.0326073763,0.00363937684
8.96666667,0.0327286889,0.00363922979
9,0.0328499965,0.00363912799
9.03333333,0.0329713008,0.00363902599
9.06666667,0.0330926017,0.00363888136
9.1,0.0332138977,0.00363875698
9.13333333,0.0333351896,0.00363865377
9.16666667,0.0334564781,0.0036385469
9.2,0.033577763,0.00363836924
9.23333333,0.0336990419,0.00363825843
9.26666667,0.0338203172,0.00363815123
9.3,0.0339415889,0.00363803803
9.33333333,0.0340628569,0.00363789522
9.36666667,0.03418412,0.00363780673
9.4,0.0343053803,0.00363761768
9.43333333,0.0344266342,0.00363753198
9.46666667,0.0345478852,0.00363738861
9.5,0.0346691315,0.00363728131
9.53333333,0.0347903742,0.00363713692
9.56666667,0.0349116121,0.00363703932
9.6,0.0350328468,0.00363687367
9.63333333,0.0351540759,0.00363674419
9.66666667,0.0352753007,0.00363662928
9.7,0.0353965217,0.00363649876
9.73333333,0.0355177383,0.00363639026
9.76666667,0.0356389513,0.00363626291
9.8,0.0357601601,0.00363609289
9.83333333,0.0358813632,0.00363596997
9.86666667,0.0360025622,0.00363584991
9.9,0.0361237572,0.00363572179
9.93333333,0.0362449479,0.0036355607
9.96666667,0.0363661333,0.00363544413
10,0.0364873147,0.00363532732
10.0333333,0.0366084923,0.00363519865
10.0666667,0.0367296656,0.00363503438
10.1,0.0368508334,0.00363491631
10.1333333,0.0369719973,0.003634798
10.1666667,0.0370931572,0.00363466882
10.2,0.0372143128,0.00363448552
10.2333333,0.0373354624,0.00363435924
10.2666667,0.0374566077,0.00363423569
10.3,0.0375777489,0.00363410583
10.3333333,0.0376988857,0.00363393487
10.3666667,0.0378200169,0.00363381365
10.4,0.037941144,0.00363369217
10.4333333,0.0380622671,0.00363356185
10.4666667,0.0381833858,0.00363338763
10.5,0.0383044987,0.0036332649
10.5333333,0.0384256076,0.00363314193
10.5666667,0.0385467123,0.00363301118
10.6,0.0386678127,0.003632814
10.6333333,0.0387889065,0.00363268472
10.6666667,0.0389099959,0.00363255767
10.7,0.0390310812,0.00363242633
10.7333333,0.0391521621,0.00363224525
10.7666667,0.0392732369,0.00363211937
10.8,0.0393943076,0.00363200443
10.8333333,0.0395153744,0.003631854
10.8666667,0.0396364362,0.00363169199
10.9,0.0397574926,0.00363153731
10.9333333,0.0398785438,0.003631417
10.9666667,0.0399995911,0.00363127171
11,0.0401206334,0.00363108828
11.0333333,0.0402416697,0.00363097036
11.0666667,0.0403627021,0.00363085191
11.1,0.0404837305,0.00363063143
11.1333333,0.0406047515,0.0036305113
11.1666667,0.0407257686,0.00363039208
11.2,0.0408467816,0.00363020723
11.2333333,0.0409677885,0.00363005674
11.2666667,0.0410887904,0.00362990504
11.3,0.0412097873,0.00362977633
11.3333333,0.0413307798,0.00362964163
11.3666667,0.0414517679,0.00362949531
11.4,0.041572751,0.00362929086
11.4333333,0.0416937274,0.00362914623
11.4666667,0.0418146989,0.00362900611
11.5,0.0419356658,0.00362886939
11.5333333,0.0420566281,0.00362869134
11.5666667,0.0421775845,0.00362853903
11.6,0.0422985358,0.00362840107
11.6333333,0.0424194825,0.00362826282
11.6666667,0.0425404246,0.00362810931
11.7,0.0426613616,0.0036279062
11.7333333,0.0427822918,0.00362775578
11.7666667,0.042903217,0.0036276107
11.8,0.0430241373,0.00362747042
11.8333333,0.043145053,0.00362728437
11.8666667,0.0432659625,0.00362713152
11.9,0.0433868669,0.00362699001
11.9333333,0.0435077665,0.00362684822
11.9666667,0.0436286615,0.00362668734
12,0.0437495511,0.00362648581
12.0333333,0.0438704339,0.00362632971
12.0666667,0.0439913116,0.0036261795
12.1,0.0441121842,0.00362603567
12.1333333,0.0442330521,0.00362584144
12.1666667,0.0443539135,0.00362568823
12.2,0.0444747697,0.00362554317
12.2333333,0.0445956212,0.00362539784
12.2666667,0.0447164678,0.00362522942
12.3,0.0448373088,0.0036250297
12.3333333,0.0449581431,0.00362486806
12.3666667,0.045078972,0.00362471812
12.4,0.045199796,0.00362454934
12.4333333,0.0453206143,0.00362439948
12.4666667,0.0454414276,0.00362420576
12.5,0.0455622344,0.003624054
12.5333333,0.0456830362,0.00362389895
12.5666667,0.0458038329,0.00362370294
12.6,0.045924623,0.00362355473
12.6333333,0.0460454081,0.00362339415
12.6666667,0.0461661879,0.00362319638
12.7,0.0462869611,0.00362305153
12.7333333,0.0464077295,0.00362288509
12.7666667,0.0465284924,0.00362267818
12.8,0.0466492483,0.00362254012
12.8333333,0.0467699996,0.00362237851
12.8666667,0.0468907456,0.00362218763
12.9,0.0470114852,0.00362199942
12.9333333,0.0471322185,0.00362186832
12.9666667,0.0472529474,0.00362168175
13,0.0473736702,0.00362147944
13.0333333,0.0474943861,0.00362134484
13.0666667,0.0476150976,0.00362117021
13.1,0.0477358033,0.00362095299
13.1333333,0.0478565017,0.00362081734
13.1666667,0.0479771957,0.00362065485
13.2,0.0480978841,0.00362042252
13.2333333,0.0482185649,0.0036202858
13.2666667,0.0483392411,0.00362013565
13.3,0.0484599123,0.00361988801
13.3333333,0.0485805752,0.00361975017
13.3666667,0.0487012336,0.00361961228
13.4,0.0488218873,0.00361934493
13.4333333,0.0489425321,0.00361920588
13.4666667,0.0490631723,0.00361906699
13.5,0.0491838079,0.00361881609
13.5333333,0.0493044351,0.00361866219
13.5666667,0.0494250572,0.00361852224
13.6,0.0495456746,0.00361828342
13.6333333,0.049666284,0.00361811447
13.6666667,0.0497868878,0.00361797346
13.7,0.049907487,0.00361774693
13.7333333,0.0500280785,0.00361756272
13.7666667,0.0501486639,0.00361742066
13.8,0.0502692446,0.0036172066
13.8333333,0.0503898182,0.00361700695
13.8666667,0.0505103851,0.00361686738
13.9,0.0506309473,0.00361665527
13.9333333,0.0507515025,0.00361648105
13.9666667,0.0508720519,0.003616295
14,0.050992595,0.00361610173
14.0333333,0.0511131318,0.00361589698
14.0666667,0.0512336617,0.0036157129
14.1,0.0513541854,0.00361554605
14.1333333,0.0514747036,0.00361537781
14.1666667,0.0515952162,0.00361520337
14.2,0.051715723,0.00361493291
14.2333333,0.0518362208,0.00361475934
14.2666667,0.0519567127,0.00361459048
14.3,0.0520771991,0.00361442135
14.3333333,0.0521976798,0.00361422635
14.3666667,0.052318154,0.0036140134
14.4,0.0524386211,0.00361382569
14.4333333,0.052559082,0.00361364351
14.4666667,0.0526795368,0.0036134131
14.5,0.0527999839,0.00361325346
14.5333333,0.0529204257,0.00361309226
14.5666667,0.0530408621,0.00361285906
14.6,0.0531612907,0.00361265951
14.6333333,0.0532817127,0.00361249713
14.6666667,0.0534021293,0.00361231542
14.7,0.0535225398,0.00361205619
14.7333333,0.0536429416,0.00361188441
14.7666667,0.0537633378,0.00361171366
14.8,0.0538837282,0.00361147292
14.8333333,0.0540041107,0.00361127389
14.8666667,0.0541244865,0.00361110889
14.9,0.0542448568,0.00361092048
14.9333333,0.0543652208,0.00361066622
14.9666667,0.0544855763,0.00361050004
15,0.0546059263,0.00361033369
15.0333333,0.0547262708,0.00361008542
15.0666667,0.054846607,0.00360988712
15.1,0.0549669365,0.00360971959
15.1333333,0.0550872605,0.00360952445
15.1666667,0.055207578,0.00360927013
15.2,0.055327887,0.00360910141
15.2333333,0.0554481904,0.00360893253
15.2666667,0.0555684881,0.0036086766
15.3,0.0556887774,0.00360847916
15.3333333,0.05580906,0.0036083091
15.3666667,0.055929337,0.00360810711
15.4,0.0560496072,0.00360785284
15.4333333,0.056169869,0.00360767264
15.4666667,0.0562901247,0.00360743941
15.5,0.0564103727,0.00360725733
15.5333333,0.0565306146,0.00360707688
15.5666667,0.0566508505,0.00360689181
15.6,0.0567710802,0.00360658889
15.6333333,0.0568912999,0.00360640465
15.6666667,0.0570115133,0.0036062231
15.7,0.0571317208,0.00360603346
15.7333333,0.0572519219,0.00360579541
15.7666667,0.0573721151,0.00360556899
15.8,0.0574923007,0.00360538589
15.8333333,0.0576124802,0.00360519879
15.8666667,0.0577326535,0.00360499276
15.9,0.05785282,0.00360471642
15.9333333,0.0579729772,0.00360451698
15.9666667,0.0580931277,0.00360433202
16,0.0582132721,0.00360409657
16.0333333,0.0583334087,0.00360392299
16.0666667,0.0584535395,0.00360371979
16.1,0.0585736635,0.00360344287
16.1333333,0.0586937782,0.0036032532
16.1666667,0.0588138867,0.00360306433
16.2,0.0589339888,0.00360279947
16.2333333,0.0590540821,0.00360258366
16.2666667,0.0591741682,0.00360240283
16.3,0.0592942483,0.00360219693
16.3333333,0.0594143216,0.00360191928
16.3666667,0.0595343855,0.00360173726
16.4,0.0596544434,0.00360155507
16.4333333,0.0597744953,0.00360128677
16.4666667,0.0598945382,0.00360106764
16.5,0.0600145738,0.00360088426
16.5333333,0.0601346032,0.00360067577
16.5666667,0.0602546258,0.00360039395
16.6,0.0603746389,0.00360020939
16.6333333,0.0604946459,0.00360002466
16.6666667,0.0606146467,0.00359975292
16.7,0.0607346385,0.00359953045
16.7333333,0.0608546228,0.00359934454
16.7666667,0.060974601,0.00359913346
16.8,0.0610945721,0.00359884309
16.8333333,0.0612145335,0.00359864554
16.8666667,0.0613344884,0.00359844895
16.9,0.0614544367,0.00359817366
16.9333333,0.0615743758,0.00359794775
16.9666667,0.0616943074,0.00359775922
17,0.0618142327,0.00359754546
17.0333333,0.0619341509,0.00359725515
17.0666667,0.0620540594,0.00359708625
17.1,0.0621739622,0.00359686192
17.1333333,0.0622938576,0.00359663192
17.1666667,0.0624137454,0.00359636737
17.2,0.0625336243,0.00359615448
17.2333333,0.0626534961,0.00359595596
17.2666667,0.0627733613,0.00359571772
17.3,0.0628932186,0.0035954429
17.3333333,0.0630130667,0.0035952519
17.3666667,0.0631329084,0.00359504898
17.4,0.0632527433,0.0035947398
17.4333333,0.063372568,0.00359452401
17.4666667,0.0634923855,0.00359432933
17.5,0.0636121965,0.00359409109
17.5333333,0.0637319995,0.00359381925
17.5666667,0.0638517935,0.00359360771
17.6,0.0639715804,0.00359339869
17.6333333,0.0640913603,0.00359314271
17.6666667,0.0642111318,0.00359289721
17.7,0.064330895,0.00359268697
17.7333333,0.0644506512,0.00359247646
17.7666667,0.0645704005,0.00359226421
17.8,0.0646901426,0.00359191261
17.8333333,0.064809873,0.00359169937
17.8666667,0.0649295963,0.00359148672
17.9,0.0650493126,0.00359127418
17.9333333,0.0651690217,0.00359102221
17.9666667,0.0652887224,0.0035907643
18,0.0654084146,0.00359055054
18.0333333,0.0655280996,0.00359033452
18.0666667,0.0656477774,0.00359011442
18.1,0.0657674479,0.00358976846
18.1333333,0.0658871068,0.00358954606
18.1666667,0.0660067584,0.00358933028
18.2,0.0661264027,0.00358911422
18.2333333,0.0662460399,0.00358886652
18.2666667,0.0663656687,0.00358859593
18.3,0.0664852886,0.00358837865
18.3333333,0.0666049012,0.00358815624
18.3666667,0.0667245064,0.00358792621
18.4,0.066844104,0.00358759223
18.4333333,0.0669636904,0.0035873577
18.4666667,0.067083269,0.0035871384
18.5,0.0672028403,0.00358691881
18.5333333,0.0673224042,0.00358667567
18.5666667,0.0674419601,0.00358639213
18.6,0.0675615065,0.00358617133
18.6333333,0.0676810455,0.00358594198
18.6666667,0.0678005769,0.00358570273
18.7,0.0679201003,0.00358538086
18.7333333,0.068039613,0.00358513391
18.7666667,0.0681591175,0.00358491109
18.8,0.0682786145,0.00358468799
18.8333333,0.0683981041,0.00358444968
18.8666667,0.0685175858,0.00358415292
18.9,0.0686370576,0.0035839286
18.9333333,0.0687565218,0.00358369174
18.9666667,0.0688759782,0.00358344402
19,0.0689954264,0.00358313436
19.0333333,0.0691148642,0.00358287473
19.0666667,0.0692342933,0.0035826484
19.1,0.069353715,0.00358242178
19.1333333,0.069473129,0.00358218857
19.1666667,0.0695925353,0.00358187832
19.2,0.0697119312,0.00358165049
19.2333333,0.0698313196,0.00358140553
19.2666667,0.0699506998,0.00358115014
19.3,0.0700700714,0.00358085275
19.3333333,0.0701894332,0.00358058017
19.3666667,0.0703087859,0.00358035032
19.4,0.0704281309,0.00358012019
19.4333333,0.0705474682,0.00357988978
19.4666667,0.0706667979,0.00357957093
19.5,0.0707861169,0.00357933701
19.5333333,0.0709054282,0.00357908335
19.5666667,0.0710247309,0.00357882112
19.6,0.071144025,0.00357853605
19.6333333,0.0712633095,0.00357825026
19.6666667,0.0713825845,0.0035780169
19.7,0.0715018517,0.00357778325
19.7333333,0.0716211112,0.00357754933
19.7666667,0.0717403628,0.00357723478
19.8,0.071859604,0.00357698819
19.8333333,0.0719788369,0.0035767252
19.8666667,0.0720980611,0.003576457
19.9,0.0722172763,0.00357618429
19.9333333,0.0723364825,0.00357588501
19.9666667,0.0724556786,0.00357564814
20,0.0725748669,0.00357541099
20.0333333,0.0726940473,0.00357517356
20.0666667,0.0728132197,0.00357486359
20.1,0.0729323819,0.00357460393
20.1333333,0.0730515353,0.00357433107
20.1666667,0.0731706797,0.00357405797
20.2,0.073289815,0.0035737975
20.2333333,0.0734089415,0.00357348446
20.2666667,0.0735280577,0.00357324408
20.3,0.0736471658,0.00357300342
20.3333333,0.0737662659,0.00357276248
20.3666667,0.073885358,0.00357245736
20.4,0.0740044399,0.00357217729
20.4333333,0.0741235125,0.0035719015
20.4666667,0.0742425759,0.00357163049
20.5,0.0743616302,0.00357137569
20.5333333,0.0744806761,0.00357104862
20.5666667,0.074599711,0.00357080474
20.6,0.0747187379,0.00357056058
20.6333333,0.0748377566,0.00357031614
20.6666667,0.0749567671,0.00357001614
20.7,0.0750757676,0.00356971468
20.7333333,0.0751947581,0.00356943698
20.7666667,0.0753137394,0.00356916775
20.8,0.0754327116,0.00356891889
20.8333333,0.0755516756,0.00356857752
20.8666667,0.0756706282,0.00356833014
20.9,0.0757895725,0.00356808248
20.9333333,0.0759085086,0.00356783453
20.9666667,0.0760274364,0.00356753993
21,0.0761463544,0.00356721609
21.0333333,0.0762652616,0.00356693756
21.0666667,0.0763841595,0.00356666976
21.1,0.0765030485,0.00356641981
21.1333333,0.0766219292,0.0035660785
21.1666667,0.0767407985,0.00356582031
21.2,0.0768596591,0.00356556915
21.2333333,0.0769785114,0.0035653177
21.2666667,0.0770973554,0.00356502878
21.3,0.0772161897,0.00356468152
21.3333333,0.0773350124,0.0035644033
21.3666667,0.0774538258,0.00356413656
21.4,0.0775726304,0.00356388311
21.4333333,0.0776914265,0.00356354694
21.4666667,0.0778102114,0.00356327527
21.5,0.0779289872,0.00356302061
21.5333333,0.0780477546,0.00356276567
21.5666667,0.0781665134,0.00356248269
21.6,0.0782852628,0.00356211098
21.6333333,0.0784039999,0.00356183423
21.6666667,0.0785227277,0.00356156817
21.7,0.0786414466,0.00356131122
21.7333333,0.078760157,0.00356098047
21.7666667,0.0788788563,0.00356069505
21.8,0.0789975462,0.00356043689
21.8333333,0.0791162274,0.00356017846
21.8666667,0.0792349,0.0035599017
21.9,0.0793535634,0.00355950447
21.9333333,0.0794722136,0.0035592304
21.9666667,0.0795908546,0.00355896461
22,0.0797094867,0.00355870417
22.0333333,0.0798281102,0.00355837911
22.0666667,0.0799467228,0.00355807967
22.1,0.0800653255,0.00355781802
22.1333333,0.0801839194,0.00355755609
22.1666667,0.0803025046,0.00355728583
22.2,0.0804210808,0.003556862
22.2333333,0.0805396429,0.00355659187
22.2666667,0.080658196,0.00355632591
22.3,0.0807767402,0.00355606198
22.3333333,0.0808952756,0.00355574288
22.3666667,0.0810138003,0.00355542915
22.4,0.0811323146,0.00355516402
22.4333333,0.0812508201,0.00355489801
22.4666667,0.0813693167,0.0035546304
22.5,0.0814878044,0.0035541883
22.5333333,0.0816062773,0.00355391924
22.5666667,0.0817247413,0.0035536521
22.6,0.0818431964,0.00355338468
22.6333333,0.0819616425,0.00355307181
22.6666667,0.0820800782,0.00355274354
22.7,0.082198503,0.00355247491
22.7333333,0.0823169189,0.00355220223
22.7666667,0.0824353256,0.00355192265
22.8,0.082553723,0.0035514969
22.8333333,0.0826721062,0.00355121382
22.8666667,0.08279048,0.0035509432
22.9,0.0829088448,0.00355067229
22.9333333,0.0830272006,0.00355036594
22.9666667,0.0831455461,0.00355002284
23,0.0832638802,0.00354975073
23.0333333,0.0833822052,0.00354947074
23.0666667,0.0835005209,0.00354918008
23.1,0.0836188269,0.0035487707
23.1333333,0.0837371193,0.00354847334
23.1666667,0.0838554017,0.00354819924
23.2,0.083973675,0.00354792485
23.2333333,0.0840919392,0.00354762527
23.2666667,0.0842101933,0.00354726709
23.3,0.0843284356,0.0035469915
23.3333333,0.0844466686,0.00354670355
23.3666667,0.0845648921,0.00354640275
23.4,0.0846831055,0.00354600974
23.4333333,0.0848013058,0.00354569782
23.4666667,0.0849194958,0.00354542024
23.5,0.0850376764,0.00354514237
23.5333333,0.0851558479,0.00354484985
23.5666667,0.0852740095,0.00354447631
23.6,0.0853921587,0.00354419725
23.6333333,0.0855102986,0.00354390064
23.6666667,0.0856284287,0.0035435907
23.7,0.0857465483,0.00354321403
23.7333333,0.0858646555,0.0035428873
23.7666667,0.0859827517,0.00354260623
23.8,0.0861008386,0.00354232489
23.8333333,0.0862189161,0.0035420397
23.8666667,0.0863369841,0.00354165054
23.9,0.0864550391,0.003541368
23.9333333,0.0865730847,0.00354106204
23.9666667,0.0866911201,0.00354074399
24,0.0868091449,0.00354038361
24.0333333,0.0869271577,0.00354004179
24.0666667,0.0870451591,0.00353975725
24.1,0.087163151,0.00353947243
24.1333333,0.0872811334,0.00353918734
24.1666667,0.0873991063,0.0035387973
24.2,0.0875170662,0.00353850379
24.2333333,0.0876350163,0.00353818775
24.2666667,0.0877529559,0.00353786266
24.3,0.0878708847,0.0035375185
24.3333333,0.087988802,0.00353716132
24.3666667,0.0881067074,0.00353687332
24.4,0.0882246031,0.00353658503
24.4333333,0.0883424893,0.00353629646
24.4666667,0.0884603659,0.00353591296
24.5,0.0885782296,0.00353560463
24.5333333,0.0886960831,0.00353527778
24.5666667,0.0888139257,0.00353494676
24.6,0.0889317573,0.00353461873
24.6333333,0.0890495779,0.00353424594
24.6666667,0.0891673861,0.00353395446
24.7,0.0892851846,0.0035336627
24.7333333,0.0894029733,0.00353337067
24.7666667,0.0895207523,0.00353299397
24.8,0.0896385188,0.00353266711
24.8333333,0.0897562744,0.00353233223
24.8666667,0.0898740188,0.00353199971
24.9,0.0899917521,0.00353168433
24.9333333,0.0901094749,0.00353129565
24.9666667,0.0902271848,0.00353100071
25,0.0903448848,0.00353070549
25.0333333,0.090462575,0.00353040999
25.0666667,0.0905802553,0.00353004037
25.1,0.0906979233,0.00352968908
25.1333333,0.0908155796,0.00352935202
25.1666667,0.0909332247,0.00352902282
25.2,0.0910508588,0.00352871532
25.2333333,0.0911684826,0.0035283105
25.2666667,0.091286093,0.00352801209
25.3,0.0914036934,0.00352771341
25.3333333,0.0915212838,0.00352741445
25.3666667,0.0916388643,0.00352705218
25.4,0.0917564327,0.00352667537
25.4333333,0.0918739886,0.0035263374
25.4666667,0.0919915331,0.00352601108
25.5,0.0921090668,0.00352571013
25.5333333,0.0922265905,0.00352529212
25.5666667,0.0923441003,0.00352498864
25.6,0.0924615999,0.0035246865
25.6333333,0.0925790894,0.00352438408
25.6666667,0.0926965689,0.00352402943
25.7,0.0928140365,0.00352362599
25.7333333,0.0929314907,0.00352328843
25.7666667,0.0930489337,0.00352296453
25.8,0.0931663658,0.00352266012
25.8333333,0.0932837878,0.00352224921
25.8666667,0.0934011962,0.00352193039
25.9,0.0935185938,0.00352162479
25.9333333,0.0936359813,0.00352131891
25.9666667,0.0937533586,0.00352097216
26,0.0938707244,0.00352054095
26.0333333,0.0939880757,0.00352020516
26.0666667,0.0941054159,0.00351988319
26.1,0.0942227453,0.00351957533
26.1333333,0.0943400645,0.00351917179
26.1666667,0.0944573702,0.00351883736
26.2,0.0945746648,0.00351852831
26.2333333,0.0946919491,0.00351821898
26.2666667,0.0948092231,0.00351788039
26.3,0.0949264857,0.00351742026
26.3333333,0.0950437331,0.00351708764
26.3666667,0.0951609693,0.0035167671
26.4,0.0952781949,0.00351645579
26.4333333,0.0953954101,0.00351605988
26.4666667,0.0955126121,0.00351570959
26.5,0.0956298024,0.00351539708
26.5333333,0.0957469823,0.0035150843
26.5666667,0.0958641518,0.00351475415
26.6,0.0959813103,0.00351426393
26.6333333,0.0960984524,0.00351393593
26.6666667,0.0962155836,0.00351361629
26.7,0.0963327041,0.00351330152
26.7333333,0.0964498142,0.00351291353
26.7666667,0.0965669113,0.0035125471
26.8,0.0966839962,0.00351223115
26.8333333,0.0968010706,0.00351191492
26.8666667,0.0969181344,0.00351159347
26.9,0.0970351875,0.00351107197
26.9333333,0.0971522233,0.00351075007
26.9666667,0.0972692483,0.00351043078
27,0.0973862626,0.00351011257
27.0333333,0.0975032664,0.00350973276
27.0666667,0.0976202575,0.00350934993
27.1,0.0977372358,0.00350903053
27.1333333,0.0978542035,0.00350870876
27.1666667,0.0979711604,0.00350838245
27.2,0.0980881065,0.00350786056
27.2333333,0.0982050352,0.00350753198
27.2666667,0.0983219529,0.00350721061
27.3,0.09843886,0.00350688896
27.3333333,0.0985557563,0.0035065176
27.3666667,0.0986726402,0.00350611811
27.4,0.0987895108,0.00350579527
27.4333333,0.0989063706,0.00350546596
27.4666667,0.0990232195,0.00350512649
27.5,0.099140057,0.00350462534
27.5333333,0.0992568779,0.00350428062
27.5666667,0.0993736872,0.00350395581
27.6,0.0994904858,0.00350363072
27.6333333,0.0996072735,0.00350326809
27.6666667,0.0997240491,0.00350285167
27.7,0.0998408108,0.00350252539
27.7333333,0.0999575616,0.0035021878
27.7666667,0.100074301,0.0035018363
27.8,0.100191029,0.00350135578
27.8333333,0.100307741,0.00350099466
27.8666667,0.100424441,0.00350066641
27.9,0.10054113,0.00350033789
27.9333333,0.100657808,0.00349998425
27.9666667,0.100774474,0.00349955064
28,0.100891125,0.00349922093
28.0333333,0.101007766,0.00349887428
28.0666667,0.101124395,0.00349851194
28.1,0.101241012,0.00349805191
28.1333333,0.101357614,0.00349767413
28.1666667,0.101474203,0.00349734245
28.2,0.101590781,0.00349701049
28.2333333,0.101707348,0.00349666611
28.2666667,0.101823904,0.00349621506
28.3,0.101940444,0.00349588192
28.3333333,0.102056974,0.00349552541
28.3666667,0.102173491,0.00349515345
28.4,0.102289996,0.00349471377
28.4333333,0.102406487,0.00349431907
28.4666667,0.102522964,0.00349398396
28.5,0.10263943,0.00349364857
28.5333333,0.102755885,0.00349331291
28.5666667,0.102872329,0.00349284578
28.6,0.102988757,0.00349250839
28.6333333,0.103105174,0.00349214121
28.6666667,0.103221579,0.00349176089
28.7,0.103337971,0.00349134138
28.7333333,0.103454349,0.0034909295
28.7666667,0.103570713,0.00349059096
28.8,0.103687066,0.00349025215
28.8333333,0.103803408,0.00348991306
28.8666667,0.103919738,0.00348945442
28.9,0.104036054,0.00348910038
28.9333333,0.104152357,0.00348872169
28.9666667,0.104268648,0.00348833432
29,0.104384925,0.00348793479
29.0333333,0.10450119,0.00348750547
29.0666667,0.10461744,0.00348716351
29.1,0.104733679,0.00348682127
29.1333333,0.104849906,0.00348647876
29.1666667,0.104966122,0.00348602887
29.2,0.105082323,0.00348565792
29.2333333,0.105198512,0.00348526686
29.2666667,0.105314687,0.00348487379
29.3,0.10543085,0.00348449403
29.3333333,0.105547,0.003484047
29.3666667,0.105663135,0.00348370162
29.4,0.105779258,0.00348335596
29.4333333,0.10589537,0.00348301003
29.4666667,0.10601147,0.00348256916
29.5,0.106127556,0.00348217292
29.5333333,0.106243628,0.00348177718
29.5666667,0.106359687,0.00348138702
29.6,0.106475734,0.00348101913
29.6333333,0.106591768,0.00348055413
29.6666667,0.106707786,0.00348020533
29.7,0.106823793,0.00347985626
29.7333333,0.106939788,0.00347950691
29.7666667,0.107055772,0.00347907533
29.8,0.107171741,0.00347865061
29.8333333,0.107287696,0.00347825363
29.8666667,0.107403638,0.00347786793
29.9,0.107519567,0.00347751012
29.9333333,0.107635484,0.00347702689
29.9666667,0.107751385,0.00347667468
30,0.107867274,0.0034763222
30.0333333,0.107983151,0.00347596944
30.0666667,0.108099017,0.00347554741
30.1,0.108214868,0.00347509302
30.1333333,0.108330705,0.00347469631
30.1666667,0.108446528,0.00347431449
30.2,0.108562338,0.00347395978
30.2333333,0.108678137,0.00347347258
30.2666667,0.10879392,0.0034731097
30.3,0.10890969,0.00347275381
30.3333333,0.109025448,0.00347239764
30.3666667,0.109141195,0.00347198544
30.4,0.109256928,0.00347150015
30.4333333,0.109372644,0.00347110526
30.4666667,0.109488348,0.00347072675
30.5,0.109604039,0.00347036863
30.5333333,0.109719718,0.00346989074
30.5666667,0.109835381,0.00346951043
30.6,0.109951031,0.00346915113
30.6333333,0.11006667,0.00346879156
30.6666667,0.110182296,0.00346838946
30.7,0.110297909,0.00346787203
30.7333333,0.110413505,0.00346748054
30.7666667,0.110529087,0.00346710474
30.8,0.110644657,0.00346674321
30.8333333,0.110760216,0.00346627491
30.8666667,0.110875758,0.0034658769
30.9,0.110991287,0.0034655142
30.9333333,0.111106804,0.00346515123
30.9666667,0.111222309,0.00346475949
31,0.111337801,0.00346420866
31.0333333,0.111453275,0.00346382221
31.0666667,0.111568736,0.0034634485
31.1,0.111684184,0.00346308357
31.1333333,0.11179962,0.00346262511
31.1666667,0.111915041,0.00346220915
31.2,0.112030448,0.00346184306
31.2333333,0.112145843,0.00346147669
31.2666667,0.112261225,0.00346109557
31.3,0.112376595,0.00346051007
31.3333333,0.112491946,0.00346013032
31.3666667,0.112607283,0.00345975806
31.4,0.112722608,0.00345938973
31.4333333,0.112837921,0.00345894139
31.4666667,0.11295322,0.00345850722
31.5,0.113068503,0.00345813773
31.5333333,0.113183774,0.00345776796
31.5666667,0.113299033,0.00345739774
31.6,0.11341428,0.00345677627
31.6333333,0.113529506,0.00345640494
31.6666667,0.113644719,0.00345603345
31.7,0.11375992,0.00345566174
31.7333333,0.113875109,0.00345522377
31.7666667,0.113990283,0.00345477114
31.8,0.114105442,0.00345439825
31.8333333,0.114220589,0.00345402091
31.8666667,0.114335723,0.00345363557
31.9,0.114450844,0.00345303849
31.9333333,0.114565945,0.00345264956
31.9666667,0.114681034,0.00345227473
32,0.114796109,0.00345189963
32.0333333,0.114911173,0.0034514723
32.0666667,0.115026222,0.00345100094
32.1,0.115141255,0.00345062467
32.1333333,0.115256276,0.00345023887
32.1666667,0.115371284,0.00344983938
32.2,0.115486279,0.00344926728
32.2333333,0.115601254,0.00344886013
32.2666667,0.115716216,0.00344848191
32.3,0.115831166,0.00344810343
32.3333333,0.115946102,0.00344768702
32.3666667,0.116061025,0.00344719667
32.4,0.116175932,0.00344681702
32.4333333,0.116290826,0.00344642188
32.4666667,0.116405707,0.00344600962
32.5,0.116520574,0.00344546226
32.5333333,0.116635422,0.00344503665
32.5666667,0.116750257,0.00344465505
32.6,0.116865079,0.00344427318
32.6333333,0.116979888,0.00344386796
32.6666667,0.117094683,0.00344335836
32.7,0.117209462,0.00344297533
32.7333333,0.117324228,0.00344256998
32.7666667,0.11743898,0.00344214636
32.8,0.117553718,0.00344162349
32.8333333,0.117668439,0.00344117915
32.8666667,0.117783145,0.00344079418
32.9,0.117897838,0.00344040893
32.9333333,0.118012519,0.00344001515
32.9666667,0.118127186,0.00343948606
33,0.118241835,0.00343909965
33.0333333,0.118356472,0.00343868317
33.0666667,0.118471095,0.00343824965
33.1,0.118585703,0.003437751
33.1333333,0.118700295,0.00343728767
33.1666667,0.118814871,0.00343689933
33.2,0.118929434,0.00343651071
33.2333333,0.119043985,0.00343612182
33.2666667,0.119158522,0.00343558661
33.3,0.119273042,0.00343519001
33.3333333,0.119387548,0.00343476148
33.3666667,0.11950204,0.00343431955
33.4,0.119616517,0.00343384482
33.4333333,0.119730979,0.00343336226
33.4666667,0.119845424,0.00343297054
33.5,0.119959857,0.00343257856
33.5333333,0.120074276,0.0034321863
33.5666667,0.120188682,0.00343166177
33.6,0.120303071,0.00343124645
33.6333333,0.120417446,0.00343080492
33.6666667,0.120531806,0.00343035613
33.7,0.120646151,0.003429905
33.7333333,0.120760481,0.00342940295
33.7666667,0.120874795,0.00342900786
33.8,0.120989095,0.00342861251
33.8333333,0.121103382,0.00342821688
33.8666667,0.121217656,0.0034277033
33.9,0.121331913,0.00342726694
33.9333333,0.121446155,0.00342681354
33.9666667,0.121560382,0.00342636148
34,0.121674594,0.00342593158
34.0333333,0.121788792,0.00342540977
34.0666667,0.121902972,0.00342501133
34.1,0.122017139,0.00342461261
34.1333333,0.122131293,0.00342421362
34.1666667,0.122245433,0.00342371125
34.2,0.122359557,0.00342324363
34.2333333,0.122473665,0.00342278842
34.2666667,0.122587758,0.00342234249
34.3,0.122701836,0.00342192459
34.3333333,0.1228159,0.00342138277
34.3666667,0.122929946,0.00342098097
34.4,0.123043979,0.0034205789
34.4333333,0.123157998,0.00342017655
34.4666667,0.123272004,0.00341968566
34.5,0.123385994,0.00341918549
34.5333333,0.123499967,0.00341873016
34.5666667,0.123613924,0.00341828972
34.6,0.123727867,0.00341788407
34.6333333,0.123841797,0.00341732199
34.6666667,0.123955708,0.00341691684
34.7,0.124069605,0.00341651141
34.7333333,0.124183488,0.00341610571
34.7666667,0.124297359,0.00341562656
34.8,0.124411213,0.00341509254
34.8333333,0.124525049,0.00341463883
34.8666667,0.124638871,0.00341420319
34.9,0.124752677,0.00341379556
34.9333333,0.124866471,0.00341324197
34.9666667,0.124980245,0.00341281896
35,0.125094006,0.00341241019
35.0333333,0.125207753,0.00341200114
35.0666667,0.125321486,0.00341153399
35.1,0.125435204,0.0034109648
35.1333333,0.125548903,0.00341051448
35.1666667,0.125662587,0.00341008295
35.2,0.125776256,0.00340967198
35.2333333,0.125889912,0.00340912988
35.2666667,0.12600355,0.00340868739
35.3,0.126117172,0.00340827527
35.3333333,0.126230782,0.00340786288
35.3666667,0.126344377,0.003407408
35.4,0.126457957,0.0034068023
35.4333333,0.126571517,0.00340635718
35.4666667,0.126685063,0.00340592904
35.5,0.126798594,0.00340551472
35.5333333,0.126912111,0.00340498439
35.5666667,0.12702561,0.00340452217
35.6,0.127139094,0.0034041067
35.6333333,0.127252565,0.00340369097
35.6666667,0.127366021,0.00340324862
35.7,0.127479463,0.00340260504
35.7333333,0.127592883,0.00340216698
35.7666667,0.127706288,0.0034017415
35.8,0.12781968,0.00340132384
35.8333333,0.127933057,0.00340080554
35.8666667,0.128046417,0.00340032333
35.9,0.128159761,0.00339990452
35.9333333,0.128273092,0.00339948545
35.9666667,0.128386408,0.0033990559
36,0.12849971,0.00339837307
36.0333333,0.128612989,0.00339794396
36.0666667,0.128726254,0.00339752037
36.1,0.128839504,0.00339709938
36.1333333,0.128952741,0.00339659336
36.1666667,0.129065961,0.00339609091
36.2,0.129179164,0.00339566877
36.2333333,0.129292353,0.00339524467
36.2666667,0.129405527,0.00339481667
36.3,0.129518688,0.00339411971
36.3333333,0.129631825,0.00339368974
36.3666667,0.129744948,0.00339326569
36.4,0.129858057,0.00339284137
36.4333333,0.129971152,0.00339234791
36.4666667,0.13008423,0.00339182496
36.5,0.130197291,0.00339139949
36.5333333,0.130310338,0.00339096688
36.5666667,0.13042337,0.00339052241
36.6,0.130536387,0.00338985484
36.6333333,0.130649382,0.00338940489
36.6666667,0.130762363,0.00338897751
36.7,0.130875329,0.00338854987
36.7333333,0.13098828,0.00338806922
36.7666667,0.131101216,0.00338752552
36.8,0.131214133,0.00338709673
36.8333333,0.131327037,0.00338665466
36.8666667,0.131439925,0.00338619528
36.9,0.131552798,0.00338555676
36.9333333,0.13166565,0.00338508657
36.9666667,0.131778486,0.00338465587
37,0.131891308,0.0033842249
37.0333333,0.132004116,0.00338375733
37.0666667,0.132116908,0.00338319264
37.1,0.132229681,0.00338276052
37.1333333,0.132342439,0.00338230801
37.1666667,0.132455183,0.00338183532
37.2,0.132567911,0.00338122551
37.2333333,0.132680618,0.00338073483
37.2666667,0.13279331,0.00338030081
37.3,0.132905986,0.00337986652
37.3333333,0.133018648,0.00337941229
37.3666667,0.133131295,0.00337882634
37.4,0.133243923,0.00337839091
37.4333333,0.133356536,0.00337792697
37.4666667,0.133469134,0.0033774426
37.5,0.133581715,0.00337686113
37.5333333,0.133694277,0.00337634971
37.5666667,0.133806822,0.00337591237
37.6,0.133919352,0.00337547477
37.6333333,0.134031868,0.00337503414
37.6666667,0.134144369,0.00337442669
37.7,0.13425685,0.00337398795
37.7333333,0.134369317,0.00337351155
37.7666667,0.134481767,0.0033730172
37.8,0.134594201,0.00337246366
37.8333333,0.134706616,0.00337193125
37.8666667,0.134819014,0.0033714906
37.9,0.134931397,0.00337104969
37.9333333,0.135043765,0.00337060852
37.9666667,0.135156119,0.00337000812
38,0.135268453,0.00336955167
38.0333333,0.135380771,0.00336906178
38.0666667,0.135493073,0.00336855917
38.1,0.135605358,0.00336803316
38.1333333,0.135717626,0.00336747949
38.1666667,0.135829875,0.00336703554
38.2,0.13594211,0.00336659133
38.2333333,0.13605433,0.00336614685
38.2666667,0.136166535,0.0033655593
38.3,0.13627872,0.00336508212
38.3333333,0.136390889,0.00336457769
38.3666667,0.136503042,0.00336406857
38.4,0.136615178,0.00336356965
38.4333333,0.136727297,0.00336299449
38.4666667,0.136839396,0.00336254724
38.5,0.136951481,0.00336209972
38.5333333,0.137063551,0.00336165194
38.5666667,0.137175606,0.00336107751
38.6,0.137287642,0.00336057188
38.6333333,0.137399661,0.00336005959
38.6666667,0.137511663,0.00335955264
38.7,0.137623648,0.00335907318
38.7333333,0.137735617,0.00335847628
38.7666667,0.137847567,0.00335802573
38.8,0.137959501,0.00335757492
38.8333333,0.13807142,0.00335712384
38.8666667,0.138183324,0.00335656278
38.9,0.13829521,0.00335602193
38.9333333,0.138407077,0.00335550889
38.9666667,0.138518927,0.00335500913
39,0.138630761,0.00335454381
39.0333333,0.138742579,0.00335392491
39.0666667,0.138854377,0.00335347107
39.1,0.138966159,0.00335301696
39.1333333,0.139077926,0.0033525626
39.1666667,0.139189678,0.00335201517
39.2,0.139301412,0.0033514377
39.2333333,0.139413127,0.00335092584
39.2666667,0.139524824,0.0033441044
39.3,0.139636294,0.00327919805
39.3333333,0.139745601,0.00316770631
39.3666667,0.139851191,0.00307179178
39.4,0.139953584,0.00297833044
39.4333333,0.140052862,0.00288294692
39.4666667,0.14014896,0.00276609076
39.5,0.140241163,0.0026824966
39.5333333,0.14033058,0.00260100174
39.5666667,0.14041728,0.00252158189
39.6,0.140501332,0.00242760327
39.6333333,0.140582253,0.00234206606
39.6666667,0.140660321,0.00227106197
39.7,0.140736024,0.00220187396
39.7333333,0.140809419,0.00213376891
39.7666667,0.140880545,0.00204460627
39.8,0.140948698,0.00198272555
39.8333333,0.141014789,0.00192238032
39.8666667,0.141078869,0.00186356641
39.9,0.141140988,0.00179609373
39.9333333,0.141200857,0.00173054928
39.9666667,0.141258542,0.00167798787
40,0.141314475,0.00162676942
40.0333333,0.141368701,0.00157687361
40.0666667,0.141421263,0.00151157634
40.1,0.141471649,0.00146442901
40.1333333,0.141520464,0.00141973705
40.1666667,0.141567788,0.00137617785
40.2,0.141613661,0.00132779167
40.2333333,0.14165792,0.00127761975
40.2666667,0.141700508,0.00123871099
40.3,0.141741798,0.00120079535
40.3333333,0.141781825,0.00116385793
40.3666667,0.14182062,0.00111682167
40.4,0.141857847,0.00108053787
40.4333333,0.141893865,0.00104742997
40.4666667,0.14192878,0.0010151644
40.5,0.141962618,0.000980510586
40.5333333,0.141995302,0.000942143706
40.5666667,0.142026707,0.000913341621
40.6,0.142057152,0.000885274005
40.6333333,0.142086661,0.00085792989
40.6666667,0.142115258,0.000824077268
40.7,0.142142728,0.000796185122
40.7333333,0.142169267,0.00077165499
40.7666667,0.142194989,0.000747756927
40.8,0.142219914,0.000722968529
40.8333333,0.142244013,0.000693656382
40.8666667,0.142267135,0.000672335972
40.9,0.142289546,0.000651558805
40.9333333,0.142311265,0.000631316763
40.9666667,0.142332309,0.000606975149
41,0.142352541,0.00058554949
41.0333333,0.14237206,0.00056737663
41.0666667,0.142390972,0.000549681132
41.1,0.142409295,0.000531969424
41.1333333,0.142427027,0.000509594796
41.1666667,0.142444014,0.000493812833
41.2,0.142460474,0.000478432757
41.2333333,0.142476422,0.000463448483
41.2666667,0.14249187,0.000445963023
41.3,0.142506735,0.000429515695
41.3333333,0.142521053,0.000416051691
41.3666667,0.142534921,0.000402950047
41.4,0.142548353,0.000390226678
41.4333333,0.14256136,0.000373334609
41.4666667,0.142573805,0.000361566228
41.5,0.142585857,0.000350181603
41.5333333,0.14259753,0.000339089727
41.5666667,0.142608833,0.000326542566
41.6,0.142619717,0.000313921119
41.6333333,0.142630181,0.000303946237
41.6666667,0.142640313,0.000294247275
41.7,0.142650121,0.000284829041
41.7333333,0.142659616,0.000272656492
41.7666667,0.142668704,0.000263593459
41.8,0.142677491,0.000255166667
41.8333333,0.142685996,0.000246956382
41.8666667,0.142694228,0.000237963043
41.9,0.14270216,0.000228276523
41.9333333,0.142709769,0.000220888387
41.9666667,0.142717132,0.000213710038
42,0.142724256,0.000206738646
42.0333333,0.142731147,0.000197974652
42.0666667,0.142737746,0.000191005132
42.1,0.142744113,0.000184767958
42.1333333,0.142750272,0.000178690814
42.1666667,0.142756229,0.0001722526
42.2,0.14276197,0.000164813279
42.2333333,0.142767464,0.000159344459
42.2666667,0.142772776,0.000154033481
42.3,0.14277791,0.000148873518
42.3333333,0.142782872,0.000142569505
42.3666667,0.142787625,0.000137217138
42.4,0.142792199,0.000132600914
42.4333333,0.142796619,0.00012810294
42.4666667,0.142800889,0.000123499995
42.5,0.142805005,0.000117777742
42.5333333,0.142808931,0.000113734747
42.5666667,0.142812723,0.000109807293
42.6,0.142816383,0.000105988353
42.6333333,0.142819916,0.000101458384
42.6666667,0.142823298,9.73532292e-005
42.7,0.142826543,9.3936974e-005
42.7333333,0.142829674,9.06080599e-005
42.7666667,0.142832694,8.73219439e-005
42.8,0.142835605,8.29086158e-005
42.8333333,0.142838369,7.99267272e-005
42.8666667,0.142841033,7.70243499e-005
42.9,0.1428436,7.41981825e-005
42.9333333,0.142846074,7.09465586e-005
42.9666667,0.142848438,6.78019106e-005
43,0.142850699,6.52739736e-005
43.0333333,0.142852874,6.28070389e-005
43.0666667,0.142854968,6.03964988e-005
43.1,0.142856981,5.71222935e-005
43.1333333,0.142858885,5.48628468e-005
43.1666667,0.142860714,5.2716783e-005
43.2,0.142862471,5.06255735e-005
43.2333333,0.142864159,4.82943189e-005
43.2666667,0.142865769,4.5888394e-005
43.3,0.142867298,4.4018062e-005
43.3333333,0.142868765,4.21855396e-005
43.3666667,0.142870172,4.03844234e-005
43.4,0.142871518,3.80118027e-005
43.4333333,0.142872785,3.62740482e-005
43.4666667,0.142873994,3.4686463e-005
43.5,0.14287515,3.31393482e-005
43.5333333,0.142876255,3.14701304e-005
43.5666667,0.142877304,2.96316629e-005
43.6,0.142878292,2.82481389e-005
43.6333333,0.142879233,2.68825394e-005
43.6666667,0.142880129,2.55306555e-005
43.7,0.14288098,2.3813892e-005
43.7333333,0.142881774,2.24795194e-005
43.7666667,0.142882523,2.13053684e-005
43.8,0.142883234,2.01610504e-005
43.8333333,0.142883906,1.89675852e-005
43.8666667,0.142884538,1.75645303e-005
43.9,0.142885123,1.65413726e-005
43.9333333,0.142885675,1.55183986e-005
43.9666667,0.142886192,1.44976812e-005
44,0.142886675,1.32587895e-005
44.0333333,0.142887117,1.22358105e-005
44.0666667,0.142887525,1.13677185e-005
44.1,0.142887904,1.05216081e-005
44.1333333,0.142888255,9.6697162e-006
44.1666667,0.142888577,8.60035836e-006
44.2,0.142888864,7.84395986e-006
44.2333333,0.142889125,7.07128514e-006
44.2666667,0.142889361,6.29486552e-006
44.3,0.142889571,5.40493774e-006
44.3333333,0.142889751,4.6219829e-006
44.3666667,0.142889905,3.98046133e-006
44.4,0.142890038,3.35518441e-006
44.4333333,0.142890149,2.74595969e-006
44.4666667,0.142890241,1.93676999e-006
44.5,0.142890306,1.37541033e-006
44.5333333,0.142890351,7.84372624e-007
44.5666667,0.142890378,1.88488378e-007
44.6,0.142890384,-4.45848954e-007
44.6333333,0.142890369,-1.04404288e-006
44.6666667,0.142890334,-1.51783806e-006
44.7,0.142890284,-1.97959379e-006
44.7333333,0.142890218,-2.42938691e-006
44.7666667,0.142890137,-3.01099318e-006
44.8,0.142890036,-3.44232268e-006
44.8333333,0.142889921,-3.90287456e-006
44.8666667,0.142889791,-4.36486989e-006
44.9,0.142889646,-4.81127825e-006
44.9333333,0.142889485,-5.26742642e-006
44.9666667,0.14288931,-5.61705676e-006
45,0.142889123,-5.95771534e-006
45.0333333,0.142888924,-6.28942813e-006
45.0666667,0.142888714,-6.7066992e-006
45.1,0.142888491,-7.03736064e-006
45.1333333,0.142888256,-7.40561819e-006
45.1666667,0.142888009,-7.76768962e-006
45.2,0.142887751,-8.07523839e-006
45.2333333,0.142887481,-8.42230244e-006
45.2666667,0.142887201,-8.68001598e-006
45.3,0.142886911,-8.93097958e-006
45.3333333,0.142886614,-9.17522929e-006
45.3666667,0.142886308,-9.4739326e-006
45.4,0.142885992,-9.73953612e-006
45.4333333,0.142885667,-1.00303815e-005
45.4666667,0.142885333,-1.03057312e-005
45.5,0.142884989,-1.05224042e-005
45.5333333,0.142884639,-1.07857819e-005
45.5666667,0.142884279,-1.09754511e-005
45.6,0.142883913,-1.11599617e-005
45.6333333,0.142883541,-1.13394185e-005
45.6666667,0.142883163,-1.15526514e-005
45.7,0.142882778,-1.17745573e-005
45.7333333,0.142882386,-1.20037116e-005
45.7666667,0.142881986,-1.22105798e-005
45.8,0.142881579,-1.23638553e-005
45.8333333,0.142881166,-1.25630865e-005
45.8666667,0.142880748,-1.27023834e-005
45.9,0.142880324,-1.28376424e-005
45.9333333,0.142879896,-1.29690936e-005
45.9666667,0.142879464,-1.31207761e-005
46,0.142879027,-1.33140116e-005
46.0333333,0.142878583,-1.34942641e-005
46.0666667,0.142878133,-1.36482196e-005
46.1,0.142877678,-1.37584597e-005
46.1333333,0.14287722,-1.39038511e-005
46.1666667,0.142876756,-1.40082116e-005
46.2,0.142876289,-1.41069485e-005
46.2333333,0.142875819,-1.42028261e-005
46.2666667,0.142875345,-1.43102341e-005
46.3,0.142874868,-1.44867307e-005
46.3333333,0.142874386,-1.46269338e-005
46.3666667,0.142873898,-1.47397683e-005
46.4,0.142873407,-1.48199441e-005
46.4333333,0.142872913,-1.4922972e-005
46.4666667,0.142872415,-1.50020152e-005
46.5,0.142871915,-1.50736807e-005
46.5333333,0.142871413,-1.51432566e-005
46.5666667,0.142870908,-1.52188564e-005
46.6,0.142870401,-1.53881399e-005
46.6333333,0.142869888,-1.54942215e-005
46.6666667,0.142869371,-1.55749356e-005
46.7,0.142868852,-1.56328535e-005
46.7333333,0.142868331,-1.57053386e-005
46.7666667,0.142867807,-1.57645972e-005
46.8,0.142867282,-1.58162296e-005
46.8333333,0.142866755,-1.5866407e-005
46.8666667,0.142866226,-1.59191877e-005
46.9,0.142865695,-1.60889203e-005
46.9333333,0.142865159,-1.61646335e-005
46.9666667,0.14286462,-1.62201665e-005
47,0.142864079,-1.62616058e-005
47.0333333,0.142863537,-1.63121001e-005
47.0666667,0.142862994,-1.63559681e-005
47.1,0.142862448,-1.63927552e-005
47.1333333,0.142861902,-1.64285725e-005
47.1666667,0.142861354,-1.64650146e-005
47.2,0.142860806,-1.66414184e-005
47.2333333,0.142860251,-1.66888963e-005
47.2666667,0.142859695,-1.67246669e-005
47.3,0.142859137,-1.67539067e-005
47.3333333,0.142858579,-1.67885934e-005
47.3666667,0.142858019,-1.6820476e-005
47.4,0.142857458,-1.68462631e-005
47.4333333,0.142856897,-1.68716295e-005
47.4666667,0.142856334,-1.6897022e-005
47.5,0.142855771,-1.70835877e-005
47.5333333,0.142855202,-1.71043923e-005
47.5666667,0.142854632,-1.71248816e-005
47.6,0.142854061,-1.71450899e-005
47.6333333,0.142853489,-1.71684374e-005
47.6666667,0.142852917,-1.71909668e-005
47.7,0.142852344,-1.72086052e-005
47.7333333,0.14285177,-1.72322679e-005
47.7666667,0.142851196,-1.72673392e-005
47.8,0.14285062,-1.74198998e-005
47.8333333,0.14285004,-1.74341954e-005
47.8666667,0.142849459,-1.74478224e-005
47.9,0.142848877,-1.74613456e-005
47.9333333,0.142848295,-1.74765799e-005
47.9666667,0.142847712,-1.74917854e-005
48,0.142847129,-1.75033902e-005
48.0333333,0.142846546,-1.75285771e-005
48.0666667,0.142845962,-1.7573262e-005
48.1,0.142845376,-1.76957357e-005
48.1333333,0.142844786,-1.77049293e-005
48.1666667,0.142844196,-1.77134764e-005
48.2,0.142843605,-1.77220508e-005
48.2333333,0.142843015,-1.77315e-005
48.2666667,0.142842424,-1.7740943e-005
48.3,0.142841832,-1.77480847e-005
48.3333333,0.142841241,-1.77775118e-005
48.3666667,0.142840648,-1.78311894e-005
48.4,0.142840054,-1.79266716e-005
48.4333333,0.142839456,-1.79318586e-005
48.4666667,0.142838858,-1.79366457e-005
48.5,0.14283826,-1.79415569e-005
48.5333333,0.142837662,-1.79469002e-005
48.5666667,0.142837064,-1.79517787e-005
48.6,0.142836466,-1.79556251e-005
48.6333333,0.142835867,-1.79916343e-005
48.6666667,0.142835267,-1.8053262e-005
48.7,0.142834666,-1.81242574e-005
48.7333333,0.142834062,-1.81262885e-005
48.7666667,0.142833457,-1.8128293e-005
48.8,0.142832853,-1.8130445e-005
48.8333333,0.142832249,-1.81327611e-005
48.8666667,0.142831644,-1.81341804e-005
48.9,0.14283104,-1.81356007e-005
48.9333333,0.142830435,-1.81802602e-005
48.9666667,0.142829829,-1.82484732e-005
49,0.142829221,-1.82970635e-005
49.0333333,0.142828611,-1.82965981e-005
49.0666667,0.142828001,-1.82965437e-005
49.1,0.142827391,-1.82965951e-005
49.1333333,0.142826781,-1.82966629e-005
49.1666667,0.142826172,-1.82954978e-005
49.2,0.142825562,-1.82951093e-005
49.2333333,0.142824952,-1.83502915e-005
49.2666667,0.14282434,-1.84234764e-005
49.3,0.142823726,-1.84514429e-005
49.3333333,0.142823111,-1.84489909e-005
49.3666667,0.142822496,-1.84474134e-005
49.4,0.142821881,-1.84458682e-005
49.4333333,0.142821266,-1.84442316e-005
49.4666667,0.142820652,-1.84412315e-005
49.5,0.142820037,-1.84394027e-005
49.5333333,0.142819422,-1.850684e-005
49.5666667,0.142818805,-1.85831898e-005
49.6,0.142818186,-1.85921018e-005
49.6333333,0.142817566,-1.8588057e-005
49.6666667,0.142816946,-1.85853536e-005
49.7,0.142816327,-1.85825802e-005
49.7333333,0.142815708,-1.8579631e-005
49.7666667,0.142815088,-1.85753685e-005
49.8,0.142814469,-1.8576034e-005
49.8333333,0.14281385,-1.86535734e-005
49.8666667,0.142813228,-1.87275494e-005
49.9,0.142812604,-1.87225344e-005
49.9333333,0.14281198,-1.87172008e-005
49.9666667,0.142811356,-1.87136656e-005
50,0.142810732,-1.8709932e-005
50.0333333,0.142810108,-1.87059647e-005
50.0666667,0.142809485,-1.87008547e-005
50.1,0.142808861,-1.87175821e-005
50.1333333,0.142808238,-1.87915703e-005
50.1666667,0.142807611,-1.88508982e-005
50.2,0.142806983,-1.88453433e-005
50.2333333,0.142806355,-1.88389561e-005
50.2666667,0.142805727,-1.88348066e-005
50.3,0.142805099,-1.88303058e-005
50.3333333,0.142804471,-1.88255426e-005
50.3666667,0.142803844,-1.8819885e-005
50.4,0.142803216,-1.88541839e-005
50.4333333,0.142802588,-1.89224137e-005
50.4666667,0.142801957,-1.8968311e-005
50.5,0.142801325,-1.89624435e-005
50.5333333,0.142800693,-1.8955182e-005
50.5666667,0.142800061,-1.89505795e-005
50.6,0.142799429,-1.89454493e-005
50.6333333,0.142798798,-1.89400593e-005
50.6666667,0.142798166,-1.89340716e-005
50.7,0.142797535,-1.89874331e-005
50.7333333,0.142796902,-1.90476117e-005
50.7666667,0.142796267,-1.90812688e-005
50.8,0.142795631,-1.90750448e-005
50.8333333,0.142794996,-1.90674636e-005
50.8666667,0.14279436,-1.90623191e-005
50.9,0.142793725,-1.90566567e-005
50.9333333,0.142793089,-1.905077e-005
50.9666667,0.142792454,-1.90446097e-005
51,0.142791819,-1.91185144e-005
51.0333333,0.142791182,-1.91682757e-005
51.0666667,0.142790543,-1.91908686e-005
51.1,0.142789904,-1.9184376e-005
51.1333333,0.142789264,-1.91766425e-005
51.1666667,0.142788625,-1.91708222e-005
51.2,0.142787986,-1.91647678e-005
51.2333333,0.142787347,-1.91586184e-005
51.2666667,0.142786708,-1.91523951e-005
51.3,0.14278607,-1.92483189e-005
51.3333333,0.142785428,-1.9285233e-005
51.3666667,0.142784785,-1.92979313e-005
51.4,0.142784142,-1.92912419e-005
51.4333333,0.142783499,-1.92834648e-005
51.4666667,0.142782856,-1.92769526e-005
51.5,0.142782214,-1.92706028e-005
51.5333333,0.142781571,-1.92642891e-005
51.5666667,0.142780929,-1.92580846e-005
51.6,0.142780287,-1.93775043e-005
51.6333333,0.142779641,-1.93990843e-005
51.6666667,0.142778995,-1.94030583e-005
51.7,0.142778348,-1.93962255e-005
51.7333333,0.142777702,-1.9388484e-005
51.7666667,0.142777055,-1.93812996e-005
51.8,0.142776409,-1.93747196e-005
51.8333333,0.142775763,-1.93682878e-005
51.8666667,0.142775118,-1.93621626e-005
51.9,0.142774472,-1.95065597e-005
51.9333333,0.142773822,-1.9510267e-005
51.9666667,0.142773172,-1.95066925e-005
52,0.142772522,-1.94997561e-005
52.0333333,0.142771872,-1.94921084e-005
52.0666667,0.142771222,-1.94842622e-005
52.1,0.142770572,-1.94775054e-005
52.1333333,0.142769923,-1.94736314e-005
52.1666667,0.142769274,-1.94757582e-005
52.2,0.142768625,-1.96246225e-005
52.2333333,0.142767971,-1.96166103e-005
52.2666667,0.142767317,-1.96091711e-005
52.3,0.142766663,-1.96021614e-005
52.3333333,0.14276601,-1.95946497e-005
52.3666667,0.142765357,-1.95861446e-005
52.4,0.142764704,-1.95792554e-005
52.4333333,0.142764051,-1.95825145e-005
52.4666667,0.142763398,-1.9602558e-005
52.5,0.142762745,-1.9726647e-005
52.5333333,0.142762087,-1.97182398e-005
52.5666667,0.14276143,-1.97107482e-005
52.6,0.142760773,-1.97036876e-005
52.6333333,0.142760116,-1.96963427e-005
52.6666667,0.14275946,-1.96871753e-005
52.7,0.142758803,-1.96801915e-005
52.7333333,0.142758147,-1.96918868e-005
52.7666667,0.142757491,-1.97275951e-005
52.8,0.142756833,-1.98279161e-005
52.8333333,0.142756173,-1.98191261e-005
52.8666667,0.142755512,-1.98115987e-005
52.9,0.142754852,-1.98045037e-005
52.9333333,0.142754191,-1.97973483e-005
52.9666667,0.142753531,-1.9787511e-005
53,0.142752872,-1.97804659e-005
53.0333333,0.142752213,-1.98019142e-005
53.0666667,0.142751552,-1.98509926e-005
53.1,0.142750891,-1.99285653e-005
53.1333333,0.142750226,-1.99194018e-005
53.1666667,0.142749563,-1.99118516e-005
53.2,0.142748899,-1.99047343e-005
53.2333333,0.142748235,-1.98977855e-005
53.2666667,0.142747572,-1.98872673e-005
53.3,0.142746909,-1.9880191e-005
53.3333333,0.142746246,-1.99127236e-005
53.3666667,0.142745583,-1.99728364e-005
53.4,0.142744917,-2.00286948e-005
53.4333333,0.142744249,-2.00191652e-005
53.4666667,0.142743582,-2.00116019e-005
53.5,0.142742915,-2.00043823e-005
53.5333333,0.142742248,-1.9997421e-005
53.5666667,0.142741582,-1.99865489e-005
53.6,0.142740915,-1.99794646e-005
53.6333333,0.142740249,-2.00244261e-005
53.6666667,0.142739582,-2.0093197e-005
53.7,0.142738912,-2.01283903e-005
53.7333333,0.142738241,-2.01184998e-005
53.7666667,0.142737571,-2.01109306e-005
53.8,0.1427369,-2.01035954e-005
53.8333333,0.14273623,-2.0096374e-005
53.8666667,0.14273556,-2.0085699e-005
53.9,0.142734891,-2.00783426e-005
53.9333333,0.142734221,-2.01370962e-005
53.9666667,0.14273355,-2.02121095e-005
54,0.142732876,-2.02277036e-005
54.0333333,0.142732202,-2.02174566e-005
54.0666667,0.142731528,-2.02098872e-005
54.1,0.142730855,-2.02024222e-005
54.1333333,0.142730181,-2.01949268e-005
54.1666667,0.142729508,-2.01845293e-005
54.2,0.142728835,-2.01768677e-005
54.2333333,0.142728163,-2.02507933e-005
54.2666667,0.142727488,-2.03295947e-005
54.3,0.14272681,-2.03266731e-005
54.3333333,0.142726132,-2.03160727e-005
54.3666667,0.142725455,-2.03085076e-005
54.4,0.142724778,-2.03008974e-005
54.4333333,0.142724102,-2.02931489e-005
54.4666667,0.142723425,-2.0283036e-005
54.5,0.142722749,-2.0286004e-005
54.5333333,0.142722073,-2.03649037e-005
54.5666667,0.142721394,-2.04349188e-005
54.6,0.142720713,-2.04253403e-005
54.6333333,0.142720032,-2.04143905e-005
54.6666667,0.142719351,-2.0406833e-005
54.7,0.142718671,-2.03990605e-005
54.7333333,0.142717991,-2.03910792e-005
54.7666667,0.142717312,-2.03812558e-005
54.8,0.142716632,-2.0402884e-005
54.8333333,0.142715952,-2.04776675e-005
54.8666667,0.142715269,-2.05329824e-005
54.9,0.142714585,-2.05237326e-005
54.9333333,0.142713901,-2.05124361e-005
54.9666667,0.142713217,-2.05048885e-005
55,0.142712534,-2.04969356e-005
55.0333333,0.14271185,-2.04887411e-005
55.0666667,0.142711168,-2.04792109e-005
55.1,0.142710485,-2.05209425e-005
55.1333333,0.142709801,-2.05890156e-005
55.1666667,0.142709115,-2.06307783e-005
55.2,0.142708427,-2.06217497e-005
55.2333333,0.142707739,-2.06103303e-005
55.2666667,0.142707052,-2.06026832e-005
55.3,0.142706366,-2.05945312e-005
55.3333333,0.142705679,-2.05861432e-005
55.3666667,0.142704993,-2.05769094e-005
55.4,0.142704307,-2.06402051e-005
55.4333333,0.142703619,-2.06989364e-005
55.4666667,0.142702929,-2.0728314e-005
55.5,0.142702238,-2.07192978e-005
55.5333333,0.142701548,-2.07081806e-005
55.5666667,0.142700857,-2.07001775e-005
55.6,0.142700167,-2.06918232e-005
55.6333333,0.142699478,-2.06832952e-005
55.6666667,0.142698788,-2.06743593e-005
55.7,0.142698099,-2.07606971e-005
55.7333333,0.142697407,-2.08074185e-005
55.7666667,0.142696713,-2.0825597e-005
55.8,0.142696019,-2.08165948e-005
55.8333333,0.142695325,-2.0805783e-005
55.8666667,0.142694632,-2.07972037e-005
55.9,0.142693938,-2.07887225e-005
55.9333333,0.142693246,-2.07802159e-005
55.9666667,0.142692553,-2.0771575e-005
56,0.14269186,-2.08824501e-005
56.0333333,0.142691164,-2.09144565e-005
56.0666667,0.142690467,-2.09226402e-005
56.1,0.14268977,-2.09136534e-005
56.1333333,0.142689073,-2.09031494e-005
56.1666667,0.142688376,-2.08939724e-005
56.2,0.142687679,-2.08853842e-005
56.2333333,0.142686983,-2.08768998e-005
56.2666667,0.142686287,-2.08685561e-005
56.3,0.142685592,-2.1005481e-005
56.3333333,0.142684892,-2.1020031e-005
56.3666667,0.142684191,-2.10194433e-005
56.4,0.14268349,-2.10104732e-005
56.4333333,0.14268279,-2.10002792e-005
56.4666667,0.14268209,-2.0990483e-005
56.5,0.14268139,-2.09818081e-005
56.5333333,0.142680691,-2.09733465e-005
56.5666667,0.142679992,-2.0965302e-005
56.6,0.142679293,-2.11298067e-005
56.6333333,0.142678589,-2.11241229e-005
56.6666667,0.142677884,-2.1116006e-005
56.7,0.142677181,-2.11070537e-005
56.7333333,0.142676477,-2.1097172e-005
56.7666667,0.142675774,-2.10867349e-005
56.8,0.142675071,-2.10779937e-005
56.8333333,0.142674368,-2.10752433e-005
56.8666667,0.142673666,-2.10839241e-005
56.9,0.142672963,-2.12319683e-005
56.9333333,0.142672255,-2.12217515e-005
56.9666667,0.142671548,-2.12123471e-005
57,0.142670841,-2.12034147e-005
57.0333333,0.142670134,-2.11938467e-005
57.0666667,0.142669428,-2.1182746e-005
57.1,0.142668721,-2.11739588e-005
57.1333333,0.142668016,-2.11795079e-005
57.1666667,0.14266731,-2.12066158e-005
57.2,0.142666603,-2.13284646e-005
57.2333333,0.142665892,-2.13178506e-005
57.2666667,0.142665181,-2.13084671e-005
57.3,0.142664471,-2.12995555e-005
57.3333333,0.142663761,-2.12903023e-005
57.3666667,0.142663051,-2.12785153e-005
57.4,0.142662342,-2.12697024e-005
57.4333333,0.142661633,-2.1284933e-005
57.4666667,0.142660923,-2.13279901e-005
57.5,0.142660213,-2.14247337e-005
57.5333333,0.142659498,-2.14137224e-005
57.5666667,0.142658785,-2.14043606e-005
57.6,0.142658071,-2.13954703e-005
57.6333333,0.142657358,-2.13865333e-005
57.6666667,0.142656645,-2.13740373e-005
57.7,0.142655933,-2.13652195e-005
57.7333333,0.14265522,-2.13915315e-005
57.7666667,0.142654507,-2.1448023e-005
57.8,0.142653792,-2.15207709e-005
57.8333333,0.142653075,-2.15093623e-005
57.8666667,0.142652358,-2.1500023e-005
57.9,0.142651641,-2.14911206e-005
57.9333333,0.142650925,-2.14824044e-005
57.9666667,0.142650209,-2.14693129e-005
58,0.142649493,-2.14605122e-005
58.0333333,0.142648778,-2.14993218e-005
58.0666667,0.142648061,-2.15666963e-005
58.1,0.142647342,-2.16165771e-005
58.1333333,0.142646622,-2.16047712e-005
58.1666667,0.142645902,-2.15954554e-005
58.2,0.142645182,-2.15864704e-005
58.2333333,0.142644462,-2.15777263e-005
58.2666667,0.142643743,-2.15644617e-005
58.3,0.142643024,-2.1555585e-005
58.3333333,0.142642306,-2.16083256e-005
58.3666667,0.142641585,-2.1683995e-005
58.4,0.142640863,-2.17121559e-005
58.4333333,0.142640139,-2.16999528e-005
58.4666667,0.142639416,-2.1690661e-005
58.5,0.142638693,-2.16815733e-005
58.5333333,0.14263797,-2.16725472e-005
58.5666667,0.142637247,-2.1659656e-005
58.6,0.142636525,-2.16504305e-005
58.6333333,0.142635804,-2.17185547e-005
58.6666667,0.14263508,-2.17998946e-005
58.7,0.142634353,-2.18075021e-005
58.7333333,0.142633626,-2.17949019e-005
58.7666667,0.1426329,-2.17856351e-005
58.8,0.142632174,-2.17764244e-005
58.8333333,0.142631448,-2.17671351e-005
58.8666667,0.142630722,-2.17546182e-005
58.9,0.142629997,-2.17450738e-005
58.9333333,0.142629272,-2.18300215e-005
58.9666667,0.142628544,-2.19143419e-005
59,0.142627814,-2.19026114e-005
59.0333333,0.142627084,-2.18896147e-005
59.0666667,0.142626354,-2.18803737e-005
59.1,0.142625625,-2.18710196e-005
59.1333333,0.142624896,-2.18614864e-005
59.1666667,0.142624167,-2.1849345e-005
59.2,0.142623439,-2.18588659e-005
59.2333333,0.14262271,-2.19410521e-005
59.2666667,0.142621979,-2.20088216e-005
59.3,0.142621245,-2.19975045e-005
59.3333333,0.142620512,-2.19841141e-005
59.3666667,0.142619779,-2.19748992e-005
59.4,0.142619047,-2.19653804e-005
59.4333333,0.142618314,-2.19556222e-005
59.4666667,0.142617583,-2.19438563e-005
59.5,0.142616851,-2.19739595e-005
59.5333333,0.142616119,-2.20506261e-005
59.5666667,0.142615384,-2.21030783e-005
59.6,0.142614647,-2.20921754e-005
59.6333333,0.14261391,-2.20783913e-005
59.6666667,0.142613175,-2.20692029e-005
59.7,0.142612439,-2.20594978e-005
59.7333333,0.142611704,-2.2049534e-005
59.7666667,0.142610969,-2.20381441e-005
59.8,0.142610234,-2.20903637e-005
59.8333333,0.142609498,-2.21587175e-005
59.8666667,0.142608759,-2.21971045e-005
59.9,0.142608019,-2.2186332e-005
59.9333333,0.14260728,-2.21727241e-005
59.9666667,0.14260654,-2.21632778e-005
60,0.142605802,-2.21533649e-005
60.0333333,0.142605063,-2.21432155e-005
60.0666667,0.142604325,-2.2132202e-005
60.1,0.142603587,-2.22080896e-005
60.1333333,0.142602847,-2.22653017e-005
60.1666667,0.142602105,-2.22908946e-005
60.2,0.142601362,-2.22801495e-005
60.2333333,0.142600619,-2.22669264e-005
60.2666667,0.142599877,-2.22569611e-005
60.3,0.142599135,-2.2246877e-005
60.3333333,0.142598394,-2.22366738e-005
60.3666667,0.142597652,-2.22260334e-005
60.4,0.142596911,-2.2327157e-005
60.4333333,0.142596167,-2.23703633e-005
60.4666667,0.142595422,-2.23844514e-005
60.5,0.142594675,-2.23737344e-005
60.5333333,0.14259393,-2.2360897e-005
60.5666667,0.142593184,-2.2350276e-005
60.6,0.142592439,-2.23400762e-005
60.6333333,0.142591695,-2.2329908e-005
60.6666667,0.14259095,-2.23196384e-005
60.7,0.142590206,-2.24475831e-005
60.7333333,0.142589458,-2.24738842e-005
60.7666667,0.142588709,-2.24777751e-005
60.8,0.14258796,-2.24670869e-005
60.8333333,0.142587211,-2.2454636e-005
60.8666667,0.142586462,-2.24433368e-005
60.9,0.142585714,-2.24330421e-005
60.9333333,0.142584966,-2.2422909e-005
60.9666667,0.142584219,-2.2413011e-005
61,0.142583472,-2.25693787e-005
61.0333333,0.14258272,-2.25758405e-005
61.0666667,0.142581967,-2.25708604e-005
61.1,0.142581215,-2.25602016e-005
61.1333333,0.142580463,-2.25481381e-005
61.1666667,0.142579711,-2.25361381e-005
61.2,0.14257896,-2.25257698e-005
61.2333333,0.142578209,-2.25170579e-005
61.2666667,0.142577458,-2.25119316e-005
61.3,0.142576708,-2.26865862e-005
61.3333333,0.142575952,-2.26748437e-005
61.3666667,0.142575196,-2.26637078e-005
61.4,0.14257444,-2.26530797e-005
61.4333333,0.142573685,-2.26414043e-005
61.4666667,0.142572931,-2.26286807e-005
61.5,0.142572176,-2.26182603e-005
61.5333333,0.142571422,-2.26175384e-005
61.5666667,0.142570669,-2.26337292e-005
61.6,0.142569914,-2.27796347e-005
61.6333333,0.142569155,-2.27674373e-005
61.6666667,0.142568396,-2.2756334e-005
61.7,0.142567637,-2.27457382e-005
61.7333333,0.142566879,-2.2734451e-005
61.7666667,0.142566121,-2.27209801e-005
61.8,0.142565364,-2.2710529e-005
61.8333333,0.142564607,-2.27192551e-005
61.8666667,0.14256385,-2.2754119e-005
61.9,0.142563091,-2.28724537e-005
61.9333333,0.142562329,-2.28598016e-005
61.9666667,0.142561567,-2.28487313e-005
62,0.142560805,-2.28381679e-005
62.0333333,0.142560044,-2.28272694e-005
62.0666667,0.142559283,-2.28130275e-005
62.1,0.142558522,-2.28025675e-005
62.1333333,0.142557762,-2.28222173e-005
62.1666667,0.142557002,-2.28730745e-005
62.2,0.142556239,-2.29650356e-005
62.2333333,0.142555474,-2.29519293e-005
62.2666667,0.142554709,-2.29408926e-005
62.3,0.142553944,-2.29303622e-005
62.3333333,0.14255318,-2.29198527e-005
62.3666667,0.142552416,-2.29048162e-005
62.4,0.142551652,-2.28943696e-005
62.4333333,0.142550889,-2.29264356e-005
62.4666667,0.142550125,-2.29905712e-005
62.5,0.142549358,-2.30573746e-005
62.5333333,0.14254859,-2.30438147e-005
62.5666667,0.142547822,-2.30328125e-005
62.6,0.142547054,-2.3022238e-005
62.6333333,0.142546287,-2.30119109e-005
62.6666667,0.142545519,-2.29963563e-005
62.7,0.142544753,-2.29859436e-005
62.7333333,0.142543987,-2.30319333e-005
62.7666667,0.142543219,-2.31065966e-005
62.8,0.142542449,-2.31494764e-005
62.8333333,0.142541677,-2.31354636e-005
62.8666667,0.142540906,-2.31244963e-005
62.9,0.142540135,-2.31138348e-005
62.9333333,0.142539365,-2.3103354e-005
62.9666667,0.142538595,-2.30879503e-005
63,0.142537825,-2.30772848e-005
63.0333333,0.142537056,-2.31387241e-005
63.0666667,0.142536284,-2.32211294e-005
63.1,0.14253551,-2.32413381e-005
63.1333333,0.142534736,-2.3226873e-005
63.1666667,0.142533961,-2.32159413e-005
63.2,0.142533188,-2.32051713e-005
63.2333333,0.142532414,-2.31944066e-005
63.2666667,0.142531641,-2.31794541e-005
63.3,0.142530868,-2.31683864e-005
63.3333333,0.142530096,-2.32468189e-005
63.3666667,0.142529321,-2.33341454e-005
63.4,0.142528543,-2.33329541e-005
63.4333333,0.142527766,-2.33180377e-005
63.4666667,0.142526988,-2.33071422e-005
63.5,0.142526211,-2.3296242e-005
63.5333333,0.142525435,-2.32852139e-005
63.5666667,0.142524659,-2.32707129e-005
63.6,0.142523883,-2.32671108e-005
63.6333333,0.142523107,-2.33558758e-005
63.6666667,0.142522329,-2.34377658e-005
63.7,0.142521548,-2.342433e-005
63.7333333,0.142520767,-2.34089642e-005
63.7666667,0.142519986,-2.33981058e-005
63.8,0.142519207,-2.33870531e-005
63.8333333,0.142518427,-2.3375782e-005
63.8666667,0.142517648,-2.33617325e-005
63.9,0.142516869,-2.33790425e-005
63.9333333,0.14251609,-2.3463695e-005
63.9666667,0.142515308,-2.35284213e-005
64,0.142514523,-2.35154765e-005
64.0333333,0.142513739,-2.3499664e-005
64.0666667,0.142512956,-2.34888426e-005
64.1,0.142512173,-2.34776147e-005
64.1333333,0.142511391,-2.34661211e-005
64.1666667,0.142510608,-2.34525224e-005
64.2,0.142509827,-2.34923507e-005
64.2333333,0.142509044,-2.35699413e-005
64.2666667,0.142508258,-2.36188404e-005
64.3,0.142507471,-2.3606332e-005
64.3333333,0.142506684,-2.35901828e-005
64.3666667,0.142505897,-2.3579344e-005
64.4,0.142505111,-2.35679181e-005
64.4333333,0.142504326,-2.3556223e-005
64.4666667,0.142503541,-2.35430747e-005
64.5,0.142502756,-2.3607044e-005
64.5333333,0.142501969,-2.36745893e-005
64.5666667,0.14250118,-2.37090158e-005
64.6,0.14250039,-2.36965457e-005
64.6333333,0.1424996,-2.36808574e-005
64.6666667,0.14249881,-2.36696034e-005
64.7,0.142498021,-2.36579565e-005
64.7333333,0.142497233,-2.36460813e-005
64.7666667,0.142496444,-2.36333832e-005
64.8,0.142495657,-2.37231328e-005
64.8333333,0.142494866,-2.37776153e-005
64.8666667,0.142494073,-2.37989418e-005
64.9,0.14249328,-2.3786511e-005
64.9333333,0.142492487,-2.37712838e-005
64.9666667,0.142491695,-2.37593292e-005
65,0.142490903,-2.37475507e-005
65.0333333,0.142490111,-2.37357128e-005
65.0666667,0.14248932,-2.37234578e-005
65.1,0.142488529,-2.38406426e-005
65.1333333,0.142487735,-2.38790107e-005
65.1666667,0.142486939,-2.38886274e-005
65.2,0.142486142,-2.38762361e-005
65.2333333,0.142485346,-2.38614701e-005
65.2666667,0.142484551,-2.38487793e-005
65.3,0.142483756,-2.38368954e-005
65.3333333,0.142482962,-2.38251039e-005
65.3666667,0.142482167,-2.38132915e-005
65.4,0.142481374,-2.3959583e-005
65.4333333,0.142480575,-2.39787513e-005
65.4666667,0.142479776,-2.39780663e-005
65.5,0.142478976,-2.39657152e-005
65.5333333,0.142478178,-2.39514105e-005
65.5666667,0.142477379,-2.39379604e-005
65.6,0.142476581,-2.39259934e-005
65.6333333,0.142475784,-2.39142483e-005
65.6666667,0.142474987,-2.39028787e-005
65.7,0.14247419,-2.40799645e-005
65.7333333,0.142473387,-2.40768143e-005
65.7666667,0.142472585,-2.40672534e-005
65.8,0.142471782,-2.40549432e-005
65.8333333,0.14247098,-2.40410999e-005
65.8666667,0.142470179,-2.40268673e-005
65.9,0.142469378,-2.401484e-005
65.9333333,0.142468578,-2.40077098e-005
65.9666667,0.142467777,-2.40103994e-005
66,0.142466977,-2.41826905e-005
66.0333333,0.142466171,-2.41690101e-005
66.0666667,0.142465365,-2.41562004e-005
66.1,0.14246456,-2.41439327e-005
66.1333333,0.142463755,-2.41305505e-005
66.1666667,0.142462951,-2.41155116e-005
66.2,0.142462147,-2.41034466e-005
66.2333333,0.142461344,-2.4105411e-005
66.2666667,0.14246054,-2.41296668e-005
66.3,0.142459736,-2.42718708e-005
66.3333333,0.142458927,-2.42576783e-005
66.3666667,0.142458118,-2.42449127e-005
66.4,0.14245731,-2.42326884e-005
66.4333333,0.142456502,-2.42197668e-005
66.4666667,0.142455695,-2.42038971e-005
66.5,0.142454888,-2.41918173e-005
66.5333333,0.142454082,-2.42044248e-005
66.5666667,0.142453275,-2.42474073e-005
66.6,0.142452467,-2.4360807e-005
66.6333333,0.142451655,-2.43461034e-005
66.6666667,0.142450843,-2.43333822e-005
66.7,0.142450032,-2.43212015e-005
66.7333333,0.142449221,-2.43087401e-005
66.7666667,0.142448411,-2.42920156e-005
66.8,0.142447601,-2.42799443e-005
66.8333333,0.142446792,-2.43047601e-005
66.8666667,0.142445982,-2.43635953e-005
66.9,0.14244517,-2.44494918e-005
66.9333333,0.142444355,-2.44342784e-005
66.9666667,0.14244354,-2.44216023e-005
67,0.142442726,-2.44094503e-005
67.0333333,0.142441913,-2.43974046e-005
67.0666667,0.142441099,-2.43798627e-005
67.1,0.142440287,-2.43678243e-005
67.1333333,0.142439474,-2.44064296e-005
67.1666667,0.142438661,-2.44782095e-005
67.2,0.142437845,-2.4537922e-005
67.2333333,0.142437027,-2.45222001e-005
67.2666667,0.14243621,-2.45095696e-005
67.3,0.142435393,-2.44973482e-005
67.3333333,0.142434576,-2.44854565e-005
67.3666667,0.14243376,-2.44674817e-005
67.4,0.142432944,-2.44554671e-005
67.4333333,0.142432129,-2.45094574e-005
67.4666667,0.142431312,-2.45912396e-005
67.5,0.142430492,-2.46261046e-005
67.5333333,0.142429671,-2.46098754e-005
67.5666667,0.142428851,-2.45972911e-005
67.6,0.142428031,-2.45849773e-005
67.6333333,0.142427212,-2.457278e-005
67.6666667,0.142426393,-2.45553333e-005
67.7,0.142425574,-2.45428628e-005
67.7333333,0.142424756,-2.46138522e-005
67.7666667,0.142423936,-2.4702661e-005
67.8,0.142423112,-2.4714033e-005
67.8333333,0.142422288,-2.46972978e-005
67.8666667,0.142421465,-2.46847603e-005
67.9,0.142420642,-2.46723311e-005
67.9333333,0.14241982,-2.46598498e-005
67.9666667,0.142418998,-2.46429305e-005
68,0.142418176,-2.46300055e-005
68.0333333,0.142417355,-2.47196246e-005
68.0666667,0.142416531,-2.48124504e-005
68.1,0.142415704,-2.48017018e-005
68.1333333,0.142414878,-2.47844624e-005
68.1666667,0.142414052,-2.47719724e-005
68.2,0.142413226,-2.47594047e-005
68.2333333,0.1424124,-2.47466613e-005
68.2666667,0.142411576,-2.47302689e-005
68.3,0.142410751,-2.4733784e-005
68.3333333,0.142409927,-2.48255744e-005
68.3666667,0.142409099,-2.49041778e-005
68.4,0.142408269,-2.48891278e-005
68.4333333,0.142407439,-2.48713879e-005
68.4666667,0.14240661,-2.48589457e-005
68.5,0.142405782,-2.48462158e-005
68.5333333,0.142404954,-2.4833232e-005
68.5666667,0.142404126,-2.48173651e-005
68.6,0.142403299,-2.48436562e-005
68.6333333,0.14240247,-2.49298517e-005
68.6666667,0.142401639,-2.49907941e-005
68.7,0.142400806,-2.49763109e-005
68.7333333,0.142399974,-2.49580726e-005
68.7666667,0.142399142,-2.49456782e-005
68.8,0.14239831,-2.49327619e-005
68.8333333,0.142397479,-2.49195596e-005
68.8666667,0.142396649,-2.49042171e-005
68.9,0.142395819,-2.49549753e-005
68.9333333,0.142394987,-2.5032443e-005
68.9666667,0.142394152,-2.50771603e-005
69,0.142393316,-2.50629806e-005
69.0333333,0.142392481,-2.50447706e-005
69.0666667,0.142391646,-2.50321616e-005
69.1,0.142390812,-2.50190348e-005
69.1333333,0.142389978,-2.50056365e-005
69.1666667,0.142389144,-2.49908172e-005
69.2,0.142388311,-2.50677495e-005
69.2333333,0.142387476,-2.51333239e-005
69.2666667,0.142386638,-2.51632693e-005
69.3,0.142385799,-2.51491396e-005
69.3333333,0.142384961,-2.51314659e-005
69.3666667,0.142384123,-2.51182829e-005
69.4,0.142383286,-2.51049592e-005
69.4333333,0.142382449,-2.50914649e-005
69.4666667,0.142381613,-2.50771652e-005
69.5,0.142380777,-2.51819942e-005
69.5333333,0.142379937,-2.5232477e-005
69.5666667,0.142379096,-2.52491211e-005
69.6,0.142378255,-2.52350418e-005
69.6333333,0.142377413,-2.52179039e-005
69.6666667,0.142376573,-2.52039293e-005
69.7,0.142375733,-2.51904882e-005
69.7333333,0.142374893,-2.51770518e-005
69.7666667,0.142374054,-2.51632657e-005
69.8,0.142373215,-2.52977291e-005
69.8333333,0.142372372,-2.53298893e-005
69.8666667,0.142371527,-2.53347196e-005
69.9,0.142370683,-2.53206913e-005
69.9333333,0.142369839,-2.53040883e-005
69.9666667,0.142368995,-2.52892983e-005
70,0.142368152,-2.52757634e-005
70.0333333,0.14236731,-2.52623845e-005
70.0666667,0.142366468,-2.52491115e-005
70.1,0.142365626,-2.54149625e-005
70.1333333,0.142364779,-2.54255372e-005
70.1666667,0.142363931,-2.54200584e-005
70.2,0.142363084,-2.54060816e-005
70.2333333,0.142362237,-2.5390013e-005
70.2666667,0.142361391,-2.53743839e-005
70.3,0.142360545,-2.5360779e-005
70.3333333,0.1423597,-2.53474577e-005
70.3666667,0.142358855,-2.53346969e-005
70.4,0.14235801,-2.55337046e-005
70.4333333,0.142357159,-2.55193987e-005
70.4666667,0.142356309,-2.55051325e-005
70.5,0.142355458,-2.5491208e-005
70.5333333,0.142354609,-2.54756733e-005
70.5666667,0.14235376,-2.54591813e-005
70.6,0.142352911,-2.54455305e-005
70.6333333,0.142352063,-2.54406083e-005
70.6666667,0.142351215,-2.54517218e-005
70.7,0.142350366,-2.56200419e-005
70.7333333,0.142349512,-2.56044112e-005
70.7666667,0.142348659,-2.55899661e-005
70.8,0.142347806,-2.55760959e-005
70.8333333,0.142346953,-2.55610936e-005
70.8666667,0.142346101,-2.55437138e-005
70.9,0.14234525,-2.55300409e-005
70.9333333,0.142344399,-2.55353632e-005
70.9666667,0.142343548,-2.55680983e-005
71,0.142342695,-2.57051397e-005
71.0333333,0.142341838,-2.56889415e-005
71.0666667,0.142340982,-2.56745517e-005
71.1,0.142340126,-2.56607358e-005
71.1333333,0.142339271,-2.56462648e-005
71.1666667,0.142338416,-2.56279725e-005
71.2,0.142337562,-2.56143017e-005
71.2333333,0.142336708,-2.56315033e-005
71.2666667,0.142335854,-2.56828323e-005
71.3,0.142334998,-2.57899791e-005
71.3333333,0.142334138,-2.57732151e-005
71.3666667,0.142333279,-2.57588811e-005
71.4,0.14233242,-2.57451197e-005
71.4333333,0.142331562,-2.5731179e-005
71.4666667,0.142330704,-2.57119493e-005
71.5,0.142329847,-2.56983054e-005
71.5333333,0.142328991,-2.57290372e-005
71.5666667,0.142328133,-2.57958997e-005
71.6,0.142327273,-2.58745534e-005
71.6333333,0.142326411,-2.58572256e-005
71.6666667,0.142325549,-2.58429478e-005
71.7,0.142324687,-2.58291815e-005
71.7333333,0.142323826,-2.58156051e-005
71.7666667,0.142322966,-2.57956489e-005
71.8,0.142322106,-2.57820568e-005
71.8333333,0.142321247,-2.58279835e-005
71.8666667,0.142320386,-2.59072861e-005
71.9,0.142319522,-2.59588653e-005
71.9333333,0.142318657,-2.59409756e-005
71.9666667,0.142317792,-2.59267547e-005
72,0.142316928,-2.59129138e-005
72.0333333,0.142316064,-2.58993304e-005
72.0666667,0.142315201,-2.58793365e-005
72.1,0.142314338,-2.58655565e-005
72.1333333,0.142313476,-2.59283588e-005
72.1666667,0.142312612,-2.60169755e-005
72.2,0.142311744,-2.60429158e-005
72.2333333,0.142310876,-2.60244661e-005
72.2666667,0.142310009,-2.60103024e-005
72.3,0.142309142,-2.59963629e-005
72.3333333,0.142308275,-2.5982474e-005
72.3666667,0.142307409,-2.59630832e-005
72.4,0.142306544,-2.5948796e-005
72.4333333,0.142305679,-2.60301714e-005
72.4666667,0.142304811,-2.61249441e-005
72.5,0.14230394,-2.61266984e-005
72.5333333,0.142303069,-2.61076909e-005
72.5666667,0.142302199,-2.6093585e-005
72.6,0.142301329,-2.60795226e-005
72.6333333,0.14230046,-2.60653512e-005
72.6666667,0.142299591,-2.60465621e-005
72.7,0.142298723,-2.60354586e-005
72.7333333,0.142297855,-2.61333239e-005
72.7666667,0.142296984,-2.62274263e-005
72.8,0.14229611,-2.62102129e-005
72.8333333,0.142295236,-2.61906502e-005
72.8666667,0.142294363,-2.61766028e-005
72.9,0.142293491,-2.6162393e-005
72.9333333,0.142292618,-2.61479624e-005
72.9666667,0.142291747,-2.61297736e-005
73,0.142290876,-2.61415631e-005
73.0333333,0.142290004,-2.62355061e-005
73.0666667,0.14228913,-2.63100495e-005
73.1,0.142288253,-2.62934784e-005
73.1333333,0.142287376,-2.62733653e-005
73.1666667,0.142286501,-2.62593763e-005
73.2,0.142285625,-2.62449937e-005
73.2333333,0.142284751,-2.62303269e-005
73.2666667,0.142283876,-2.62127361e-005
73.3,0.142283002,-2.6249175e-005
73.3333333,0.142282127,-2.63359189e-005
73.3666667,0.14228125,-2.63924178e-005
73.4,0.14228037,-2.63764874e-005
73.4333333,0.142279491,-2.6355826e-005
73.4666667,0.142278612,-2.63418954e-005
73.5,0.142277734,-2.63273146e-005
73.5333333,0.142276857,-2.6312435e-005
73.5666667,0.142275979,-2.62954403e-005
73.6,0.142275103,-2.63583003e-005
73.6333333,0.142274224,-2.6434537e-005
73.6666667,0.142273343,-2.64745228e-005
73.7,0.142272461,-2.64587134e-005
73.7333333,0.142271579,-2.64385426e-005
73.7666667,0.142270697,-2.64241521e-005
73.8,0.142269817,-2.6409348e-005
73.8333333,0.142268936,-2.63942794e-005
73.8666667,0.142268056,-2.6377879e-005
73.9,0.142267177,-2.64689469e-005
73.9333333,0.142266295,-2.65313371e-005
73.9666667,0.142265411,-2.65563581e-005
74,0.142264525,-2.65406099e-005
74.0333333,0.142263641,-2.65210491e-005
74.0666667,0.142262757,-2.65058986e-005
74.1,0.142261873,-2.64909373e-005
74.1333333,0.14226099,-2.6475873e-005
74.1666667,0.142260108,-2.64600591e-005
74.2,0.142259226,-2.65811361e-005
74.2333333,0.142258339,-2.66263091e-005
74.2666667,0.142257452,-2.66379297e-005
74.3,0.142256564,-2.66222433e-005
74.3333333,0.142255677,-2.6603291e-005
74.3666667,0.14225479,-2.65872715e-005
74.4,0.142253904,-2.65722043e-005
74.4333333,0.142253018,-2.65572089e-005
74.4666667,0.142252133,-2.65419778e-005
74.5,0.142251248,-2.66948798e-005
74.5333333,0.142250358,-2.67194342e-005
74.5666667,0.142249467,-2.67192352e-005
74.6,0.142248577,-2.67036109e-005
74.6333333,0.142247687,-2.66852656e-005
74.6666667,0.142246797,-2.6668353e-005
74.7,0.142245908,-2.66532048e-005
74.7333333,0.14224502,-2.66382779e-005
74.7666667,0.142244132,-2.66236284e-005
74.8,0.142243244,-2.6810186e-005
74.8333333,0.142242351,-2.68106897e-005
74.8666667,0.142241457,-2.68002685e-005
74.9,0.142240564,-2.67847068e-005
74.9333333,0.142239671,-2.67669673e-005
74.9666667,0.142238779,-2.67491373e-005
75,0.142237887,-2.67339332e-005
75.0333333,0.142236996,-2.67221293e-005
75.0666667,0.142236105,-2.67174672e-005
75.1,0.142235214,-2.69141051e-005
75.1333333,0.142234317,-2.68971406e-005
75.1666667,0.142233421,-2.68810356e-005
75.2,0.142232525,-2.68655379e-005
75.2333333,0.142231629,-2.68484025e-005
75.2666667,0.142230734,-2.68296304e-005
75.3,0.14222984,-2.68143958e-005
75.3333333,0.142228946,-2.6812324e-005
75.3666667,0.142228052,-2.6832327e-005
75.4,0.142227158,-2.69951771e-005
75.4333333,0.142226258,-2.69775892e-005
75.4666667,0.142225359,-2.69615506e-005
75.5,0.14222446,-2.6946118e-005
75.5333333,0.142223562,-2.69295847e-005
75.5666667,0.142222664,-2.69098451e-005
75.6,0.142221767,-2.6894605e-005
75.6333333,0.142220871,-2.69039671e-005
75.6666667,0.142219974,-2.6945459e-005
75.7,0.142219076,-2.70759857e-005
75.7333333,0.142218173,-2.70577767e-005
75.7666667,0.142217271,-2.70418045e-005
75.8,0.14221637,-2.70264371e-005
75.8333333,0.142215469,-2.7010504e-005
75.8666667,0.142214569,-2.69897716e-005
75.9,0.142213669,-2.69745517e-005
75.9333333,0.14221277,-2.69970646e-005
75.9666667,0.14221187,-2.70568379e-005
76,0.142210968,-2.71565225e-005
76.0333333,0.142210063,-2.71376949e-005
76.0666667,0.142209158,-2.71217896e-005
76.1,0.142208254,-2.71064874e-005
76.1333333,0.142207351,-2.70911529e-005
76.1666667,0.142206448,-2.70694027e-005
76.2,0.142205545,-2.70542289e-005
76.2333333,0.142204644,-2.70916247e-005
76.2666667,0.142203741,-2.71664403e-005
76.3,0.142202835,-2.72367812e-005
76.3333333,0.142201927,-2.72173377e-005
76.3666667,0.14220102,-2.72014998e-005
76.4,0.142200113,-2.71861507e-005
76.4333333,0.142199207,-2.7171119e-005
76.4666667,0.142198301,-2.71487562e-005
76.5,0.142197396,-2.71336501e-005
76.5333333,0.142196492,-2.71876726e-005
76.5666667,0.142195586,-2.72742601e-005
76.6,0.142194676,-2.73167714e-005
76.6333333,0.142193766,-2.72967144e-005
76.6666667,0.142192856,-2.72809442e-005
76.7,0.142191947,-2.72655148e-005
76.7333333,0.142191038,-2.72502677e-005
76.7666667,0.142190129,-2.72283587e-005
76.8,0.142189222,-2.72128055e-005
76.8333333,0.142188315,-2.72852161e-005
76.8666667,0.142187405,-2.73802742e-005
76.9,0.142186493,-2.73964868e-005
76.9333333,0.142185579,-2.73758189e-005
76.9666667,0.142184667,-2.73601169e-005
77,0.142183755,-2.73445818e-005
77.0333333,0.142182843,-2.73290311e-005
77.0666667,0.142181932,-2.73077983e-005
77.1,0.142181022,-2.72916881e-005
77.1333333,0.142180112,-2.73842635e-005
77.1666667,0.1421792,-2.74844602e-005
77.2,0.142178283,-2.74759213e-005
77.2333333,0.142177368,-2.74546455e-005
77.2666667,0.142176452,-2.74390122e-005
77.3,0.142175538,-2.7423346e-005
77.3333333,0.142174624,-2.74075161e-005
77.3666667,0.14217371,-2.73869574e-005
77.4,0.142172797,-2.73834617e-005
77.4333333,0.142171884,-2.74840823e-005
77.4666667,0.142170968,-2.75737989e-005
77.5,0.142170049,-2.75550869e-005
77.5333333,0.142169131,-2.75332077e-005
77.5666667,0.142168213,-2.75176433e-005
77.6,0.142167296,-2.75018199e-005
77.6333333,0.142166379,-2.74857352e-005
77.6666667,0.142165463,-2.74658479e-005
77.7,0.142164547,-2.74870439e-005
77.7333333,0.142163631,-2.75821942e-005
77.7666667,0.142162711,-2.76519879e-005
77.8,0.14216179,-2.76339908e-005
77.8333333,0.142160869,-2.76115123e-005
77.8666667,0.142159948,-2.75960168e-005
77.9,0.142159028,-2.75800096e-005
77.9333333,0.142158109,-2.75636944e-005
77.9666667,0.14215719,-2.75444756e-005
78,0.142156272,-2.75921963e-005
78.0333333,0.142155352,-2.76784316e-005
78.0666667,0.14215443,-2.77299092e-005
78.1,0.142153505,-2.77124431e-005
78.1333333,0.142152582,-2.76897313e-005
78.1666667,0.142151659,-2.76741229e-005
78.2,0.142150736,-2.76579054e-005
78.2333333,0.142149814,-2.76413846e-005
78.2666667,0.142148893,-2.76228316e-005
78.3,0.142147972,-2.76989247e-005
78.3333333,0.142147049,-2.77727704e-005
78.3666667,0.142146123,-2.78075548e-005
78.4,0.142145196,-2.77901607e-005
78.4333333,0.14214427,-2.77681325e-005
78.4666667,0.142143344,-2.77519137e-005
78.5,0.142142419,-2.77354733e-005
78.5333333,0.142141495,-2.77188022e-005
78.5666667,0.142140571,-2.77009115e-005
78.6,0.142139647,-2.78072386e-005
78.6333333,0.14213872,-2.78651905e-005
78.6666667,0.142137792,-2.78849207e-005
78.7,0.142136862,-2.7867599e-005
78.7333333,0.142135933,-2.78462524e-005
78.7666667,0.142135005,-2.78291137e-005
78.8,0.142134077,-2.78125544e-005
78.8333333,0.14213315,-2.77959634e-005
78.8666667,0.142132224,-2.77787251e-005
78.9,0.142131298,-2.79171614e-005
78.9333333,0.142130367,-2.79556855e-005
78.9666667,0.142129435,-2.79620156e-005
79,0.142128503,-2.79447667e-005
79.0333333,0.142127572,-2.79240993e-005
79.0666667,0.142126641,-2.7906016e-005
79.1,0.142125711,-2.78893635e-005
79.1333333,0.142124781,-2.78728521e-005
79.1666667,0.142123852,-2.7856264e-005
79.2,0.142122923,-2.80286988e-005
79.2333333,0.142121989,-2.80442321e-005
79.2666667,0.142121054,-2.80388321e-005
79.3,0.14212012,-2.80216563e-005
79.3333333,0.142119186,-2.8001666e-005
79.3666667,0.142118252,-2.79826135e-005
79.4,0.14211732,-2.7965894e-005
79.4333333,0.142116387,-2.79494619e-005
79.4666667,0.142115456,-2.79335221e-005
79.5,0.142114525,-2.81418584e-005
79.5333333,0.142113586,-2.81308089e-005
79.5666667,0.142112649,-2.81153645e-005
79.6,0.142111712,-2.80982624e-005
79.6333333,0.142110775,-2.80789473e-005
79.6666667,0.142109839,-2.80589008e-005
79.7,0.142108904,-2.80421408e-005
79.7333333,0.142107969,-2.80326961e-005
79.7666667,0.142107035,-2.8037391e-005
79.8,0.1421061,-2.82281662e-005
79.8333333,0.142105159,-2.8209296e-005
79.8666667,0.142104219,-2.81916321e-005
79.9,0.142103279,-2.81746054e-005
79.9333333,0.14210234,-2.81559627e-005
79.9666667,0.142101401,-2.81348967e-005
80,0.142100464,-2.81181224e-005
80.0333333,0.142099526,-2.81195545e-005
80.0666667,0.142098589,-2.81487732e-005
80.1,0.142097651,-2.83047677e-005
80.1333333,0.142096707,-2.82852218e-005
80.1666667,0.142095764,-2.82676351e-005
80.2,0.142094822,-2.82506841e-005
80.2333333,0.14209388,-2.82327112e-005
80.2666667,0.142092939,-2.82105998e-005
80.3,0.142091999,-2.81938377e-005
80.3333333,0.142091059,-2.82079267e-005
80.3666667,0.142090119,-2.825832e-005
80.4,0.142089177,-2.83810924e-005
80.4333333,0.142088231,-2.83608738e-005
80.4666667,0.142087286,-2.83433645e-005
80.5,0.142086341,-2.83264892e-005
80.5333333,0.142085397,-2.83091835e-005
80.5666667,0.142084453,-2.82860012e-005
80.6,0.14208351,-2.82692781e-005
80.6333333,0.142082568,-2.82978185e-005
80.6666667,0.142081624,-2.83660073e-005
80.7,0.142080679,-2.84571325e-005
80.7333333,0.14207973,-2.84362444e-005
80.7666667,0.142078782,-2.84188129e-005
80.8,0.142077835,-2.84019761e-005
80.8333333,0.142076888,-2.83852288e-005
80.8666667,0.142075942,-2.83610997e-005
80.9,0.142074997,-2.83444439e-005
80.9333333,0.142074052,-2.8389243e-005
80.9666667,0.142073106,-2.84718185e-005
81,0.142072157,-2.85328872e-005
81.0333333,0.142071206,-2.85113329e-005
81.0666667,0.142070255,-2.84939796e-005
81.1,0.142069305,-2.84770826e-005
81.1333333,0.142068356,-2.84605304e-005
81.1666667,0.142067408,-2.84360631e-005
81.2,0.14206646,-2.84193419e-005
81.2333333,0.142065512,-2.84822202e-005
81.2666667,0.142064563,-2.85757438e-005
81.3,0.14206361,-2.8608362e-005
81.3333333,0.142062657,-2.85861445e-005
81.3666667,0.142061704,-2.85688697e-005
81.4,0.142060752,-2.85518859e-005
81.4333333,0.1420598,-2.85350082e-005
81.4666667,0.142058849,-2.8511291e-005
81.5,0.142057898,-2.84939617e-005
81.5333333,0.142056949,-2.85767559e-005
81.5666667,0.142055996,-2.86777597e-005
81.6,0.14205504,-2.86835494e-005
81.6333333,0.142054084,-2.86606721e-005
81.6666667,0.142053129,-2.86434762e-005
81.7,0.142052174,-2.8626379e-005
81.7333333,0.14205122,-2.86092014e-005
81.7666667,0.142050266,-2.85862313e-005
81.8,0.142049313,-2.85682972e-005
81.8333333,0.142048361,-2.86728579e-005
81.8666667,0.142047405,-2.87778451e-005
81.9,0.142046446,-2.87584439e-005
81.9333333,0.142045487,-2.87349104e-005
81.9666667,0.142044529,-2.87177939e-005
82,0.142043572,-2.87005567e-005
82.0333333,0.142042615,-2.86831049e-005
82.0666667,0.142041659,-2.86608791e-005
82.1,0.142040704,-2.86660917e-005
82.1333333,0.142039748,-2.87685694e-005
82.1666667,0.142038789,-2.88531814e-005
82.2,0.142037828,-2.88330702e-005
82.2333333,0.142036867,-2.88088871e-005
82.2666667,0.142035906,-2.87918499e-005
82.3,0.142034947,-2.87744451e-005
82.3333333,0.142033987,-2.87567443e-005
82.3666667,0.142033029,-2.87352589e-005
82.4,0.142032071,-2.87669607e-005
82.4333333,0.142031112,-2.88623098e-005
82.4666667,0.14203015,-2.89267487e-005
82.5,0.142029186,-2.89074228e-005
82.5333333,0.142028222,-2.88825933e-005
82.5666667,0.142027259,-2.88656351e-005
82.6,0.142026297,-2.88480351e-005
82.6333333,0.142025336,-2.88301111e-005
82.6666667,0.142024375,-2.88093625e-005
82.7,0.142023414,-2.88694585e-005
82.7333333,0.142022452,-2.89540754e-005
82.7666667,0.142021487,-2.9000036e-005
82.8,0.14202052,-2.89810228e-005
82.8333333,0.142019554,-2.89564894e-005
82.8666667,0.142018589,-2.89391406e-005
82.9,0.142017624,-2.89213178e-005
82.9333333,0.14201666,-2.89031968e-005
82.9666667,0.142015697,-2.88831817e-005
83,0.142014734,-2.89735903e-005
83.0333333,0.142013768,-2.90438433e-005
83.0666667,0.1420128,-2.90730357e-005
83.1,0.142011831,-2.90541055e-005
83.1333333,0.142010863,-2.90303259e-005
83.1666667,0.142009895,-2.90121778e-005
83.2,0.142008928,-2.89941709e-005
83.2333333,0.142007961,-2.8976009e-005
83.2666667,0.142006996,-2.89567197e-005
83.3,0.14200603,-2.90793723e-005
83.3333333,0.142005061,-2.91316016e-005
83.3666667,0.14200409,-2.91457508e-005
83.4,0.142003118,-2.91269039e-005
83.4333333,0.142002148,-2.91038752e-005
83.4666667,0.142001177,-2.90847337e-005
83.5,0.142000208,-2.90666205e-005
83.5333333,0.141999239,-2.90485493e-005
83.5666667,0.141998271,-2.90299783e-005
83.6,0.141997303,-2.91868195e-005
83.6333333,0.14199633,-2.92173372e-005
83.6666667,0.141995356,-2.92181829e-005
83.7,0.141994382,-2.91994196e-005
83.7333333,0.141993409,-2.91771388e-005
83.7666667,0.141992436,-2.91569789e-005
83.8,0.141991465,-2.91387863e-005
83.8333333,0.141990493,-2.91208054e-005
83.8666667,0.141989523,-2.910295e-005
83.9,0.141988552,-2.92959372e-005
83.9333333,0.141987576,-2.93010283e-005
83.9666667,0.141986599,-2.92903251e-005
84,0.141985623,-2.92716457e-005
84.0333333,0.141984647,-2.92501101e-005
84.0666667,0.141983672,-2.92289067e-005
84.1,0.141982698,-2.92106623e-005
84.1333333,0.141981724,-2.91939904e-005
84.1666667,0.141980751,-2.9180731e-005
84.2,0.141979778,-2.94014818e-005
84.2333333,0.141978798,-2.93814382e-005
84.2666667,0.141977819,-2.93621765e-005
84.3,0.14197684,-2.93435818e-005
84.3333333,0.141975862,-2.93227885e-005
84.3666667,0.141974885,-2.93005165e-005
84.4,0.141973908,-2.92822478e-005
84.4333333,0.141972932,-2.92757895e-005
84.4666667,0.141971956,-2.92902141e-005
84.5,0.14197098,-2.94737076e-005
84.5333333,0.141969997,-2.94529347e-005
84.5666667,0.141969015,-2.9433761e-005
84.6,0.141968034,-2.94152526e-005
84.6333333,0.141967054,-2.9395198e-005
84.6666667,0.141966074,-2.9371831e-005
84.7,0.141965095,-2.93535653e-005
84.7333333,0.141964116,-2.93591605e-005
84.7666667,0.141963138,-2.93977842e-005
84.8,0.141962158,-2.95456535e-005
84.8333333,0.141961173,-2.95241547e-005
84.8666667,0.141960189,-2.95050689e-005
84.9,0.141959205,-2.94866467e-005
84.9333333,0.141958222,-2.94673273e-005
84.9666667,0.14195724,-2.94428393e-005
85,0.141956259,-2.94246041e-005
85.0333333,0.141955278,-2.94441065e-005
85.0666667,0.141954297,-2.95034161e-005
85.1,0.141953313,-2.961731e-005
85.1333333,0.141952326,-2.95950888e-005
85.1666667,0.141951339,-2.95760912e-005
85.2,0.141950353,-2.95577551e-005
85.2333333,0.141949368,-2.95391679e-005
85.2666667,0.141948384,-2.9513533e-005
85.3,0.1419474,-2.94953565e-005
85.3333333,0.141946417,-2.95306331e-005
85.3666667,0.141945432,-2.96070872e-005
85.4,0.141944445,-2.96886697e-005
85.4333333,0.141943456,-2.96657303e-005
85.4666667,0.141942467,-2.96468212e-005
85.5,0.141941479,-2.96284806e-005
85.5333333,0.141940491,-2.96103781e-005
85.5666667,0.141939504,-2.95839229e-005
85.6,0.141938518,-2.95658319e-005
85.6333333,0.141937532,-2.96187605e-005
85.6666667,0.141936545,-2.97087894e-005
85.7,0.141935555,-2.97597393e-005
85.7333333,0.141934563,-2.97360853e-005
85.7666667,0.141933572,-2.97172649e-005
85.8,0.141932581,-2.9698858e-005
85.8333333,0.141931591,-2.96807093e-005
85.8666667,0.141930602,-2.9654474e-005
85.9,0.141929613,-2.96360262e-005
85.9333333,0.141928625,-2.97084995e-005
85.9666667,0.141927635,-2.98085056e-005
86,0.141926641,-2.98305165e-005
86.0333333,0.141925647,-2.98061518e-005
86.0666667,0.141924654,-2.97874203e-005
86.1,0.141923661,-2.97689194e-005
86.1333333,0.141922668,-2.97504492e-005
86.1666667,0.141921677,-2.97250333e-005
86.2,0.141920686,-2.97059308e-005
86.2333333,0.141919696,-2.97998557e-005
86.2666667,0.141918702,-2.99062138e-005
86.3,0.141917705,-2.99009945e-005
86.3333333,0.141916709,-2.98759231e-005
86.3666667,0.141915713,-2.9857281e-005
86.4,0.141914718,-2.98386585e-005
86.4333333,0.141913723,-2.98198935e-005
86.4666667,0.141912729,-2.97952934e-005
86.5,0.141911736,-2.97839628e-005
86.5333333,0.141910743,-2.98924936e-005
86.5666667,0.141909747,-2.99934456e-005
86.6,0.141908747,-2.99711786e-005
86.6333333,0.141907748,-2.99454058e-005
86.6666667,0.14190675,-2.99268534e-005
86.7,0.141905752,-2.99080812e-005
86.7333333,0.141904755,-2.98890483e-005
86.7666667,0.141903759,-2.98652599e-005
86.8,0.141902763,-2.98802482e-005
86.8333333,0.141901767,-2.99836191e-005
86.8666667,0.141900768,-3.0062495e-005
86.9,0.141899766,-3.00410851e-005
86.9333333,0.141898764,-3.00146172e-005
86.9666667,0.141897764,-2.99961541e-005
87,0.141896764,-2.99772035e-005
87.0333333,0.141895765,-2.99579291e-005
87.0666667,0.141894766,-2.99349479e-005
87.1,0.141893768,-2.99782138e-005
87.1333333,0.141892769,-3.00726986e-005
87.1666667,0.141891767,-3.0131262e-005
87.2,0.141890762,-3.01106604e-005
87.2333333,0.141889759,-3.00835911e-005
87.2666667,0.141888756,-3.0065172e-005
87.3,0.141887754,-3.00460143e-005
87.3333333,0.141886752,-3.00265255e-005
87.3666667,0.141885751,-3.00043473e-005
87.4,0.141884751,-3.00778627e-005
87.4333333,0.141883748,-3.01597083e-005
87.4666667,0.141882743,-3.01997376e-005
87.5,0.141881736,-3.01792295e-005
87.5333333,0.141880731,-3.01529853e-005
87.5666667,0.141879725,-3.0133899e-005
87.6,0.141878721,-3.01145056e-005
87.6333333,0.141877717,-3.00948297e-005
87.6666667,0.141876714,-3.00734505e-005
87.7,0.141875712,-3.01791997e-005
87.7333333,0.141874706,-3.02446269e-005
87.7666667,0.141873697,-3.02679149e-005
87.8,0.141872688,-3.02475006e-005
87.8333333,0.14187168,-3.02220781e-005
87.8666667,0.141870673,-3.02019902e-005
87.9,0.141869666,-3.0182464e-005
87.9333333,0.14186866,-3.01628614e-005
87.9666667,0.141867655,-3.01422689e-005
88,0.14186665,-3.02822481e-005
88.0333333,0.14186564,-3.03274511e-005
88.0666667,0.14186463,-3.03358041e-005
88.1,0.141863618,-3.03154837e-005
88.1333333,0.141862608,-3.02908791e-005
88.1666667,0.141861598,-3.02697264e-005
88.2,0.141860589,-3.02501076e-005
88.2333333,0.141859581,-3.02306061e-005
88.2666667,0.141858573,-3.02107958e-005
88.3,0.141857566,-3.03870133e-005
88.3333333,0.141856553,-3.04081604e-005
88.3666667,0.14185554,-3.0403399e-005
88.4,0.141854526,-3.03831727e-005
88.4333333,0.141853513,-3.03593824e-005
88.4666667,0.141852501,-3.03371396e-005
88.5,0.14185149,-3.03174564e-005
88.5333333,0.14185048,-3.02980554e-005
88.5666667,0.14184947,-3.02790238e-005
88.6,0.14184846,-3.04935006e-005
88.6333333,0.141847444,-3.04867343e-005
88.6666667,0.141846428,-3.04706932e-005
88.7,0.141845412,-3.04505615e-005
88.7333333,0.141844397,-3.04275821e-005
88.7666667,0.141843383,-3.04042237e-005
88.8,0.141842369,-3.03845048e-005
88.8333333,0.141841356,-3.03703197e-005
88.8666667,0.141840344,-3.03673663e-005
88.9,0.141839332,-3.05803181e-005
88.9333333,0.141838312,-3.05584295e-005
88.9666667,0.141837294,-3.05376997e-005
89,0.141836276,-3.05176638e-005
89.0333333,0.141835259,-3.04954913e-005
89.0666667,0.141834242,-3.04709915e-005
89.1,0.141833226,-3.04512653e-005
89.1333333,0.141832211,-3.04484265e-005
89.1666667,0.141831196,-3.04728131e-005
89.2,0.141830181,-3.06477259e-005
89.2333333,0.141829159,-3.06250592e-005
89.2666667,0.141828138,-3.06044279e-005
89.3,0.141827118,-3.05844886e-005
89.3333333,0.141826099,-3.05631187e-005
89.3666667,0.14182508,-3.05374509e-005
89.4,0.141824062,-3.05177456e-005
89.4333333,0.141823045,-3.05281627e-005
89.4666667,0.141822027,-3.05762481e-005
89.5,0.141821008,-3.07148415e-005
89.5333333,0.141819984,-3.06914007e-005
89.5666667,0.141818961,-3.0670868e-005
89.6,0.141817939,-3.06510249e-005
89.6333333,0.141816917,-3.06304537e-005
89.6666667,0.141815896,-3.06035915e-005
89.7,0.141814876,-3.05839361e-005
89.7333333,0.141813856,-3.06095313e-005
89.7666667,0.141812836,-3.06776476e-005
89.8,0.141811813,-3.07816559e-005
89.8333333,0.141810787,-3.07574456e-005
89.8666667,0.141809762,-3.07370115e-005
89.9,0.141808738,-3.07172534e-005
89.9333333,0.141807714,-3.06974441e-005
89.9666667,0.14180669,-3.06694071e-005
90,0.141805668,-3.06498315e-005
90.0333333,0.141804646,-3.06925392e-005
90.0666667,0.141803623,-3.07769921e-005
90.1,0.141802597,-3.08481641e-005
90.1333333,0.141801569,-3.08231888e-005
90.1666667,0.141800542,-3.08028537e-005
90.2,0.141799515,-3.07830511e-005
90.2333333,0.141798489,-3.0763678e-005
90.2666667,0.141797463,-3.07349228e-005
90.3,0.141796439,-3.07154461e-005
90.3333333,0.141795415,-3.07772102e-005
90.3666667,0.141794389,-3.08742786e-005
90.4,0.14179336,-3.09143767e-005
90.4333333,0.14179233,-3.08886406e-005
90.4666667,0.1417913,-3.08684045e-005
90.5,0.141790271,-3.08485289e-005
90.5333333,0.141789243,-3.08288247e-005
90.5666667,0.141788215,-3.08009354e-005
90.6,0.141787188,-3.07807674e-005
90.6333333,0.141786162,-3.08635474e-005
90.6666667,0.141785134,-3.09694844e-005
90.7,0.141784101,-3.09802853e-005
90.7333333,0.141783069,-3.0953793e-005
90.7666667,0.141782037,-3.09336561e-005
90.8,0.141781006,-3.09136787e-005
90.8333333,0.141779975,-3.08936587e-005
90.8666667,0.141778945,-3.08666557e-005
90.9,0.141777917,-3.08457883e-005
90.9333333,0.141776888,-3.09515563e-005
90.9666667,0.141775857,-3.1062589e-005
91,0.141774821,-3.10458836e-005
91.0333333,0.141773786,-3.10186399e-005
91.0666667,0.141772752,-3.09986026e-005
91.1,0.141771719,-3.09784948e-005
91.1333333,0.141770686,-3.09581869e-005
91.1666667,0.141769655,-3.09320659e-005
91.2,0.141768623,-3.09298285e-005
91.2333333,0.141767592,-3.10399381e-005
91.2666667,0.141766558,-3.11347205e-005
91.3,0.14176552,-3.11111908e-005
91.3333333,0.141764483,-3.10832029e-005
91.3666667,0.141763447,-3.10632651e-005
91.4,0.141762411,-3.10429974e-005
91.4333333,0.141761377,-3.10224292e-005
91.4666667,0.141760343,-3.0997185e-005
91.5,0.141759309,-3.10229755e-005
91.5333333,0.141758275,-3.11262204e-005
91.5666667,0.141757238,-3.11988157e-005
91.6,0.141756198,-3.11762092e-005
91.6333333,0.141755158,-3.11474825e-005
91.6666667,0.14175412,-3.11276438e-005
91.7,0.141753083,-3.11071864e-005
91.7333333,0.141752046,-3.10863857e-005
91.7666667,0.14175101,-3.1062013e-005
91.8,0.141749974,-3.11178528e-005
91.8333333,0.141748937,-3.12103656e-005
91.8666667,0.141747897,-3.12626171e-005
91.9,0.141746854,-3.12405656e-005
91.9333333,0.141745813,-3.12118322e-005
91.9666667,0.141744773,-3.11917284e-005
92,0.141743733,-3.11710518e-005
92.0333333,0.141742694,-3.11500468e-005
92.0666667,0.141741656,-3.11265408e-005
92.1,0.141740618,-3.12144632e-005
92.1333333,0.141739578,-3.12923518e-005
92.1666667,0.141738534,-3.13261165e-005
92.2,0.14173749,-3.13041689e-005
92.2333333,0.141736447,-3.12763268e-005
92.2666667,0.141735404,-3.1255403e-005
92.3,0.141734362,-3.12345157e-005
92.3333333,0.141733321,-3.12134137e-005
92.3666667,0.141732281,-3.11907669e-005
92.4,0.141731241,-3.13128166e-005
92.4333333,0.141730197,-3.13721642e-005
92.4666667,0.141729152,-3.13893124e-005
92.5,0.141728105,-3.13674691e-005
92.5333333,0.14172706,-3.1340514e-005
92.5666667,0.141726015,-3.1318482e-005
92.6,0.141724971,-3.12974878e-005
92.6333333,0.141723928,-3.12764978e-005
92.6666667,0.141722885,-3.12546989e-005
92.7,0.141721843,-3.14129316e-005
92.7333333,0.141720796,-3.14497966e-005
92.7666667,0.141719748,-3.14522115e-005
92.8,0.1417187,-3.14304725e-005
92.8333333,0.141717652,-3.14044e-005
92.8666667,0.141716605,-3.1381234e-005
92.9,0.141715559,-3.1360162e-005
92.9333333,0.141714514,-3.13392831e-005
92.9666667,0.141713469,-3.13183278e-005
93,0.141712425,-3.15148109e-005
93.0333333,0.141711375,-3.15252277e-005
93.0666667,0.141710324,-3.1514806e-005
93.1,0.141709273,-3.14931715e-005
93.1333333,0.141708224,-3.14679773e-005
93.1666667,0.141707175,-3.14436517e-005
93.2,0.141706127,-3.14225313e-005
93.2333333,0.141705079,-3.14017629e-005
93.2666667,0.141704032,-3.13816472e-005
93.3,0.141702986,-3.16184592e-005
93.3333333,0.141701932,-3.15984385e-005
93.3666667,0.141700879,-3.15770899e-005
93.4,0.141699827,-3.15555602e-005
93.4333333,0.141698775,-3.15312402e-005
93.4666667,0.141697724,-3.15057295e-005
93.5,0.141696673,-3.14845904e-005
93.5333333,0.141695624,-3.14735017e-005
93.5666667,0.141694575,-3.14811277e-005
93.6,0.141693525,-3.16849537e-005
93.6333333,0.141692469,-3.16612328e-005
93.6666667,0.141691414,-3.1639091e-005
93.7,0.141690359,-3.1617668e-005
93.7333333,0.141689305,-3.15942172e-005
93.7666667,0.141688252,-3.15674945e-005
93.8,0.1416872,-3.15463658e-005
93.8333333,0.141686148,-3.15477805e-005
93.8666667,0.141685097,-3.15822254e-005
93.9,0.141684044,-3.17473816e-005
93.9333333,0.141682986,-3.1722836e-005
93.9666667,0.141681928,-3.17008029e-005
94,0.141680872,-3.16794864e-005
94.0333333,0.141679816,-3.16568998e-005
94.0666667,0.141678761,-3.16289384e-005
94.1,0.141677706,-3.16078496e-005
94.1333333,0.141676653,-3.16237416e-005
94.1666667,0.141675598,-3.16812174e-005
94.2,0.141674542,-3.18095054e-005
94.2333333,0.141673482,-3.178414e-005
94.2666667,0.141672423,-3.17622156e-005
94.3,0.141671364,-3.17410053e-005
94.3333333,0.141670306,-3.17192784e-005
94.3666667,0.141669249,-3.16900518e-005
94.4,0.141668192,-3.16690328e-005
94.4333333,0.141667137,-3.17013879e-005
94.4666667,0.14166608,-3.1778082e-005
94.5,0.141665021,-3.1871317e-005
94.5333333,0.141663958,-3.1845137e-005
94.5666667,0.141662897,-3.18233215e-005
94.6,0.141661836,-3.18021527e-005
94.6333333,0.141660776,-3.17811014e-005
94.6666667,0.141659717,-3.17508385e-005
94.7,0.141658658,-3.17299201e-005
94.7333333,0.141657601,-3.17807336e-005
94.7666667,0.141656541,-3.18728085e-005
94.8,0.141655479,-3.1932819e-005
94.8333333,0.141654414,-3.19058294e-005
94.8666667,0.141653351,-3.18841229e-005
94.9,0.141652288,-3.18629032e-005
94.9333333,0.141651226,-3.18420268e-005
94.9666667,0.141650164,-3.18116438e-005
95,0.141649104,-3.17905142e-005
95.0333333,0.141648044,-3.18617931e-005
95.0666667,0.141646982,-3.19653864e-005
95.1,0.141645917,-3.1994014e-005
95.1333333,0.14164485,-3.19662199e-005
95.1666667,0.141643785,-3.19446224e-005
95.2,0.14164272,-3.19233223e-005
95.2333333,0.141641656,-3.19021084e-005
95.2666667,0.141640592,-3.18726812e-005
95.3,0.14163953,-3.18508045e-005
95.3333333,0.141638468,-3.19445694e-005
95.3666667,0.141637404,-3.20557947e-005
95.4,0.141636335,-3.20548945e-005
95.4333333,0.141635267,-3.20263009e-005
95.4666667,0.141634199,-3.20048127e-005
95.5,0.141633132,-3.19834025e-005
95.5333333,0.141632066,-3.196188e-005
95.5666667,0.141631001,-3.19334034e-005
95.6,0.141629936,-3.19136072e-005
95.6333333,0.141628872,-3.20289972e-005
95.6666667,0.141627805,-3.21411373e-005
95.7,0.141626733,-3.2115458e-005
95.7333333,0.141625663,-3.20860709e-005
95.7666667,0.141624593,-3.20646922e-005
95.8,0.141623525,-3.20431422e-005
95.8333333,0.141622456,-3.20213401e-005
95.8666667,0.141621389,-3.1993809e-005
95.9,0.141620323,-3.20016626e-005
95.9333333,0.141619256,-3.21123718e-005
95.9666667,0.141618185,-3.22004179e-005
96,0.141617112,-3.21757308e-005
96.0333333,0.14161604,-3.21455585e-005
96.0666667,0.141614968,-3.21242889e-005
96.1,0.141613897,-3.21025683e-005
96.1333333,0.141612827,-3.20805151e-005
96.1666667,0.141611758,-3.20539231e-005
96.2,0.141610689,-3.20914941e-005
96.2333333,0.14160962,-3.21935473e-005
96.2666667,0.141608547,-3.22594044e-005
96.3,0.141607471,-3.2235704e-005
96.3333333,0.141606397,-3.22047515e-005
96.3666667,0.141605323,-3.21835903e-005
96.4,0.14160425,-3.21616687e-005
96.4333333,0.141603178,-3.21393932e-005
96.4666667,0.141602107,-3.21137346e-005
96.5,0.141601037,-3.21831015e-005
96.5333333,0.141599964,-3.22725005e-005
96.5666667,0.141598888,-3.23180866e-005
96.6,0.141597811,-3.2294644e-005
96.6333333,0.141596734,-3.22643639e-005
96.6666667,0.141595659,-3.22425873e-005
96.7,0.141594584,-3.22204341e-005
96.7333333,0.14159351,-3.21979657e-005
96.7666667,0.141592437,-3.21732349e-005
96.8,0.141591364,-3.22764871e-005
96.8333333,0.141590288,-3.2349211e-005
96.8666667,0.14158921,-3.23764568e-005
96.9,0.141588131,-3.23531285e-005
96.9333333,0.141587052,-3.23238033e-005
96.9666667,0.141585975,-3.2301004e-005
97,0.141584898,-3.22786895e-005
97.0333333,0.141583822,-3.22562464e-005
97.0666667,0.141582747,-3.22324315e-005
97.1,0.141581673,-3.23716685e-005
97.1333333,0.141580594,-3.24236731e-005
97.1666667,0.141579513,-3.24345215e-005
97.2,0.141578432,-3.24113075e-005
97.2333333,0.141577351,-3.23829321e-005
97.2666667,0.141576272,-3.23589579e-005
97.3,0.141575193,-3.23365513e-005
97.3333333,0.141574115,-3.23142299e-005
97.3666667,0.141573038,-3.22913225e-005
97.4,0.141571962,-3.24686544e-005
97.4333333,0.14157088,-3.24958731e-005
97.4666667,0.141569796,-3.24922792e-005
97.5,0.141568713,-3.24691795e-005
97.5333333,0.141567631,-3.24417487e-005
97.5666667,0.14156655,-3.24165738e-005
97.6,0.141565469,-3.23941052e-005
97.6333333,0.141564389,-3.23719046e-005
97.6666667,0.14156331,-3.23498999e-005
97.7,0.141562232,-3.25674473e-005
97.7333333,0.141561146,-3.25657912e-005
97.7666667,0.141560061,-3.25497226e-005
97.8,0.141558976,-3.25267375e-005
97.8333333,0.141557892,-3.25002464e-005
97.8666667,0.141556808,-3.2473845e-005
97.9,0.141555726,-3.24513448e-005
97.9333333,0.141554644,-3.24323072e-005
97.9666667,0.141553563,-3.24206153e-005
98,0.141552482,-3.26551319e-005
98.0333333,0.141551394,-3.26304712e-005
98.0666667,0.141550306,-3.26068572e-005
98.1,0.141549219,-3.25839874e-005
98.1333333,0.141548133,-3.2558431e-005
98.1666667,0.141547048,-3.25307769e-005
98.2,0.141545963,-3.25082756e-005
98.2333333,0.14154488,-3.25008941e-005
98.2666667,0.141543796,-3.25192327e-005
98.3,0.141542713,-3.27127323e-005
98.3333333,0.141541622,-3.26871976e-005
98.3666667,0.141540533,-3.26637025e-005
98.4,0.141539444,-3.26409493e-005
98.4333333,0.141538356,-3.26163217e-005
98.4666667,0.141537268,-3.25873879e-005
98.5,0.141536182,-3.25649155e-005
98.5333333,0.141535097,-3.25712121e-005
98.5666667,0.141534011,-3.26156799e-005
98.6,0.141532924,-3.2770028e-005
98.6333333,0.141531832,-3.27436245e-005
98.6666667,0.14153074,-3.27202481e-005
98.7,0.141529649,-3.2697611e-005
98.7333333,0.141528559,-3.26739068e-005
98.7666667,0.14152747,-3.26436665e-005
98.8,0.141526382,-3.26212534e-005
98.8333333,0.141525295,-3.26432613e-005
98.8666667,0.141524207,-3.27099339e-005
98.9,0.141523116,-3.2827009e-005
98.9333333,0.141522022,-3.27997424e-005
98.9666667,0.141520929,-3.27764846e-005
99,0.141519836,-3.27539633e-005
99.0333333,0.141518744,-3.27311775e-005
99.0666667,0.141517653,-3.26996038e-005
99.1,0.141516563,-3.26772812e-005
99.1333333,0.141515474,-3.27170442e-005
99.1666667,0.141514384,-3.28019744e-005
99.2,0.14151329,-3.28836678e-005
99.2333333,0.141512194,-3.28555439e-005
99.2666667,0.141511099,-3.2832405e-005
99.3,0.141510005,-3.28098738e-005
99.3333333,0.141508911,-3.27876704e-005
99.3666667,0.141507818,-3.27552193e-005
99.4,0.141506726,-3.27330137e-005
99.4333333,0.141505635,-3.2792583e-005
99.4666667,0.141504542,-3.28918e-005
99.5,0.141503446,-3.29400151e-005
99.5333333,0.141502348,-3.29110394e-005
99.5666667,0.14150125,-3.28880192e-005
99.6,0.141500154,-3.28654302e-005
99.6333333,0.141499059,-3.28430867e-005
99.6666667,0.141497964,-3.28112212e-005
99.7,0.14149687,-3.27884413e-005
99.7333333,0.141495777,-3.28698816e-005
99.7666667,0.141494682,-3.29793922e-005
99.8,0.141493582,-3.2996045e-005
99.8333333,0.141492482,-3.29662231e-005
99.8666667,0.141491384,-3.29433217e-005
99.9,0.141490285,-3.29206443e-005
99.9333333,0.141489188,-3.28979711e-005
99.9666667,0.141488091,-3.28671236e-005
100,0.141486996,-3.28435556e-005
100.033333,0.141485901,-3.29489428e-005
100.066667,0.141484803,-3.30647316e-005
100.1,0.141483701,-3.30517504e-005
100.133333,0.141482599,-3.30210882e-005
100.166667,0.141481498,-3.29983058e-005
100.2,0.141480398,-3.29755096e-005
100.233333,0.141479299,-3.29525365e-005
100.266667,0.141478201,-3.29227012e-005
100.3,0.141477103,-3.29123362e-005
100.333333,0.141476006,-3.30290425e-005
100.366667,0.141474905,-3.31339353e-005
100.4,0.141473801,-3.31071434e-005
100.433333,0.141472697,-3.30756487e-005
100.466667,0.141471595,-3.30529852e-005
100.5,0.141470493,-3.30300391e-005
100.533333,0.141469392,-3.30067959e-005
100.566667,0.141468292,-3.29779664e-005
100.6,0.141467192,-3.29968605e-005
100.633333,0.141466093,-3.31071422e-005
100.666667,0.141464989,-3.31879741e-005
100.7,0.141463883,-3.31622356e-005
100.733333,0.141462777,-3.3129916e-005
100.766667,0.141461673,-3.31073707e-005
100.8,0.141460569,-3.30842433e-005
100.833333,0.141459467,-3.30607594e-005
100.866667,0.141458365,-3.30329288e-005
100.9,0.141457263,-3.30832022e-005
100.933333,0.141456161,-3.3182962e-005
100.966667,0.141455055,-3.32417086e-005
101,0.141453947,-3.32168125e-005
101.033333,0.141452839,-3.31840835e-005
101.066667,0.141451733,-3.31614509e-005
101.1,0.141450628,-3.31381107e-005
101.133333,0.141449523,-3.31144162e-005
101.166667,0.141448419,-3.30875782e-005
101.2,0.141447316,-3.31713609e-005
101.233333,0.141446211,-3.32564805e-005
101.266667,0.141445102,-3.32951293e-005
101.3,0.141443992,-3.32703573e-005
101.333333,0.141442883,-3.32386496e-005
101.366667,0.141441775,-3.32151933e-005
101.4,0.141440668,-3.31916171e-005
101.433333,0.141439562,-3.31677601e-005
101.466667,0.141438456,-3.31419078e-005
101.5,0.141437351,-3.32613399e-005
101.533333,0.141436243,-3.33276801e-005
101.566667,0.141435132,-3.33482303e-005
101.6,0.14143402,-3.33235826e-005
101.633333,0.141432909,-3.32928906e-005
101.666667,0.1414318,-3.32682216e-005
101.7,0.141430691,-3.32445382e-005
101.733333,0.141429583,-3.32208134e-005
101.766667,0.141428475,-3.31959314e-005
101.8,0.141427369,-3.33531617e-005
101.833333,0.141426257,-3.33965619e-005
101.866667,0.141425144,-3.34010237e-005
101.9,0.14142403,-3.33765001e-005
101.933333,0.141422918,-3.33468178e-005
101.966667,0.141421806,-3.332091e-005
102,0.141420696,-3.32971502e-005
102.033333,0.141419586,-3.32735564e-005
102.066667,0.141418477,-3.3249639e-005
102.1,0.141417368,-3.34468263e-005
102.133333,0.141416253,-3.34631054e-005
102.166667,0.141415138,-3.34535007e-005
102.2,0.141414023,-3.34291012e-005
102.233333,0.141412908,-3.3400423e-005
102.266667,0.141411795,-3.33732503e-005
102.3,0.141410683,-3.33494451e-005
102.333333,0.141409571,-3.33259816e-005
102.366667,0.14140846,-3.33030233e-005
102.4,0.14140735,-3.35423357e-005
102.433333,0.141406232,-3.35272926e-005
102.466667,0.141405114,-3.35056547e-005
102.5,0.141403998,-3.34813795e-005
102.533333,0.141402881,-3.34536998e-005
102.566667,0.141401766,-3.34252363e-005
102.6,0.141400652,-3.34014172e-005
102.633333,0.141399539,-3.33855624e-005
102.666667,0.141398426,-3.33853025e-005
102.7,0.141397313,-3.36088293e-005
102.733333,0.141396193,-3.35824216e-005
102.766667,0.141395073,-3.35575065e-005
102.8,0.141393955,-3.35333571e-005
102.833333,0.141392837,-3.35066696e-005
102.866667,0.14139172,-3.34768886e-005
102.9,0.141390604,-3.34530865e-005
102.933333,0.141389489,-3.34500187e-005
102.966667,0.141388374,-3.34790684e-005
103,0.141387258,-3.36611698e-005
103.033333,0.141386136,-3.36338458e-005
103.066667,0.141385015,-3.36090592e-005
103.1,0.141383895,-3.35850357e-005
103.133333,0.141382775,-3.35593341e-005
103.166667,0.141381657,-3.35282084e-005
103.2,0.141380539,-3.35044544e-005
103.233333,0.141379422,-3.35162505e-005
103.266667,0.141378305,-3.35705804e-005
103.3,0.141377186,-3.37131949e-005
103.333333,0.141376062,-3.36849607e-005
103.366667,0.141374939,-3.36603024e-005
103.4,0.141373817,-3.36364043e-005
103.433333,0.141372696,-3.36116826e-005
103.466667,0.141371576,-3.35791853e-005
103.5,0.141370456,-3.35555108e-005
103.533333,0.141369338,-3.35842577e-005
103.566667,0.141368218,-3.36598175e-005
103.6,0.141367096,-3.37648956e-005
103.633333,0.141365971,-3.37357573e-005
103.666667,0.141364846,-3.37112274e-005
103.7,0.141363723,-3.3687419e-005
103.733333,0.1413626,-3.366357e-005
103.766667,0.141361478,-3.36298166e-005
103.8,0.141360357,-3.36062547e-005
103.833333,0.141359236,-3.36540478e-005
103.866667,0.141358115,-3.37467659e-005
103.9,0.14135699,-3.38162698e-005
103.933333,0.141355863,-3.37862339e-005
103.966667,0.141354736,-3.37618323e-005
104,0.141353611,-3.37379899e-005
104.033333,0.141352486,-3.37145836e-005
104.066667,0.141351363,-3.36802733e-005
104.1,0.14135024,-3.36566965e-005
104.133333,0.141349118,-3.37256393e-005
104.166667,0.141347994,-3.38314227e-005
104.2,0.141346866,-3.38673257e-005
104.233333,0.141345737,-3.38363981e-005
104.266667,0.141344609,-3.38121247e-005
104.3,0.141343482,-3.3788217e-005
104.333333,0.141342356,-3.37644596e-005
104.366667,0.14134123,-3.37312333e-005
104.4,0.141340106,-3.37068235e-005
104.433333,0.141338983,-3.37990323e-005
104.466667,0.141337856,-3.39137674e-005
104.5,0.141336725,-3.39180546e-005
104.533333,0.141335595,-3.38862418e-005
104.566667,0.141334465,-3.38620966e-005
104.6,0.141333337,-3.38380922e-005
104.633333,0.141332209,-3.38140143e-005
104.666667,0.141331081,-3.37818653e-005
104.7,0.141329955,-3.37566286e-005
104.733333,0.14132883,-3.38742291e-005
104.766667,0.141327701,-3.39937822e-005
104.8,0.141326568,-3.39684502e-005
104.833333,0.141325436,-3.39357586e-005
104.866667,0.141324304,-3.39117418e-005
104.9,0.141323174,-3.38876095e-005
104.933333,0.141322044,-3.3863242e-005
104.966667,0.141320916,-3.38321639e-005
105,0.141319788,-3.38321541e-005
105.033333,0.14131866,-3.39491851e-005
105.066667,0.141317529,-3.40463348e-005
105.1,0.141316394,-3.40185396e-005
105.133333,0.14131526,-3.39849792e-005
105.166667,0.141314127,-3.39610903e-005
105.2,0.141312995,-3.39367976e-005
105.233333,0.141311864,-3.39121708e-005
105.266667,0.141310733,-3.38821559e-005
105.3,0.141309604,-3.39129846e-005
105.333333,0.141308473,-3.40217738e-005
105.366667,0.141307339,-3.40950024e-005
105.4,0.141306203,-3.4068319e-005
105.433333,0.141305067,-3.40338961e-005
105.466667,0.141303933,-3.40101342e-005
105.5,0.141302799,-3.39856492e-005
105.533333,0.141301666,-3.39607935e-005
105.566667,0.141300534,-3.39318345e-005
105.6,0.141299403,-3.39956687e-005
105.633333,0.14129827,-3.40920079e-005
105.666667,0.141297134,-3.41433561e-005
105.7,0.141295995,-3.41171857e-005
105.733333,0.141294858,-3.40830906e-005
105.766667,0.141293722,-3.40588634e-005
105.8,0.141292587,-3.40341537e-005
105.833333,0.141291452,-3.40091003e-005
105.866667,0.141290319,-3.39811902e-005
105.9,0.141289186,-3.4080206e-005
105.933333,0.14128805,-3.41598677e-005
105.966667,0.141286911,-3.41913872e-005
106,0.141285772,-3.41653506e-005
106.033333,0.141284633,-3.41323355e-005
106.066667,0.141283495,-3.41070828e-005
106.1,0.141282358,-3.40821842e-005
106.133333,0.141281222,-3.40570982e-005
106.166667,0.141280087,-3.40302255e-005
106.2,0.141278952,-3.41666075e-005
106.233333,0.141277814,-3.4225345e-005
106.266667,0.141276673,-3.4239098e-005
106.3,0.141275531,-3.42131953e-005
106.333333,0.141274391,-3.41812535e-005
106.366667,0.141273252,-3.4154727e-005
106.4,0.141272113,-3.41297368e-005
106.433333,0.141270975,-3.41047921e-005
106.466667,0.141269839,-3.40789446e-005
106.5,0.141268703,-3.42548856e-005
106.533333,0.141267561,-3.42884331e-005
106.566667,0.141266418,-3.42864922e-005
106.6,0.141265275,-3.4260723e-005
106.633333,0.141264133,-3.42298482e-005
106.666667,0.141262992,-3.42020216e-005
106.7,0.141261852,-3.41769715e-005
106.733333,0.141260713,-3.4152167e-005
106.766667,0.141259574,-3.41273384e-005
106.8,0.141258437,-3.434504e-005
106.833333,0.141257292,-3.43491134e-005
106.866667,0.141256147,-3.43335617e-005
106.9,0.141255002,-3.4307926e-005
106.933333,0.141253859,-3.42781118e-005
106.966667,0.141252716,-3.42489591e-005
107,0.141251575,-3.42238812e-005
107.033333,0.141250434,-3.41999847e-005
107.066667,0.141249294,-3.41786308e-005
107.1,0.141248155,-3.44337572e-005
107.133333,0.141247007,-3.4406593e-005
107.166667,0.14124586,-3.43803031e-005
107.2,0.141244714,-3.43548014e-005
107.233333,0.141243569,-3.43260416e-005
107.266667,0.141242424,-3.42955367e-005
107.3,0.141241281,-3.42704631e-005
107.333333,0.141240139,-3.42583777e-005
107.366667,0.141238997,-3.42695791e-005
107.4,0.141237855,-3.44810255e-005
107.433333,0.141236705,-3.44528988e-005
107.466667,0.141235557,-3.44267474e-005
107.5,0.141234409,-3.44013813e-005
107.533333,0.141233263,-3.43736686e-005
107.566667,0.141232117,-3.43417842e-005
107.6,0.141230972,-3.43167463e-005
107.633333,0.141229828,-3.43185887e-005
107.666667,0.141228684,-3.43582186e-005
107.7,0.141227539,-3.45279797e-005
107.733333,0.141226388,-3.4498897e-005
107.766667,0.141225238,-3.44728835e-005
107.8,0.141224089,-3.44476522e-005
107.833333,0.141222941,-3.44209798e-005
107.866667,0.141221793,-3.43876888e-005
107.9,0.141220647,-3.43627186e-005
107.933333,0.141219502,-3.43806147e-005
107.966667,0.141218356,-3.44445266e-005
108,0.141217208,-3.45746087e-005
108.033333,0.141216055,-3.45445768e-005
108.066667,0.141214904,-3.45187009e-005
108.1,0.141213753,-3.4493604e-005
108.133333,0.141212603,-3.44679653e-005
108.166667,0.141211454,-3.44332408e-005
108.2,0.141210306,-3.44083708e-005
108.233333,0.141209159,-3.44444557e-005
108.266667,0.141208011,-3.4528484e-005
108.3,0.14120686,-3.46209044e-005
108.333333,0.141205706,-3.45899301e-005
108.366667,0.141204553,-3.45641918e-005
108.4,0.141203401,-3.45391335e-005
108.433333,0.14120225,-3.45142624e-005
108.466667,0.141201099,-3.44784509e-005
108.5,0.14119995,-3.44537125e-005
108.533333,0.141198802,-3.45101273e-005
108.566667,0.141197651,-3.46100868e-005
108.6,0.141196498,-3.46668731e-005
108.633333,0.141195342,-3.46349632e-005
108.666667,0.141194188,-3.46093624e-005
108.7,0.141193034,-3.45842628e-005
108.733333,0.141191881,-3.45594904e-005
108.766667,0.141190729,-3.45238849e-005
108.8,0.141189578,-3.44987412e-005
108.833333,0.141188428,-3.45776373e-005
108.866667,0.141187276,-3.46893236e-005
108.9,0.14118612,-3.47125141e-005
108.933333,0.141184962,-3.46796754e-005
108.966667,0.141183806,-3.46542119e-005
109,0.141182651,-3.46290389e-005
109.033333,0.141181497,-3.46039251e-005
109.066667,0.141180344,-3.45694606e-005
109.1,0.141179191,-3.45434468e-005
109.133333,0.14117804,-3.46469856e-005
109.166667,0.141176885,-3.47661761e-005
109.2,0.141175726,-3.47578196e-005
109.233333,0.141174567,-3.47240591e-005
109.266667,0.14117341,-3.46987328e-005
109.3,0.141172253,-3.46734545e-005
109.333333,0.141171098,-3.46480308e-005
109.366667,0.141169943,-3.46147001e-005
109.4,0.141168789,-3.45957342e-005
109.433333,0.141167636,-3.47178865e-005
109.466667,0.141166478,-3.48326575e-005
109.5,0.141165317,-3.48027937e-005
109.533333,0.141164157,-3.47681194e-005
109.566667,0.141162998,-3.47429305e-005
109.6,0.14116184,-3.47175144e-005
109.633333,0.141160683,-3.46918125e-005
109.666667,0.141159526,-3.46596079e-005
109.7,0.141158371,-3.4670822e-005
109.733333,0.141157215,-3.47871457e-005
109.766667,0.141156056,-3.48761471e-005
109.8,0.141154893,-3.4847458e-005
109.833333,0.141153732,-3.48118797e-005
109.866667,0.141152571,-3.47868272e-005
109.9,0.141151412,-3.47612403e-005
109.933333,0.141150253,-3.47352911e-005
109.966667,0.141149095,-3.47042043e-005
110,0.141147938,-3.47477984e-005
110.033333,0.14114678,-3.48540026e-005
110.066667,0.141145618,-3.4919325e-005
110.1,0.141144454,-3.48918028e-005
110.133333,0.141143291,-3.4855327e-005
110.166667,0.14114213,-3.48304102e-005
110.2,0.141140969,-3.48046198e-005
110.233333,0.141139808,-3.47784548e-005
110.266667,0.141138649,-3.47484779e-005
110.3,0.141137491,-3.48266602e-005
110.333333,0.14113633,-3.49184368e-005
110.366667,0.141135166,-3.49621805e-005
110.4,0.141134001,-3.49348034e-005
110.433333,0.141132836,-3.48994663e-005
110.466667,0.141131673,-3.48736701e-005
110.5,0.14113051,-3.48476433e-005
110.533333,0.141129349,-3.48212945e-005
110.566667,0.141128188,-3.479242e-005
110.6,0.141127028,-3.49074067e-005
110.633333,0.141125865,-3.49804302e-005
110.666667,0.141124699,-3.50047058e-005
110.7,0.141123532,-3.4977472e-005
110.733333,0.141122366,-3.49432704e-005
110.766667,0.141121201,-3.49162372e-005
110.8,0.141120037,-3.48900809e-005
110.833333,0.141118874,-3.4863831e-005
110.866667,0.141117712,-3.48360425e-005
110.9,0.141116551,-3.4990057e-005
110.933333,0.141115385,-3.50399846e-005
110.966667,0.141114217,-3.50469117e-005
111,0.141113048,-3.50198207e-005
111.033333,0.141111881,-3.49867473e-005
111.066667,0.141110715,-3.4958382e-005
111.1,0.14110955,-3.49321507e-005
111.133333,0.141108385,-3.49060507e-005
111.166667,0.141107222,-3.48793394e-005
111.2,0.141106059,-3.50746127e-005
111.233333,0.14110489,-3.50970847e-005
111.266667,0.14110372,-3.50887926e-005
111.3,0.14110255,-3.50618444e-005
111.333333,0.141101382,-3.50298921e-005
111.366667,0.141100214,-3.50001685e-005
111.4,0.141099047,-3.49738945e-005
111.433333,0.141097881,-3.49479435e-005
111.466667,0.141096716,-3.49223027e-005
111.5,0.141095552,-3.51610734e-005
111.533333,0.14109438,-3.51517139e-005
111.566667,0.141093209,-3.51303414e-005
111.6,0.141092038,-3.51035358e-005
111.633333,0.141090868,-3.50726979e-005
111.666667,0.141089698,-3.50415899e-005
111.7,0.14108853,-3.50153062e-005
111.733333,0.141087363,-3.49946575e-005
111.766667,0.141086197,-3.49855839e-005
111.8,0.141085031,-3.52278504e-005
111.833333,0.141083856,-3.51990384e-005
111.866667,0.141082683,-3.51715706e-005
111.9,0.141081511,-3.51449088e-005
111.933333,0.141080339,-3.51151777e-005
111.966667,0.141079169,-3.50826587e-005
112,0.141077999,-3.50563978e-005
112.033333,0.141076831,-3.50486592e-005
112.066667,0.141075662,-3.50712181e-005
112.1,0.141074493,-3.52696265e-005
112.133333,0.141073318,-3.52398145e-005
112.166667,0.141072143,-3.52124941e-005
112.2,0.141070969,-3.51859765e-005
112.233333,0.141069796,-3.51573445e-005
112.266667,0.141068624,-3.51233873e-005
112.3,0.141067454,-3.50971815e-005
112.333333,0.141066284,-3.51045143e-005
112.366667,0.141065114,-3.51544706e-005
112.4,0.141063942,-3.53110791e-005
112.433333,0.141062765,-3.52802742e-005
112.466667,0.141061589,-3.52531007e-005
112.5,0.141060414,-3.52267266e-005
112.533333,0.141059239,-3.51991864e-005
112.566667,0.141058066,-3.5163764e-005
112.6,0.141056894,-3.5137646e-005
112.633333,0.141055723,-3.51622197e-005
112.666667,0.141054551,-3.5235321e-005
112.7,0.141053376,-3.53521982e-005
112.733333,0.141052198,-3.53204078e-005
112.766667,0.14105102,-3.52933808e-005
112.8,0.141049844,-3.52671457e-005
112.833333,0.141048668,-3.52406782e-005
112.866667,0.141047494,-3.52037804e-005
112.9,0.14104632,-3.51777837e-005
112.933333,0.141045148,-3.52217757e-005
112.966667,0.141043974,-3.53137521e-005
113,0.141042796,-3.53929767e-005
113.033333,0.141041617,-3.53602083e-005
113.066667,0.141040438,-3.5333328e-005
113.1,0.14103926,-3.53070767e-005
113.133333,0.141038083,-3.52812793e-005
113.166667,0.141036907,-3.52434647e-005
113.2,0.141035732,-3.52176135e-005
113.233333,0.141034559,-3.52832051e-005
113.266667,0.141033382,-3.53897689e-005
113.3,0.141032203,-3.54334286e-005
113.333333,0.141031022,-3.53996893e-005
113.366667,0.141029842,-3.53729552e-005
113.4,0.141028663,-3.53466549e-005
113.433333,0.141027484,-3.53205765e-005
113.466667,0.141026307,-3.52838023e-005
113.5,0.141025131,-3.52571206e-005
113.533333,0.141023956,-3.5346505e-005
113.566667,0.141022777,-3.5463352e-005
113.6,0.141021595,-3.54735445e-005
113.633333,0.141020413,-3.54388416e-005
113.666667,0.141019232,-3.54122536e-005
113.7,0.141018051,-3.53858715e-005
113.733333,0.141016872,-3.53594629e-005
113.766667,0.141015693,-3.53238835e-005
113.8,0.141014516,-3.52962972e-005
113.833333,0.141013339,-3.54116754e-005
113.866667,0.141012159,-3.55344847e-005
113.9,0.141010974,-3.55133171e-005
113.933333,0.14100979,-3.54776584e-005
113.966667,0.141008608,-3.54512164e-005
114,0.141007426,-3.542472e-005
114.033333,0.141006245,-3.53980136e-005
114.066667,0.141005065,-3.53636211e-005
114.1,0.141003887,-3.53552262e-005
114.133333,0.141002708,-3.5477445e-005
114.166667,0.141001525,-3.55834676e-005
114.2,0.141000339,-3.55527663e-005
114.233333,0.140999154,-3.55161619e-005
114.266667,0.14099797,-3.54898655e-005
114.3,0.140996787,-3.54632213e-005
114.333333,0.140995605,-3.5436249e-005
114.366667,0.140994424,-3.54030347e-005
114.4,0.140993244,-3.54262792e-005
114.433333,0.140992063,-3.55408342e-005
114.466667,0.140990878,-3.56213717e-005
114.5,0.140989691,-3.55918976e-005
114.533333,0.140988505,-3.5554356e-005
114.566667,0.140987319,-3.55282043e-005
114.6,0.140986135,-3.55013787e-005
114.633333,0.140984952,-3.54741724e-005
114.666667,0.140983769,-3.54421274e-005
114.7,0.140982588,-3.54992476e-005
114.733333,0.140981405,-3.56017576e-005
114.766667,0.140980218,-3.56589555e-005
114.8,0.140979029,-3.56302898e-005
114.833333,0.140977842,-3.55926396e-005
114.866667,0.140976655,-3.55662212e-005
114.9,0.14097547,-3.55391808e-005
114.933333,0.140974285,-3.55117729e-005
114.966667,0.140973101,-3.54808888e-005
115,0.140971919,-3.55741283e-005
115.033333,0.140970733,-3.56601965e-005
115.066667,0.140969544,-3.56962096e-005
115.1,0.140968354,-3.56676961e-005
115.133333,0.140967165,-3.56312415e-005
115.166667,0.140965978,-3.56038113e-005
115.2,0.140964791,-3.55765562e-005
115.233333,0.140963605,-3.55490499e-005
115.266667,0.14096242,-3.55193161e-005
115.3,0.140961236,-3.56509251e-005
115.333333,0.140960048,-3.57161396e-005
115.366667,0.140958857,-3.57331313e-005
115.4,0.140957666,-3.57047699e-005
115.433333,0.140956476,-3.56695032e-005
115.466667,0.140955287,-3.56407118e-005
115.5,0.140954099,-3.5613366e-005
115.533333,0.140952912,-3.55860193e-005
115.566667,0.140951725,-3.55574195e-005
115.6,0.14095054,-3.57296545e-005
115.633333,0.140949349,-3.5769588e-005
115.666667,0.140948157,-3.57697299e-005
115.7,0.140946965,-3.57415201e-005
115.733333,0.140945773,-3.57074334e-005
115.766667,0.140944583,-3.56772546e-005
115.8,0.140943394,-3.56498509e-005
115.833333,0.140942205,-3.56226626e-005
115.866667,0.140941018,-3.55951892e-005
115.9,0.140939831,-3.58103133e-005
115.933333,0.140938638,-3.5820524e-005
115.966667,0.140937444,-3.58059964e-005
116,0.14093625,-3.57779381e-005
116.033333,0.140935058,-3.57450237e-005
116.066667,0.140933866,-3.57134315e-005
116.1,0.140932676,-3.56860032e-005
116.133333,0.140931486,-3.56589721e-005
116.166667,0.140930297,-3.56326177e-005
116.2,0.14092911,-3.58929009e-005
116.233333,0.140927913,-3.58689325e-005
116.266667,0.140926718,-3.58419243e-005
116.3,0.140925523,-3.58140175e-005
116.333333,0.140924329,-3.5782268e-005
116.366667,0.140923136,-3.57492363e-005
116.4,0.140921945,-3.5721817e-005
116.433333,0.140920754,-3.57049771e-005
116.466667,0.140919564,-3.57081044e-005
116.5,0.140918374,-3.59365406e-005
116.533333,0.140917176,-3.59061181e-005
116.566667,0.140915979,-3.58775427e-005
116.6,0.140914783,-3.5849789e-005
116.633333,0.140913588,-3.58191958e-005
116.666667,0.140912394,-3.57846977e-005
116.7,0.140911201,-3.57573201e-005
116.733333,0.140910009,-3.57544909e-005
116.766667,0.140908817,-3.57881774e-005
116.8,0.140907624,-3.59727243e-005
116.833333,0.140906425,-3.59412669e-005
116.866667,0.140905227,-3.59128474e-005
116.9,0.14090403,-3.58852462e-005
116.933333,0.140902834,-3.58558012e-005
116.966667,0.140901639,-3.58198094e-005
117,0.140900445,-3.57925067e-005
117.033333,0.140899252,-3.58058884e-005
117.066667,0.140898058,-3.58658021e-005
117.1,0.140896863,-3.60085759e-005
117.133333,0.140895662,-3.59760914e-005
117.166667,0.140894463,-3.59478273e-005
117.2,0.140893265,-3.59203779e-005
117.233333,0.140892068,-3.58920732e-005
117.266667,0.140890871,-3.58545609e-005
117.3,0.140889676,-3.58273665e-005
117.333333,0.140888482,-3.58591665e-005
117.366667,0.140887287,-3.59409602e-005
117.4,0.140886089,-3.60440863e-005
117.433333,0.140884887,-3.60105826e-005
117.466667,0.140883687,-3.59824738e-005
117.5,0.140882487,-3.59551127e-005
117.533333,0.140881289,-3.59277637e-005
117.566667,0.140880091,-3.58889547e-005
117.6,0.140878895,-3.58619033e-005
117.633333,0.140877699,-3.59143339e-005
117.666667,0.140876502,-3.60136446e-005
117.7,0.140875302,-3.60792572e-005
117.733333,0.140874099,-3.60447423e-005
117.766667,0.140872898,-3.60167886e-005
117.8,0.140871697,-3.59894038e-005
117.833333,0.140870498,-3.5962434e-005
117.866667,0.140869299,-3.59233635e-005
117.9,0.140868101,-3.58961225e-005
117.933333,0.140866905,-3.59714024e-005
117.966667,0.140865706,-3.60838518e-005
118,0.140864503,-3.61140935e-005
118.033333,0.140863299,-3.60785751e-005
118.066667,0.140862097,-3.6050776e-005
118.1,0.140860895,-3.60233341e-005
118.133333,0.140859694,-3.59960137e-005
118.166667,0.140858494,-3.59581974e-005
118.2,0.140857296,-3.59300119e-005
118.233333,0.140856098,-3.60303692e-005
118.266667,0.140854897,-3.61515644e-005
118.3,0.140853692,-3.61485866e-005
118.333333,0.140852487,-3.61120727e-005
118.366667,0.140851283,-3.6084428e-005
118.4,0.14085008,-3.60568957e-005
118.433333,0.140848878,-3.60292577e-005
118.466667,0.140847677,-3.59926868e-005
118.5,0.140846478,-3.59648571e-005
118.533333,0.140845279,-3.60912075e-005
118.566667,0.140844076,-3.62154441e-005
118.6,0.140842869,-3.61827316e-005
118.633333,0.140841663,-3.61452306e-005
118.666667,0.140840458,-3.61177404e-005
118.7,0.140839254,-3.60900845e-005
118.733333,0.140838051,-3.60621619e-005
118.766667,0.140836849,-3.60268278e-005
118.8,0.140835648,-3.60297887e-005
118.833333,0.140834447,-3.61510403e-005
118.866667,0.140833242,-3.62479877e-005
118.9,0.140832034,-3.62165608e-005
118.933333,0.140830826,-3.61780847e-005
118.966667,0.14082962,-3.61507479e-005
119,0.140828415,-3.6122934e-005
119.033333,0.140827211,-3.60947592e-005
119.066667,0.140826008,-3.6060652e-005
119.1,0.140824806,-3.60966639e-005
119.133333,0.140823603,-3.62083701e-005
119.166667,0.140822396,-3.62802151e-005
119.2,0.140821187,-3.62500646e-005
119.233333,0.140819978,-3.62106208e-005
119.266667,0.140818771,-3.61834365e-005
119.3,0.140817565,-3.61554306e-005
119.333333,0.14081636,-3.61270362e-005
119.366667,0.140815156,-3.60941467e-005
119.4,0.140813953,-3.61654764e-005
119.433333,0.140812747,-3.62631771e-005
119.466667,0.140811538,-3.63121148e-005
119.5,0.140810328,-3.62823766e-005
119.533333,0.140809118,-3.62436839e-005
119.566667,0.14080791,-3.62157959e-005
119.6,0.140806703,-3.61875641e-005
119.633333,0.140805497,-3.61589833e-005
119.666667,0.140804292,-3.61273025e-005
119.7,0.140803087,-3.6236223e-005
119.733333,0.140801879,-3.63154447e-005
119.766667,0.140800669,-3.6343678e-005
119.8,0.140799458,-3.63141007e-005
119.833333,0.140798247,-3.62766535e-005
119.866667,0.140797038,-3.62475457e-005
119.9,0.14079583,-3.62191553e-005
119.933333,0.140794622,-3.61906139e-005
119.966667,0.140793416,-3.61601264e-005
120,0.140792211,-3.63089157e-005
120.033333,0.140791,-3.63651716e-005
120.066667,0.140789788,-3.63749112e-005
120.1,0.140788576,-3.63454942e-005
120.133333,0.140787364,-3.63092841e-005
120.166667,0.140786154,-3.6278763e-005
120.2,0.140784944,-3.62502991e-005
120.233333,0.140783736,-3.62219252e-005
120.266667,0.140782529,-3.61926182e-005
120.3,0.140781322,-3.63835602e-005
120.333333,0.14078011,-3.64123504e-005
120.366667,0.140778896,-3.64058142e-005
120.4,0.140777682,-3.63765573e-005
120.433333,0.14077647,-3.63415756e-005
120.466667,0.140775258,-3.63096152e-005
120.5,0.140774048,-3.62811113e-005
120.533333,0.140772839,-3.62529037e-005
120.566667,0.14077163,-3.62247692e-005
120.6,0.140770423,-3.64601533e-005
120.633333,0.140769207,-3.64569655e-005
120.666667,0.140767992,-3.6436379e-005
120.7,0.140766778,-3.64072819e-005
120.733333,0.140765564,-3.63735206e-005
120.766667,0.140764352,-3.6340095e-005
120.8,0.14076314,-3.6311585e-005
120.833333,0.14076193,-3.62862211e-005
120.866667,0.14076072,-3.62675894e-005
120.9,0.140759511,-3.65273001e-005
120.933333,0.140758294,-3.64963848e-005
120.966667,0.140757077,-3.64666092e-005
121,0.140755862,-3.64376725e-005
121.033333,0.140754647,-3.64051231e-005
121.066667,0.140753434,-3.63702062e-005
121.1,0.140752221,-3.6341724e-005
121.133333,0.14075101,-3.63292397e-005
121.166667,0.140749799,-3.63443581e-005
121.2,0.140748587,-3.6558131e-005
121.233333,0.140747369,-3.65261407e-005
121.266667,0.140746151,-3.649653e-005
121.3,0.140744935,-3.64677546e-005
121.333333,0.140743719,-3.6436408e-005
121.366667,0.140742505,-3.63999725e-005
121.4,0.140741291,-3.63715515e-005
121.433333,0.140740079,-3.63741735e-005
121.466667,0.140738866,-3.64186383e-005
121.5,0.140737652,-3.65886335e-005
121.533333,0.140736433,-3.65555763e-005
121.566667,0.140735214,-3.65261297e-005
121.6,0.140733997,-3.64975148e-005
121.633333,0.14073278,-3.64673623e-005
121.666667,0.140731565,-3.64293813e-005
121.7,0.14073035,-3.64010551e-005
121.733333,0.140729137,-3.64210166e-005
121.766667,0.140727923,-3.64904106e-005
121.8,0.140726707,-3.66187966e-005
121.833333,0.140725486,-3.65846808e-005
121.866667,0.140724266,-3.65553979e-005
121.9,0.140723048,-3.65269427e-005
121.933333,0.14072183,-3.6497976e-005
121.966667,0.140720614,-3.64584229e-005
122,0.140719398,-3.64302257e-005
122.033333,0.140718184,-3.6469766e-005
122.066667,0.140716968,-3.65596585e-005
122.1,0.14071575,-3.66486119e-005
122.133333,0.140714528,-3.66134462e-005
122.166667,0.140713308,-3.65843269e-005
122.2,0.140712088,-3.65559021e-005
122.233333,0.14071087,-3.65277707e-005
122.266667,0.140709652,-3.64871161e-005
122.3,0.140708436,-3.64590784e-005
122.333333,0.140707221,-3.65204389e-005
122.366667,0.140706003,-3.66263856e-005
122.4,0.140704782,-3.66780904e-005
122.433333,0.14070356,-3.6641883e-005
122.466667,0.140702338,-3.66129266e-005
122.5,0.140701118,-3.65844702e-005
122.533333,0.140699898,-3.65563134e-005
122.566667,0.14069868,-3.65162796e-005
122.6,0.140697463,-3.64876046e-005
122.633333,0.140696246,-3.65730356e-005
122.666667,0.140695027,-3.66905793e-005
122.7,0.140693804,-3.6707227e-005
122.733333,0.140692581,-3.66699863e-005
122.766667,0.140691358,-3.66411926e-005
122.8,0.140690137,-3.66126708e-005
122.833333,0.140688917,-3.65841764e-005
122.866667,0.140687697,-3.65454445e-005
122.9,0.140686479,-3.65157951e-005
122.933333,0.140685262,-3.66275533e-005
122.966667,0.140684041,-3.6752224e-005
123,0.140682816,-3.67360142e-005
123.033333,0.140681591,-3.66977488e-005
123.066667,0.140680368,-3.66691175e-005
123.1,0.140679146,-3.66404965e-005
123.133333,0.140677924,-3.66116983e-005
123.166667,0.140676704,-3.6574259e-005
123.2,0.140675485,-3.65571702e-005
123.233333,0.140674266,-3.66833441e-005
123.266667,0.140673043,-3.67978371e-005
123.3,0.140671817,-3.67644631e-005
123.333333,0.140670591,-3.67251834e-005
123.366667,0.140669367,-3.66967141e-005
123.4,0.140668144,-3.66679597e-005
123.433333,0.140666922,-3.6638891e-005
123.466667,0.1406657,-3.66027346e-005
123.5,0.14066448,-3.66177671e-005
123.533333,0.14066326,-3.67369964e-005
123.566667,0.140662035,-3.68246314e-005
123.6,0.140660808,-3.67925894e-005
123.633333,0.140659581,-3.6752306e-005
123.666667,0.140658356,-3.67239977e-005
123.7,0.140657132,-3.66950752e-005
123.733333,0.140655909,-3.66657689e-005
123.766667,0.140654687,-3.66308851e-005
123.8,0.140653466,-3.66803249e-005
123.833333,0.140652243,-3.6788094e-005
123.866667,0.140651017,-3.68511023e-005
123.9,0.140649788,-3.68201974e-005
123.933333,0.140648561,-3.67792892e-005
123.966667,0.140647335,-3.67509555e-005
124,0.14064611,-3.67218304e-005
124.033333,0.140644886,-3.66923201e-005
124.066667,0.140643663,-3.66586991e-005
124.1,0.140642441,-3.67448375e-005
124.133333,0.140641216,-3.6836619e-005
124.166667,0.140639988,-3.68772395e-005
124.2,0.140638759,-3.68465038e-005
124.233333,0.140637531,-3.68068965e-005
124.266667,0.140636304,-3.67775781e-005
124.3,0.140635078,-3.67482161e-005
124.333333,0.140633853,-3.67185356e-005
124.366667,0.140632629,-3.6686168e-005
124.4,0.140631406,-3.68113012e-005
124.433333,0.140630179,-3.6882557e-005
124.466667,0.14062895,-3.69030351e-005
124.5,0.14062772,-3.68724684e-005
124.533333,0.140626491,-3.68341533e-005
124.566667,0.140625263,-3.68033998e-005
124.6,0.140624036,-3.67739479e-005
124.633333,0.14062281,-3.67444433e-005
124.666667,0.140621585,-3.67133087e-005
124.7,0.140620362,-3.68797366e-005
124.733333,0.140619132,-3.69259168e-005
124.766667,0.140617901,-3.69285042e-005
124.8,0.14061667,-3.68981059e-005
124.833333,0.14061544,-3.68610735e-005
124.866667,0.140614212,-3.68288581e-005
124.9,0.140612984,-3.67993504e-005
124.933333,0.140611758,-3.67700209e-005
124.966667,0.140610532,-3.67401102e-005
125,0.140609307,-3.69501378e-005
125.033333,0.140608076,-3.69666821e-005
125.066667,0.140606843,-3.69536371e-005
125.1,0.140605611,-3.69234069e-005
125.133333,0.140604381,-3.68876483e-005
125.166667,0.140603151,-3.6853945e-005
125.2,0.140601923,-3.68244157e-005
125.233333,0.140600695,-3.679526e-005
125.266667,0.140599469,-3.67665647e-005
125.3,0.140598243,-3.70225016e-005
125.333333,0.140597009,-3.70048391e-005
125.366667,0.140595776,-3.69784267e-005
125.4,0.140594543,-3.69483643e-005
125.433333,0.140593311,-3.69138707e-005
125.466667,0.140592081,-3.6878654e-005
125.5,0.140590852,-3.68491376e-005
125.533333,0.140589623,-3.68276013e-005
125.566667,0.140588396,-3.68218935e-005
125.6,0.140587168,-3.70660424e-005
125.633333,0.140585933,-3.70336375e-005
125.666667,0.140584698,-3.70028935e-005
125.7,0.140583465,-3.6973e-005
125.733333,0.140582232,-3.69397621e-005
125.766667,0.140581001,-3.69030052e-005
125.8,0.140579771,-3.68735357e-005
125.833333,0.140578542,-3.68659344e-005
125.866667,0.140577313,-3.68927115e-005
125.9,0.140576083,-3.70911251e-005
125.933333,0.140574847,-3.70576155e-005
125.966667,0.140573612,-3.7027044e-005
126,0.140572377,-3.69973195e-005
126.033333,0.140571144,-3.69653275e-005
126.066667,0.140569912,-3.69270037e-005
126.1,0.140568681,-3.6897615e-005
126.133333,0.140567451,-3.69062036e-005
126.166667,0.140566221,-3.69609863e-005
126.2,0.140564989,-3.71158721e-005
126.233333,0.140563752,-3.70812664e-005
126.266667,0.140562516,-3.70508669e-005
126.3,0.140561281,-3.70213102e-005
126.333333,0.140560047,-3.69905552e-005
126.366667,0.140558814,-3.69506379e-005
126.4,0.140557582,-3.69213642e-005
126.433333,0.140556351,-3.69484029e-005
126.466667,0.14055512,-3.70267005e-005
126.5,0.140553885,-3.71402734e-005
126.533333,0.140552647,-3.71045807e-005
126.566667,0.140551411,-3.70743527e-005
126.6,0.140550175,-3.70449341e-005
126.633333,0.14054894,-3.70153226e-005
126.666667,0.140547706,-3.69739033e-005
126.7,0.140546474,-3.69447805e-005
126.733333,0.140545242,-3.69925336e-005
126.766667,0.140544009,-3.70898439e-005
126.8,0.140542773,-3.71643257e-005
126.833333,0.140541534,-3.7127555e-005
126.866667,0.140540296,-3.70974982e-005
126.9,0.14053906,-3.70680743e-005
126.933333,0.140537824,-3.70391577e-005
126.966667,0.140536589,-3.69969338e-005
127,0.140535356,-3.69678778e-005
127.033333,0.140534124,-3.70386116e-005
127.066667,0.140532889,-3.71504208e-005
127.1,0.140531651,-3.71880397e-005
127.133333,0.140530411,-3.71501997e-005
127.166667,0.140529173,-3.71203135e-005
127.2,0.140527936,-3.70908498e-005
127.233333,0.140526699,-3.70615761e-005
127.266667,0.140525464,-3.70207085e-005
127.3,0.14052423,-3.69906419e-005
127.333333,0.140522997,-3.70866314e-005
127.366667,0.140521761,-3.72084151e-005
127.4,0.14052052,-3.7211406e-005
127.433333,0.14051928,-3.71725056e-005
127.466667,0.140518041,-3.71427896e-005
127.5,0.140516803,-3.71132519e-005
127.533333,0.140515566,-3.70836551e-005
127.566667,0.14051433,-3.70441338e-005
127.6,0.140513095,-3.70130652e-005
127.633333,0.140511861,-3.713659e-005
127.666667,0.140510623,-3.72638132e-005
127.7,0.140509381,-3.72344176e-005
127.733333,0.14050814,-3.7194466e-005
127.766667,0.1405069,-3.71649201e-005
127.8,0.140505661,-3.71352743e-005
127.833333,0.140504423,-3.71053886e-005
127.866667,0.140503187,-3.70672037e-005
127.9,0.140501951,-3.70615536e-005
127.933333,0.140500716,-3.71865182e-005
127.966667,0.140499476,-3.72910242e-005
128,0.140498233,-3.72571021e-005
128.033333,0.140496991,-3.72161118e-005
128.066667,0.140495751,-3.71867351e-005
128.1,0.140494511,-3.71569461e-005
128.133333,0.140493272,-3.71268049e-005
128.166667,0.140492035,-3.70899455e-005
128.2,0.140490799,-3.71176906e-005
128.233333,0.140489561,-3.72338327e-005
128.266667,0.14048832,-3.73120052e-005
128.3,0.140487076,-3.7279458e-005
128.333333,0.140485834,-3.72374383e-005
128.366667,0.140484593,-3.72082296e-005
128.4,0.140483352,-3.71782623e-005
128.433333,0.140482113,-3.71478994e-005
128.466667,0.140480875,-3.71123548e-005
128.5,0.140479638,-3.71758005e-005
128.533333,0.140478398,-3.72785473e-005
128.566667,0.140477156,-3.73326567e-005
128.6,0.140475911,-3.73008235e-005
128.633333,0.140474668,-3.72590847e-005
128.666667,0.140473426,-3.72293922e-005
128.7,0.140472185,-3.7199212e-005
128.733333,0.140470945,-3.71686614e-005
128.766667,0.140469706,-3.71344214e-005
128.8,0.140468468,-3.72358772e-005
128.833333,0.140467227,-3.73206466e-005
128.866667,0.140465983,-3.73529691e-005
128.9,0.140464738,-3.73213129e-005
128.933333,0.140463494,-3.72809188e-005
128.966667,0.140462251,-3.72500392e-005
129,0.14046101,-3.7219674e-005
129.033333,0.140459769,-3.71890964e-005
129.066667,0.140458529,-3.71561466e-005
129.1,0.140457291,-3.72979255e-005
129.133333,0.140456048,-3.73601263e-005
129.166667,0.140454802,-3.73729437e-005
129.2,0.140453556,-3.73414641e-005
129.233333,0.140452312,-3.73024049e-005
129.266667,0.140451068,-3.72700439e-005
129.3,0.140449826,-3.72396069e-005
129.333333,0.140448585,-3.7209213e-005
129.366667,0.140447344,-3.71775368e-005
129.4,0.140446105,-3.7361955e-005
129.433333,0.14044486,-3.73969868e-005
129.466667,0.140443613,-3.73925862e-005
129.5,0.140442367,-3.73612826e-005
129.533333,0.140441121,-3.73235486e-005
129.566667,0.140439877,-3.72896804e-005
129.6,0.140438634,-3.72592059e-005
129.633333,0.140437392,-3.72289942e-005
129.666667,0.140436151,-3.71985823e-005
129.7,0.140434911,-3.74279598e-005
129.733333,0.140433664,-3.74312137e-005
129.766667,0.140432416,-3.74118878e-005
129.8,0.140431169,-3.73807599e-005
129.833333,0.140429923,-3.73443415e-005
129.866667,0.140428678,-3.73089407e-005
129.9,0.140427434,-3.72784635e-005
129.933333,0.140426192,-3.72485655e-005
129.966667,0.14042495,-3.72198372e-005
130,0.14042371,-3.74953617e-005
130.033333,0.14042246,-3.74626592e-005
130.066667,0.140421211,-3.74308426e-005
130.1,0.140419963,-3.73998902e-005
130.133333,0.140418717,-3.73647782e-005
130.166667,0.140417471,-3.73278193e-005
130.2,0.140416227,-3.72973742e-005
130.233333,0.140414984,-3.72801809e-005
130.266667,0.140413741,-3.7287078e-005
130.3,0.140412498,-3.7514966e-005
130.333333,0.140411248,-3.74811229e-005
130.366667,0.140409998,-3.74494872e-005
130.4,0.14040875,-3.74187119e-005
130.433333,0.140407503,-3.73848959e-005
130.466667,0.140406256,-3.73463519e-005
130.5,0.140405012,-3.7315973e-005
130.533333,0.140403768,-3.7313757e-005
130.566667,0.140402524,-3.7351746e-005
130.6,0.140401279,-3.75342401e-005
130.633333,0.140400028,-3.74992654e-005
130.666667,0.140398778,-3.74678097e-005
130.7,0.140397529,-3.74372103e-005
130.733333,0.140396281,-3.74046803e-005
130.766667,0.140395034,-3.73645247e-005
130.8,0.140393789,-3.73342464e-005
130.833333,0.140392544,-3.73492848e-005
130.866667,0.140391299,-3.74138226e-005
130.9,0.140390052,-3.75531721e-005
130.933333,0.1403888,-3.75170752e-005
130.966667,0.14038755,-3.74857988e-005
131,0.1403863,-3.74553744e-005
131.033333,0.140385052,-3.74241208e-005
131.066667,0.140383804,-3.73823275e-005
131.1,0.140382558,-3.73521845e-005
131.133333,0.140381313,-3.73867585e-005
131.166667,0.140380067,-3.74732927e-005
131.2,0.140378818,-3.75717532e-005
131.233333,0.140377565,-3.75345436e-005
131.266667,0.140376314,-3.75034461e-005
131.3,0.140375064,-3.74731032e-005
131.333333,0.140373815,-3.74428619e-005
131.366667,0.140372567,-3.73997692e-005
131.4,0.14037132,-3.73697961e-005
131.433333,0.140370074,-3.74261881e-005
131.466667,0.140368827,-3.75301569e-005
131.5,0.140367576,-3.75899891e-005
131.533333,0.140366323,-3.75516763e-005
131.566667,0.140365071,-3.75207571e-005
131.6,0.140363821,-3.74904007e-005
131.633333,0.140362571,-3.7460426e-005
131.666667,0.140361322,-3.74174559e-005
131.7,0.140360075,-3.7387081e-005
131.733333,0.140358829,-3.74675781e-005
131.766667,0.14035758,-3.75844104e-005
131.8,0.140356327,-3.76078809e-005
131.833333,0.140355073,-3.7568474e-005
131.866667,0.140353821,-3.75377326e-005
131.9,0.14035257,-3.7507328e-005
131.933333,0.14035132,-3.74770112e-005
131.966667,0.14035007,-3.74354387e-005
132,0.140348822,-3.7404028e-005
132.033333,0.140347576,-3.75109229e-005
132.066667,0.140346325,-3.76360391e-005
132.1,0.140345071,-3.76254202e-005
132.133333,0.140343817,-3.75849287e-005
132.166667,0.140342564,-3.75543648e-005
132.2,0.140341312,-3.75238775e-005
132.233333,0.140340061,-3.7493253e-005
132.266667,0.140338811,-3.74530676e-005
132.3,0.140337563,-3.74271911e-005
132.333333,0.140336315,-3.75560088e-005
132.366667,0.140335064,-3.76783926e-005
132.4,0.140333808,-3.7642609e-005
132.433333,0.140332553,-3.76010435e-005
132.466667,0.140331299,-3.75706566e-005
132.5,0.140330047,-3.7540052e-005
132.533333,0.140328796,-3.75091543e-005
132.566667,0.140327545,-3.74703453e-005
132.6,0.140326296,-3.74767578e-005
132.633333,0.140325047,-3.7599467e-005
132.666667,0.140323794,-3.76938321e-005
132.7,0.140322537,-3.76594736e-005
132.733333,0.140321282,-3.76168467e-005
132.766667,0.140320028,-3.75866357e-005
132.8,0.140318775,-3.75558782e-005
132.833333,0.140317523,-3.75247412e-005
132.866667,0.140316273,-3.74872969e-005
132.9,0.140315023,-3.75283139e-005
132.933333,0.140313772,-3.76403041e-005
132.966667,0.140312517,-3.77089482e-005
133,0.14031126,-3.7676004e-005
133.033333,0.140310005,-3.76323247e-005
133.066667,0.14030875,-3.76022883e-005
133.1,0.140307497,-3.75713427e-005
133.133333,0.140306244,-3.75400006e-005
133.166667,0.140304993,-3.75039099e-005
133.2,0.140303743,-3.75818501e-005
133.233333,0.14030249,-3.76785037e-005
133.266667,0.140301234,-3.77237297e-005
133.3,0.140299977,-3.76910476e-005
133.333333,0.14029872,-3.76486085e-005
133.366667,0.140297466,-3.76176042e-005
133.4,0.140296212,-3.75864354e-005
133.433333,0.140294959,-3.75549229e-005
133.466667,0.140293707,-3.75201751e-005
133.5,0.140292456,-3.76373602e-005
133.533333,0.140291202,-3.77140523e-005
133.566667,0.140289944,-3.77381682e-005
133.6,0.140288687,-3.77056705e-005
133.633333,0.14028743,-3.76646161e-005
133.666667,0.140286174,-3.76322156e-005
133.7,0.14028492,-3.76009263e-005
133.733333,0.140283666,-3.75695283e-005
133.766667,0.140282414,-3.75361041e-005
133.8,0.140281163,-3.76948577e-005
133.833333,0.140279906,-3.77469563e-005
133.866667,0.140278648,-3.77522739e-005
133.9,0.14027739,-3.77199599e-005
133.933333,0.140276132,-3.76802799e-005
133.966667,0.140274876,-3.76463561e-005
134,0.140273622,-3.76150132e-005
134.033333,0.140272368,-3.75838055e-005
134.066667,0.140271115,-3.75516923e-005
134.1,0.140269863,-3.77543407e-005
134.133333,0.140268605,-3.77772069e-005
134.166667,0.140267345,-3.77660429e-005
134.2,0.140266087,-3.7733912e-005
134.233333,0.140264829,-3.7695596e-005
134.266667,0.140263572,-3.76601236e-005
134.3,0.140262317,-3.76287619e-005
134.333333,0.140261063,-3.7597743e-005
134.366667,0.140259809,-3.7566931e-005
134.4,0.140258557,-3.78158031e-005
134.433333,0.140257297,-3.7804792e-005
134.466667,0.140256036,-3.77794671e-005
134.5,0.140254777,-3.7747519e-005
134.533333,0.140253519,-3.77105572e-005
134.566667,0.140252262,-3.76735109e-005
134.6,0.140251006,-3.76421657e-005
134.633333,0.140249751,-3.76160964e-005
134.666667,0.140248498,-3.76009903e-005
134.7,0.140247244,-3.78592546e-005
134.733333,0.140245982,-3.78251947e-005
134.766667,0.140244721,-3.77925579e-005
134.8,0.140243462,-3.77607932e-005
134.833333,0.140242203,-3.77251752e-005
134.866667,0.140240945,-3.76865294e-005
134.9,0.140239689,-3.76552353e-005
134.933333,0.140238434,-3.7642876e-005
134.966667,0.140237179,-3.76619403e-005
135,0.140235924,-3.78730069e-005
135.033333,0.140234661,-3.78377821e-005
135.066667,0.1402334,-3.78053332e-005
135.1,0.14023214,-3.77737521e-005
135.133333,0.140230881,-3.77394672e-005
135.166667,0.140229623,-3.76991953e-005
135.2,0.140228366,-3.76679869e-005
135.233333,0.140227111,-3.76716275e-005
135.266667,0.140225855,-3.77202748e-005
135.3,0.140224598,-3.78864232e-005
135.333333,0.140223335,-3.78500431e-005
135.366667,0.140222073,-3.78177811e-005
135.4,0.140220812,-3.77863826e-005
135.433333,0.140219553,-3.77534203e-005
135.466667,0.140218294,-3.77114963e-005
135.5,0.140217037,-3.76804084e-005
135.533333,0.140215781,-3.77023419e-005
135.566667,0.140214525,-3.77759777e-005
135.6,0.140213265,-3.78994927e-005
135.633333,0.140212002,-3.78619673e-005
135.666667,0.14021074,-3.78298915e-005
135.7,0.140209479,-3.77986747e-005
135.733333,0.140208219,-3.77670251e-005
135.766667,0.14020696,-3.77234231e-005
135.8,0.140205703,-3.76924908e-005
135.833333,0.140204446,-3.77350134e-005
135.866667,0.140203188,-3.78290357e-005
135.9,0.140201928,-3.79122073e-005
135.933333,0.140200664,-3.78735467e-005
135.966667,0.140199401,-3.78416568e-005
136,0.14019814,-3.78104584e-005
136.033333,0.14019688,-3.7779689e-005
136.066667,0.14019562,-3.77350037e-005
136.1,0.140194362,-3.77042546e-005
136.133333,0.140193106,-3.77696607e-005
136.166667,0.140191847,-3.78794601e-005
136.2,0.140190584,-3.79245823e-005
136.233333,0.14018932,-3.78847959e-005
136.266667,0.140188057,-3.78530912e-005
136.3,0.140186795,-3.7821871e-005
136.333333,0.140185534,-3.77909139e-005
136.366667,0.140184275,-3.77473291e-005
136.4,0.140183017,-3.77156853e-005
136.433333,0.140181759,-3.78062765e-005
136.466667,0.140180499,-3.79272368e-005
136.5,0.140179235,-3.79366085e-005
136.533333,0.14017797,-3.78957062e-005
136.566667,0.140176707,-3.78641859e-005
136.6,0.140175445,-3.78329091e-005
136.633333,0.140174184,-3.7801626e-005
136.666667,0.140172924,-3.77594764e-005
136.7,0.140171665,-3.77267743e-005
136.733333,0.140170408,-3.7844855e-005
136.766667,0.140169146,-3.79723539e-005
136.8,0.14016788,-3.79482784e-005
136.833333,0.140166615,-3.79062702e-005
136.866667,0.140165352,-3.78749341e-005
136.9,0.140164089,-3.78435659e-005
136.933333,0.140162828,-3.78119917e-005
136.966667,0.140161568,-3.77712664e-005
137,0.140160309,-3.77568663e-005
137.033333,0.14015905,-3.7884248e-005
137.066667,0.140157787,-3.79957566e-005
137.1,0.140156521,-3.79596106e-005
137.133333,0.140155255,-3.7916509e-005
137.166667,0.140153991,-3.78853564e-005
137.2,0.140152729,-3.78538614e-005
137.233333,0.140151467,-3.78220305e-005
137.266667,0.140150206,-3.77827176e-005
137.3,0.140148947,-3.78017358e-005
137.333333,0.140147687,-3.79211422e-005
137.366667,0.140146423,-3.80052988e-005
137.4,0.140145156,-3.7970614e-005
137.433333,0.14014389,-3.79264304e-005
137.466667,0.140142626,-3.78954598e-005
137.5,0.140141363,-3.78638023e-005
137.533333,0.140140101,-3.78317492e-005
137.566667,0.140138839,-3.77938367e-005
137.6,0.14013758,-3.78485969e-005
137.633333,0.140136318,-3.79553828e-005
137.666667,0.140135053,-3.80145128e-005
137.7,0.140133786,-3.79808708e-005
137.733333,0.14013252,-3.79364288e-005
137.766667,0.140131255,-3.79052319e-005
137.8,0.140129992,-3.78733768e-005
137.833333,0.140128729,-3.7841136e-005
137.866667,0.140127468,-3.78046124e-005
137.9,0.140126208,-3.78974405e-005
137.933333,0.140124944,-3.79869554e-005
137.966667,0.140123678,-3.80233883e-005
138,0.140122411,-3.79899381e-005
138.033333,0.140121144,-3.79469278e-005
138.066667,0.140119879,-3.79145898e-005
138.1,0.140118616,-3.78825272e-005
138.133333,0.140117353,-3.78501881e-005
138.166667,0.140116091,-3.78150404e-005
138.2,0.140114831,-3.79482638e-005
138.233333,0.140113566,-3.80158525e-005
138.266667,0.140112299,-3.80319214e-005
138.3,0.140111031,-3.79986624e-005
138.333333,0.140109764,-3.79570733e-005
138.366667,0.140108499,-3.79231992e-005
138.4,0.140107235,-3.78910667e-005
138.433333,0.140105972,-3.78589259e-005
138.466667,0.14010471,-3.78251337e-005
138.5,0.140103449,-3.80010806e-005
138.533333,0.140102182,-3.80420826e-005
138.566667,0.140100914,-3.80401236e-005
138.6,0.140099646,-3.8007055e-005
138.633333,0.140098379,-3.7966876e-005
138.666667,0.140097114,-3.79314406e-005
138.7,0.140095849,-3.78992732e-005
138.733333,0.140094586,-3.78673289e-005
138.766667,0.140093324,-3.78348816e-005
138.8,0.140092063,-3.80558822e-005
138.833333,0.140090794,-3.80656328e-005
138.866667,0.140089525,-3.80479855e-005
138.9,0.140088257,-3.80151067e-005
138.933333,0.14008699,-3.79763272e-005
138.966667,0.140085724,-3.79393055e-005
139,0.140084459,-3.79071384e-005
139.033333,0.140083196,-3.7875389e-005
139.066667,0.140081933,-3.78442765e-005
139.1,0.140080672,-3.81126623e-005
139.133333,0.140079401,-3.80864926e-005
139.166667,0.140078132,-3.80555001e-005
139.2,0.140076863,-3.80228108e-005
139.233333,0.140075596,-3.79854204e-005
139.266667,0.14007433,-3.79467876e-005
139.3,0.140073065,-3.79146562e-005
139.333333,0.140071801,-3.78928983e-005
139.366667,0.140070538,-3.78909831e-005
139.4,0.140069275,-3.813143e-005
139.433333,0.140068004,-3.80960722e-005
139.466667,0.140066734,-3.80626959e-005
139.5,0.140065465,-3.80301973e-005
139.533333,0.140064198,-3.79941846e-005
139.566667,0.140062931,-3.79539148e-005
139.6,0.140061666,-3.79218537e-005
139.633333,0.140060402,-3.79147905e-005
139.666667,0.140059138,-3.79454751e-005
139.7,0.140057873,-3.81392976e-005
139.733333,0.140056602,-3.81027536e-005
139.766667,0.140055332,-3.80695716e-005
139.8,0.140054063,-3.80372629e-005
139.833333,0.140052795,-3.80026168e-005
139.866667,0.140051528,-3.79606839e-005
139.9,0.140050263,-3.7928728e-005
139.933333,0.140048999,-3.79386602e-005
139.966667,0.140047734,-3.7997316e-005
140,0.140046467,-3.81468242e-005
140.033333,0.140045196,-3.81091042e-005
140.066667,0.140043925,-3.80761156e-005
140.1,0.140042656,-3.80439956e-005
140.133333,0.140041388,-3.80107054e-005
140.166667,0.140040121,-3.79670839e-005
140.2,0.140038856,-3.79352683e-005
140.233333,0.140037591,-3.7964499e-005
140.266667,0.140036326,-3.80464918e-005
140.3,0.140035057,-3.81540001e-005
140.333333,0.140033786,-3.81151146e-005
140.366667,0.140032515,-3.80823188e-005
140.4,0.140031246,-3.80503304e-005
140.433333,0.140029977,-3.8018226e-005
140.466667,0.14002871,-3.79731154e-005
140.5,0.140027444,-3.79414766e-005
140.533333,0.140026179,-3.79923091e-005
140.566667,0.140024913,-3.80929996e-005
140.6,0.140023643,-3.81608261e-005
140.633333,0.140022371,-3.81207854e-005
140.666667,0.140021101,-3.80881818e-005
140.7,0.140019831,-3.80561985e-005
140.733333,0.140018562,-3.80246819e-005
140.766667,0.140017295,-3.79791312e-005
140.8,0.140016029,-3.79473614e-005
140.833333,0.140014764,-3.80220993e-005
140.866667,0.140013497,-3.81368429e-005
140.9,0.140012225,-3.8167309e-005
140.933333,0.140010953,-3.81261231e-005
140.966667,0.140009682,-3.80937109e-005
141,0.140008413,-3.80616975e-005
141.033333,0.140007144,-3.80298368e-005
141.066667,0.140005876,-3.79857672e-005
141.1,0.14000461,-3.79529094e-005
141.133333,0.140003345,-3.80538612e-005
141.166667,0.140002076,-3.81780092e-005
141.2,0.140000804,-3.81734397e-005
141.233333,0.139999531,-3.81311191e-005
141.266667,0.13999826,-3.80988976e-005
141.3,0.13999699,-3.80668191e-005
141.333333,0.139995721,-3.80346495e-005
141.366667,0.139994454,-3.79920491e-005
141.4,0.139993187,-3.79581132e-005
141.433333,0.139991922,-3.80875889e-005
141.466667,0.139990652,-3.82164882e-005
141.5,0.139989379,-3.81792116e-005
141.533333,0.139988106,-3.81357667e-005
141.566667,0.139986835,-3.81037358e-005
141.6,0.139985565,-3.80715572e-005
141.633333,0.139984295,-3.80391141e-005
141.666667,0.139983028,-3.79979714e-005
141.7,0.139981761,-3.79955778e-005
141.733333,0.139980494,-3.81204894e-005
141.766667,0.139979224,-3.82210566e-005
141.8,0.13997795,-3.81846599e-005
141.833333,0.139976677,-3.81401053e-005
141.866667,0.139975406,-3.81082636e-005
141.9,0.139974135,-3.8075949e-005
141.933333,0.139972866,-3.80432666e-005
141.966667,0.139971598,-3.80035687e-005
142,0.139970331,-3.80356497e-005
142.033333,0.139969063,-3.81507153e-005
142.066667,0.139967792,-3.8224679e-005
142.1,0.139966517,-3.81897759e-005
142.133333,0.139965244,-3.81441213e-005
142.166667,0.139963973,-3.81124673e-005
142.2,0.139962703,-3.8079981e-005
142.233333,0.139961433,-3.80470941e-005
142.266667,0.139960165,-3.80088287e-005
142.3,0.139958898,-3.80777101e-005
142.333333,0.139957629,-3.8178262e-005
142.366667,0.139956356,-3.82279691e-005
142.4,0.139955082,-3.81936349e-005
142.433333,0.139953809,-3.81487162e-005
142.466667,0.139952537,-3.8116336e-005
142.5,0.139951267,-3.80836427e-005
142.533333,0.139949997,-3.80505862e-005
142.566667,0.139948729,-3.80137415e-005
142.6,0.139947462,-3.812175e-005
142.633333,0.139946191,-3.82031176e-005
142.666667,0.139944918,-3.82309179e-005
142.7,0.139943643,-3.81967819e-005
142.733333,0.13994237,-3.81533283e-005
142.766667,0.139941098,-3.8119605e-005
142.8,0.139939828,-3.80867638e-005
142.833333,0.139938558,-3.80537551e-005
142.866667,0.139937289,-3.80183131e-005
142.9,0.139936022,-3.81677754e-005
142.933333,0.13993475,-3.82252852e-005
142.966667,0.139933476,-3.82335307e-005
143,0.139932201,-3.81995921e-005
143.033333,0.139930928,-3.81575922e-005
143.066667,0.139929656,-3.81222982e-005
143.1,0.139928385,-3.80894058e-005
143.133333,0.139927116,-3.8056601e-005
143.166667,0.139925847,-3.80225453e-005
143.2,0.13992458,-3.82157887e-005
143.233333,0.139923306,-3.82447643e-005
143.266667,0.139922031,-3.82358092e-005
143.3,0.139920757,-3.82020672e-005
143.333333,0.139919483,-3.81615097e-005
143.366667,0.139918211,-3.81246201e-005
143.4,0.13991694,-3.80917118e-005
143.433333,0.139915671,-3.80591092e-005
143.466667,0.139914402,-3.8026429e-005
143.5,0.139913134,-3.8265781e-005
143.533333,0.139911859,-3.82615442e-005
143.566667,0.139910583,-3.8237745e-005
143.6,0.139909309,-3.82041991e-005
143.633333,0.139908035,-3.81650729e-005
143.666667,0.139906763,-3.81265633e-005
143.7,0.139905492,-3.80936745e-005
143.733333,0.139904223,-3.80633355e-005
143.766667,0.139902954,-3.80384845e-005
143.8,0.139901686,-3.83089515e-005
143.833333,0.139900409,-3.82735748e-005
143.866667,0.139899133,-3.82393395e-005
143.9,0.139897858,-3.82059896e-005
143.933333,0.139896585,-3.81682836e-005
143.966667,0.139895313,-3.81281295e-005
144,0.139894042,-3.80952955e-005
144.033333,0.139892772,-3.80783036e-005
144.066667,0.139891503,-3.80890344e-005
144.1,0.139890233,-3.83112473e-005
144.133333,0.139888956,-3.82746559e-005
144.166667,0.13988768,-3.8240622e-005
144.2,0.139886405,-3.82074692e-005
144.233333,0.139885132,-3.81711713e-005
144.266667,0.139883859,-3.81293468e-005
144.3,0.139882588,-3.80966024e-005
144.333333,0.139881319,-3.8095262e-005
144.366667,0.139880049,-3.81369197e-005
144.4,0.139878777,-3.831321e-005
144.433333,0.1398775,-3.82754144e-005
144.466667,0.139876224,-3.82415807e-005
144.5,0.13987495,-3.82086234e-005
144.533333,0.139873676,-3.81737223e-005
144.566667,0.139872404,-3.81302019e-005
144.6,0.139871133,-3.8097582e-005
144.633333,0.139869863,-3.8114199e-005
144.666667,0.139868592,-3.81821256e-005
144.7,0.13986732,-3.8314828e-005
144.733333,0.139866042,-3.82758388e-005
144.766667,0.139864767,-3.82422045e-005
144.8,0.139863492,-3.82094418e-005
144.833333,0.139862218,-3.81759262e-005
144.866667,0.139860946,-3.8130685e-005
144.9,0.139859675,-3.8098225e-005
144.933333,0.139858405,-3.81351062e-005
144.966667,0.139857133,-3.82246405e-005
145,0.139855859,-3.83160928e-005
145.033333,0.139854582,-3.82759209e-005
145.066667,0.139853306,-3.82424854e-005
145.1,0.139852032,-3.82097931e-005
145.133333,0.139850758,-3.8177322e-005
145.166667,0.139849485,-3.81308127e-005
145.2,0.139848214,-3.80985453e-005
145.233333,0.139846944,-3.81579947e-005
145.266667,0.139845672,-3.82644723e-005
145.3,0.139844397,-3.83170143e-005
145.333333,0.13984312,-3.82756703e-005
145.366667,0.139841844,-3.82424328e-005
145.4,0.139840569,-3.82097372e-005
145.433333,0.139839295,-3.81773809e-005
145.466667,0.139838023,-3.81314433e-005
145.5,0.139836752,-3.80985366e-005
145.533333,0.139835482,-3.81828615e-005
145.566667,0.139834209,-3.83016152e-005
145.6,0.139832932,-3.83175894e-005
145.633333,0.139831655,-3.82750838e-005
145.666667,0.139830379,-3.82420435e-005
145.7,0.139829105,-3.82093094e-005
145.733333,0.139827831,-3.81766269e-005
145.766667,0.139826558,-3.81322009e-005
145.8,0.139825287,-3.80981888e-005
145.833333,0.139824017,-3.82096981e-005
145.866667,0.139822744,-3.83360587e-005
145.9,0.139821466,-3.831781e-005
145.933333,0.139820189,-3.82741537e-005
145.966667,0.139818913,-3.82413101e-005
146,0.139817638,-3.82085025e-005
146.033333,0.139816364,-3.81755291e-005
146.066667,0.139815092,-3.81326025e-005
146.1,0.139813821,-3.81095303e-005
146.133333,0.13981255,-3.82379744e-005
146.166667,0.139811276,-3.83557582e-005
146.2,0.139809997,-3.83176855e-005
146.233333,0.13980872,-3.82728909e-005
146.266667,0.139807444,-3.82402432e-005
146.3,0.13980617,-3.82073266e-005
146.333333,0.139804896,-3.81740975e-005
146.366667,0.139803624,-3.81326578e-005
146.4,0.139802352,-3.81427151e-005
146.433333,0.139801081,-3.8264129e-005
146.466667,0.139799806,-3.83537732e-005
146.5,0.139798527,-3.83172352e-005
146.533333,0.13979725,-3.82713154e-005
146.566667,0.139795974,-3.82388622e-005
146.6,0.1397947,-3.82058007e-005
146.633333,0.139793426,-3.81723505e-005
146.666667,0.139792154,-3.81323844e-005
146.7,0.139790883,-3.81778928e-005
146.733333,0.13978961,-3.82875996e-005
146.766667,0.139788334,-3.83514644e-005
146.8,0.139787055,-3.83163173e-005
146.833333,0.139785778,-3.82695452e-005
146.866667,0.139784502,-3.82371538e-005
146.9,0.139783228,-3.82039117e-005
146.933333,0.139781954,-3.81702754e-005
146.966667,0.139780682,-3.81317704e-005
147,0.139779411,-3.82150514e-005
147.033333,0.139778137,-3.83083736e-005
147.066667,0.13977686,-3.83488211e-005
147.1,0.139775582,-3.83138786e-005
147.133333,0.139774305,-3.82686129e-005
147.166667,0.139773029,-3.82351082e-005
147.2,0.139771755,-3.82016502e-005
147.233333,0.139770481,-3.81678632e-005
147.266667,0.139769209,-3.8130807e-005
147.3,0.139767938,-3.82541819e-005
147.333333,0.139766663,-3.83264412e-005
147.366667,0.139765385,-3.83458351e-005
147.4,0.139764107,-3.83110968e-005
147.433333,0.13976283,-3.82673257e-005
147.466667,0.139761555,-3.8232273e-005
147.5,0.13976028,-3.81987382e-005
147.533333,0.139759007,-3.81651404e-005
147.566667,0.139757735,-3.81295101e-005
147.6,0.139756464,-3.8295299e-005
147.633333,0.139755187,-3.83418158e-005
147.666667,0.139753909,-3.83425208e-005
147.7,0.139752631,-3.83079856e-005
147.733333,0.139751354,-3.82656972e-005
147.766667,0.139750079,-3.82290431e-005
147.8,0.139748804,-3.8195476e-005
147.833333,0.139747531,-3.81620873e-005
147.866667,0.139746259,-3.81278707e-005
147.9,0.139744988,-3.83383932e-005
147.933333,0.13974371,-3.83544879e-005
147.966667,0.139742432,-3.83388701e-005
148,0.139741154,-3.83045372e-005
148.033333,0.139739877,-3.82637196e-005
148.066667,0.139738601,-3.82254399e-005
148.1,0.139737327,-3.8191876e-005
148.133333,0.139736054,-3.81586947e-005
148.166667,0.139734782,-3.81258805e-005
148.2,0.139733511,-3.83834557e-005
148.233333,0.139732232,-3.83644489e-005
148.266667,0.139730953,-3.83348754e-005
148.3,0.139729675,-3.83007443e-005
148.333333,0.139728399,-3.82613862e-005
148.366667,0.139727123,-3.82214569e-005
148.4,0.139725849,-3.81879317e-005
148.433333,0.139724576,-3.81618567e-005
148.466667,0.139723304,-3.81507468e-005
148.5,0.139722032,-3.8401896e-005
148.533333,0.139720752,-3.83653709e-005
148.566667,0.139719474,-3.83305554e-005
148.6,0.139718196,-3.82966269e-005
148.633333,0.139716919,-3.82587162e-005
148.666667,0.139715644,-3.82171125e-005
148.7,0.13971437,-3.81836611e-005
148.733333,0.139713097,-3.81718558e-005
148.766667,0.139711825,-3.81945844e-005
148.8,0.139710552,-3.83982843e-005
148.833333,0.139709272,-3.8360529e-005
148.866667,0.139707993,-3.83259204e-005
148.9,0.139706716,-3.82921941e-005
148.933333,0.139705439,-3.82557184e-005
148.966667,0.139704164,-3.82124152e-005
149,0.13970289,-3.81790724e-005
149.033333,0.139701618,-3.81838414e-005
149.066667,0.139700345,-3.82357344e-005
149.1,0.13969907,-3.83943359e-005
149.133333,0.13969779,-3.83553613e-005
149.166667,0.139696512,-3.83209584e-005
149.2,0.139695235,-3.8287433e-005
149.233333,0.139693958,-3.82523806e-005
149.266667,0.139692683,-3.82073532e-005
149.3,0.13969141,-3.81741542e-005
149.333333,0.139690137,-3.81978019e-005
149.366667,0.139688864,-3.82741844e-005
149.4,0.139687588,-3.83900405e-005
149.433333,0.139686309,-3.83498578e-005
149.466667,0.13968503,-3.83156599e-005
149.5,0.139683753,-3.8282314e-005
149.533333,0.139682477,-3.8248614e-005
149.566667,0.139681202,-3.82019203e-005
149.6,0.139679929,-3.81689016e-005
149.633333,0.139678656,-3.82137319e-005
149.666667,0.139677382,-3.83099281e-005
149.7,0.139676105,-3.83853934e-005
149.733333,0.139674826,-3.8344014e-005
149.766667,0.139673548,-3.83100203e-005
149.8,0.139672271,-3.82766983e-005
149.833333,0.139670995,-3.82439285e-005
149.866667,0.13966972,-3.81961827e-005
149.9,0.139668447,-3.81633314e-005
149.933333,0.139667175,-3.82316444e-005
149.966667,0.1396659,-3.83429771e-005
150,0.139664622,-3.83804074e-005
150.033333,0.139663343,-3.8337842e-005
150.066667,0.139662065,-3.83040516e-005
150.1,0.139660788,-3.82707179e-005
150.133333,0.139659513,-3.82376052e-005
150.166667,0.139658238,-3.81914107e-005
150.2,0.139656965,-3.81574289e-005
150.233333,0.139655693,-3.82515284e-005
150.266667,0.139654418,-3.83733204e-005
150.3,0.139653139,-3.83750729e-005
150.333333,0.13965186,-3.83313325e-005
150.366667,0.139650582,-3.82977447e-005
150.4,0.139649305,-3.82643641e-005
150.433333,0.13964803,-3.82309439e-005
150.466667,0.139646756,-3.81862877e-005
150.5,0.139645483,-3.81511861e-005
150.533333,0.139644211,-3.82733754e-005
150.566667,0.139642935,-3.84009494e-005
150.6,0.139641655,-3.83693829e-005
150.633333,0.139640376,-3.83244788e-005
150.666667,0.139639099,-3.8291093e-005
150.7,0.139637822,-3.82576306e-005
150.733333,0.139636547,-3.82239384e-005
150.766667,0.139635273,-3.8180808e-005
150.8,0.139634,-3.81696424e-005
150.833333,0.139632728,-3.82954173e-005
150.866667,0.139631451,-3.84014953e-005
150.9,0.139630171,-3.83633632e-005
150.933333,0.139628893,-3.83173098e-005
150.966667,0.139627615,-3.79455524e-005
151,0.13962635,-3.92235614e-005
151.033333,0.139625043,-4.03718307e-005
151.066667,0.139623697,-4.15159447e-005
151.1,0.139622313,-4.26565084e-005
151.133333,0.139620892,-4.40115494e-005
151.166667,0.139619424,-4.53849631e-005
151.2,0.139617912,-4.65255118e-005
151.233333,0.139616361,-4.76749561e-005
151.266667,0.139614772,-4.88419752e-005
151.3,0.139613144,-5.06889984e-005
151.333333,0.139611454,-5.18609135e-005
151.366667,0.139609725,-5.30014344e-005
151.4,0.139607959,-5.41419511e-005
151.433333,0.139606154,-5.54525352e-005
151.466667,0.139604305,-5.68702895e-005
151.5,0.13960241,-5.80107875e-005
151.533333,0.139600476,-5.91747596e-005
151.566667,0.139598504,-6.03751902e-005
151.6,0.139596491,-6.21296809e-005
151.633333,0.13959442,-6.3345937e-005
151.666667,0.139592308,-6.44864007e-005
151.7,0.139590159,-6.56268593e-005
151.733333,0.139587971,-6.68929777e-005
151.766667,0.139585742,-6.83550545e-005
151.8,0.139583463,-6.94954904e-005
151.833333,0.139581147,-7.06763122e-005
151.866667,0.139578791,-7.19054693e-005
151.9,0.139576394,-7.35697546e-005
151.933333,0.139573942,-7.48303351e-005
151.966667,0.139571447,-7.59707302e-005
152,0.139568915,-7.71111194e-005
152.033333,0.139566344,-7.83327648e-005
152.066667,0.139563733,-7.98391446e-005
152.1,0.139561072,-8.09795071e-005
152.133333,0.139558373,-8.21794995e-005
152.166667,0.139555633,-8.34326979e-005
152.2,0.139552852,-8.50091075e-005
152.233333,0.139550019,-8.63139943e-005
152.266667,0.139547142,-8.74543096e-005
152.3,0.139544226,-8.8594618e-005
152.333333,0.139541273,-8.97717845e-005
152.366667,0.139538281,-9.13224464e-005
152.4,0.139535237,-9.24627244e-005
152.433333,0.139532155,-9.3684207e-005
152.466667,0.139529032,-9.49567621e-005
152.5,0.139525867,-9.64476273e-005
152.533333,0.139522652,-9.77968012e-005
152.566667,0.139519392,-9.89370254e-005
152.6,0.139516094,-0.000100077242
152.633333,0.139512758,-0.00010121745
152.666667,0.139509384,-0.000102797321
152.7,0.139505958,-0.000103945029
152.733333,0.139502493,-0.00010519032
152.766667,0.139498986,-0.000106477548
152.8,0.139495437,-0.000107885202
152.833333,0.139491841,-0.000109278642
152.866667,0.139488198,-0.000110418764
152.9,0.139484518,-0.000111558878
152.933333,0.139480799,-0.000112698982
152.966667,0.139477042,-0.000114234323
153,0.139473235,-0.000115426307
153.033333,0.139469387,-0.000116697725
153.066667,0.139465497,-0.000117994941
153.1,0.139461564,-0.00011932172
153.133333,0.139457587,-0.000120759405
153.166667,0.139453561,-0.000121899413
153.2,0.139449498,-0.000123039412
153.233333,0.139445397,-0.000124179401
153.266667,0.139441257,-0.000125670206
153.3,0.139437068,-0.000126906446
153.333333,0.139432838,-0.000128206305
153.366667,0.139428565,-0.000129508827
153.4,0.139424248,-0.000130757069
153.433333,0.139419889,-0.000132238975
153.466667,0.139415481,-0.000133378858
153.5,0.139411035,-0.000134518731
153.533333,0.139406551,-0.000135658593
153.566667,0.139402029,-0.000137104858
153.6,0.139397459,-0.000138415661
153.633333,0.139392845,-0.000139714053
153.666667,0.139388188,-0.000140990658
153.7,0.139383488,-0.000142191136
153.733333,0.139378749,-0.000143717239
153.766667,0.139373958,-0.000144856986
153.8,0.13936913,-0.000145996722
153.833333,0.139364263,-0.000147136447
153.866667,0.139359358,-0.000148538166
153.9,0.139354407,-0.000149929059
153.933333,0.13934941,-0.000151218105
153.966667,0.139344369,-0.00015246785
154,0.139339287,-0.00015362381
154.033333,0.139334166,-0.000155194084
154.066667,0.139328993,-0.000156333684
154.1,0.139323782,-0.000157473272
154.133333,0.139318533,-0.000158612847
154.166667,0.139313245,-0.000159970019
154.2,0.139307913,-0.0001614433
154.233333,0.139302532,-0.000162718323
154.266667,0.139297108,-0.000163943536
154.3,0.139291643,-0.00016508302
154.333333,0.13928614,-0.000166641356
154.366667,0.139280585,-0.000167808838
154.4,0.139274992,-0.000168948266
154.433333,0.13926936,-0.000170087681
154.466667,0.139263691,-0.000171400305
154.5,0.139257977,-0.000172958269
154.533333,0.139252212,-0.000174214595
154.566667,0.139246405,-0.000175417603
154.6,0.139240558,-0.000176556921
154.633333,0.139234672,-0.000178070675
154.666667,0.139228737,-0.000179282336
154.7,0.139222761,-0.000180421593
154.733333,0.139216747,-0.000181560836
154.766667,0.139210695,-0.000182828912
154.8,0.1392046,-0.000184473851
154.833333,0.139198451,-0.000185706809
154.866667,0.139192261,-0.000186889939
154.9,0.139186031,-0.000188029078
154.933333,0.139179764,-0.000189498249
154.966667,0.139173447,-0.000190754063
155,0.139167088,-0.000191893138
155.033333,0.139160692,-0.000193032198
155.066667,0.139154258,-0.000194255727
155.1,0.139147782,-0.000195989929
155.133333,0.139141249,-0.00019719485
155.166667,0.139134676,-0.000198360429
155.2,0.139128064,-0.000199499378
155.233333,0.139121414,-0.000200923966
155.266667,0.139114717,-0.000202223907
155.3,0.139107976,-0.000203362788
155.333333,0.139101197,-0.000204501654
155.366667,0.139094381,-0.000205680639
155.4,0.139087525,-0.000207506389
155.433333,0.139080608,-0.000208678607
155.466667,0.139073652,-0.00020982896
155.5,0.139066657,-0.000210967709
155.533333,0.139059625,-0.000212347714
155.566667,0.139052547,-0.000213691754
155.6,0.139045424,-0.000214830431
155.633333,0.139038263,-0.000215970214
155.666667,0.139031064,-0.000217112533
155.7,0.139023827,-0.000219014095
155.733333,0.139016526,-0.000220156865
155.766667,0.139009188,-0.00022129542
155.8,0.139001811,-0.000222433956
155.833333,0.138994397,-0.000223769382
155.866667,0.138986938,-0.000225157491
155.9,0.138979432,-0.000226295952
155.933333,0.138971889,-0.000227448645
155.966667,0.138964308,-0.000228627003
156,0.138956687,-0.000230434497
156.033333,0.138949006,-0.000231621362
156.066667,0.138941285,-0.000232759694
156.1,0.138933526,-0.000233898008
156.133333,0.13892573,-0.000235188858
156.166667,0.13891789,-0.000236621005
156.2,0.138910003,-0.000237759239
156.233333,0.138902077,-0.000238927155
156.266667,0.138894113,-0.000240136866
156.3,0.138886109,-0.00024185264
156.333333,0.138878047,-0.000243083572
156.366667,0.138869944,-0.00024422167
156.4,0.138861803,-0.000245359749
156.433333,0.138853625,-0.000246606029
156.466667,0.138845404,-0.000248082183
156.5,0.138837135,-0.000249220179
156.533333,0.138828828,-0.000250405629
156.566667,0.138820481,-0.000251642009
156.6,0.138812093,-0.000253268415
156.633333,0.13880365,-0.000254543381
156.666667,0.138795166,-0.000255681235
156.7,0.138786643,-0.000256819068
156.733333,0.138778082,-0.000258020784
156.766667,0.138769482,-0.000259540912
156.8,0.13876083,-0.000260678658
156.833333,0.138752141,-0.000261883952
156.866667,0.138743412,-0.000263142318
156.9,0.13873464,-0.000264681707
156.933333,0.138725817,-0.000266000677
156.966667,0.138716951,-0.000267138275
157,0.138708046,-0.000268275851
157.033333,0.138699104,-0.000269433011
157.066667,0.138690122,-0.000270997078
157.1,0.138681089,-0.000272134563
157.133333,0.138672018,-0.000273362009
157.166667,0.138662906,-0.000274637681
157.2,0.138653751,-0.000276092407
157.233333,0.138644548,-0.000277455347
157.266667,0.1386353,-0.000278592677
157.3,0.138626013,-0.000279729986
157.333333,0.138616689,-0.000280867272
157.366667,0.138607327,-0.000282425894
157.4,0.138597913,-0.000283587781
157.433333,0.13858846,-0.000284839684
157.466667,0.138578965,-0.000286127985
157.5,0.138569427,-0.000287500401
157.533333,0.138559844,-0.000288907277
157.566667,0.138550214,-0.000290044329
157.6,0.138540546,-0.000291181358
157.633333,0.13853084,-0.000292318363
157.666667,0.138521096,-0.00029383234
157.7,0.138511301,-0.000295038199
157.733333,0.138501467,-0.000296316862
157.766667,0.138491589,-0.000297613117
157.8,0.138481669,-0.000298905578
157.833333,0.138471706,-0.000300356355
157.866667,0.138461694,-0.000301493117
157.9,0.138451644,-0.000302629855
157.933333,0.138441556,-0.000303766569
157.966667,0.138431431,-0.000305235906
158,0.138421256,-0.000306495187
158.033333,0.13841104,-0.000307793234
158.066667,0.13840078,-0.000309083677
158.1,0.138390477,-0.000310307826
158.133333,0.138380133,-0.000311802467
158.166667,0.13836974,-0.000312938928
158.2,0.138359309,-0.000314075364
158.233333,0.13834884,-0.000315211775
158.266667,0.138338333,-0.000316636482
158.3,0.138327778,-0.000317974015
158.333333,0.138317179,-0.000319265401
158.366667,0.138306537,-0.00032052745
158.4,0.138295852,-0.000321707035
158.433333,0.138285129,-0.0003232455
158.466667,0.138274354,-0.000324381649
158.5,0.138263541,-0.000325517772
158.533333,0.138252691,-0.000326653869
158.566667,0.138241802,-0.000328033955
158.6,0.138230868,-0.00032945201
158.633333,0.138219886,-0.000330732076
158.666667,0.138208862,-0.000331968058
158.7,0.138197796,-0.00033310397
158.733333,0.138186693,-0.000334684463
158.766667,0.138175536,-0.000335821167
158.8,0.138164342,-0.000336956965
158.833333,0.13815311,-0.000338092737
158.866667,0.138141841,-0.000339428214
158.9,0.138130526,-0.000340929057
158.933333,0.138119162,-0.000342193145
158.966667,0.138107756,-0.000343405389
159,0.138096309,-0.000344540969
159.033333,0.138084824,-0.000346076794
159.066667,0.138073288,-0.000347257369
159.1,0.138061713,-0.000348392832
159.133333,0.1380501,-0.000349528267
159.166667,0.138038449,-0.000350819148
159.2,0.138026755,-0.000352405038
159.233333,0.138015008,-0.000353648496
159.266667,0.13800322,-0.000354839328
159.3,0.137991392,-0.000355974565
159.333333,0.137979526,-0.000357465734
159.366667,0.137967611,-0.000358690143
159.4,0.137955654,-0.000359825259
159.433333,0.13794366,-0.000360960346
159.466667,0.137931628,-0.000362206645
159.5,0.137919554,-0.000363879838
159.533333,0.137907425,-0.00036509802
159.566667,0.137895255,-0.000366269764
159.6,0.137883046,-0.000367404647
159.633333,0.137870799,-0.000368851171
159.666667,0.137858504,-0.000370119375
159.7,0.137846167,-0.000371254133
159.733333,0.137833792,-0.000372388861
159.766667,0.137821379,-0.000373590593
159.8,0.137808926,-0.000375353341
159.833333,0.137796414,-0.000376541604
159.866667,0.137783863,-0.000377696583
159.9,0.137771273,-0.000378831101
159.933333,0.137758645,-0.000380232995
159.966667,0.137745971,-0.000381544952
160,0.137733253,-0.000382679341
160.033333,0.137720497,-0.000383813699
160.066667,0.137707703,-0.00038497088
160.1,0.13769487,-0.000386825431
160.133333,0.137681976,-0.000387979137
160.166667,0.137669044,-0.000389119673
160.2,0.137656073,-0.000390253814
160.233333,0.137643065,-0.000391611093
160.266667,0.137630011,-0.000392966763
160.3,0.137616912,-0.000394100771
160.333333,0.137603775,-0.00039524066
160.366667,0.137590601,-0.000396392821
160.4,0.137577387,-0.000398250024
160.433333,0.137564112,-0.000399405137
160.466667,0.137550799,-0.000400538921
160.5,0.137537448,-0.000401672674
160.533333,0.137524059,-0.000402985354
160.566667,0.137510626,-0.000404384693
160.6,0.137497146,-0.000405518309
160.633333,0.137483629,-0.000406671773
160.666667,0.137470073,-0.000407857836
160.7,0.137456478,-0.000409621994
160.733333,0.137442824,-0.000410820828
160.766667,0.13742913,-0.000411954214
160.8,0.137415398,-0.000413087568
160.833333,0.137401628,-0.000414355667
160.866667,0.137387817,-0.000415798631
160.9,0.137373957,-0.000416931844
160.933333,0.137360059,-0.000418101181
160.966667,0.137346122,-0.00041931647
161,0.137332145,-0.00042098995
161.033333,0.137318112,-0.000422232463
161.066667,0.137304038,-0.00042336544
161.1,0.137289925,-0.000424498383
161.133333,0.137275775,-0.00042572192
161.166667,0.137261585,-0.000427208463
161.2,0.137247344,-0.000428341262
161.233333,0.137233066,-0.000429528768
161.266667,0.137218749,-0.000430768612
161.3,0.13720439,-0.000432353781
161.333333,0.137189978,-0.000433639928
161.366667,0.137175523,-0.000434772485
161.4,0.137161031,-0.000435905007
161.433333,0.137146501,-0.000437084002
161.466667,0.137131931,-0.000438614077
161.5,0.137117311,-0.000439746451
161.533333,0.137102653,-0.000440954418
161.566667,0.137087954,-0.000442214149
161.6,0.137073214,-0.000443713376
161.633333,0.137058423,-0.000445043112
161.666667,0.137043588,-0.000446175237
161.7,0.137028716,-0.000447307326
161.733333,0.137013806,-0.000448441802
161.766667,0.136998858,-0.00045001536
161.8,0.136983857,-0.000451147298
161.833333,0.136968819,-0.000452378016
161.866667,0.13695374,-0.000453652971
161.9,0.136938618,-0.000455068624
161.933333,0.136923449,-0.000456441902
161.966667,0.136908234,-0.000457573584
162,0.136892982,-0.000458705229
162.033333,0.136877692,-0.000459836838
162.066667,0.136862364,-0.00046137057
162.1,0.136846985,-0.00046254369
162.133333,0.136831567,-0.000463799444
162.166667,0.136816107,-0.000465084967
162.2,0.136800604,-0.000466419412
162.233333,0.136785056,-0.000467836185
162.266667,0.136769462,-0.000468967412
162.3,0.13675383,-0.000470098603
162.333333,0.13673816,-0.000471229756
162.366667,0.136722452,-0.000472718837
162.4,0.136706695,-0.000473935515
162.433333,0.136690897,-0.000475218588
162.466667,0.136675056,-0.000476510025
162.5,0.136659173,-0.000477765631
162.533333,0.136643247,-0.000479225849
162.566667,0.136627273,-0.000480356611
162.6,0.136611261,-0.000481487335
162.633333,0.136595211,-0.000482618021
162.666667,0.136579124,-0.000484062473
162.7,0.136562989,-0.000485345071
162.733333,0.136546811,-0.000486634273
162.766667,0.136530589,-0.000487906685
162.8,0.136514326,-0.000489107169
162.833333,0.136498022,-0.00049061078
162.866667,0.136481669,-0.000491741066
162.9,0.136465277,-0.000492871313
162.933333,0.136448848,-0.00049400152
162.966667,0.136432381,-0.000495401366
163,0.136415868,-0.000496762474
163.033333,0.136399309,-0.000498043056
163.066667,0.136382708,-0.000499287931
163.1,0.136366065,-0.000500443915
163.133333,0.136349383,-0.000501990868
163.166667,0.13633265,-0.000503120666
163.2,0.13631588,-0.000504250424
163.233333,0.136299071,-0.000505380142
163.266667,0.136282225,-0.000506735405
163.3,0.136265334,-0.000508177255
163.333333,0.136248395,-0.000509444586
163.366667,0.136231414,-0.000510664247
163.4,0.136214391,-0.000511793679
163.433333,0.136197332,-0.000513348077
163.466667,0.13618022,-0.000514495298
163.5,0.13616307,-0.000515624557
163.533333,0.136145883,-0.000516753774
163.566667,0.136128658,-0.00051806448
163.6,0.136111389,-0.000519589296
163.633333,0.136094069,-0.000520838753
163.666667,0.136076708,-0.00052203552
163.7,0.136059307,-0.000523164446
163.733333,0.136041868,-0.000524674201
163.766667,0.136024379,-0.00052586485
163.8,0.13600685,-0.000526993598
163.833333,0.135989283,-0.000528122304
163.866667,0.135971679,-0.000529388478
163.9,0.135954033,-0.000530998482
163.933333,0.135936333,-0.000532225446
163.966667,0.135918592,-0.000533401639
164,0.135900812,-0.000534530046
164.033333,0.135882994,-0.000535995184
164.066667,0.135865128,-0.00053722921
164.1,0.13584722,-0.000538357436
164.133333,0.135829275,-0.000539485619
164.166667,0.135811292,-0.00054070729
164.2,0.135793269,-0.000542404695
164.233333,0.135775188,-0.000543604556
164.266667,0.135757068,-0.000544762492
164.3,0.13573891,-0.000545890369
164.333333,0.135720713,-0.000547310915
164.366667,0.13570247,-0.000548588266
164.4,0.135684183,-0.000549715958
164.433333,0.135665859,-0.000550843607
164.466667,0.135647498,-0.000552020804
164.5,0.135629097,-0.00055380782
164.533333,0.135610637,-0.000554975973
164.566667,0.135592138,-0.000556117965
164.6,0.135573601,-0.000557245302
164.633333,0.135555026,-0.000558621284
164.666667,0.135536405,-0.000559941905
164.7,0.13551774,-0.000561069053
164.733333,0.135499038,-0.000562196156
164.766667,0.135480298,-0.00056332891
164.8,0.13546152,-0.000565207738
164.833333,0.13544268,-0.000566339589
164.866667,0.135423802,-0.000567467947
164.9,0.135404887,-0.000568594733
164.933333,0.135385933,-0.00056992618
164.966667,0.135366936,-0.000571290015
165,0.135347893,-0.000572416607
165.033333,0.135328812,-0.000573554137
165.066667,0.135309694,-0.000574712499
165.1,0.135290537,-0.000576521585
165.133333,0.135271319,-0.000577686058
165.166667,0.135252063,-0.000578812326
165.2,0.135232769,-0.000579938549
165.233333,0.135213438,-0.000581225491
165.266667,0.135194064,-0.000582632485
165.3,0.135174643,-0.00058375851
165.333333,0.135155184,-0.000584910236
165.366667,0.135135687,-0.000586100295
165.4,0.135116151,-0.000587817585
165.433333,0.135096557,-0.000589025295
165.466667,0.135076923,-0.00059015099
165.5,0.135057251,-0.000591276639
165.533333,0.135037542,-0.000592519108
165.566667,0.135017791,-0.000593969201
165.6,0.134997992,-0.000595094649
165.633333,0.134978155,-0.000596262848
165.666667,0.13495828,-0.000597479953
165.7,0.134938364,-0.000599107826
165.733333,0.134918394,-0.000600358716
165.766667,0.134898382,-0.000601483827
165.8,0.134878332,-0.000602608891
165.833333,0.134858245,-0.00060380692
165.866667,0.134838119,-0.000605300053
165.9,0.134817942,-0.000606424912
165.933333,0.134797728,-0.000607611858
165.966667,0.134777474,-0.000608851362
166,0.134757179,-0.000610392196
166.033333,0.134736833,-0.000611686209
166.066667,0.134716443,-0.000612810725
166.1,0.134696016,-0.000613935192
166.133333,0.134675551,-0.000615088815
166.166667,0.134655048,-0.000616624929
166.2,0.134634494,-0.000617749188
166.233333,0.134613903,-0.000618957149
166.266667,0.134593271,-0.000620214412
166.3,0.134572597,-0.000621670586
166.333333,0.134551875,-0.000623007663
166.366667,0.134531108,-0.000624131572
166.4,0.134510303,-0.000625255432
166.433333,0.134489461,-0.000626379243
166.466667,0.134468582,-0.000627929157
166.5,0.134447651,-0.000629067364
166.533333,0.134426682,-0.000630298605
166.566667,0.134405672,-0.000631568995
166.6,0.13438462,-0.000632942885
166.633333,0.134363522,-0.000634322965
166.666667,0.134342378,-0.000635446257
166.7,0.134321196,-0.000636569498
166.733333,0.134299977,-0.00063769269
166.766667,0.134278721,-0.00063919803
166.8,0.134257414,-0.000640379329
166.833333,0.134236068,-0.00064163611
166.866667,0.13421468,-0.000642915001
166.9,0.13419325,-0.000644208982
166.933333,0.134171776,-0.000645632004
166.966667,0.134150255,-0.000646754667
167,0.134128697,-0.000647877279
167.033333,0.134107101,-0.00064899984
167.066667,0.134085467,-0.000650460639
167.1,0.134063785,-0.000651687034
167.133333,0.134042063,-0.000652969539
167.166667,0.134020297,-0.000654250269
167.2,0.133998489,-0.000655468768
167.233333,0.13397664,-0.000656934668
167.266667,0.133954742,-0.000658056691
167.3,0.133932807,-0.000659178663
167.333333,0.133910834,-0.000660300582
167.366667,0.133888824,-0.000661716876
167.4,0.133866767,-0.000663019634
167.433333,0.133844666,-0.000664296202
167.466667,0.133822523,-0.000665547994
167.5,0.133800338,-0.000666722131
167.533333,0.133778114,-0.000668230846
167.566667,0.133755839,-0.000669352218
167.6,0.133733528,-0.000670473538
167.633333,0.133711179,-0.000671594805
167.666667,0.133688792,-0.000672966629
167.7,0.13366636,-0.000674347944
167.733333,0.133643882,-0.000675613979
167.766667,0.133621361,-0.000676839147
167.8,0.1335988,-0.000677968962
167.833333,0.133576201,-0.000679520425
167.866667,0.13355355,-0.000680641136
167.9,0.133530862,-0.000681761793
167.933333,0.133508137,-0.000682882396
167.966667,0.133485374,-0.000684209789
168,0.133462567,-0.000685671846
168.033333,0.133439711,-0.00068692276
168.066667,0.133416814,-0.000688123617
168.1,0.133393876,-0.000689243834
168.133333,0.133370902,-0.000690768612
168.166667,0.133347876,-0.000691923333
168.2,0.133324812,-0.000693043316
168.233333,0.13330171,-0.000694163245
168.266667,0.133278572,-0.000695446244
168.3,0.13325539,-0.000696991226
168.333333,0.133232157,-0.000698222438
168.366667,0.133208883,-0.000699401293
168.4,0.13318557,-0.000700520829
168.433333,0.133162219,-0.000702001102
168.466667,0.133138819,-0.000703198699
168.5,0.133115379,-0.000704317997
168.533333,0.133091902,-0.00070543724
168.566667,0.133068387,-0.000706675887
168.6,0.133044831,-0.000708305965
168.633333,0.133021221,-0.000709512904
168.666667,0.132997571,-0.000710672063
168.7,0.132973882,-0.000711790907
168.733333,0.132950155,-0.000713226714
168.766667,0.132926381,-0.000714467121
168.8,0.132902565,-0.000715585723
168.833333,0.132878713,-0.000716704269
168.866667,0.132854822,-0.000717898605
168.9,0.132830892,-0.000719615948
168.933333,0.132806905,-0.000720794052
168.966667,0.132782879,-0.000721935816
169,0.132758814,-0.000723053957
169.033333,0.132734712,-0.000724445338
169.066667,0.132710564,-0.000725728489
169.1,0.132686373,-0.000726846384
169.133333,0.132662145,-0.000727964222
169.166667,0.13263788,-0.000729114289
169.2,0.132613576,-0.000730921056
169.233333,0.132589212,-0.000732065773
169.266667,0.13256481,-0.000733192441
169.3,0.13254037,-0.000734309867
169.333333,0.132515893,-0.000735656864
169.366667,0.132491371,-0.000736982691
169.4,0.132466805,-0.000738099868
169.433333,0.132442202,-0.000739220034
169.466667,0.132417561,-0.000740346821
169.5,0.132392883,-0.000742197031
169.533333,0.132368143,-0.000743325066
169.566667,0.132343365,-0.000744441826
169.6,0.132318551,-0.000745558527
169.633333,0.132293699,-0.000746861182
169.666667,0.132268803,-0.000748229616
169.7,0.132243862,-0.000749346064
169.733333,0.132218884,-0.000750478742
169.766667,0.132193868,-0.000751639596
169.8,0.132168813,-0.00075339709
169.833333,0.1321437,-0.000754567836
169.866667,0.132118548,-0.00075568386
169.9,0.132093358,-0.000756799825
169.933333,0.132068132,-0.000758058182
169.966667,0.132042863,-0.000759469153
170,0.132017548,-0.000760584861
170.033333,0.131992195,-0.000761732306
170.066667,0.131966804,-0.000762922601
170.1,0.131941373,-0.000764589767
170.133333,0.131915887,-0.000765803156
170.166667,0.13189036,-0.000766918433
170.2,0.131864796,-0.00076803365
170.233333,0.131839195,-0.000769247755
170.266667,0.131813553,-0.000770701192
170.3,0.131787863,-0.000771816149
170.333333,0.131762136,-0.00077298061
170.366667,0.13173637,-0.00077419573
170.4,0.131710563,-0.000775774952
170.433333,0.131684704,-0.000777030914
170.466667,0.131658803,-0.000778145434
170.5,0.131632865,-0.000779259893
170.533333,0.13160689,-0.000780429792
170.566667,0.131580875,-0.000781925621
170.6,0.131554811,-0.000783039815
170.633333,0.13152871,-0.000784223538
170.666667,0.131502569,-0.000785458875
170.7,0.131476387,-0.000786952537
170.733333,0.131450155,-0.000788251
170.766667,0.13142388,-0.000789364751
170.8,0.131397568,-0.00079047844
170.833333,0.131371219,-0.000791604181
170.866667,0.131344832,-0.00079314233
170.9,0.131318394,-0.000794255751
170.933333,0.131291919,-0.000795460975
170.966667,0.131265403,-0.000796711928
171,0.131238846,-0.000798122411
171.033333,0.131212242,-0.000799463302
171.066667,0.131185593,-0.000800576274
171.1,0.131158908,-0.000801689183
171.133333,0.131132185,-0.000802802029
171.166667,0.131105425,-0.000804319993
171.2,0.131078614,-0.000805463844
171.233333,0.131051765,-0.000806692803
171.266667,0.131024875,-0.000807954782
171.3,0.130997943,-0.000809284466
171.333333,0.130970967,-0.000810667711
171.366667,0.130943945,-0.000811779893
171.4,0.130916886,-0.00081289201
171.433333,0.130889789,-0.000814004063
171.466667,0.130862656,-0.000815477662
171.5,0.130835473,-0.000816663984
171.533333,0.130808251,-0.000817918907
171.566667,0.130780987,-0.000819187331
171.6,0.130753681,-0.000820438591
171.633333,0.130726333,-0.000821864116
171.666667,0.130698938,-0.000822975496
171.7,0.130671505,-0.000824086811
171.733333,0.130644035,-0.000825198061
171.766667,0.130616529,-0.000826627342
171.8,0.130588975,-0.000827870657
171.833333,0.130561379,-0.000829138705
171.866667,0.130533741,-0.000830395335
171.9,0.130506061,-0.000831584677
171.933333,0.130478342,-0.000833052406
171.966667,0.130450573,-0.000834162973
172,0.130422768,-0.000835273475
172.033333,0.130394925,-0.00083638391
172.066667,0.130367046,-0.000837768922
172.1,0.13033912,-0.00083908848
172.133333,0.130311151,-0.000840348685
172.166667,0.130283139,-0.000841577359
172.2,0.130255086,-0.000842722616
172.233333,0.130226996,-0.00084423247
172.266667,0.130198855,-0.000845342214
172.3,0.130170677,-0.000846451891
172.333333,0.130142461,-0.000847561501
172.366667,0.130114209,-0.000848902294
172.4,0.130085913,-0.000850300238
172.433333,0.130057569,-0.000851548057
172.466667,0.130029184,-0.000852751073
172.5,0.130000759,-0.000853860204
172.533333,0.129972297,-0.000855396292
172.566667,0.129943784,-0.000856513108
172.6,0.129915234,-0.00085762195
172.633333,0.129886646,-0.000858730724
172.666667,0.129858022,-0.000860027348
172.7,0.129829354,-0.000861505816
172.733333,0.129800637,-0.000862736713
172.766667,0.12977188,-0.000863916367
172.8,0.129743082,-0.000865024656
172.833333,0.129714248,-0.000866516439
172.866667,0.129685364,-0.000867675545
172.9,0.129656442,-0.000868783541
172.933333,0.129627482,-0.000869891468
172.966667,0.129598486,-0.000871143976
173,0.129569448,-0.000872705096
173.033333,0.129540358,-0.000873914549
173.066667,0.129511227,-0.000875073131
173.1,0.129482058,-0.000876180566
173.133333,0.129452852,-0.000877628096
173.166667,0.129423598,-0.000878829415
173.2,0.129394303,-0.000879936553
173.233333,0.129364972,-0.000881043622
173.266667,0.129335604,-0.000882252069
173.3,0.129306196,-0.000883897962
173.333333,0.129276732,-0.000885081459
173.366667,0.12924723,-0.000886221254
173.4,0.129217689,-0.000887327825
173.433333,0.129188111,-0.000888731155
173.466667,0.129158487,-0.000889974608
173.5,0.129128821,-0.000891080878
173.533333,0.129099119,-0.000892187077
173.566667,0.129069379,-0.000893351518
173.6,0.129039601,-0.000895084298
173.633333,0.129009764,-0.000896237337
173.666667,0.12897989,-0.000897360627
173.7,0.128949978,-0.000898466322
173.733333,0.128920029,-0.000899825505
173.766667,0.128890035,-0.000901111013
173.8,0.128859998,-0.000902216404
173.833333,0.128829924,-0.000903321723
173.866667,0.128799813,-0.000904442214
173.9,0.128769665,-0.000906263987
173.933333,0.128739456,-0.000907382079
173.966667,0.12870921,-0.00090849114
174,0.128678927,-0.000909595949
174.033333,0.128648607,-0.000910911039
174.066667,0.128618244,-0.000912238521
174.1,0.128587836,-0.000913343021
174.133333,0.128557391,-0.000914455274
174.166667,0.128526909,-0.000915583133
174.2,0.12849639,-0.000917376884
174.233333,0.12846581,-0.000918508698
174.266667,0.128435193,-0.000919612682
174.3,0.12840454,-0.000920716594
174.333333,0.128373849,-0.000921987648
174.366667,0.128343116,-0.000923357021
174.4,0.128312338,-0.000924460621
174.433333,0.128281522,-0.000925585932
174.466667,0.128250669,-0.000926745518
174.5,0.128219778,-0.000928448232
174.533333,0.12818883,-0.000929622067
174.566667,0.128157842,-0.000930725144
174.6,0.128126818,-0.000931828148
174.633333,0.128095757,-0.000933055224
174.666667,0.128064655,-0.000934466405
174.7,0.128033506,-0.000935569093
174.733333,0.128002321,-0.000936709685
174.766667,0.127971097,-0.000937896419
174.8,0.127939834,-0.000939510483
174.833333,0.127908517,-0.000940726257
174.866667,0.127877159,-0.000941828416
174.9,0.127845765,-0.000942930501
174.933333,0.127814334,-0.000944113658
174.966667,0.127782864,-0.000945566562
175,0.127751345,-0.000946668327
175.033333,0.127719789,-0.000947826416
175.066667,0.127688195,-0.00094903573
175.1,0.12765656,-0.000950563528
175.133333,0.127624875,-0.000951821159
175.166667,0.127593148,-0.000952922389
175.2,0.127561383,-0.000954023544
175.233333,0.127529583,-0.000955162842
175.266667,0.127497744,-0.000956657382
175.3,0.127465855,-0.000957758214
175.333333,0.12743393,-0.000958936011
175.366667,0.127401966,-0.000960163346
175.4,0.12736996,-0.000961607261
175.433333,0.127337907,-0.000962906663
175.466667,0.12730581,-0.000964006953
175.5,0.127273676,-0.000965107167
175.533333,0.127241506,-0.000966207304
175.566667,0.127209299,-0.00096773412
175.6,0.127177041,-0.000968838644
175.633333,0.127144746,-0.000970038354
175.666667,0.127112412,-0.000971279161
175.7,0.127080036,-0.000972641571
175.733333,0.127047615,-0.000973982659
175.766667,0.127015148,-0.000975081998
175.8,0.126982646,-0.00097618126
175.833333,0.126950106,-0.000977280445
175.866667,0.12691753,-0.000978763157
175.9,0.126884905,-0.000979909508
175.933333,0.126852241,-0.000981133328
175.966667,0.126819537,-0.000982383072
176,0.126786791,-0.000983666352
176.033333,0.126754002,-0.000985049038
176.066667,0.126721167,-0.000986147416
176.1,0.126688295,-0.000987245715
176.133333,0.126655387,-0.000988343937
176.166667,0.126622442,-0.000989782604
176.2,0.126589449,-0.000990970697
176.233333,0.126556417,-0.000992220818
176.266667,0.126523343,-0.000993474974
176.3,0.126490227,-0.000994681494
176.333333,0.126457071,-0.000996105692
176.366667,0.126423868,-0.000997203096
176.4,0.126390628,-0.000998300422
176.433333,0.126357351,-0.00099939767
176.466667,0.126324038,-0.00100079235
176.5,0.126290678,-0.00100204925
176.533333,0.126257276,-0.00100329912
176.566667,0.126223833,-0.0010045292
176.6,0.126190349,-0.00100568689
176.633333,0.126156826,-0.00100715251
176.666667,0.126123254,-0.00100824893
176.7,0.126089646,-0.00100934527
176.733333,0.126056001,-0.00101044153
176.766667,0.12602232,-0.0010117923
176.8,0.125988593,-0.0010131251
176.833333,0.125954822,-0.00101436529
176.866667,0.12592101,-0.00101556844
176.9,0.125887158,-0.00101668243
176.933333,0.125853268,-0.00101818938
176.966667,0.125819329,-0.00101928481
177,0.125785353,-0.00102038016
177.033333,0.12575134,-0.00102147542
177.066667,0.125717291,-0.00102278233
177.1,0.125683198,-0.00102419312
177.133333,0.125649058,-0.00102541915
177.166667,0.125614878,-0.00102659765
177.2,0.125580658,-0.00102769234
177.233333,0.125546401,-0.00102919188
177.266667,0.125512095,-0.00103031062
177.3,0.125477751,-0.00103140497
177.333333,0.125443371,-0.00103249922
177.366667,0.125408954,-0.00103376234
177.4,0.125374496,-0.00103525321
177.433333,0.125339987,-0.0010364606
177.466667,0.125305438,-0.00103761673
177.5,0.125270851,-0.00103871041
177.533333,0.125236228,-0.00104016598
177.566667,0.125201555,-0.00104132627
177.6,0.125166844,-0.00104241959
177.633333,0.125132097,-0.00104351283
177.666667,0.125097313,-0.00104473222
177.7,0.125062489,-0.00104630524
177.733333,0.125027612,-0.00104748954
177.766667,0.124992696,-0.00104862556
177.8,0.124957742,-0.00104971821
177.833333,0.124922751,-0.0010511299
177.866667,0.124887713,-0.00105233163
177.9,0.124852636,-0.00105342392
177.933333,0.124817522,-0.00105451614
177.966667,0.124782371,-0.00105569187
178,0.124747181,-0.0010573491
178.033333,0.124711936,-0.00105850587
178.066667,0.124676653,-0.00105962404
178.1,0.124641332,-0.00106071565
178.133333,0.124605975,-0.00106208352
178.166667,0.124570572,-0.0010633266
178.2,0.124535128,-0.00106441785
178.233333,0.124499647,-0.00106550903
178.266667,0.12446413,-0.00106664117
178.3,0.124428576,-0.00106838467
178.333333,0.124392963,-0.00106950948
178.366667,0.124357312,-0.00107061205
178.4,0.124321625,-0.00107170262
178.433333,0.124285902,-0.00107302673
178.466667,0.124250134,-0.00107431107
178.5,0.124214324,-0.00107540128
178.533333,0.124178477,-0.00107649178
178.566667,0.124142594,-0.00107758306
178.6,0.124106675,-0.00107940879
178.633333,0.124070694,-0.00108049989
178.666667,0.124034678,-0.00108158949
178.7,0.123998625,-0.00108267901
178.733333,0.123962536,-0.00108395943
178.766667,0.123926404,-0.00108528493
178.8,0.123890227,-0.00108637408
178.833333,0.123854015,-0.00108747594
178.866667,0.123817766,-0.00108860111
178.9,0.123781479,-0.0010903353
178.933333,0.123745134,-0.00109146772
178.966667,0.123708752,-0.00109255626
179,0.123672334,-0.00109364471
179.033333,0.123635879,-0.00109488151
179.066667,0.123599383,-0.00109624808
179.1,0.123562841,-0.00109733615
179.133333,0.123526263,-0.00109845156
179.166667,0.123489648,-0.00109960609
179.2,0.123452995,-0.00110125112
179.233333,0.123416286,-0.00110242477
179.266667,0.123379539,-0.00110351223
179.3,0.123342755,-0.0011045996
179.333333,0.123305935,-0.00110579286
179.366667,0.123269075,-0.0011072004
179.4,0.123232169,-0.0011082874
179.433333,0.123195226,-0.00110941854
179.466667,0.123158245,-0.0011105979
179.5,0.123121225,-0.00111215616
179.533333,0.123084153,-0.00111337094
179.566667,0.123047041,-0.00111445731
179.6,0.123009892,-0.00111554359
179.633333,0.122972708,-0.00111669338
179.666667,0.122935485,-0.00111814179
179.7,0.122898213,-0.0011192277
179.733333,0.122860906,-0.00112037675
179.766667,0.12282356,-0.00112157643
179.8,0.122786174,-0.0011230503
179.833333,0.122748739,-0.00112430611
179.866667,0.122711262,-0.00112539139
179.9,0.122673749,-0.00112647657
179.933333,0.1226362,-0.00112758295
179.966667,0.122598614,-0.00112907214
180,0.122560978,-0.00113015694
180.033333,0.122523306,-0.00113132607
180.066667,0.122485595,-0.00113254158
180.1,0.122447844,-0.00113393344
180.133333,0.122410046,-0.00113523019
180.166667,0.122372205,-0.00113631435
180.2,0.122334328,-0.00113739842
180.233333,0.122296414,-0.00113848241
180.266667,0.122258465,-0.00113997041
180.3,0.122220466,-0.00114107503
180.333333,0.12218243,-0.00114226641
180.366667,0.122144355,-0.00114349326
180.4,0.122106238,-0.00114480546
180.433333,0.122068078,-0.00114614305
180.466667,0.122029873,-0.00114722609
180.5,0.121991632,-0.00114830905
180.533333,0.121953355,-0.00114939191
180.566667,0.121915042,-0.00115083623
180.6,0.121876681,-0.00115198185
180.633333,0.121838282,-0.00115319763
180.666667,0.121799842,-0.00115443135
180.7,0.121761361,-0.00115566627
180.733333,0.121722839,-0.0011570446
180.766667,0.12168427,-0.00115812651
180.8,0.121645666,-0.00115920833
180.833333,0.121607026,-0.00116029006
180.866667,0.12156835,-0.00116169077
180.9,0.121529627,-0.00116288439
180.933333,0.121490864,-0.00116411951
180.966667,0.12145206,-0.00116534879
181,0.121413215,-0.00116651576
181.033333,0.121374331,-0.00116793472
181.066667,0.1213354,-0.00116901549
181.1,0.121296433,-0.00117009617
181.133333,0.121257429,-0.00117117676
181.166667,0.12121839,-0.00117253393
181.2,0.121179306,-0.00117380087
181.233333,0.121140179,-0.00117502894
181.266667,0.121101011,-0.00117623012
181.3,0.121061804,-0.00117735382
181.333333,0.121022559,-0.00117881331
181.366667,0.120983265,-0.00117989293
181.4,0.120943935,-0.00118097246
181.433333,0.120904569,-0.00118205189
181.466667,0.120865168,-0.0011833656
181.5,0.120825722,-0.00118470789
181.533333,0.120786232,-0.00118592451
181.566667,0.120746701,-0.00118709984
181.6,0.120707131,-0.00118818034
181.633333,0.120667525,-0.00118968026
181.666667,0.120627869,-0.00119075872
181.7,0.120588177,-0.00119183708
181.733333,0.120548449,-0.00119291535
181.766667,0.120508685,-0.00119418568
181.8,0.120468879,-0.00119560535
181.833333,0.120429026,-0.00119680611
181.866667,0.120389132,-0.00119795784
181.9,0.1203492,-0.00119903543
181.933333,0.120309232,-0.00120049526
181.966667,0.120269216,-0.00120161275
182,0.120229162,-0.00120268994
182.033333,0.120189072,-0.00120376703
182.066667,0.120148947,-0.00120499406
182.1,0.12010878,-0.00120649313
182.133333,0.120068564,-0.00120767364
182.166667,0.120028308,-0.00120880401
182.2,0.119988015,-0.00120988042
182.233333,0.119947685,-0.00121129675
182.266667,0.119907309,-0.00121245492
182.3,0.119866893,-0.00121353092
182.333333,0.119826442,-0.00121460683
182.366667,0.119785956,-0.00121579063
182.4,0.119745429,-0.00121737112
182.433333,0.11970485,-0.00121852699
182.466667,0.119664233,-0.00121963824
182.5,0.119623578,-0.00122071346
182.533333,0.119582888,-0.00122208638
182.566667,0.119542151,-0.00122328511
182.6,0.119501375,-0.00122435992
182.633333,0.119460563,-0.00122543464
182.666667,0.119419715,-0.00122657529
182.7,0.11937883,-0.00122823919
182.733333,0.119337888,-0.00122936608
182.766667,0.119296909,-0.00123046043
182.8,0.119255894,-0.00123153445
182.833333,0.119214843,-0.00123286403
182.866667,0.119173747,-0.00123410323
182.9,0.119132611,-0.00123517683
182.933333,0.119091438,-0.00123625034
182.966667,0.11905023,-0.00123734793
183,0.119008985,-0.00123909723
183.033333,0.118967682,-0.00124019079
183.066667,0.118926342,-0.00124127047
183.1,0.118884966,-0.00124234328
183.133333,0.118843555,-0.00124362961
183.166667,0.1188021,-0.00124490916
183.2,0.118760603,-0.00124598155
183.233333,0.118719071,-0.00124705869
183.266667,0.118677502,-0.00124814597
183.3,0.118635897,-0.00124990722
183.333333,0.118594234,-0.00125099658
183.366667,0.118552534,-0.00125206826
183.4,0.118510798,-0.00125313984
183.433333,0.118469027,-0.001254383
183.466667,0.118427214,-0.0012557028
183.5,0.118385357,-0.00125677396
183.533333,0.118343465,-0.00125786293
183.566667,0.118301536,-0.00125898163
183.6,0.11825957,-0.00126065344
183.633333,0.118217548,-0.00126178323
183.666667,0.118175489,-0.00126285368
183.7,0.118133394,-0.00126392403
183.733333,0.118091263,-0.0012651241
183.766667,0.118049092,-0.00126648404
183.8,0.118006876,-0.00126755396
183.833333,0.117964624,-0.00126865691
183.866667,0.117922336,-0.00126980257
183.9,0.117880009,-0.00127138732
183.933333,0.117837629,-0.00127255743
183.966667,0.117795211,-0.00127362664
184,0.117752756,-0.00127469574
184.033333,0.117710267,-0.0012758528
184.066667,0.117667738,-0.00127725278
184.1,0.117625163,-0.00127832145
184.133333,0.117582552,-0.00127944052
184.166667,0.117539904,-0.00128060869
184.2,0.117497217,-0.00128210873
184.233333,0.11745448,-0.00128331906
184.266667,0.117411703,-0.00128438701
184.3,0.11736889,-0.00128545486
184.333333,0.117326042,-0.001286569
184.366667,0.117283156,-0.0012880089
184.4,0.117240222,-0.00128907632
184.433333,0.117197253,-0.00129021363
184.466667,0.117154246,-0.00129139987
184.5,0.117111199,-0.00129281759
184.533333,0.117068106,-0.00129406803
184.566667,0.11702497,-0.00129513471
184.6,0.116981799,-0.0012962013
184.633333,0.116938592,-0.0012972726
184.666667,0.11689535,-0.00129875231
184.7,0.116852058,-0.00129981846
184.733333,0.116808731,-0.00130097615
184.766667,0.116765365,-0.00130217603
184.8,0.116721959,-0.00130351378
184.833333,0.116678508,-0.00130480421
184.866667,0.116635015,-0.00130586962
184.9,0.116591486,-0.00130693493
184.933333,0.116547921,-0.00130800013
184.966667,0.116504321,-0.00130944625
185,0.116460673,-0.00131054776
185.033333,0.116416988,-0.00131172794
185.066667,0.116373264,-0.00131293707
185.1,0.116329499,-0.00131419719
185.133333,0.116285693,-0.00131552751
185.166667,0.116241842,-0.00131659163
185.2,0.116197956,-0.00131765566
185.233333,0.116154034,-0.00131871957
185.266667,0.116110076,-0.00132012254
185.3,0.116066072,-0.00132126412
185.333333,0.11602203,-0.0013224689
185.366667,0.115977948,-0.00132368288
185.4,0.115933825,-0.00132486773
185.433333,0.115889663,-0.00132623782
185.466667,0.115845455,-0.00132730065
185.5,0.115801212,-0.00132836337
185.533333,0.115756933,-0.00132942599
185.566667,0.115712619,-0.00133078589
185.6,0.115668259,-0.00133198655
185.633333,0.11562386,-0.00133319809
185.666667,0.11557942,-0.00133439508
185.7,0.11553494,-0.00133552529
185.733333,0.115490422,-0.00133693504
185.766667,0.115445858,-0.00133799656
185.8,0.115401258,-0.00133905797
185.833333,0.115356623,-0.00134011928
185.866667,0.115311952,-0.0013414362
185.9,0.115267237,-0.00134270947
185.933333,0.11522248,-0.0013439122
185.966667,0.115177683,-0.00134508223
186,0.115132847,-0.00134616977
186.033333,0.115087975,-0.00134761905
186.066667,0.115043054,-0.00134867926
186.1,0.114998098,-0.00134973935
186.133333,0.114953107,-0.00135079934
186.166667,0.11490808,-0.00135207337
186.2,0.114863011,-0.00135342122
186.233333,0.114817897,-0.00135461081
186.266667,0.114772744,-0.00135575611
186.3,0.114727552,-0.00135681533
186.333333,0.114682325,-0.00135827548
186.366667,0.114637049,-0.00135934864
186.4,0.114591737,-0.00136040741
186.433333,0.11454639,-0.00136146607
186.466667,0.114501008,-0.0013626973
186.5,0.114455585,-0.00136412169
186.533333,0.114410114,-0.00136529382
186.566667,0.114364604,-0.00136641659
186.6,0.114319057,-0.00136747448
186.633333,0.114273474,-0.00136889162
186.666667,0.114227845,-0.0013700046
186.7,0.114182178,-0.00137106203
186.733333,0.114136476,-0.00137211935
186.766667,0.114090739,-0.00137330787
186.8,0.114044962,-0.00137481075
186.833333,0.113999135,-0.00137596113
186.866667,0.113953269,-0.00137706359
186.9,0.113907367,-0.00137812013
186.933333,0.11386143,-0.00137949435
186.966667,0.113815447,-0.00138064703
187,0.113769425,-0.00138170311
187.033333,0.113723368,-0.00138275908
187.066667,0.113677276,-0.00138390499
187.1,0.113631146,-0.00138548831
187.133333,0.113584963,-0.00138661264
187.166667,0.113538743,-0.00138769698
187.2,0.113492486,-0.00138875217
187.233333,0.113446194,-0.00139008356
187.266667,0.113399858,-0.00139127583
187.3,0.113353482,-0.00139233055
187.333333,0.113307071,-0.00139338516
187.366667,0.113260625,-0.00139448854
187.4,0.113214142,-0.00139615423
187.433333,0.113167604,-0.00139724826
187.466667,0.113121029,-0.00139831668
187.5,0.113074418,-0.0013993705
187.533333,0.113027773,-0.00140065915
187.566667,0.112981084,-0.00140189089
187.6,0.112934354,-0.00140294424
187.633333,0.11288759,-0.00140399748
187.666667,0.11284079,-0.00140505844
187.7,0.112793954,-0.00140680841
187.733333,0.112747061,-0.0014078679
187.766667,0.112700132,-0.00140892257
187.8,0.112653168,-0.00140997501
187.833333,0.112606169,-0.00141122102
187.866667,0.112559128,-0.00141249212
187.9,0.112512045,-0.00141354408
187.933333,0.112464927,-0.00141460541
187.966667,0.112417773,-0.00141568491
188,0.112370584,-0.00141737898
188.033333,0.112323338,-0.00141846338
188.066667,0.112276056,-0.00141951454
188.1,0.112228738,-0.0014205656
188.133333,0.112181386,-0.00142176906
188.166667,0.112133994,-0.00142307939
188.2,0.112086558,-0.00142412997
188.233333,0.112039087,-0.00142520354
188.266667,0.11199158,-0.00142631198
188.3,0.111944036,-0.0014279189
188.333333,0.111896439,-0.00142904273
188.366667,0.111848804,-0.0014300925
188.4,0.111801135,-0.00143114216
188.433333,0.11175343,-0.00143230317
188.466667,0.111705686,-0.00143365261
188.5,0.111657898,-0.00143470179
188.533333,0.111610075,-0.0014357897
188.566667,0.111562215,-0.00143692269
188.6,0.111514318,-0.00143844483
188.633333,0.111466369,-0.00143960798
188.666667,0.111418382,-0.00144065635
188.7,0.111370361,-0.00144170459
188.733333,0.111322304,-0.00144282325
188.766667,0.11127421,-0.00144421168
188.8,0.111226069,-0.00144525944
188.833333,0.111177894,-0.00144636378
188.866667,0.111129682,-0.00144751697
188.9,0.111081431,-0.00144895666
188.933333,0.111033133,-0.00145015902
188.966667,0.110984794,-0.00145120596
189,0.110936421,-0.00145225279
189.033333,0.110888012,-0.00145332919
189.066667,0.110839568,-0.00145475649
189.1,0.110791076,-0.00145580283
189.133333,0.110742549,-0.00145692568
189.166667,0.110693985,-0.0014580947
189.2,0.110645382,-0.0014594543
189.233333,0.110596733,-0.00146069573
189.266667,0.110548043,-0.00146174125
189.3,0.110499319,-0.00146278665
189.333333,0.110450559,-0.00146383193
189.366667,0.110401765,-0.00146527589
189.4,0.110352922,-0.00146633184
189.433333,0.110304045,-0.00146747528
189.466667,0.110255129,-0.00146865579
189.5,0.110206174,-0.00146993764
189.533333,0.110157176,-0.00147121802
189.566667,0.110108135,-0.0014722621
189.6,0.11005906,-0.00147330606
189.633333,0.110009949,-0.00147434991
189.666667,0.109960804,-0.00147575125
189.7,0.109911613,-0.00147684637
189.733333,0.109862384,-0.00147801246
189.766667,0.109813117,-0.00147920015
189.8,0.109763811,-0.00148040658
189.833333,0.109714464,-0.00148172579
189.866667,0.109665073,-0.00148276842
189.9,0.109615647,-0.00148381093
189.933333,0.109566187,-0.00148485332
189.966667,0.109516692,-0.00148621215
190,0.109467151,-0.00148734641
190.033333,0.109417573,-0.00148853711
190.066667,0.109367955,-0.00148972759
190.1,0.109318298,-0.00149086101
190.133333,0.109268602,-0.00149221893
190.166667,0.109218862,-0.00149326009
190.2,0.109169086,-0.00149430115
190.233333,0.109119276,-0.00149534208
190.266667,0.109069432,-0.00149665849
190.3,0.109019543,-0.00149786252
190.333333,0.108969614,-0.00149904698
190.366667,0.108919646,-0.0015002095
190.4,0.108869639,-0.00150130083
190.433333,0.108819596,-0.00150269733
190.466667,0.108769506,-0.00150373703
190.5,0.108719381,-0.00150477661
190.533333,0.108669222,-0.00150581607
190.566667,0.108619028,-0.00150709017
190.6,0.108568792,-0.00150836587
190.633333,0.108518513,-0.00150953984
190.666667,0.108468195,-0.00151067659
190.7,0.108417839,-0.00151172595
190.733333,0.108367448,-0.00151316089
190.766667,0.10831701,-0.00151419911
190.8,0.108266536,-0.00151523721
190.833333,0.108216028,-0.00151627519
190.866667,0.108165486,-0.00151750708
190.9,0.108114902,-0.00151885637
190.933333,0.108064274,-0.00152001561
190.966667,0.108013606,-0.00152112876
191,0.107962902,-0.00152216588
191.033333,0.107912163,-0.00152357988
191.066667,0.107861377,-0.00152464624
191.1,0.107810556,-0.00152568285
191.133333,0.1077597,-0.00152671934
191.166667,0.107708809,-0.00152790912
191.2,0.107657879,-0.00152933388
191.233333,0.107606901,-0.00153047419
191.266667,0.107555885,-0.00153156591
191.3,0.107504833,-0.00153260154
191.333333,0.107453746,-0.00153397319
191.366667,0.107402614,-0.00153507832
191.4,0.107351445,-0.00153611343
191.433333,0.107300241,-0.00153714842
191.466667,0.107249002,-0.00153829619
191.5,0.107197726,-0.00153979831
191.533333,0.107146399,-0.00154091547
191.566667,0.107095035,-0.00154198795
191.6,0.107043636,-0.00154302207
191.633333,0.106992202,-0.00154435148
191.666667,0.106940723,-0.00154549525
191.7,0.106889207,-0.00154652884
191.733333,0.106837656,-0.00154756232
191.766667,0.106786071,-0.00154866819
191.8,0.106734448,-0.00155024954
191.833333,0.106682773,-0.00155133938
191.866667,0.106631062,-0.00155239475
191.9,0.106579315,-0.00155342735
191.933333,0.106527535,-0.00155471463
191.966667,0.106475711,-0.00155589691
192,0.106423848,-0.00155692898
192.033333,0.10637195,-0.00155796093
192.066667,0.106320018,-0.00155902502
192.1,0.10626805,-0.00156068744
192.133333,0.106216027,-0.00156174581
192.166667,0.106163969,-0.00156278623
192.2,0.106111876,-0.0015638173
192.233333,0.106059749,-0.00156506255
192.266667,0.10600758,-0.00156628321
192.3,0.105955371,-0.00156731375
192.333333,0.105903127,-0.0015683463
192.366667,0.105850849,-0.00156938346
192.4,0.105798536,-0.00157109496
192.433333,0.105746166,-0.00157213262
192.466667,0.105693762,-0.00157316228
192.5,0.105641323,-0.00157419181
192.533333,0.10558885,-0.00157539513
192.566667,0.105536337,-0.00157665404
192.6,0.105483782,-0.00157768304
192.633333,0.105431192,-0.00157872612
192.666667,0.105378568,-0.00157979405
192.7,0.105325908,-0.00158141854
192.733333,0.105273194,-0.00158249469
192.766667,0.105220445,-0.00158352279
192.8,0.10516766,-0.00158455078
192.833333,0.105114842,-0.00158571228
192.866667,0.105061985,-0.00158700931
192.9,0.105009085,-0.00158803676
192.933333,0.10495615,-0.00158909242
192.966667,0.10490318,-0.00159018681
193,0.104850174,-0.00159172663
193.033333,0.104797117,-0.00159284112
193.066667,0.104744022,-0.00159386767
193.1,0.104690893,-0.0015948941
193.133333,0.10463773,-0.0015960139
193.166667,0.104584529,-0.00159734891
193.2,0.104531284,-0.00159837479
193.233333,0.104478005,-0.00159944508
193.266667,0.10442469,-0.00160056163
193.3,0.104371338,-0.00160201912
193.333333,0.104317938,-0.00160317183
193.366667,0.104264499,-0.00160419682
193.4,0.104211025,-0.00160522167
193.433333,0.104157518,-0.00160629987
193.466667,0.104103975,-0.00160767274
193.5,0.104050386,-0.00160869705
193.533333,0.103996762,-0.001609784
193.566667,0.103943103,-0.00161091844
193.6,0.103889406,-0.00161229592
193.633333,0.103835662,-0.00161348671
193.666667,0.10378188,-0.00161451012
193.7,0.103728063,-0.00161553339
193.733333,0.103674211,-0.00161657011
193.766667,0.103620326,-0.00161798069
193.8,0.103566393,-0.00161900342
193.833333,0.103512426,-0.00162010906
193.866667,0.103458423,-0.00162125713
193.9,0.103404381,-0.00162255692
193.933333,0.103350296,-0.00162378566
193.966667,0.103296169,-0.00162480748
194,0.103242009,-0.00162582916
194.033333,0.103187815,-0.00162685072
194.066667,0.103133586,-0.00162824645
194.1,0.103079312,-0.0016292938
194.133333,0.103025002,-0.00163042015
194.166667,0.102970654,-0.0016315776
194.2,0.102916269,-0.00163280203
194.233333,0.102861842,-0.00163406858
194.266667,0.102807373,-0.0016350888
194.3,0.10275287,-0.00163610888
194.333333,0.102698333,-0.00163712884
194.366667,0.102643762,-0.00163848269
194.4,0.102589146,-0.0016395681
194.433333,0.102534494,-0.00164071716
194.466667,0.102479803,-0.00164187978
194.5,0.102425074,-0.00164303113
194.533333,0.102370306,-0.00164433536
194.566667,0.102315495,-0.00164535397
194.6,0.10226065,-0.00164637245
194.633333,0.102205771,-0.00164739079
194.666667,0.102150858,-0.00164870288
194.7,0.102095901,-0.00164983774
194.733333,0.102040906,-0.00165099965
194.766667,0.101985873,-0.00165215235
194.8,0.101930801,-0.00165324414
194.833333,0.101875693,-0.00165458591
194.866667,0.10182054,-0.0016556029
194.9,0.101765353,-0.00165661975
194.933333,0.101710133,-0.00165763648
194.966667,0.101654878,-0.00165890691
195,0.101599581,-0.00166011046
195.033333,0.101544244,-0.00166126445
195.066667,0.101488869,-0.00166239044
195.1,0.101433456,-0.00166344095
195.133333,0.101378008,-0.00166482012
195.166667,0.101322514,-0.00166583548
195.2,0.101266986,-0.0016668507
195.233333,0.101211424,-0.0016678658
195.266667,0.101155829,-0.00166909469
195.3,0.101100192,-0.00167036878
195.333333,0.101044513,-0.00167151069
195.366667,0.100988796,-0.00167261211
195.4,0.100933042,-0.00167362627
195.433333,0.100877255,-0.00167503308
195.466667,0.10082142,-0.00167605161
195.5,0.100765552,-0.0016770652
195.533333,0.10070965,-0.00167807865
195.566667,0.100653714,-0.00167926612
195.6,0.100597738,-0.00168061257
195.633333,0.100541718,-0.00168173828
195.666667,0.10048566,-0.00168281727
195.7,0.100429566,-0.00168382978
195.733333,0.100373439,-0.00168519491
195.766667,0.100317265,-0.00168625119
195.8,0.100261057,-0.00168726313
195.833333,0.100204815,-0.00168827493
195.866667,0.100148539,-0.00168942109
195.9,0.100092225,-0.00169084172
195.933333,0.100035864,-0.00169194713
195.966667,0.0999794654,-0.00169300582
196,0.0999230318,-0.00169401667
196.033333,0.0998665646,-0.00169534023
196.066667,0.0998100533,-0.00169643412
196.1,0.0997535055,-0.0016974444
196.133333,0.099696924,-0.00169845455
196.166667,0.0996403088,-0.00169955951
196.2,0.0995836569,-0.00170105612
196.233333,0.099526955,-0.00170213714
196.266667,0.0994702171,-0.00170317765
196.3,0.0994134445,-0.00170418683
196.333333,0.0993566383,-0.00170546894
196.366667,0.0992997893,-0.00170660031
196.4,0.0992429026,-0.00170760892
196.433333,0.0991859823,-0.00170861739
196.466667,0.0991290284,-0.00170968128
196.5,0.099072039,-0.00171125566
196.533333,0.0990149972,-0.00171230823
196.566667,0.0989579202,-0.00171333266
196.6,0.0989008092,-0.00171434017
196.633333,0.0988436645,-0.00171558094
196.666667,0.0987864784,-0.00171674964
196.7,0.0987292535,-0.00171775657
196.733333,0.0986719949,-0.00171876336
196.766667,0.0986147028,-0.0017197863
196.8,0.0985573766,-0.00172144022
196.833333,0.0984999952,-0.0017224603
196.866667,0.0984425799,-0.00172347075
196.9,0.0983851309,-0.00172447657
196.933333,0.0983276483,-0.00172567613
196.966667,0.0982701258,-0.00172688202
197,0.0982125631,-0.00172788726
197.033333,0.0981549668,-0.00172889877
197.066667,0.0980973369,-0.00172992316
197.1,0.0980396727,-0.00173156031
197.133333,0.0979819541,-0.00173258756
197.166667,0.0979242012,-0.00173359183
197.2,0.0978664148,-0.00173459595
197.233333,0.0978085949,-0.00173575441
197.266667,0.0977507364,-0.00173699735
197.3,0.0976928365,-0.00173800089
197.333333,0.0976349031,-0.00173902326
197.366667,0.0975769357,-0.00174007585
197.4,0.0975189332,-0.00174162867
197.433333,0.0974608789,-0.00174269323
197.466667,0.0974027891,-0.00174369579
197.5,0.0973446659,-0.00174469821
197.533333,0.0972865093,-0.00174581568
197.566667,0.0972283154,-0.00174709553
197.6,0.0971700789,-0.00174809736
197.633333,0.097111809,-0.00174913259
197.666667,0.0970535046,-0.00175020916
197.7,0.0969951643,-0.00175167997
197.733333,0.096936775,-0.00175278169
197.766667,0.0968783489,-0.00175378253
197.8,0.0968198895,-0.00175478323
197.833333,0.0967613967,-0.00175585985
197.866667,0.096702868,-0.00175717646
197.9,0.0966442955,-0.00175817657
197.933333,0.0965856896,-0.00175922664
197.966667,0.0965270487,-0.00176032301
198,0.0964683713,-0.00176171411
198.033333,0.0964096475,-0.00176285284
198.066667,0.0963508857,-0.00176385196
198.1,0.0962920907,-0.00176485093
198.133333,0.0962332623,-0.00176588682
198.166667,0.0961743994,-0.00176724004
198.2,0.0961154914,-0.00176823842
198.233333,0.0960565501,-0.00176930531
198.266667,0.0959975733,-0.00177041729
198.3,0.0959385594,-0.00177173098
198.333333,0.0958795017,-0.00177290658
198.366667,0.0958204048,-0.00177390397
198.4,0.0957612747,-0.00177490121
198.433333,0.0957021113,-0.00177589831
198.466667,0.0956429147,-0.00177728435
198.5,0.0955836719,-0.00177828281
198.533333,0.0955243958,-0.00177936848
198.566667,0.0954650835,-0.00178049193
198.6,0.0954057337,-0.0017817305
198.633333,0.0953463427,-0.00178294282
198.666667,0.0952869113,-0.00178393846
198.7,0.0952274467,-0.00178493396
198.733333,0.0951679489,-0.00178592931
198.766667,0.0951084179,-0.00178727419
198.8,0.0950488421,-0.00178830965
198.833333,0.0949892318,-0.00178941605
198.866667,0.0949295846,-0.00179054684
198.9,0.0948698997,-0.00179171256
198.933333,0.0948101759,-0.00179296146
198.966667,0.0947504106,-0.00179395534
199,0.094690612,-0.00179494908
199.033333,0.0946307804,-0.00179594268
199.066667,0.0945709157,-0.00179724652
199.1,0.0945110074,-0.00179831882
199.133333,0.0944510635,-0.0017994479
199.166667,0.0943910819,-0.00180058192
199.2,0.0943310625,-0.00180167706
199.233333,0.0942710066,-0.00180296239
199.266667,0.0942109078,-0.00180395451
199.3,0.094150776,-0.00180494648
199.333333,0.0940906111,-0.00180593832
199.366667,0.0940304132,-0.00180720125
199.4,0.0939701731,-0.00180833293
199.433333,0.0939098954,-0.00180946269
199.466667,0.09384958,-0.00181057563
199.5,0.0937892274,-0.00181162391
199.533333,0.09372884,-0.00181294552
199.566667,0.0936684085,-0.00181393586
199.6,0.0936079439,-0.00181492606
199.633333,0.0935474464,-0.00181591612
199.666667,0.0934869159,-0.00181713826
199.7,0.0934263446,-0.00181833735
199.733333,0.0933657333,-0.0018194576
199.766667,0.0933050847,-0.00182054511
199.8,0.0932443999,-0.00182155302
199.833333,0.0931836815,-0.00182291075
199.866667,0.0931229178,-0.00182389931
199.9,0.0930621211,-0.00182488772
199.933333,0.0930012916,-0.001825876
199.966667,0.092940429,-0.00182705748
200,0.0928795271,-0.00182832573
200.033333,0.0928185829,-0.00182943244
200.066667,0.0927576018,-0.00183049661
200.1,0.0926965853,-0.00183148385
200.133333,0.0926355358,-0.0018328384
200.166667,0.0925744412,-0.00183384474
200.2,0.092513313,-0.00183483137
200.233333,0.092452152,-0.00183581784
200.266667,0.0923909581,-0.00183695879
200.3,0.0923297261,-0.00183829796
200.333333,0.0922684495,-0.00183938712
200.366667,0.0922071366,-0.00184043004
200.4,0.0921457889,-0.00184141548
200.433333,0.0920844084,-0.00184272921
200.466667,0.0920229841,-0.00184377207
200.5,0.091961525,-0.00184475689
200.533333,0.0919000332,-0.00184574156
200.566667,0.0918385084,-0.0018468421
200.6,0.091776947,-0.00184825392
200.633333,0.0917153386,-0.00184932155
200.666667,0.0916536945,-0.0018503453
200.7,0.0915920163,-0.00185132893
200.733333,0.0915303054,-0.00185260197
200.766667,0.091468552,-0.0018536812
200.8,0.0914067626,-0.0018546642
200.833333,0.0913449405,-0.00185564706
200.866667,0.0912830856,-0.00185670732
200.9,0.0912211953,-0.00185819351
200.933333,0.0911592555,-0.00185923565
200.966667,0.091097281,-0.00186024229
201,0.0910352729,-0.0018612241
201.033333,0.0909732321,-0.00186245658
201.066667,0.0909111502,-0.00186357202
201.1,0.0908490312,-0.0018645532
201.133333,0.0907868794,-0.00186553423
201.166667,0.0907246949,-0.00186655435
201.2,0.0906624764,-0.00186811662
201.233333,0.0906002059,-0.00186912933
201.266667,0.0905379016,-0.00187012091
201.3,0.0904755642,-0.00187110089
201.333333,0.0904131942,-0.00187229294
201.366667,0.0903507844,-0.00187344444
201.4,0.0902883363,-0.00187442378
201.433333,0.0902258555,-0.00187540298
201.466667,0.0901633421,-0.00187638309
201.5,0.090100796,-0.00187802313
201.533333,0.0900381952,-0.00187900249
201.566667,0.0899755618,-0.00187998106
201.6,0.0899128957,-0.0018809592
201.633333,0.0898501971,-0.00188211095
201.666667,0.0897874601,-0.00188329836
201.7,0.0897246834,-0.00188427586
201.733333,0.0896618742,-0.00188526396
201.766667,0.0895990321,-0.00188627183
201.8,0.0895361564,-0.00188783266
201.833333,0.0894732286,-0.00188884622
201.866667,0.0894102671,-0.00188982265
201.9,0.089347273,-0.00189079894
201.933333,0.0892842464,-0.00189191053
201.966667,0.0892211827,-0.00189313369
202,0.0891580782,-0.00189410934
202.033333,0.0890949413,-0.00189510855
202.066667,0.089031771,-0.00189614206
202.1,0.0889685662,-0.00189762142
202.133333,0.0889053122,-0.00189867101
202.166667,0.0888420232,-0.00189964559
202.2,0.0887787016,-0.00190062002
202.233333,0.0887153476,-0.00190169157
202.266667,0.0886519579,-0.00190295032
202.3,0.0885885262,-0.00190392411
202.333333,0.0885250621,-0.00190493638
202.366667,0.0884615642,-0.00190599142
202.4,0.0883980312,-0.00190739159
202.433333,0.0883344515,-0.00190847705
202.466667,0.0882708356,-0.00190944976
202.5,0.0882071872,-0.00191042232
202.533333,0.0881435065,-0.00191145397
202.566667,0.0880797913,-0.00191274817
202.6,0.0880160331,-0.00191372008
202.633333,0.0879522424,-0.00191474733
202.666667,0.0878884175,-0.00191581983
202.7,0.0878245568,-0.00191714307
202.733333,0.0877606521,-0.00191826425
202.766667,0.0876967099,-0.00191923509
202.8,0.0876327354,-0.00192020577
202.833333,0.0875687286,-0.00192119765
202.866667,0.0875046886,-0.00192252713
202.9,0.0874406044,-0.00192349716
202.933333,0.0873764878,-0.00192454129
202.966667,0.0873123365,-0.00192562719
203,0.0872481489,-0.00192687577
203.033333,0.0871839197,-0.00192803251
203.066667,0.0871196519,-0.00192900146
203.1,0.0870553519,-0.00192997025
203.133333,0.0869910196,-0.00193093889
203.166667,0.0869266549,-0.00193227072
203.2,0.0868622459,-0.00193325525
203.233333,0.0867978041,-0.00193431815
203.266667,0.0867333268,-0.00193541342
203.3,0.086668813,-0.00193658959
203.333333,0.08660426,-0.00193778173
203.366667,0.0865396673,-0.00193874878
203.4,0.0864750423,-0.00193971568
203.433333,0.0864103851,-0.00194068242
203.466667,0.0863456957,-0.00194197402
203.5,0.0862809633,-0.00194299424
203.533333,0.0862161968,-0.00194407781
203.566667,0.0861513942,-0.00194517844
203.6,0.0860865549,-0.00194628443
203.633333,0.0860216788,-0.00194751182
203.666667,0.0859567617,-0.00194847697
203.7,0.0858918125,-0.00194944195
203.733333,0.0858268311,-0.00195040679
203.766667,0.0857618175,-0.0019516583
203.8,0.0856967622,-0.00195271867
203.833333,0.0856316716,-0.00195382011
203.866667,0.0855665443,-0.0019549176
203.9,0.0855013804,-0.0019559602
203.933333,0.0854361817,-0.00195722268
203.966667,0.0853709409,-0.00195818591
204,0.0853056681,-0.00195914898
204.033333,0.0852403631,-0.0019601119
204.066667,0.085175026,-0.00196132345
204.1,0.0851096486,-0.00196244803
204.133333,0.0850442337,-0.00196354242
204.166667,0.0849787822,-0.00196461373
204.2,0.0849132951,-0.00196561681
204.233333,0.0848477746,-0.00196691422
204.266667,0.0847822107,-0.00196787552
204.3,0.0847166149,-0.00196883666
204.333333,0.084650987,-0.00196979766
204.366667,0.0845853271,-0.00197096939
204.4,0.0845196281,-0.00197215987
204.433333,0.0844538894,-0.00197324327
204.466667,0.0843881147,-0.00197429045
204.5,0.084322305,-0.00197525417
204.533333,0.0842564632,-0.00197658633
204.566667,0.084190577,-0.0019775457
204.6,0.0841246588,-0.00197850491
204.633333,0.0840587086,-0.00197946396
204.666667,0.0839927265,-0.00198059602
204.7,0.0839267066,-0.00198185408
204.733333,0.0838606448,-0.00198292259
204.766667,0.0837945474,-0.00198394768
204.8,0.0837284158,-0.00198490562
204.833333,0.0836622523,-0.00198620547
204.866667,0.0835960454,-0.00198719635
204.9,0.0835298056,-0.00198815361
204.933333,0.0834635338,-0.00198911072
204.966667,0.0833972301,-0.00199020324
205,0.08333089,-0.00199153054
205.033333,0.0832645056,-0.00199258029
205.066667,0.0831980863,-0.00199358532
205.1,0.0831316334,-0.00199454131
205.133333,0.0830651487,-0.00199580132
205.166667,0.082998622,-0.00199682738
205.2,0.0829320611,-0.00199778269
205.233333,0.0828654683,-0.00199873784
205.266667,0.0827988437,-0.00199979096
205.3,0.082732184,-0.00200118916
205.333333,0.0826654777,-0.0020022163
205.366667,0.0825987372,-0.00200320328
205.4,0.0825319638,-0.00200415731
205.433333,0.0824651585,-0.00200537761
205.466667,0.0823983126,-0.0020064387
205.5,0.0823314313,-0.00200739204
205.533333,0.0822645182,-0.00200834523
205.566667,0.0821975734,-0.00200935909
205.6,0.0821305948,-0.00201082981
205.633333,0.0820635671,-0.00201183051
205.666667,0.0819965061,-0.00201280146
205.7,0.0819294127,-0.00201375351
205.733333,0.0818622876,-0.00201493425
205.766667,0.0817951231,-0.0020160302
205.8,0.0817279221,-0.00201698157
205.833333,0.0816606894,-0.00201793279
205.866667,0.081593425,-0.00201890753
205.9,0.081526128,-0.00202045239
205.933333,0.0814587796,-0.00202142286
205.966667,0.0813913989,-0.00202237976
206,0.0813239862,-0.00202332984
206.033333,0.0812565419,-0.00202447115
206.066667,0.0811890595,-0.0020256018
206.1,0.0811215394,-0.00202655119
206.133333,0.0810539877,-0.00202750407
206.166667,0.0809864043,-0.00202846459
206.2,0.0809187888,-0.00203002815
206.233333,0.0808511212,-0.00203098985
206.266667,0.0807834215,-0.0020319381
206.3,0.0807156902,-0.00203288618
206.333333,0.0806479274,-0.00203398822
206.366667,0.0805801278,-0.0020351534
206.4,0.0805122893,-0.00203610079
206.433333,0.0804444193,-0.0020370631
206.466667,0.0803765172,-0.00203805073
206.5,0.0803085822,-0.00203953359
206.533333,0.0802405977,-0.00204053012
206.566667,0.08017258,-0.00204147637
206.6,0.0801045308,-0.00204242246
206.633333,0.0800364501,-0.00204348536
206.666667,0.0799683339,-0.0020446849
206.7,0.0799001777,-0.00204563029
206.733333,0.0798319901,-0.00204660391
206.766667,0.0797637699,-0.00204761464
206.8,0.0796955161,-0.00204901905
206.833333,0.0796272155,-0.00205005025
206.866667,0.0795588805,-0.00205099449
206.9,0.079490514,-0.00205193857
206.933333,0.079422116,-0.00205296247
206.966667,0.0793536839,-0.00205419621
207,0.0792852107,-0.0020551396
207.033333,0.0792167061,-0.00205612638
207.066667,0.0791481685,-0.00205715624
207.1,0.0790795967,-0.00205848443
207.133333,0.0790109805,-0.00205955013
207.166667,0.0789423288,-0.00206049235
207.2,0.0788736458,-0.00206143441
207.233333,0.0788049313,-0.00206241947
207.266667,0.078736184,-0.00206368725
207.3,0.0786673944,-0.00206462861
207.333333,0.0785985734,-0.00206563041
207.366667,0.0785297191,-0.00206667544
207.4,0.0784608299,-0.00206792964
207.433333,0.0783918989,-0.00206902967
207.466667,0.0783229313,-0.00206996987
207.5,0.0782539323,-0.0020709099
207.533333,0.0781849019,-0.00207185627
207.566667,0.0781158401,-0.0020731579
207.6,0.0780467348,-0.00207409723
207.633333,0.0779775982,-0.0020751159
207.666667,0.0779084277,-0.00207617217
207.7,0.077839222,-0.0020773546
207.733333,0.0777699768,-0.00207848879
207.766667,0.0777006939,-0.00207942695
207.8,0.0776313796,-0.00208036495
207.833333,0.0775620341,-0.00208130278
207.866667,0.0774926574,-0.00208257806
207.9,0.0774232381,-0.00208354538
207.933333,0.0773537866,-0.00208458273
207.966667,0.0772843005,-0.00208564633
208,0.0772147789,-0.00208675919
208.033333,0.0771452203,-0.00208792738
208.066667,0.0770756227,-0.0020888635
208.1,0.0770059939,-0.00208979945
208.133333,0.076936334,-0.00209073524
208.166667,0.0768666428,-0.00209197133
208.2,0.0767969104,-0.00209297296
208.233333,0.0767271446,-0.0020940308
208.266667,0.0766573436,-0.00209509786
208.3,0.076587507,-0.00209614335
208.333333,0.0765176356,-0.00209734536
208.366667,0.0764477241,-0.00209827942
208.4,0.0763777814,-0.00209921332
208.433333,0.0763078076,-0.00210014706
208.466667,0.0762378027,-0.0021013441
208.5,0.0761677579,-0.00210239494
208.533333,0.0760976781,-0.00210345941
208.566667,0.0760275628,-0.00210451217
208.6,0.0759574124,-0.00210550696
208.633333,0.0758872288,-0.00210674262
208.666667,0.0758170041,-0.00210767463
208.7,0.0757467482,-0.00210860646
208.733333,0.0756764614,-0.00210953813
208.766667,0.0756061434,-0.00211069628
208.8,0.0755357869,-0.0021118097
208.833333,0.0754653932,-0.00211286563
208.866667,0.0753949644,-0.00211389358
208.9,0.0753245013,-0.00211484995
208.933333,0.0752540063,-0.00211611909
208.966667,0.0751834689,-0.00211704902
209,0.0751129006,-0.00211797878
209.033333,0.0750423014,-0.00211890838
209.066667,0.0749716711,-0.00212002778
209.1,0.0749010035,-0.00212120539
209.133333,0.0748302966,-0.00212224898
209.166667,0.074759555,-0.00212325411
209.2,0.0746887799,-0.00212418251
209.233333,0.0746179738,-0.00212546436
209.266667,0.074547125,-0.00212640251
209.3,0.0744762449,-0.00212733019
209.333333,0.0744053339,-0.00212825771
209.366667,0.074334392,-0.00212933851
209.4,0.074263414,-0.00213058189
209.433333,0.0741923946,-0.00213160939
209.466667,0.074121341,-0.00213259368
209.5,0.0740502545,-0.00213351999
209.533333,0.0739791372,-0.00213476292
209.566667,0.0739079784,-0.00213573501
209.6,0.0738367872,-0.0021366606
209.633333,0.0737655652,-0.00213758602
209.666667,0.0736943124,-0.00213862838
209.7,0.0736230247,-0.0021399391
209.733333,0.0735516934,-0.00214094677
209.766667,0.0734803286,-0.00214191219
209.8,0.0734089315,-0.0021428364
209.833333,0.0733375036,-0.00214404056
209.866667,0.0732660356,-0.00214504642
209.9,0.073194534,-0.00214596991
209.933333,0.0731230017,-0.00214689323
209.966667,0.0730514386,-0.00214789729
210,0.072979842,-0.00214927691
210.033333,0.0729081995,-0.00215026104
210.066667,0.0728365241,-0.00215120955
210.1,0.0727648171,-0.00215213166
210.133333,0.0726930794,-0.0021532972
210.166667,0.0726213028,-0.00215433664
210.2,0.0725494916,-0.00215525802
210.233333,0.0724776496,-0.00215617924
210.266667,0.072405777,-0.00215714516
210.3,0.0723338722,-0.00215859523
210.333333,0.072261919,-0.00215955214
210.366667,0.0721899339,-0.00216048567
210.4,0.0721179177,-0.00216140567
210.433333,0.0720458709,-0.00216253273
210.466667,0.0719737865,-0.0021636056
210.5,0.0719016663,-0.00216452486
210.533333,0.0718295154,-0.00216544395
210.566667,0.071757334,-0.0021663719
210.6,0.0716851216,-0.00216789393
210.633333,0.0716128584,-0.00216881997
210.666667,0.0715405644,-0.00216974046
210.7,0.0714682398,-0.00217065833
210.733333,0.0713958845,-0.00217174708
210.766667,0.0713234929,-0.00217285319
210.8,0.0712510645,-0.00217377033
210.833333,0.0711786055,-0.00217469488
210.866667,0.0711061156,-0.00217563412
210.9,0.0710335945,-0.00217711516
210.933333,0.070961024,-0.00217805792
210.966667,0.0708884221,-0.00217897383
211,0.0708157896,-0.00217988956
211.033333,0.0707431266,-0.00218094015
211.066667,0.0706704286,-0.00218207933
211.1,0.0705976926,-0.00218299433
211.133333,0.0705249262,-0.00218392849
211.166667,0.0704521285,-0.00218489221
211.2,0.0703792988,-0.00218629577
211.233333,0.0703064223,-0.00218727191
211.266667,0.0702335132,-0.00218818568
211.3,0.0701605737,-0.00218909927
211.333333,0.0700876037,-0.00219011186
211.366667,0.0700146,-0.00219128393
211.4,0.0699415572,-0.00219219678
211.433333,0.069868484,-0.00219314236
211.466667,0.0697953792,-0.00219412668
211.5,0.0697222417,-0.00219545495
211.533333,0.0696490598,-0.00219646431
211.566667,0.0695758444,-0.00219737592
211.6,0.0695025985,-0.00219828736
211.633333,0.0694293222,-0.0021992621
211.666667,0.0693560135,-0.00220046689
211.7,0.0692826646,-0.00220137758
211.733333,0.0692092854,-0.00220233636
211.766667,0.0691358741,-0.00220333745
211.8,0.0690624296,-0.00220459262
211.833333,0.0689889431,-0.00220563501
211.866667,0.068915422,-0.00220654447
211.9,0.0688418705,-0.00220745375
211.933333,0.0687682887,-0.0022083908
211.966667,0.0686946757,-0.00220962812
212,0.0686210214,-0.00221053665
212.033333,0.0685473368,-0.00221151041
212.066667,0.0684736198,-0.00221252445
212.1,0.068399869,-0.0022137087
212.133333,0.0683260787,-0.00221478395
212.166667,0.0682522526,-0.00221569123
212.2,0.0681783962,-0.00221659834
212.233333,0.0681045096,-0.00221750528
212.266667,0.0680305928,-0.00221876011
212.3,0.0679566341,-0.00221967389
212.333333,0.067882645,-0.00222066439
212.366667,0.0678086228,-0.00222168758
212.4,0.0677345666,-0.00222280308
212.433333,0.0676604731,-0.00222391101
212.466667,0.0675863428,-0.00222481611
212.5,0.0675121822,-0.00222572105
212.533333,0.0674379915,-0.0022266258
212.566667,0.0673637707,-0.00222784242
212.6,0.0672895093,-0.00222878921
212.633333,0.0672152163,-0.0022297982
212.666667,0.0671408897,-0.00223082679
212.7,0.0670665288,-0.00223187568
212.733333,0.0669921329,-0.00223301611
212.766667,0.0669176991,-0.00223391903
212.8,0.0668432351,-0.00223482178
212.833333,0.066768741,-0.00223572434
212.866667,0.0666942169,-0.0022369029
212.9,0.0666196535,-0.00223788253
212.933333,0.0665450574,-0.00223891174
212.966667,0.066470427,-0.00223994198
213,0.0663957622,-0.00224092642
213.033333,0.0663210647,-0.00224209917
213.066667,0.0662463281,-0.00224299989
213.1,0.0661715614,-0.00224390044
213.133333,0.0660967647,-0.00224480081
213.166667,0.066021938,-0.00224594147
213.2,0.0659470733,-0.0022469788
213.233333,0.065872174,-0.00224800327
213.266667,0.0657972406,-0.00224900966
213.3,0.0657222736,-0.0022499552
213.333333,0.0656472751,-0.00225116008
213.366667,0.0655722364,-0.0022520586
213.4,0.0654971678,-0.00225295695
213.433333,0.0654220692,-0.00225385511
213.466667,0.0653469407,-0.00225495803
213.5,0.0652717754,-0.0022560561
213.533333,0.0651965736,-0.00225707066
213.566667,0.0651213379,-0.00225805362
213.6,0.0650460694,-0.00225896194
213.633333,0.0649707707,-0.00226019877
213.666667,0.0648954307,-0.00226109508
213.7,0.0648200609,-0.00226199121
213.733333,0.0647446612,-0.00226288716
213.766667,0.0646692316,-0.0022639525
213.8,0.0645937665,-0.00226511282
213.833333,0.0645182628,-0.00226611383
213.866667,0.0644427257,-0.00226707529
213.9,0.0643671565,-0.00226796997
213.933333,0.0642915575,-0.00226919172
213.966667,0.0642159178,-0.00227010923
214,0.0641402475,-0.00227100313
214.033333,0.0640645473,-0.00227189686
214.066667,0.0639888175,-0.00227292479
214.1,0.0639130533,-0.00227414885
214.133333,0.0638372483,-0.0022751327
214.166667,0.0637614106,-0.00227607458
214.2,0.0636855414,-0.00227696702
214.233333,0.0636096425,-0.00227815101
214.266667,0.0635337042,-0.00227910096
214.3,0.0634577341,-0.00227999264
214.333333,0.0633817344,-0.00228088413
214.366667,0.0633057049,-0.0022818748
214.4,0.0632296424,-0.00228316408
214.433333,0.0631535369,-0.0022841272
214.466667,0.0630773994,-0.00228505139
214.5,0.063001231,-0.00228594159
214.533333,0.0629250329,-0.00228708798
214.566667,0.0628487967,-0.0022880702
214.6,0.0627725277,-0.00228895963
214.633333,0.062696229,-0.00228984888
214.666667,0.0626199007,-0.00229080246
214.7,0.0625435406,-0.00229215843
214.733333,0.0624671353,-0.00229309724
214.766667,0.0623906988,-0.00229400564
214.8,0.0623142319,-0.0022948936
214.833333,0.0622377355,-0.00229600254
214.866667,0.062161202,-0.00229701684
214.9,0.0620846348,-0.00229790402
214.933333,0.062008038,-0.00229879102
214.966667,0.0619314116,-0.00229970768
215,0.0618547547,-0.00230113178
215.033333,0.0617780503,-0.00230204277
215.066667,0.0617013156,-0.00230293723
215.1,0.061624551,-0.00230382294
215.133333,0.0615477569,-0.00230489461
215.166667,0.0614709271,-0.0023059408
215.2,0.0613940624,-0.00230682572
215.233333,0.0613171682,-0.00230771172
215.266667,0.0612402445,-0.00230860035
215.3,0.0611632911,-0.002310074
215.333333,0.0610862887,-0.00231096247
215.366667,0.0610092566,-0.00231184609
215.4,0.060932195,-0.00231272953
215.433333,0.0608551041,-0.0023137641
215.466667,0.0607779786,-0.00231484199
215.5,0.0607008172,-0.00231572465
215.533333,0.0606236264,-0.00231661861
215.566667,0.0605464057,-0.0023175329
215.6,0.0604691546,-0.00231893026
215.633333,0.060391857,-0.00231985077
215.666667,0.0603145286,-0.00232073213
215.7,0.0602371709,-0.00232161329
215.733333,0.0601597838,-0.00232261091
215.766667,0.0600823634,-0.00232372032
215.8,0.0600049061,-0.00232460071
215.833333,0.0599274194,-0.00232550438
215.866667,0.0598499026,-0.00232644058
215.9,0.0597723545,-0.0023277638
215.933333,0.0596947624,-0.00232871617
215.966667,0.0596171385,-0.00232959524
216,0.0595394854,-0.00233047413
216.033333,0.0594618029,-0.00233143497
216.066667,0.0593840884,-0.00233257571
216.1,0.0593063359,-0.00233345381
216.133333,0.0592285541,-0.00233436892
216.166667,0.0591507418,-0.0023353233
216.2,0.0590728977,-0.00233657453
216.233333,0.0589950119,-0.00233755858
216.266667,0.0589170932,-0.00233843536
216.3,0.0588391454,-0.00233931196
216.333333,0.0587611683,-0.00234023618
216.366667,0.0586831604,-0.00234140807
216.4,0.0586051135,-0.00234228388
216.433333,0.0585270374,-0.00234321214
216.466667,0.0584489303,-0.00234418098
216.5,0.0583707909,-0.00234536236
216.533333,0.0582926122,-0.0023463779
216.566667,0.0582143996,-0.00234725239
216.6,0.0581361579,-0.00234812668
216.633333,0.058057887,-0.00234901447
216.666667,0.0579795865,-0.00235021732
216.7,0.0579012459,-0.00235109082
216.733333,0.0578228762,-0.00235203392
216.766667,0.0577444751,-0.00235301357
216.8,0.0576660413,-0.00235412722
216.833333,0.0575875704,-0.00235517406
216.866667,0.0575090646,-0.00235604624
216.9,0.0574305297,-0.00235691823
216.933333,0.0573519658,-0.00235779003
216.966667,0.0572733728,-0.00235898306
217,0.05719474,-0.00235987454
217.033333,0.0571160775,-0.00236083417
217.066667,0.057037383,-0.00236182097
217.1,0.0569586557,-0.00236286901
217.133333,0.0568798934,-0.00236394696
217.166667,0.0568010951,-0.00236481682
217.2,0.0567222679,-0.0023656865
217.233333,0.0566434117,-0.00236655598
217.266667,0.0565645265,-0.00236771202
217.3,0.0564856028,-0.00236863497
217.333333,0.0564066483,-0.00236961278
217.366667,0.0563276612,-0.00237060313
217.4,0.0562486411,-0.00237158765
217.433333,0.0561695882,-0.00237269653
217.466667,0.0560904983,-0.00237356406
217.5,0.0560113795,-0.00237443141
217.533333,0.0559322318,-0.00237529857
217.566667,0.0558530551,-0.00237641778
217.6,0.0557738412,-0.00237738026
217.633333,0.0556945952,-0.00237836947
217.666667,0.0556153162,-0.00237935189
217.7,0.0555360045,-0.00238028306
217.733333,0.0554566617,-0.00238142266
217.766667,0.055377281,-0.00238228786
217.8,0.0552978714,-0.00238315288
217.833333,0.0552184329,-0.00238401771
217.866667,0.0551389657,-0.00238510026
217.9,0.0550594623,-0.00238611999
217.933333,0.054979925,-0.00238710158
217.966667,0.054900355,-0.00238806009
218,0.0548207529,-0.00238895514
218.033333,0.0547411211,-0.00239012528
218.066667,0.0546614503,-0.00239098814
218.1,0.0545817507,-0.00239185082
218.133333,0.0545020223,-0.0023927133
218.166667,0.0544222652,-0.00239375937
218.2,0.0543424732,-0.00239483778
218.233333,0.0542626453,-0.00239580824
218.266667,0.054182785,-0.00239674471
218.3,0.0541028935,-0.00239760585
218.333333,0.0540229733,-0.00239880227
218.366667,0.0539430133,-0.00239966481
218.4,0.0538630244,-0.00240052514
218.433333,0.0537830069,-0.00240138527
218.466667,0.0537029607,-0.00240239502
218.5,0.0536228809,-0.00240353354
218.533333,0.0535427631,-0.00240448938
218.566667,0.0534626135,-0.00240540567
218.6,0.0533824333,-0.00240626445
218.633333,0.0533022245,-0.00240742419
218.666667,0.053221977,-0.00240831779
218.7,0.0531416997,-0.00240917575
218.733333,0.0530613939,-0.00241003353
218.766667,0.0529810594,-0.00241100714
218.8,0.0529006925,-0.00241220715
218.833333,0.0528202856,-0.00241314492
218.866667,0.0527398475,-0.00241404287
218.9,0.0526593794,-0.00241489929
218.933333,0.0525788827,-0.00241602252
218.966667,0.0524983486,-0.00241694699
219,0.0524177837,-0.00241780258
219.033333,0.0523371903,-0.00241865799
219.066667,0.0522565684,-0.00241959563
219.1,0.0521759152,-0.00242085852
219.133333,0.0520952199,-0.00242177481
219.166667,0.0520144941,-0.00242265624
219.2,0.0519337389,-0.00242351028
219.233333,0.0518529552,-0.00242459718
219.266667,0.0517721353,-0.00242555232
219.3,0.0516912836,-0.00242640554
219.333333,0.0516104034,-0.00242725857
219.366667,0.0515294948,-0.00242816042
219.4,0.0514485561,-0.00242948755
219.433333,0.0513675732,-0.00243037895
219.466667,0.0512865605,-0.00243124569
219.5,0.051205519,-0.00243209735
219.533333,0.0511244491,-0.00243314809
219.566667,0.0510433441,-0.0024341337
219.6,0.0509622064,-0.00243498454
219.633333,0.0508810402,-0.00243583519
219.666667,0.0507998457,-0.00243670142
219.7,0.0507186223,-0.00243809413
219.733333,0.0506373525,-0.00243895729
219.766667,0.0505560539,-0.00243981113
219.8,0.0504747269,-0.0024406604
219.833333,0.0503933716,-0.00244167515
219.866667,0.0503119824,-0.00244269105
219.9,0.0502305593,-0.0024435395
219.933333,0.050149108,-0.00244439256
219.966667,0.0500676283,-0.00244525535
220,0.0499861198,-0.0024466409
220.033333,0.0499045651,-0.00244750542
220.066667,0.0498229816,-0.00244835249
220.1,0.0497413698,-0.00244919936
220.133333,0.0496597298,-0.00245017829
220.166667,0.0495780572,-0.00245122428
220.2,0.0494963497,-0.00245207033
220.233333,0.0494146141,-0.00245293146
220.266667,0.0493328497,-0.00245381724
220.3,0.0492510558,-0.00245513003
220.333333,0.0491692181,-0.002456025
220.366667,0.0490873506,-0.00245686966
220.4,0.049005455,-0.00245771413
220.433333,0.0489235311,-0.00245865743
220.466667,0.0488415759,-0.00245973331
220.5,0.0487595848,-0.00246057695
220.533333,0.0486775656,-0.00246144781
220.566667,0.0485955173,-0.00246235297
220.6,0.0485134389,-0.00246359511
220.633333,0.048431319,-0.00246452034
220.666667,0.0483491684,-0.00246536258
220.7,0.0482669896,-0.00246620463
220.733333,0.0481847828,-0.00246711248
220.766667,0.0481025457,-0.00246821805
220.8,0.0480202718,-0.00246905927
220.833333,0.0479379698,-0.00246994151
220.866667,0.0478556384,-0.00247086248
220.9,0.0477732763,-0.00247203605
220.933333,0.0476908751,-0.00247299134
220.966667,0.0476084421,-0.00247383116
221,0.047525981,-0.00247467079
221.033333,0.047443492,-0.00247554335
221.066667,0.0473609739,-0.00247667843
221.1,0.0472784179,-0.00247751721
221.133333,0.047195834,-0.00247841245
221.166667,0.0471132203,-0.00247934568
221.2,0.0470305754,-0.00248045277
221.233333,0.0469478937,-0.00248143792
221.266667,0.0468651791,-0.00248227531
221.3,0.0467824366,-0.00248311251
221.333333,0.0466996662,-0.00248394997
221.366667,0.0466168678,-0.00248511434
221.4,0.0465340307,-0.0024859507
221.433333,0.0464511657,-0.00248686054
221.466667,0.0463682703,-0.00248780252
221.5,0.0462853435,-0.00248884519
221.533333,0.046202382,-0.00248986
221.566667,0.0461193867,-0.00249069495
221.6,0.0460363635,-0.00249152971
221.633333,0.0459533126,-0.00249236427
221.666667,0.0458702337,-0.0024934937
221.7,0.0457871173,-0.00249435963
221.733333,0.045703972,-0.00249528569
221.766667,0.0456207958,-0.00249623292
221.8,0.045537588,-0.00249721322
221.833333,0.0454543476,-0.00249825749
221.866667,0.0453710723,-0.00249909
221.9,0.0452877693,-0.00249992231
221.933333,0.0452044386,-0.00250075442
221.966667,0.0451210801,-0.00250184817
222,0.0450376852,-0.00250274394
222.033333,0.0449542604,-0.00250368778
222.066667,0.0448708041,-0.00250463681
222.1,0.0447873162,-0.00250555679
222.133333,0.0447037977,-0.00250663032
222.166667,0.0446202433,-0.00250746037
222.2,0.0445366613,-0.00250829022
222.233333,0.0444530516,-0.00250911988
222.266667,0.0443694143,-0.00251017813
222.3,0.0442857417,-0.00251112098
222.333333,0.0442020377,-0.00251206586
222.366667,0.0441183021,-0.00251299755
222.4,0.0440345355,-0.0025138758
222.433333,0.0439507397,-0.0025149784
222.466667,0.0438669071,-0.00251580599
222.5,0.0437830469,-0.00251663337
222.533333,0.0436991591,-0.00251746056
222.566667,0.0436152437,-0.00251848349
222.6,0.0435312943,-0.00251948143
222.633333,0.0434473116,-0.00252041745
222.666667,0.0433632977,-0.00252132669
222.7,0.0432792534,-0.00252217019
222.733333,0.0431951811,-0.00252330164
222.766667,0.043111071,-0.00252412676
222.8,0.0430269335,-0.00252495167
222.833333,0.0429427684,-0.00252577639
222.866667,0.0428585759,-0.00252676418
222.9,0.0427743504,-0.00252781853
222.933333,0.0426900898,-0.00252874235
222.966667,0.0426057984,-0.00252963094
223,0.0425214773,-0.00253045423
223.033333,0.0424371289,-0.00253158561
223.066667,0.0423527427,-0.00253242261
223.1,0.0422683286,-0.00253324505
223.133333,0.0421838871,-0.00253406728
223.166667,0.0420994182,-0.00253502011
223.2,0.0420149175,-0.0025361322
223.233333,0.0419303798,-0.00253704049
223.266667,0.0418458118,-0.0025379102
223.3,0.0417612148,-0.00253873101
223.333333,0.0416765904,-0.00253982705
223.366667,0.0415919295,-0.00254069346
223.4,0.0415072397,-0.0025415134
223.433333,0.0414225226,-0.00254233315
223.466667,0.0413377782,-0.0025432512
223.5,0.0412530031,-0.00254442232
223.533333,0.041168189,-0.0025453118
223.566667,0.0410833453,-0.00254616441
223.6,0.0409984732,-0.00254698272
223.633333,0.0409135737,-0.0025480436
223.666667,0.0408286389,-0.00254893922
223.7,0.0407436743,-0.00254975667
223.733333,0.0406586824,-0.00255057391
223.766667,0.0405736633,-0.00255145738
223.8,0.0404886147,-0.00255268881
223.833333,0.0404035251,-0.00255355622
223.866667,0.0403184065,-0.00255439347
223.9,0.0402332601,-0.00255520928
223.933333,0.0401480865,-0.00255623518
223.966667,0.0400628786,-0.00255715981
224,0.03997764,-0.00255797475
224.033333,0.0398923741,-0.00255878949
224.066667,0.0398070811,-0.00255963855
224.1,0.0397217599,-0.00256093156
224.133333,0.0396363955,-0.00256177369
224.166667,0.039551003,-0.00256259732
224.2,0.0394655831,-0.00256341062
224.233333,0.0393801361,-0.00256440173
224.266667,0.039294656,-0.00256535515
224.3,0.0392091442,-0.00256616758
224.333333,0.0391236053,-0.00256697981
224.366667,0.0390380393,-0.00256779465
224.4,0.0389524461,-0.00256915048
224.433333,0.0388668078,-0.00256996413
224.466667,0.0387811423,-0.00257077586
224.5,0.0386954498,-0.00257158664
224.533333,0.0386097302,-0.00257254314
224.566667,0.0385239788,-0.00257352517
224.6,0.0384381946,-0.00257433508
224.633333,0.0383523834,-0.00257515307
224.666667,0.038266545,-0.00257598646
224.7,0.0381806788,-0.00257728321
224.733333,0.0380947693,-0.00257812056
224.766667,0.038008832,-0.00257892902
224.8,0.0379228677,-0.00257973727
224.833333,0.0378368765,-0.00258065935
224.866667,0.0377508545,-0.00258166977
224.9,0.0376647988,-0.00258247715
224.933333,0.0375787162,-0.00258330324
224.966667,0.0374926061,-0.00258415701
225,0.0374064676,-0.00258538467
225.033333,0.0373202881,-0.00258625079
225.066667,0.0372340797,-0.00258705672
225.1,0.0371478445,-0.00258786243
225.133333,0.0370615824,-0.00258875027
225.166667,0.0369752907,-0.00258978888
225.2,0.0368889644,-0.00259059373
225.233333,0.0368026113,-0.00259142947
225.266667,0.0367162303,-0.00259230019
225.3,0.0366298203,-0.00259346079
225.333333,0.0365433716,-0.00259435548
225.366667,0.0364568931,-0.00259515887
225.4,0.0363703878,-0.00259596204
225.433333,0.0362838558,-0.00259681583
225.466667,0.0361972952,-0.00259788242
225.5,0.0361106991,-0.00259868472
225.533333,0.0360240763,-0.00259953169
225.566667,0.0359374253,-0.00260041593
225.6,0.0358507447,-0.0026015115
225.633333,0.0357640277,-0.00260243456
225.666667,0.0356772799,-0.00260323539
225.7,0.0355905054,-0.00260403602
225.733333,0.0355037042,-0.00260485595
225.766667,0.0354168756,-0.00260595031
225.8,0.0353300106,-0.00260675006
225.833333,0.0352431189,-0.00260760978
225.866667,0.0351561986,-0.00260850416
225.9,0.0350692485,-0.00260953673
225.933333,0.0349822639,-0.00261048794
225.966667,0.0348952477,-0.00261128622
226,0.0348082048,-0.00261208428
226.033333,0.0347211353,-0.00261288215
226.066667,0.0346340392,-0.00261398088
226.1,0.0345469065,-0.00261478966
226.133333,0.0344597469,-0.00261566366
226.166667,0.0343725581,-0.00261656482
226.2,0.0342853393,-0.00261753638
226.233333,0.0341980881,-0.00261851555
226.266667,0.0341108042,-0.00261931125
226.3,0.0340234938,-0.00262010676
226.333333,0.0339361569,-0.00262090205
226.366667,0.0338487935,-0.00262196632
226.4,0.0337613947,-0.00262280344
226.433333,0.0336739679,-0.00262369323
226.466667,0.0335865114,-0.00262459785
226.5,0.0334990248,-0.00262551039
226.533333,0.0334115078,-0.0026265173
226.566667,0.0333239572,-0.00262731043
226.6,0.0332363802,-0.00262810336
226.633333,0.0331487768,-0.00262889608
226.666667,0.0330611469,-0.00262992606
226.7,0.0329734827,-0.00263079371
226.733333,0.0328857896,-0.00263169837
226.766667,0.0327980663,-0.00263260082
226.8,0.032710313,-0.00263345868
226.833333,0.032622531,-0.00263449311
226.866667,0.0325347146,-0.00263528367
226.9,0.0324468718,-0.00263607401
226.933333,0.0323590026,-0.00263686415
226.966667,0.0322711072,-0.00263786005
227,0.0321831785,-0.00263877916
227.033333,0.0320952192,-0.00263967708
227.066667,0.03200723,-0.00264055679
227.1,0.0319192114,-0.00264138116
227.133333,0.0318311654,-0.00264244292
227.166667,0.0317430839,-0.00264323088
227.2,0.0316549762,-0.00264401864
227.233333,0.0315668423,-0.00264480619
227.266667,0.0314786821,-0.00264576818
227.3,0.0313904898,-0.00264674002
227.333333,0.0313022651,-0.00264762798
227.366667,0.0312140109,-0.0026484867
227.4,0.031125728,-0.00264927777
227.433333,0.0310374187,-0.00265036663
227.466667,0.0309490732,-0.002651152
227.5,0.0308607014,-0.00265193716
227.533333,0.0307723035,-0.00265272211
227.566667,0.0306838795,-0.0026536504
227.6,0.0305954244,-0.00265467619
227.633333,0.0305069352,-0.00265555101
227.666667,0.0304184169,-0.00265639045
227.7,0.0303298705,-0.0026571739
227.733333,0.0302412981,-0.00265823868
227.766667,0.0301526901,-0.00265904694
227.8,0.0300640552,-0.00265982949
227.833333,0.0299753942,-0.00266061183
227.866667,0.0298867072,-0.00266150661
227.9,0.0297979903,-0.00266258756
227.933333,0.0297092374,-0.00266344612
227.966667,0.0296204558,-0.00266426797
228,0.0295316469,-0.00266504882
228.033333,0.0294428119,-0.00266607968
228.066667,0.0293539426,-0.00266691562
228.1,0.0292650454,-0.00266769556
228.133333,0.0291761222,-0.00266847529
228.166667,0.0290871731,-0.00266933675
228.2,0.0289981952,-0.00267047405
228.233333,0.0289091794,-0.00267131323
228.266667,0.0288201356,-0.00267211919
228.3,0.0287310649,-0.00267289741
228.333333,0.0286419684,-0.00267389455
228.366667,0.0285528385,-0.00267475797
228.4,0.0284636799,-0.00267553529
228.433333,0.0283744954,-0.0026763124
228.466667,0.028285285,-0.00267714073
228.5,0.028196047,-0.00267833557
228.533333,0.0281067691,-0.00267915229
228.566667,0.0280174641,-0.00267994402
228.6,0.0279281326,-0.00268071962
228.633333,0.0278387753,-0.00268168323
228.666667,0.0277493858,-0.00268257391
228.7,0.0276599667,-0.00268334861
228.733333,0.0275705218,-0.00268412309
228.766667,0.027481051,-0.00268491848
228.8,0.0273915537,-0.00268617201
228.833333,0.0273020146,-0.00268696323
228.866667,0.0272124492,-0.00268774239
228.9,0.0271228578,-0.00268851536
228.933333,0.0270332406,-0.00268944563
228.966667,0.0269435924,-0.00269036337
229,0.0268539136,-0.00269113542
229.033333,0.0267642091,-0.00269190971
229.066667,0.0266744788,-0.0026926891
229.1,0.0265847225,-0.00269396397
229.133333,0.0264949237,-0.00269474369
229.166667,0.0264050989,-0.00269551423
229.2,0.0263152484,-0.00269628455
229.233333,0.0262253723,-0.00269718168
229.266667,0.0261354662,-0.00269812626
229.3,0.0260455287,-0.00269889567
229.333333,0.0259555655,-0.00269967649
229.366667,0.0258655763,-0.00270047704
229.4,0.0257755604,-0.0027016846
229.433333,0.0256855042,-0.00270249156
229.466667,0.0255954212,-0.00270325945
229.5,0.0255053125,-0.00270402712
229.533333,0.0254151783,-0.0027048913
229.566667,0.0253250152,-0.00270586251
229.6,0.0252348198,-0.00270662927
229.633333,0.0251445989,-0.00270741812
229.666667,0.0250543516,-0.00270823651
229.7,0.024964077,-0.00270937876
229.733333,0.0248737644,-0.00271021274
229.766667,0.024783424,-0.00271097797
229.8,0.024693058,-0.00271174299
229.833333,0.0246026666,-0.00271257442
229.866667,0.0245122475,-0.00271357204
229.9,0.0244217951,-0.00271433614
229.933333,0.0243313172,-0.0027151345
229.966667,0.0242408127,-0.00271596747
230,0.0241502805,-0.00271704637
230.033333,0.0240597122,-0.00271790716
230.066667,0.0239691153,-0.00271866973
230.1,0.023878493,-0.00271943209
230.133333,0.0237878453,-0.00272023097
230.166667,0.0236971709,-0.00272125478
230.2,0.0236064624,-0.00272201622
230.233333,0.0235157286,-0.00272282554
230.266667,0.0234249677,-0.00272366984
230.3,0.0233341787,-0.00272468736
230.333333,0.0232433558,-0.00272557475
230.366667,0.0231525033,-0.00272633465
230.4,0.0230616255,-0.00272709433
230.433333,0.0229707223,-0.00272786086
230.466667,0.0228797936,-0.00272891065
230.5,0.02278883,-0.00272966941
230.533333,0.022697841,-0.00273049116
230.566667,0.0226068246,-0.00273134358
230.6,0.0225157798,-0.00273230165
230.633333,0.0224247031,-0.00273321542
230.666667,0.0223335959,-0.00273397264
230.7,0.0222424635,-0.00273472965
230.733333,0.0221513058,-0.00273548644
230.766667,0.022060123,-0.00273651716
230.8,0.0219689057,-0.00273729566
230.833333,0.0218776625,-0.00273813125
230.866667,0.0217863915,-0.0027389886
230.9,0.0216950919,-0.00273988917
230.933333,0.0216037622,-0.00274082911
230.966667,0.0215124013,-0.00274158364
231,0.0214210151,-0.00274233796
231.033333,0.0213296039,-0.00274309207
231.066667,0.0212381675,-0.0027440898
231.1,0.0211466978,-0.00274489487
231.133333,0.0210552013,-0.00274574573
231.166667,0.0209636765,-0.00274660487
231.2,0.020872123,-0.00274744985
231.233333,0.0207805413,-0.00274841573
231.266667,0.0206889274,-0.00274916758
231.3,0.0205972885,-0.0027499192
231.333333,0.0205056245,-0.00275067061
231.366667,0.0204139355,-0.00275163555
231.4,0.0203222143,-0.00275247775
231.433333,0.0202304651,-0.00275333413
231.466667,0.0201386873,-0.00275418193
231.5,0.0200468812,-0.00275498361
231.533333,0.0199550484,-0.00275597522
231.566667,0.0198631826,-0.00275672436
231.6,0.0197712918,-0.00275747329
231.633333,0.019679376,-0.002758222
231.666667,0.0195874353,-0.00275915434
231.7,0.0194954635,-0.00276004556
231.733333,0.0194034619,-0.00276089406
231.766667,0.0193114321,-0.00276172066
231.8,0.0192193748,-0.00276249038
231.833333,0.0191272918,-0.00276350749
231.866667,0.0190351748,-0.00276425393
231.9,0.018943033,-0.00276500015
231.933333,0.0188508664,-0.00276574614
231.966667,0.0187586748,-0.00276664611
232,0.0186664533,-0.00276758748
232.033333,0.0185742004,-0.00276842508
232.066667,0.0184819196,-0.00276923212
232.1,0.0183896118,-0.00276997656
232.133333,0.0182972793,-0.002771006
232.166667,0.0182049124,-0.0027717562
232.2,0.0181125205,-0.0027724997
232.233333,0.0180201039,-0.00277324299
232.266667,0.0179276624,-0.00277411076
232.3,0.0178351921,-0.00277510341
232.333333,0.0177426886,-0.00277592712
232.366667,0.0176501577,-0.00277671624
232.4,0.0175576005,-0.00277745796
232.433333,0.0174650186,-0.00277845479
232.466667,0.0173724034,-0.00277923111
232.5,0.0172797624,-0.00277997189
232.533333,0.0171870967,-0.00278071244
232.566667,0.0170944062,-0.00278154823
232.6,0.017001688,-0.00278259326
232.633333,0.0169089349,-0.00278340013
232.666667,0.0168161549,-0.00278417294
232.7,0.0167233491,-0.00278491193
232.733333,0.0166305187,-0.00278587636
232.766667,0.0165376561,-0.00278667857
232.8,0.0164447669,-0.00278741662
232.833333,0.016351853,-0.00278815445
232.866667,0.0162589145,-0.00278895845
232.9,0.0161659492,-0.00279005695
232.933333,0.0160729473,-0.00279084405
232.966667,0.0159799192,-0.00279160216
233,0.0158868658,-0.00279233841
233.033333,0.0157937878,-0.00279327063
233.066667,0.0157006788,-0.00279409852
233.1,0.0156075422,-0.00279483383
233.133333,0.0155143811,-0.00279556892
233.166667,0.0154211954,-0.00279634135
233.2,0.015327984,-0.00279749439
233.233333,0.0152347342,-0.00279825882
233.266667,0.0151414589,-0.00279885543
233.3,0.0150481638,-0.00279982807
233.333333,0.0149548362,-0.00280074466
233.366667,0.014861478,-0.00280147746
233.4,0.0147680954,-0.00280221004
233.433333,0.0146746884,-0.0028029424
233.466667,0.014581257,-0.00280390764
233.5,0.0144877934,-0.00280469316
233.533333,0.0143943036,-0.00280552184
233.566667,0.0143007863,-0.00280635653
233.6,0.014207241,-0.00280717056
233.633333,0.0141136687,-0.00280811216
233.666667,0.0140200649,-0.0028088422
233.7,0.0139264369,-0.00280957203
233.733333,0.0138327845,-0.00281030164
233.766667,0.0137391077,-0.00281123487
233.8,0.0136453999,-0.0028120591
233.833333,0.0135516646,-0.00281289013
233.866667,0.0134579016,-0.00281371088
233.9,0.0133641112,-0.00281448553
233.933333,0.0132702951,-0.00281545192
233.966667,0.0131764467,-0.00281617921
234,0.013082574,-0.00281690628
234.033333,0.0129886771,-0.00281763313
234.066667,0.012894756,-0.00281853456
234.1,0.0128008049,-0.00281940638
234.133333,0.0127068247,-0.00282022923
234.166667,0.012612817,-0.00282102944
234.2,0.0125187827,-0.00282177294
234.233333,0.0124247236,-0.00282276389
234.266667,0.0123306315,-0.00282348841
234.3,0.0122365152,-0.00282421272
234.333333,0.0121423748,-0.00282493679
234.366667,0.0120482102,-0.00282580664
234.4,0.0119540167,-0.00282672714
234.433333,0.0118597924,-0.00282753887
234.466667,0.0117655411,-0.00282832015
234.5,0.0116712638,-0.00282904264
234.533333,0.0115769624,-0.00283003804
234.566667,0.0114826278,-0.00283076974
234.6,0.0113882688,-0.00283149127
234.633333,0.0112938858,-0.00283221257
234.666667,0.0111994787,-0.00283305102
234.7,0.0111050436,-0.00283402128
234.733333,0.0110105763,-0.002834819
234.766667,0.0109160823,-0.00283558293
234.8,0.0108215629,-0.00283630264
234.833333,0.0107270194,-0.00283726623
234.866667,0.0106324439,-0.00283802311
234.9,0.0105378431,-0.00283874186
234.933333,0.0104432184,-0.00283946038
234.966667,0.0103485697,-0.00284026765
235,0.0102538941,-0.00284128871
235.033333,0.0101591845,-0.00284206955
235.066667,0.0100644489,-0.00284281772
235.1,0.00996968826,-0.00284353464
235.133333,0.00987490377,-0.00284446662
235.166667,0.00978008822,-0.00284524846
235.2,0.00968524661,-0.00284596442
235.233333,0.00959038112,-0.00284668015
235.266667,0.00949549179,-0.00284745645
235.3,0.00940057657,-0.00284852934
235.333333,0.00930562559,-0.00284929048
235.366667,0.00921064924,-0.00285002443
235.4,0.00911564843,-0.00285073856
235.433333,0.00902062381,-0.00285163913
235.466667,0.00892556917,-0.00285244572
235.5,0.00883048765,-0.00285315888
235.533333,0.00873538235,-0.00285387182
235.566667,0.00864025329,-0.00285461735
235.6,0.00854509938,-0.00285574309
235.633333,0.00844990794,-0.00285648173
235.666667,0.00835469189,-0.002857203
235.7,0.00825945179,-0.00285791433
235.733333,0.00816418798,-0.00285878371
235.766667,0.00806889519,-0.00285961481
235.8,0.00797357469,-0.00286032517
235.833333,0.00787823052,-0.00286103531
235.866667,0.00778286268,-0.00286175029
235.9,0.007687471,-0.00286292986
235.933333,0.00759204,-0.00286364325
235.966667,0.00749658523,-0.00286435336
236,0.00740110678,-0.00286506189
236.033333,0.00730560472,-0.00286590028
236.066667,0.00721007471,-0.00286675567
236.1,0.00711451619,-0.00286746322
236.133333,0.00701893408,-0.00286817698
236.166667,0.00692332818,-0.00286890288
236.2,0.00682769809,-0.0028700409
236.233333,0.00673203006,-0.00287076951
236.266667,0.00663633774,-0.00287147544
236.3,0.00654062189,-0.00287218115
236.333333,0.00644488252,-0.00287298877
236.366667,0.00634911623,-0.00287386822
236.4,0.00625332062,-0.00287457295
236.433333,0.00615750152,-0.00287529302
236.466667,0.00606165842,-0.00287603637
236.5,0.00596579054,-0.00287711295
236.533333,0.00586988678,-0.00287786606
236.566667,0.00577395791,-0.00287856917
236.6,0.0056780056,-0.00287927206
236.633333,0.00558202987,-0.00288004911
236.666667,0.00548602823,-0.0028809524
236.7,0.00538999648,-0.00288165431
236.733333,0.00529394134,-0.00288238204
236.766667,0.00519786194,-0.00288313979
236.8,0.00510175728,-0.00288415683
236.833333,0.00500561872,-0.00288493419
236.866667,0.00490945425,-0.00288563448
236.9,0.00481326643,-0.00288633454
236.933333,0.00471705528,-0.00288708123
236.966667,0.00462081924,-0.00288800812
237,0.0045245523,-0.00288870721
237.033333,0.00442826206,-0.00288944395
237.066667,0.00433194726,-0.00289021308
237.1,0.00423560682,-0.00289117244
237.133333,0.00413923441,-0.00289197384
237.166667,0.00404283528,-0.00289267129
237.2,0.00394641291,-0.00289336851
237.233333,0.00384996729,-0.00289408506
237.266667,0.00375349779,-0.00289503534
237.3,0.00365699661,-0.00289573158
237.333333,0.00356047222,-0.00289647865
237.366667,0.00346392293,-0.0028972562
237.4,0.00336734773,-0.00289815972
237.433333,0.0032707424,-0.00289898493
237.466667,0.00317410957,-0.00289967954
237.5,0.00307745359,-0.00290037392
237.533333,0.00298077446,-0.00290106808
237.566667,0.00288407219,-0.00290202643
237.6,0.00278733797,-0.00290272737
237.633333,0.00269058039,-0.00290348606
237.666667,0.00259379753,-0.00290426909
237.7,0.00249698856,-0.00290511861
237.733333,0.00240015127,-0.0029059674
237.766667,0.00230328569,-0.00290665916
237.8,0.00220639705,-0.00290735069
237.833333,0.00210948536,-0.002908042
237.866667,0.00201255063,-0.00290896954
237.9,0.00191558498,-0.00290969449
237.933333,0.00181859516,-0.00291046609
237.966667,0.00172157962,-0.0029112517
238,0.0016245379,-0.00291204904
238.033333,0.0015274696,-0.00291292117
238.066667,0.00143037223,-0.00291361008
238.1,0.00133325189,-0.00291429876
238.133333,0.0012361086,-0.00291498721
238.166667,0.00113894236,-0.00291588415
238.2,0.00104174622,-0.00291663309
238.233333,0.000944525117,-0.00291741866
238.266667,0.000847277829,-0.00291820377
238.3,0.00075000437,-0.00291895093
238.333333,0.000652706005,-0.00291984618
238.366667,0.000555377799,-0.00292053223
238.4,0.000458026725,-0.00292121805
238.433333,0.00036065279,-0.00292190363
238.466667,0.000263256002,-0.00292277018
238.5,0.000165830329,-0.00292356298
238.533333,6.83782298e-005,-0.00292434225
238.566667,-2.90998452e-005,-0.0029251068
238.6,-0.000126603405,-0.00292582422
238.633333,-0.000224130879,-0.00292674237
238.666667,-0.000321688958,-0.00292742555
238.7,-0.00041926981,-0.00292810849
238.733333,-0.000516873426,-0.00292879121
238.766667,-0.0006144998,-0.00292962758
238.8,-0.000712154053,-0.00293046524
238.833333,-0.000809836227,-0.00293123542
238.866667,-0.000907544074,-0.00293198094
238.9,-0.00100527677,-0.00293266885
238.933333,-0.0011030324,-0.00293360965
238.966667,-0.00120081939,-0.00293428996
239,-0.00129862905,-0.00293497003
239.033333,-0.00139646139,-0.00293564987
239.066667,-0.00149431638,-0.00293645628
239.1,-0.00159219826,-0.00293733976
239.133333,-0.00169010959,-0.00293809813
239.166667,-0.00178804619,-0.00293882613
239.2,-0.00188600706,-0.00293950431
239.233333,-0.00198399054,-0.00294042841
239.266667,-0.00208200482,-0.00294112539
239.3,-0.00218004233,-0.00294180258
239.333333,-0.00227810242,-0.00294247954
239.366667,-0.00237618507,-0.0029432562
239.4,-0.00247429361,-0.00294418648
239.433333,-0.00257243316,-0.00294493032
239.466667,-0.0026705975,-0.0029456423
239.5,-0.00276878558,-0.0029463176
239.533333,-0.00286699616,-0.0029472115
239.566667,-0.00296523655,-0.00294793179
239.6,-0.00306350094,-0.00294860609
239.633333,-0.00316178781,-0.00294928016
239.666667,-0.00326009715,-0.00295002729
239.7,-0.00335843139,-0.00295100529
239.733333,-0.00345679824,-0.00295173194
239.766667,-0.0035551893,-0.00295242938
239.8,-0.00365360361,-0.00295310179
239.833333,-0.00375204034,-0.00295396572
239.866667,-0.00385050586,-0.00295470908
239.9,-0.00394899617,-0.00295538049
239.933333,-0.00404750885,-0.00295605166
239.966667,-0.0041460439,-0.00295676947
240,-0.00424460289,-0.00295779612
240.033333,-0.00434319609,-0.00295850295
240.066667,-0.00444181286,-0.00295918732
240.1,-0.00454045243,-0.00295985682
240.133333,-0.00463911433,-0.00296069099
240.166667,-0.00473780403,-0.0029614572
240.2,-0.00483651927,-0.0029621257
240.233333,-0.00493525679,-0.00296279397
240.266667,-0.00503401659,-0.00296348269
240.3,-0.00513279935,-0.00296455887
240.333333,-0.00523161797,-0.00296524329
240.366667,-0.00533045942,-0.00296591604
240.4,-0.00542932329,-0.00296658264
240.433333,-0.00552820937,-0.00296738726
240.466667,-0.00562712228,-0.00296817607
240.5,-0.00572606148,-0.00296884167
240.533333,-0.00582502287,-0.00296950845
240.566667,-0.00592400649,-0.00297017817
240.6,-0.00602301243,-0.00297128212
240.633333,-0.00612205516,-0.00297195155
240.666667,-0.00622112022,-0.00297261547
240.7,-0.0063202074,-0.00297327915
240.733333,-0.0064193167,-0.00297405445
240.766667,-0.00651845185,-0.00297486564
240.8,-0.00661761404,-0.00297552832
240.833333,-0.00671679832,-0.00297619996
240.866667,-0.00681600498,-0.00297688751
240.9,-0.00691523457,-0.0029779323
240.933333,-0.00701449898,-0.00297862455
240.966667,-0.00711378646,-0.00297928555
241,-0.00721309598,-0.00297994632
241.033333,-0.00731242752,-0.0029806925
241.066667,-0.00741178394,-0.00298152583
241.1,-0.00751116813,-0.00298218559
241.133333,-0.00761057432,-0.00298286336
241.166667,-0.0077100031,-0.00298356587
241.2,-0.0078094553,-0.00298455331
241.233333,-0.00790894041,-0.00298526814
241.266667,-0.00800844934,-0.00298592622
241.3,-0.00810798022,-0.00298658405
241.333333,-0.00820753302,-0.00298730135
241.366667,-0.00830710973,-0.00298815659
241.4,-0.00840671495,-0.00298881342
241.433333,-0.00850634206,-0.00298949857
241.466667,-0.00860599202,-0.00299021317
241.5,-0.00870566579,-0.00299114507
241.533333,-0.00880537063,-0.00299188226
241.566667,-0.00890510003,-0.0029925374
241.6,-0.00900485128,-0.0029931923
241.633333,-0.00910462436,-0.00299388093
241.666667,-0.00920442039,-0.00299475784
241.7,-0.00930424565,-0.00299541173
241.733333,-0.00940409271,-0.00299610551
241.766667,-0.00950396289,-0.00299682939
241.8,-0.0096038572,-0.00299770753
241.833333,-0.00970378079,-0.00299846683
241.866667,-0.00980372968,-0.00299911903
241.9,-0.00990370032,-0.002999771
241.933333,-0.0100036927,-0.00300043118
241.966667,-0.0101037071,-0.00300132952
242,-0.0102037514,-0.00300198047
242.033333,-0.0103038174,-0.00300268409
242.066667,-0.0104039069,-0.00300341447
242.1,-0.0105040207,-0.00300424062
242.133333,-0.010604162,-0.00300502179
242.166667,-0.0107043294,-0.00300567105
242.2,-0.0108045185,-0.00300632007
242.233333,-0.0109047291,-0.00300696885
242.266667,-0.0110049614,-0.00300785474
242.3,-0.0111052232,-0.00300851957
242.333333,-0.0112055072,-0.00300923423
242.366667,-0.011305815,-0.00300996836
242.4,-0.0114061473,-0.00301074427
242.433333,-0.0115065055,-0.00301154709
242.466667,-0.0116068904,-0.0030121934
242.5,-0.0117072968,-0.00301283946
242.533333,-0.0118077248,-0.00301348529
242.566667,-0.0119081743,-0.00301434204
242.6,-0.0120086524,-0.00301502896
242.633333,-0.0121091533,-0.00301575585
242.666667,-0.0122096785,-0.00301649101
242.7,-0.0123102282,-0.00301721843
242.733333,-0.0124108022,-0.00301804265
242.766667,-0.0125114036,-0.003018686
242.8,-0.0126120265,-0.00301932911
242.833333,-0.0127126708,-0.00301997198
242.866667,-0.0128133365,-0.0030207998
242.9,-0.0129140298,-0.003021516
242.933333,-0.013014747,-0.00302224865
242.966667,-0.0131154887,-0.00302297519
243,-0.0132162545,-0.00302366302
243.033333,-0.0133170433,-0.00302450841
243.066667,-0.0134178602,-0.00302514879
243.1,-0.0135186985,-0.00302578894
243.133333,-0.0136195581,-0.00302642884
243.166667,-0.0137204391,-0.00302722796
243.2,-0.0138213467,-0.00302798521
243.233333,-0.0139222795,-0.00302871062
243.266667,-0.0140232365,-0.00302941817
243.3,-0.0141242172,-0.00303007798
243.333333,-0.0142252198,-0.00303094431
243.366667,-0.0143262512,-0.00303158172
243.4,-0.014427304,-0.00303221889
243.433333,-0.0145283779,-0.00303285583
243.466667,-0.0146294731,-0.00303362647
243.5,-0.014730594,-0.00303442563
243.533333,-0.0148317415,-0.00303514124
243.566667,-0.0149329129,-0.00303583123
243.6,-0.0150341073,-0.00303646646
243.633333,-0.0151353228,-0.00303734708
243.666667,-0.0152365677,-0.00303798471
243.7,-0.0153378339,-0.00303861891
243.733333,-0.0154391212,-0.00303925286
243.766667,-0.0155404296,-0.00303999525
243.8,-0.0156417628,-0.0030408372
243.833333,-0.015743124,-0.00304154046
243.866667,-0.0158445087,-0.00304221433
243.9,-0.0159459158,-0.00304284657
243.933333,-0.0160473441,-0.00304369848
243.966667,-0.0161488007,-0.00304435771
244,-0.0162502793,-0.00304498892
244.033333,-0.0163517789,-0.00304561989
244.066667,-0.0164532996,-0.00304633425
244.1,-0.016554844,-0.00304721983
244.133333,-0.016656418,-0.00304790824
244.166667,-0.016758015,-0.00304856738
244.2,-0.0168596339,-0.00304919663
244.233333,-0.0169612738,-0.00305002005
244.266667,-0.0170629411,-0.00305070065
244.3,-0.0171646311,-0.00305132887
244.333333,-0.0172663421,-0.00305195685
244.366667,-0.017368074,-0.0030526434
244.4,-0.0174698288,-0.00305357344
244.433333,-0.0175716145,-0.00305424453
244.466667,-0.0176734227,-0.00305489033
244.5,-0.0177752524,-0.00305551659
244.533333,-0.0178771029,-0.00305631175
244.566667,-0.01797898,-0.00305701346
244.6,-0.0180808804,-0.00305763869
244.633333,-0.0181828017,-0.00305826367
244.666667,-0.0182847438,-0.00305892264
244.7,-0.0183867079,-0.00305989794
244.733333,-0.0184887045,-0.00306054929
244.766667,-0.0185907228,-0.00306118312
244.8,-0.0186927623,-0.00306180638
244.833333,-0.0187948225,-0.00306257349
244.866667,-0.0188969083,-0.00306329609
244.9,-0.0189990181,-0.00306391831
244.933333,-0.0191011488,-0.00306454029
244.966667,-0.0192033001,-0.00306517191
245,-0.0193054725,-0.00306619325
245.033333,-0.0194076789,-0.00306682247
245.066667,-0.0195099064,-0.00306744569
245.1,-0.0196121545,-0.00306806594
245.133333,-0.0197144234,-0.00306880523
245.166667,-0.0198167169,-0.00306954848
245.2,-0.0199190352,-0.00307016769
245.233333,-0.0200213741,-0.00307079066
245.266667,-0.0201237338,-0.00307142148
245.3,-0.0202261145,-0.00307242852
245.333333,-0.0203285288,-0.00307306048
245.366667,-0.0204309642,-0.00307367796
245.4,-0.0205334201,-0.0030742952
245.433333,-0.0206358966,-0.0030750069
245.466667,-0.0207383968,-0.00307577055
245.5,-0.0208409225,-0.00307638675
245.533333,-0.0209434687,-0.0030770144
245.566667,-0.0210460359,-0.00307766049
245.6,-0.0211486246,-0.0030786126
245.633333,-0.021251245,-0.00307926543
245.666667,-0.0213538872,-0.00307987989
245.7,-0.0214565498,-0.00308049411
245.733333,-0.021559233,-0.00308117845
245.766667,-0.0216619389,-0.00308196226
245.8,-0.021764671,-0.00308257544
245.833333,-0.0218674235,-0.00308320894
245.866667,-0.0219701971,-0.0030838676
245.9,-0.0220729927,-0.00308476652
245.933333,-0.0221758183,-0.00308543997
245.966667,-0.0222786663,-0.00308605141
246,-0.0223815347,-0.00308666261
246.033333,-0.0224844234,-0.0030873198
246.066667,-0.0225873341,-0.00308812353
246.1,-0.0226902715,-0.00308873369
246.133333,-0.0227932293,-0.0030893742
246.166667,-0.0228962084,-0.00309004277
246.2,-0.0229992099,-0.00309089022
246.233333,-0.0231022395,-0.00309158405
246.266667,-0.0232052924,-0.00309219246
246.3,-0.0233083654,-0.00309280062
246.333333,-0.0234114588,-0.00309343091
246.366667,-0.0235145732,-0.00309425432
246.4,-0.023617715,-0.00309486144
246.433333,-0.023720877,-0.0030955101
246.466667,-0.0238240607,-0.00309618596
246.5,-0.0239272669,-0.00309698364
246.533333,-0.0240304997,-0.0030976976
246.566667,-0.0241337563,-0.00309830297
246.6,-0.024237033,-0.0030989081
246.633333,-0.02434033,-0.00309951298
246.666667,-0.0244436471,-0.00310035327
246.7,-0.0245469922,-0.00310095863
246.733333,-0.0246503575,-0.00310161655
246.766667,-0.0247537447,-0.00310229711
246.8,-0.0248571546,-0.00310304671
246.833333,-0.0249605895,-0.00310378056
246.866667,-0.0250640488,-0.00310438289
246.9,-0.0251675282,-0.00310498498
246.933333,-0.0252710277,-0.00310558682
246.966667,-0.0253745473,-0.00310639948
247,-0.025478094,-0.00310702521
247.033333,-0.0255816615,-0.00310769348
247.066667,-0.0256852512,-0.0031083762
247.1,-0.0257888638,-0.00310907937
247.133333,-0.0258924998,-0.00310983288
247.166667,-0.0259961609,-0.00311043216
247.2,-0.0260998419,-0.0031110312
247.233333,-0.026203543,-0.00311162999
247.266667,-0.026307264,-0.00311241526
247.3,-0.0264110111,-0.0031130611
247.333333,-0.0265147798,-0.0031137408
247.366667,-0.0266185712,-0.00311442318
247.4,-0.0267223853,-0.00311508158
247.433333,-0.0268262214,-0.0031158545
247.466667,-0.0269300832,-0.00311645072
247.5,-0.0270339649,-0.00311704671
247.533333,-0.0271378664,-0.00311764244
247.566667,-0.0272417878,-0.00311840054
247.6,-0.0273457345,-0.00311908
247.633333,-0.0274497039,-0.0031197577
247.666667,-0.0275536958,-0.00312042502
247.7,-0.02765771,-0.00312105326
247.733333,-0.0277617451,-0.00312184534
247.766667,-0.0278658066,-0.00312243851
247.8,-0.0279698879,-0.00312303143
247.833333,-0.0280739889,-0.00312362411
247.866667,-0.0281781097,-0.00312435527
247.9,-0.0282822549,-0.00312507278
247.933333,-0.028386424,-0.00312574248
247.966667,-0.0284906154,-0.00312639235
248,-0.0285948285,-0.00312699437
248.033333,-0.0286990616,-0.00312780537
248.066667,-0.0288033218,-0.00312839547
248.1,-0.0289076016,-0.00312898532
248.133333,-0.0290119012,-0.00312957493
248.166667,-0.0291162203,-0.00313027938
248.2,-0.029220563,-0.0031310357
248.233333,-0.0293249308,-0.00313169504
248.266667,-0.0294293207,-0.00313232882
248.3,-0.0295337316,-0.00313291666
248.333333,-0.0296381622,-0.00313372268
248.366667,-0.0297426196,-0.00313432154
248.4,-0.029847097,-0.00313490832
248.433333,-0.0299515939,-0.00313549485
248.466667,-0.0300561104,-0.00313617283
248.5,-0.0301606495,-0.00313696871
248.533333,-0.0302652151,-0.00313761536
248.566667,-0.0303698023,-0.00313823435
248.6,-0.0304744101,-0.00313881912
248.633333,-0.0305790374,-0.00313959819
248.666667,-0.0306836907,-0.00314021666
248.7,-0.0307883646,-0.00314080036
248.733333,-0.0308930579,-0.00314138382
248.766667,-0.0309977707,-0.00314203555
248.8,-0.0311025053,-0.00314287172
248.833333,-0.0312072676,-0.00314350338
248.866667,-0.0313120511,-0.0031441089
248.9,-0.0314168547,-0.00314469059
248.933333,-0.0315216777,-0.00314544294
248.966667,-0.0316265258,-0.00314608077
249,-0.0317313952,-0.00314666139
249.033333,-0.0318362839,-0.00314724176
249.066667,-0.031941192,-0.00314786748
249.1,-0.0320461209,-0.00314874465
249.133333,-0.032151079,-0.00314935906
249.166667,-0.0322560577,-0.00314995241
249.2,-0.0323610561,-0.003150531
249.233333,-0.0324660738,-0.00315125687
249.266667,-0.0325711157,-0.00315191382
249.3,-0.0326761795,-0.00315249135
249.333333,-0.0327812625,-0.00315306863
249.366667,-0.0328863648,-0.00315366857
249.4,-0.0329914871,-0.00315458743
249.433333,-0.03309664,-0.00315518237
249.466667,-0.0332018128,-0.00315576481
249.5,-0.0333070049,-0.00315634031
249.533333,-0.0334122163,-0.00315703992
249.566667,-0.0335174509,-0.00315771575
249.6,-0.0336227081,-0.00315829019
249.633333,-0.0337279845,-0.00315886437
249.666667,-0.0338332799,-0.00315943876
249.7,-0.0339385946,-0.00316039997
249.733333,-0.0340439412,-0.00316097328
249.766667,-0.034149307,-0.00316154605
249.8,-0.0342546919,-0.00316211846
249.833333,-0.0343600958,-0.00316279205
249.866667,-0.0344655222,-0.0031634865
249.9,-0.0345709718,-0.00316405783
249.933333,-0.0346764404,-0.00316463524
249.966667,-0.0347819282,-0.0031652241
250,-0.0348874357,-0.00316613498
250.033333,-0.0349929735,-0.00316672653
250.066667,-0.0350985311,-0.00316729608
250.1,-0.0352041076,-0.00316786538
250.133333,-0.0353097031,-0.00316851318
250.166667,-0.0354153202,-0.00316922602
250.2,-0.0355209611,-0.00316979424
250.233333,-0.0356266209,-0.00317037608
250.266667,-0.0357323001,-0.00317097774
250.3,-0.0358379994,-0.003171838
250.333333,-0.0359437273,-0.00317244839
250.366667,-0.0360494756,-0.00317301483
250.4,-0.0361552427,-0.00317358102
250.433333,-0.0362610288,-0.00317420327
250.466667,-0.0363668355,-0.00317493424
250.5,-0.0364726667,-0.00317549935
250.533333,-0.0365785167,-0.00317608668
250.566667,-0.0366843862,-0.00317669865
250.6,-0.0367902762,-0.00317750993
250.633333,-0.0368961932,-0.00317813893
250.666667,-0.0370021311,-0.00317870226
250.7,-0.0371080879,-0.00317926533
250.733333,-0.0372140634,-0.00317986226
250.766667,-0.0373200588,-0.00318061111
250.8,-0.0374260792,-0.00318117311
250.833333,-0.0375321183,-0.00318176697
250.866667,-0.0376381772,-0.0031823868
250.9,-0.0377442567,-0.00318315073
250.933333,-0.0378503617,-0.00318379809
250.966667,-0.0379564883,-0.00318435829
251,-0.0380626336,-0.00318491825
251.033333,-0.0381687976,-0.00318549009
251.066667,-0.0382749806,-0.00318625658
251.1,-0.0383811891,-0.00318677486
251.133333,-0.038487415,-0.00318745748
251.166667,-0.0385936635,-0.00318803035
251.2,-0.0386999312,-0.00318875766
251.233333,-0.0388062231,-0.00318933457
251.266667,-0.0389125343,-0.00318981304
251.3,-0.0390188614,-0.0031907659
251.333333,-0.0391252203,-0.00319114326
251.366667,-0.0392315917,-0.0031918117
251.4,-0.0393379854,-0.0031924696
251.433333,-0.0394444011,-0.00319316256
251.466667,-0.0395508398,-0.00319370731
251.5,-0.0396572967,-0.00319425184
251.533333,-0.0397637718,-0.00319490115
251.566667,-0.0398702685,-0.00319560536
251.6,-0.0399767887,-0.00319614879
251.633333,-0.040083327,-0.003196692
251.666667,-0.0401898834,-0.00319732685
251.7,-0.0402964609,-0.00319807822
251.733333,-0.0404030635,-0.00319870515
251.766667,-0.040509687,-0.00319923293
251.8,-0.0406163281,-0.00319982774
251.833333,-0.0407229891,-0.00320054019
251.866667,-0.0408296737,-0.00320114372
251.9,-0.0409363785,-0.00320165282
251.933333,-0.0410431003,-0.00320231572
251.966667,-0.0411498441,-0.00320302601
252,-0.0412566117,-0.00320360546
252.033333,-0.0413633985,-0.00320406943
252.066667,-0.0414702008,-0.00320486031
252.1,-0.0415770295,-0.00320540619
252.133333,-0.0416838764,-0.00320595646
252.166667,-0.0417907416,-0.00320651839
252.2,-0.0418976256,-0.00320737061
252.233333,-0.0420045379,-0.00320794231
252.266667,-0.0421114693,-0.00320848051
252.3,-0.0422184187,-0.00320901848
252.333333,-0.042325386,-0.0032097508
252.366667,-0.0424323776,-0.00321034833
252.4,-0.0425393893,-0.0032108852
252.433333,-0.0426464188,-0.00321142184
252.466667,-0.0427534662,-0.0032121252
252.5,-0.042860537,-0.00321274844
252.533333,-0.0429676286,-0.00321333065
252.566667,-0.0430747396,-0.00321392254
252.6,-0.0431818704,-0.00321461643
252.633333,-0.0432890243,-0.00321526504
252.666667,-0.0433961998,-0.00321579908
252.7,-0.0435033931,-0.0032163329
252.733333,-0.0436106042,-0.00321697853
252.766667,-0.0437178368,-0.00321765257
252.8,-0.0438250919,-0.00321818529
252.833333,-0.0439323647,-0.00321871777
252.866667,-0.0440396553,-0.00321933484
252.9,-0.0441469665,-0.00322007691
252.933333,-0.0442543024,-0.0032206556
252.966667,-0.0443616576,-0.00322121847
253,-0.0444690315,-0.00322180693
253.033333,-0.0445764251,-0.00322253121
253.066667,-0.0446838428,-0.00322306109
253.1,-0.0447912781,-0.00322359075
253.133333,-0.0448987312,-0.00322415092
253.166667,-0.0450062029,-0.00322490021
253.2,-0.0451136995,-0.00322542876
253.233333,-0.0452212138,-0.00322595708
253.266667,-0.0453287457,-0.00322648909
253.3,-0.0454362954,-0.00322738028
253.333333,-0.0455438747,-0.00322791024
253.366667,-0.0456514717,-0.00322843818
253.4,-0.0457590863,-0.00322896477
253.433333,-0.0458667185,-0.00322971794
253.466667,-0.0459743757,-0.0032302664
253.5,-0.0460820513,-0.00323079189
253.533333,-0.0461897444,-0.00323131714
253.566667,-0.0462974549,-0.00323204182
253.6,-0.0464051897,-0.00323261549
253.633333,-0.0465129435,-0.00323316743
253.666667,-0.0466207158,-0.00323373501
253.7,-0.0467285069,-0.00323447989
253.733333,-0.0468363229,-0.00323507846
253.766667,-0.0469441589,-0.0032356011
253.8,-0.0470520122,-0.00323612351
253.833333,-0.047159883,-0.0032367914
253.866667,-0.0472677761,-0.00323741489
253.9,-0.0473756899,-0.00323793619
253.933333,-0.0474836211,-0.00323845726
253.966667,-0.0475915697,-0.00323909708
254,-0.0476995396,-0.00323975842
254.033333,-0.0478075315,-0.00324033506
254.066667,-0.0479155427,-0.00324090423
254.1,-0.0480235728,-0.00324151591
254.133333,-0.0481316234,-0.00324218864
254.166667,-0.0482396963,-0.0032427071
254.2,-0.0483477866,-0.00324322532
254.233333,-0.0484558941,-0.00324380918
254.266667,-0.048564021,-0.00324450644
254.3,-0.0486721713,-0.00324502354
254.333333,-0.0487803387,-0.00324554042
254.366667,-0.0488885234,-0.00324609661
254.4,-0.0489967266,-0.00324689776
254.433333,-0.0491049565,-0.00324743938
254.466667,-0.0492132045,-0.00324796767
254.5,-0.0493214701,-0.00324849615
254.533333,-0.0494297533,-0.0032492418
254.566667,-0.0495380614,-0.00324975605
254.6,-0.0496463866,-0.00325027008
254.633333,-0.0497547289,-0.00325078387
254.666667,-0.0498630884,-0.00325152819
254.7,-0.0499714726,-0.00325205381
254.733333,-0.0500798744,-0.00325257909
254.766667,-0.0501882937,-0.00325311699
254.8,-0.050296731,-0.00325391279
254.833333,-0.0504051947,-0.00325446281
254.866667,-0.0505136768,-0.00325497398
254.9,-0.050622176,-0.00325548491
254.933333,-0.0507306921,-0.0032561734
254.966667,-0.0508392312,-0.00325674785
255,-0.0509477895,-0.00325725766
255.033333,-0.0510563648,-0.00325776725
255.066667,-0.051164957,-0.00325842813
255.1,-0.0512735713,-0.00325902687
255.133333,-0.0513822055,-0.00325958343
255.166667,-0.0514908583,-0.00326014695
255.2,-0.0515995298,-0.00326079338
255.233333,-0.051708223,-0.00326141608
255.266667,-0.0518169368,-0.00326192303
255.3,-0.0519256676,-0.00326242975
255.333333,-0.0520344152,-0.00326303564
255.366667,-0.0521431831,-0.00326368235
255.4,-0.0522519725,-0.00326418795
255.433333,-0.0523607788,-0.00326469332
255.466667,-0.0524696019,-0.00326527202
255.5,-0.0525784443,-0.00326598903
255.533333,-0.0526873106,-0.00326653549
255.566667,-0.0527961951,-0.0032670664
255.6,-0.0529050973,-0.00326761786
255.633333,-0.0530140179,-0.00326831197
255.666667,-0.0531229616,-0.0032688147
255.7,-0.0532319221,-0.0032693172
255.733333,-0.0533408994,-0.00326984174
255.766667,-0.0534498941,-0.00327055944
255.8,-0.0535589128,-0.00327106082
255.833333,-0.0536679481,-0.00327156286
255.866667,-0.0537770002,-0.0032720661
255.9,-0.0538860691,-0.00327291254
255.933333,-0.0539951662,-0.00327341554
255.966667,-0.05410428,-0.00327391517
256,-0.0542134105,-0.00327441456
256.033333,-0.0543225577,-0.00327512194
256.066667,-0.0544317284,-0.00327564887
256.1,-0.0545409167,-0.00327614713
256.133333,-0.0546501216,-0.00327664516
256.166667,-0.0547593431,-0.00327732543
256.2,-0.0548685873,-0.00327787615
256.233333,-0.0549778498,-0.00327840254
256.266667,-0.0550871299,-0.00327894326
256.3,-0.055196428,-0.00327963677
256.333333,-0.0553057492,-0.00328021095
256.366667,-0.0554150896,-0.00328070634
256.4,-0.0555244465,-0.00328120149
256.433333,-0.0556338199,-0.00328182772
256.466667,-0.0557432141,-0.00328242541
256.5,-0.0558526283,-0.00328291944
256.533333,-0.055962059,-0.00328341323
256.566667,-0.0560715061,-0.00328401276
256.6,-0.0561809732,-0.00328465137
256.633333,-0.0562904615,-0.00328519623
256.666667,-0.0563999681,-0.00328573182
256.7,-0.0565094925,-0.00328630459
256.733333,-0.056619036,-0.00328694867
256.766667,-0.0567286009,-0.00328743981
256.8,-0.0568381822,-0.00328793071
256.833333,-0.0569477799,-0.00328847705
256.866667,-0.0570573958,-0.00328914422
256.9,-0.057167034,-0.003289634
256.933333,-0.0572766884,-0.00329012354
256.966667,-0.0573863592,-0.00329064359
257,-0.0574960473,-0.00329141536
257.033333,-0.0576057612,-0.00329192433
257.066667,-0.057715492,-0.00329242214
257.1,-0.0578252394,-0.00329291586
257.133333,-0.0579350033,-0.00329362856
257.166667,-0.0580447909,-0.00329411544
257.2,-0.0581545947,-0.00329460209
257.233333,-0.0582644148,-0.00329508851
257.266667,-0.0583742511,-0.00329578646
257.3,-0.0584841106,-0.00329629069
257.333333,-0.058593987,-0.00329679042
257.366667,-0.05870388,-0.00329730324
257.4,-0.0588137901,-0.0032980436
257.433333,-0.0589237249,-0.00329857079
257.466667,-0.0590336773,-0.00329905454
257.5,-0.0591436457,-0.00329953806
257.533333,-0.0592536303,-0.00330018294
257.566667,-0.0593636364,-0.00330073313
257.6,-0.0594736609,-0.00330121552
257.633333,-0.0595837014,-0.00330169767
257.666667,-0.059693758,-0.00330231634
257.7,-0.0598038352,-0.00330288939
257.733333,-0.0599139315,-0.00330341959
257.766667,-0.0600240455,-0.00330395393
257.8,-0.0601341773,-0.00330455385
257.833333,-0.0602443291,-0.00330514943
257.866667,-0.0603545007,-0.00330562891
257.9,-0.0604646884,-0.00330610816
257.933333,-0.060574892,-0.0033066746
257.966667,-0.0606851145,-0.00330729276
258,-0.0607953576,-0.00330777088
258.033333,-0.0609056166,-0.00330824875
258.066667,-0.0610158915,-0.0033087894
258.1,-0.0611261845,-0.00330947955
258.133333,-0.0612365005,-0.00330999345
258.166667,-0.0613468336,-0.00331049245
258.2,-0.0614571834,-0.00331100725
258.233333,-0.0615675503,-0.00331166993
258.266667,-0.0616779393,-0.00331214513
258.3,-0.0617883441,-0.0033126201
258.333333,-0.0618987648,-0.00331310938
258.366667,-0.0620092018,-0.00331379421
258.4,-0.0621196616,-0.00331426805
258.433333,-0.0622301372,-0.00331474442
258.466667,-0.0623406287,-0.00331522463
258.5,-0.0624511361,-0.00331601139
258.533333,-0.0625616699,-0.00331649314
258.566667,-0.0626722196,-0.0033169652
258.6,-0.0627827851,-0.00331743702
258.633333,-0.0628933664,-0.00331809884
258.666667,-0.0630039697,-0.00331860309
258.7,-0.0631145898,-0.00331907377
258.733333,-0.0632252256,-0.00331954421
258.766667,-0.063335877,-0.00332018032
258.8,-0.0634465497,-0.00332070692
258.833333,-0.0635572399,-0.00332120714
258.866667,-0.0636679468,-0.00332172009
258.9,-0.0637786708,-0.00332236321
258.933333,-0.0638894163,-0.00332291183
258.966667,-0.06400018,-0.0033233796
259,-0.0641109593,-0.00332384712
259.033333,-0.0642217542,-0.00332443198
259.066667,-0.0643325686,-0.00332500267
259.1,-0.0644434021,-0.00332546906
259.133333,-0.064554251,-0.0033259352
259.166667,-0.0646651155,-0.00332649475
259.2,-0.0647759987,-0.00332710894
259.233333,-0.0648869023,-0.00332762157
259.266667,-0.064997823,-0.00332812369
259.3,-0.0651087605,-0.00332865788
259.333333,-0.0652197158,-0.00332927207
259.366667,-0.0653306915,-0.00332973554
259.4,-0.0654416827,-0.00333019876
259.433333,-0.0655526893,-0.00333070792
259.466667,-0.0656637129,-0.00333134376
259.5,-0.0657747577,-0.00333180584
259.533333,-0.0658858179,-0.00333226769
259.566667,-0.0659968935,-0.00333275196
259.6,-0.0661079852,-0.00333349241
259.633333,-0.0662191016,-0.0033339686
259.666667,-0.0663302339,-0.00333443593
259.7,-0.0664413818,-0.00333489599
259.733333,-0.066552545,-0.00333557305
259.766667,-0.0666637307,-0.0033360329
259.8,-0.0667749318,-0.00333649182
259.833333,-0.0668861482,-0.0033369505
259.866667,-0.0669973799,-0.00333760232
259.9,-0.0671086333,-0.00333808402
259.933333,-0.0672199028,-0.00333855765
259.966667,-0.0673311881,-0.00333904438
260,-0.0674424895,-0.00333973031
260.033333,-0.0675538139,-0.00334023353
260.066667,-0.067665155,-0.00334068951
260.1,-0.0677765113,-0.00334114526
260.133333,-0.0678878828,-0.00334174681
260.166667,-0.0679992744,-0.00334227159
260.2,-0.0681106834,-0.00334272619
260.233333,-0.0682221076,-0.00334318054
260.266667,-0.068333547,-0.00334375729
260.3,-0.0684450056,-0.00334430348
260.333333,-0.0685564823,-0.0033448066
260.366667,-0.0686679759,-0.00334531102
260.4,-0.0687794863,-0.00334586541
260.433333,-0.0688910151,-0.00334643267
260.466667,-0.0690025629,-0.00334688433
260.5,-0.0691141257,-0.00334733575
260.533333,-0.0692257035,-0.00334786309
260.566667,-0.069337299,-0.00334845148
260.6,-0.069448914,-0.00334890175
260.633333,-0.0695605441,-0.00334935178
260.666667,-0.0696721891,-0.00334985474
260.7,-0.069783851,-0.0033505162
260.733333,-0.0698955348,-0.00335099727
260.766667,-0.0700072348,-0.00335146443
260.8,-0.0701189502,-0.00335194295
260.833333,-0.0702306817,-0.00335257294
260.866667,-0.0703424341,-0.00335302027
260.9,-0.0704542014,-0.00335346736
260.933333,-0.0705659837,-0.00335392177
260.966667,-0.0706777811,-0.00335457247
261,-0.0707896002,-0.00335501841
261.033333,-0.0709014341,-0.00335546863
261.066667,-0.0710132831,-0.00335592472
261.1,-0.0711251472,-0.00335665284
261.133333,-0.0712370356,-0.00335711222
261.166667,-0.0713489394,-0.00335755636
261.2,-0.0714608579,-0.00335800026
261.233333,-0.0715727913,-0.0033586168
261.266667,-0.0716847452,-0.00335909723
261.3,-0.0717967151,-0.00335953998
261.333333,-0.0719086997,-0.00335998249
261.366667,-0.0720206992,-0.00336057472
261.4,-0.0721327183,-0.00336107605
261.433333,-0.0722447542,-0.00336154946
261.466667,-0.0723568058,-0.00336203379
261.5,-0.0724688736,-0.00336262755
261.533333,-0.0725809612,-0.00336314944
261.566667,-0.0726930662,-0.00336358923
261.6,-0.0728051858,-0.00336402879
261.633333,-0.0729173201,-0.0033645726
261.666667,-0.0730294725,-0.0033651151
261.7,-0.073141643,-0.0033655535
261.733333,-0.0732538282,-0.00336599166
261.766667,-0.0733660279,-0.00336651158
261.8,-0.0734782449,-0.00336709962
261.833333,-0.0735904816,-0.00336757964
261.866667,-0.0737027342,-0.00336804843
261.9,-0.0738150025,-0.00336854441
261.933333,-0.0739272873,-0.00336912749
261.966667,-0.0740395916,-0.00336956293
262,-0.0741519104,-0.00336999813
262.033333,-0.0742642436,-0.00337047051
262.066667,-0.0743765926,-0.00337107378
262.1,-0.0744889618,-0.00337150782
262.133333,-0.0746013454,-0.00337194163
262.166667,-0.0747137434,-0.00337239053
262.2,-0.0748261564,-0.00337309771
262.233333,-0.074938593,-0.00337354103
262.266667,-0.0750510444,-0.00337397791
262.3,-0.0751635103,-0.0033744099
262.333333,-0.0752759907,-0.0033750397
262.366667,-0.075388492,-0.00337547736
262.4,-0.0755010079,-0.0033759082
262.433333,-0.0756135382,-0.0033763388
262.466667,-0.0757260828,-0.00337694479
262.5,-0.0758386476,-0.00337740284
262.533333,-0.0759512277,-0.0033778498
262.566667,-0.0760638227,-0.0033783095
262.6,-0.076176433,-0.00337894206
262.633333,-0.0762890644,-0.00337942016
262.666667,-0.0764017118,-0.00337984803
262.7,-0.0765143734,-0.00338027566
262.733333,-0.0766270492,-0.00338083422
262.766667,-0.0767397437,-0.00338133242
262.8,-0.0768524548,-0.00338175889
262.833333,-0.0769651801,-0.00338218512
262.866667,-0.0770779196,-0.00338272029
262.9,-0.0771906769,-0.00338324029
262.933333,-0.0773034516,-0.00338371374
262.966667,-0.0774162421,-0.00338418574
263,-0.0775290482,-0.00338469746
263.033333,-0.0776418715,-0.0033852352
263.066667,-0.0777547127,-0.0033856587
263.1,-0.077867568,-0.00338608196
263.133333,-0.0779804374,-0.00338657058
263.166667,-0.078093323,-0.00338712799
263.2,-0.0782062273,-0.00338755008
263.233333,-0.0783191456,-0.00338797194
263.266667,-0.078432078,-0.00338843759
263.3,-0.078545026,-0.00338906852
263.333333,-0.0786579949,-0.00338951657
263.366667,-0.0787709788,-0.00338995197
263.4,-0.0788839772,-0.00339039462
263.433333,-0.0789969903,-0.0033909907
263.466667,-0.0791100234,-0.00339140982
263.5,-0.0792230704,-0.00339182869
263.533333,-0.0793361313,-0.00339224867
263.566667,-0.0794492063,-0.00339286398
263.6,-0.0795623017,-0.00339328169
263.633333,-0.0796754111,-0.00339370528
263.666667,-0.0797885346,-0.0033941362
263.7,-0.0799016725,-0.00339480677
263.733333,-0.0800148327,-0.00339524268
263.766667,-0.0801280075,-0.00339565857
263.8,-0.0802411961,-0.00339607422
263.833333,-0.0803543986,-0.00339664579
263.866667,-0.0804676201,-0.00339710127
263.9,-0.0805808568,-0.00339751576
263.933333,-0.0806941074,-0.00339793
263.966667,-0.0808073717,-0.00339847869
264,-0.0809206543,-0.00339895361
264.033333,-0.0810339528,-0.00339939957
264.066667,-0.0811472661,-0.0033998545
264.1,-0.0812605946,-0.00340039994
264.133333,-0.0813739412,-0.00340089394
264.166667,-0.0814873044,-0.00340130544
264.2,-0.0816006812,-0.00340171669
264.233333,-0.0817140718,-0.00340221983
264.266667,-0.0818274791,-0.00340273297
264.3,-0.0819409035,-0.00340314306
264.333333,-0.0820543416,-0.00340355291
264.366667,-0.0821677934,-0.00340403359
264.4,-0.0822812612,-0.00340459375
264.433333,-0.0823947476,-0.00340504084
264.466667,-0.082508249,-0.00340547643
264.5,-0.0826217649,-0.00340593461
264.533333,-0.082735296,-0.00340648538
264.566667,-0.0828488455,-0.00340689248
264.6,-0.0829624086,-0.00340729933
264.633333,-0.0830759853,-0.00340773534
264.666667,-0.0831895764,-0.00340830482
264.7,-0.0833031866,-0.0034087105
264.733333,-0.0834168103,-0.00340911594
264.766667,-0.0835304475,-0.00340952993
264.8,-0.0836440985,-0.00341020186
264.833333,-0.0837577719,-0.00341061231
264.866667,-0.083871459,-0.00341101875
264.9,-0.0839851596,-0.00341142237
264.933333,-0.0840988737,-0.00341200521
264.966667,-0.0842126072,-0.00341241958
265,-0.0843263545,-0.00341282203
265.033333,-0.0844401152,-0.00341322423
265.066667,-0.0845538894,-0.0034137847
265.1,-0.0846676822,-0.00341421798
265.133333,-0.0847814895,-0.00341463773
265.166667,-0.0848953107,-0.00341506949
265.2,-0.0850091464,-0.00341564977
265.233333,-0.0851230014,-0.00341610162
265.266667,-0.0852368714,-0.00341650107
265.3,-0.0853507548,-0.00341690027
265.333333,-0.0854646515,-0.00341741619
265.366667,-0.0855785653,-0.00341788666
265.4,-0.0856924949,-0.00341828469
265.433333,-0.0858064377,-0.00341868248
265.466667,-0.0859203938,-0.00341917645
265.5,-0.0860343663,-0.00341967112
265.533333,-0.0861483554,-0.00342011201
265.566667,-0.0862623591,-0.00342054923
265.6,-0.0863763774,-0.0034210212
265.633333,-0.0864904115,-0.00342152826
265.666667,-0.0866044624,-0.00342192329
265.7,-0.0867185265,-0.00342231807
265.733333,-0.0868326038,-0.00342276837
265.766667,-0.0869466961,-0.00342329362
265.8,-0.0870608058,-0.00342368723
265.833333,-0.0871749287,-0.00342408059
265.866667,-0.0872890648,-0.00342450938
265.9,-0.0874032151,-0.00342510792
265.933333,-0.0875173853,-0.00342552281
265.966667,-0.0876315694,-0.00342592654
266,-0.087745767,-0.00342633378
266.033333,-0.0878599781,-0.00342689472
266.066667,-0.0879742079,-0.00342728531
266.1,-0.0880884508,-0.00342767566
266.133333,-0.0882027066,-0.00342806577
266.166667,-0.0883169755,-0.00342863627
266.2,-0.0884312634,-0.00342902954
266.233333,-0.0885455644,-0.00342942601
266.266667,-0.0886598786,-0.00342983075
266.3,-0.0887742062,-0.00343044491
266.333333,-0.0888885544,-0.00343085624
266.366667,-0.0890029163,-0.00343124358
266.4,-0.0891172911,-0.00343163067
266.433333,-0.0892316788,-0.00343215763
266.466667,-0.089346084,-0.00343258705
266.5,-0.0894605036,-0.00343297296
266.533333,-0.089574936,-0.00343335863
266.566667,-0.0896893813,-0.00343386416
266.6,-0.0898038434,-0.00343431153
266.633333,-0.0899183205,-0.00343472939
266.666667,-0.0900328115,-0.00343515418
266.7,-0.0901473166,-0.00343565239
266.733333,-0.0902618384,-0.00343611736
266.766667,-0.0903763756,-0.00343650026
266.8,-0.0904909256,-0.00343688291
266.833333,-0.0906054884,-0.00343734578
266.866667,-0.0907200666,-0.0034378284
266.9,-0.0908346608,-0.00343820987
266.933333,-0.0909492678,-0.0034385911
266.966667,-0.0910638875,-0.00343903297
267,-0.091178522,-0.00343956349
267.033333,-0.0912931741,-0.00343997741
267.066667,-0.09140784,-0.00344037995
267.1,-0.0915225193,-0.00344080077
267.133333,-0.0916372127,-0.00344131804
267.166667,-0.0917519233,-0.00344169649
267.2,-0.0918666465,-0.00344207469
267.233333,-0.0919813823,-0.0034424748
267.266667,-0.0920961315,-0.00344300928
267.3,-0.0922108985,-0.00344338631
267.333333,-0.092325678,-0.00344376309
267.366667,-0.0924404701,-0.00344414262
267.4,-0.0925552749,-0.00344477733
267.433333,-0.0926701008,-0.00344515497
267.466667,-0.0927849393,-0.00344553101
267.5,-0.0928997903,-0.00344590594
267.533333,-0.0930146539,-0.00344644218
267.566667,-0.0931295353,-0.00344683218
267.6,-0.0932444297,-0.00344720593
267.633333,-0.0933593365,-0.00344757943
267.666667,-0.0934742558,-0.00344809475
267.7,-0.0935891923,-0.00344850217
267.733333,-0.0937041424,-0.00344889413
267.766667,-0.0938191055,-0.00344929712
267.8,-0.0939340821,-0.00344982624
267.833333,-0.0940490763,-0.00345025073
267.866667,-0.0941640847,-0.00345062145
267.9,-0.0942791054,-0.00345099193
267.933333,-0.0943941385,-0.00345146561
267.966667,-0.0945091873,-0.00345190723
268,-0.0946242509,-0.00345227652
268.033333,-0.0947393268,-0.00345264557
268.066667,-0.094854415,-0.00345309876
268.1,-0.0949695183,-0.00345356645
268.133333,-0.0950846371,-0.00345397442
268.166667,-0.0951997696,-0.00345437708
268.2,-0.0953149155,-0.00345480973
268.233333,-0.0954300758,-0.00345528494
268.266667,-0.095545252,-0.0034556512
268.3,-0.0956604404,-0.00345601721
268.333333,-0.095775641,-0.00345642966
268.366667,-0.0958908553,-0.00345692157
268.4,-0.096006086,-0.00345728639
268.433333,-0.0961213289,-0.00345765097
268.466667,-0.0962365839,-0.00345804336
268.5,-0.096351852,-0.00345860765
268.533333,-0.0964671389,-0.00345898932
268.566667,-0.0965824386,-0.00345936147
268.6,-0.0966977506,-0.00345973378
268.633333,-0.0968130751,-0.00346025837
268.666667,-0.096928417,-0.00346062016
268.7,-0.097043771,-0.0034609817
268.733333,-0.0971591371,-0.00346134299
268.766667,-0.0972745152,-0.00346186635
268.8,-0.0973899107,-0.00346223544
268.833333,-0.0975053186,-0.00346260432
268.866667,-0.0976207387,-0.00346298192
268.9,-0.0977361715,-0.00346354085
268.933333,-0.0978516228,-0.00346392651
268.966667,-0.097967087,-0.003464285
269,-0.0980825632,-0.00346464325
269.033333,-0.0981980513,-0.00346512599
269.066667,-0.0983135555,-0.00346552824
269.1,-0.0984290731,-0.0034658853
269.133333,-0.0985446026,-0.00346624212
269.166667,-0.098660144,-0.00346670489
269.2,-0.0987757009,-0.00346712359
269.233333,-0.0988912717,-0.00346751272
269.266667,-0.0990068554,-0.00346790668
269.3,-0.0991224523,-0.00346835879
269.333333,-0.0992380643,-0.00346879359
269.366667,-0.0993536907,-0.0034691476
269.4,-0.099469329,-0.00346950136
269.433333,-0.099584979,-0.00346992441
269.466667,-0.0997006432,-0.00347037537
269.5,-0.0998163223,-0.00347072794
269.533333,-0.0999320133,-0.00347108027
269.566667,-0.100047716,-0.00347148378
269.6,-0.100163432,-0.00347198291
269.633333,-0.100279165,-0.00347236347
269.666667,-0.10039491,-0.00347273312
269.7,-0.100510668,-0.00347311705
269.733333,-0.100626439,-0.00347359965
269.766667,-0.100742225,-0.00347394917
269.8,-0.100858024,-0.00347429845
269.833333,-0.100973834,-0.00347466314
269.866667,-0.101089656,-0.00347516144
269.9,-0.101205494,-0.00347550953
269.933333,-0.101321345,-0.00347585793
269.966667,-0.101437207,-0.003476207
270,-0.10155308,-0.00347679441
270.033333,-0.101668973,-0.00347714287
270.066667,-0.101784878,-0.00347748909
270.1,-0.101900794,-0.00347783507
270.133333,-0.102016722,-0.0034783251
270.166667,-0.102132666,-0.00347868963
270.2,-0.102248623,-0.00347903441
270.233333,-0.102364591,-0.00347937894
270.266667,-0.10248057,-0.00347984953
270.3,-0.102596565,-0.00348022998
270.333333,-0.102712572,-0.00348059359
270.366667,-0.102828592,-0.00348096701
270.4,-0.102944624,-0.00348144615
270.433333,-0.103060673,-0.00348184217
270.466667,-0.103176734,-0.00348218389
270.5,-0.103292807,-0.00348252537
270.533333,-0.103408891,-0.00348295725
270.566667,-0.10352499,-0.0034833689
270.6,-0.103641102,-0.00348370918
270.633333,-0.103757226,-0.00348404921
270.666667,-0.103873361,-0.00348446208
270.7,-0.103989509,-0.00348490114
270.733333,-0.104105673,-0.00348527588
270.766667,-0.104221849,-0.00348564419
270.8,-0.104338037,-0.00348603799
270.833333,-0.104454238,-0.00348648022
270.866667,-0.104570454,-0.00348681744
270.9,-0.104686681,-0.00348715441
270.933333,-0.10480292,-0.00348752949
270.966667,-0.104919171,-0.00348798689
271,-0.105035437,-0.00348832267
271.033333,-0.105151714,-0.00348865819
271.066667,-0.105268003,-0.0034890147
271.1,-0.105384303,-0.00348954284
271.133333,-0.105500621,-0.0034898913
271.166667,-0.105616951,-0.00349023197
271.2,-0.105733292,-0.00349056987
271.233333,-0.105849645,-0.00349105694
271.266667,-0.105966013,-0.00349138965
271.3,-0.106082393,-0.00349172211
271.333333,-0.106198784,-0.00349205431
271.366667,-0.106315185,-0.00349253094
271.4,-0.106431603,-0.00349287479
271.433333,-0.106548032,-0.00349321558
271.466667,-0.106664473,-0.00349356516
271.5,-0.106780925,-0.00349407007
271.533333,-0.106897394,-0.00349442897
271.566667,-0.107013875,-0.00349475835
271.6,-0.107130367,-0.00349508749
271.633333,-0.10724687,-0.00349552645
271.666667,-0.107363387,-0.00349590044
271.7,-0.107479917,-0.00349622838
271.733333,-0.107596458,-0.00349655607
271.766667,-0.10771301,-0.00349697654
271.8,-0.107829576,-0.00349736547
271.833333,-0.107946155,-0.00349772522
271.866667,-0.108062746,-0.00349808773
271.9,-0.108179349,-0.00349849488
271.933333,-0.108295965,-0.00349889839
271.966667,-0.108412595,-0.00349922326
272,-0.108529236,-0.00349954788
272.033333,-0.108645887,-0.00349993159
272.066667,-0.108762552,-0.00350034974
272.1,-0.10887923,-0.00350067316
272.133333,-0.108995919,-0.00350099632
272.166667,-0.109112619,-0.00350136198
272.2,-0.109229331,-0.00350182794
272.233333,-0.109346059,-0.00350217503
272.266667,-0.109462798,-0.00350251195
272.3,-0.109579548,-0.00350285951
272.333333,-0.10969631,-0.00350330627
272.366667,-0.109813087,-0.00350362661
272.4,-0.109929875,-0.0035039467
272.433333,-0.110046673,-0.00350427651
272.466667,-0.110163482,-0.00350473747
272.5,-0.110280307,-0.00350505635
272.533333,-0.110397142,-0.0035053768
272.566667,-0.110513988,-0.00350569968
272.6,-0.110630845,-0.00350622886
272.633333,-0.110747719,-0.00350655231
272.666667,-0.110864604,-0.00350686931
272.7,-0.1109815,-0.00350718607
272.733333,-0.111098406,-0.00350763034
272.766667,-0.111215327,-0.00350796833
272.8,-0.111332259,-0.00350828389
272.833333,-0.111449202,-0.00350859919
272.866667,-0.111566155,-0.00350902549
272.9,-0.111683123,-0.00350937789
272.933333,-0.111800102,-0.00350971259
272.966667,-0.111917092,-0.00351005571
273,-0.112034094,-0.00351048606
273.033333,-0.11215111,-0.00351085252
273.066667,-0.112268139,-0.00351116499
273.1,-0.112385178,-0.00351147721
273.133333,-0.112502227,-0.00351186778
273.166667,-0.112619289,-0.00351224835
273.2,-0.112736364,-0.00351255936
273.233333,-0.112853449,-0.00351287013
273.266667,-0.112970545,-0.00351324318
273.3,-0.113087653,-0.00351365192
273.333333,-0.113204775,-0.00351399319
273.366667,-0.113321908,-0.0035143274
273.4,-0.113439052,-0.00351468286
273.433333,-0.113556208,-0.00351509097
273.466667,-0.113673378,-0.0035153989
273.5,-0.113790558,-0.00351570658
273.533333,-0.113907748,-0.00351604481
273.566667,-0.11402495,-0.00351646658
273.6,-0.114142165,-0.00351677305
273.633333,-0.114259391,-0.00351707927
273.666667,-0.114376627,-0.00351740042
273.7,-0.114493874,-0.00351789055
273.733333,-0.114611137,-0.00351820586
273.766667,-0.11472841,-0.00351851517
273.8,-0.114845694,-0.0035188195
273.833333,-0.114962988,-0.00351926729
273.866667,-0.115080297,-0.00351957097
273.9,-0.115197616,-0.0035198741
273.933333,-0.115314945,-0.00352017698
273.966667,-0.115432284,-0.00352060732
274,-0.115549638,-0.00352092487
274.033333,-0.115667002,-0.00352123708
274.066667,-0.115784377,-0.00352155781
274.1,-0.115901762,-0.00352200993
274.133333,-0.116019162,-0.00352234101
274.166667,-0.116136574,-0.00352264104
274.2,-0.116253995,-0.00352294082
274.233333,-0.116371426,-0.00352333648
274.266667,-0.116488871,-0.00352368113
274.3,-0.116606327,-0.00352397971
274.333333,-0.116723793,-0.00352427803
274.366667,-0.116841269,-0.00352465669
274.4,-0.116958757,-0.00352501476
274.433333,-0.117076258,-0.00352534447
274.466667,-0.117193769,-0.00352567498
274.5,-0.117311292,-0.00352603835
274.533333,-0.117428827,-0.00352640947
274.566667,-0.117546374,-0.00352670495
274.6,-0.11766393,-0.00352700017
274.633333,-0.117781497,-0.00352734507
274.666667,-0.117899075,-0.00352772931
274.7,-0.118016666,-0.00352802333
274.733333,-0.118134267,-0.00352831709
274.766667,-0.118251878,-0.00352864543
274.8,-0.118369499,-0.00352907644
274.833333,-0.118487135,-0.00352938999
274.866667,-0.118604781,-0.00352969437
274.9,-0.118722438,-0.00353000611
274.933333,-0.118840105,-0.0035304159
274.966667,-0.118957785,-0.00353070682
275,-0.119075475,-0.00353099748
275.033333,-0.119193175,-0.00353129296
275.066667,-0.119310885,-0.00353171543
275.1,-0.119428609,-0.00353200488
275.133333,-0.119546342,-0.00353229697
275.166667,-0.119664086,-0.0035325927
275.2,-0.119781839,-0.00353306495
275.233333,-0.119899608,-0.00353336233
275.266667,-0.120017386,-0.00353364989
275.3,-0.120135175,-0.0035339372
275.333333,-0.120252973,-0.00353433617
275.366667,-0.120370784,-0.00353464658
275.4,-0.120488605,-0.00353493268
275.433333,-0.120606436,-0.00353521852
275.466667,-0.120724277,-0.00353560102
275.5,-0.12084213,-0.00353592431
275.533333,-0.120959995,-0.00353622951
275.566667,-0.121077869,-0.00353654168
275.6,-0.121195754,-0.00353692445
275.633333,-0.121313651,-0.00353726027
275.666667,-0.12143156,-0.00353754326
275.7,-0.121549478,-0.00353782599
275.733333,-0.121667405,-0.00353817577
275.766667,-0.121785345,-0.00353852417
275.8,-0.121903295,-0.00353880569
275.833333,-0.122021256,-0.00353908696
275.866667,-0.122139225,-0.00353942071
275.9,-0.122257206,-0.00353979747
275.933333,-0.122375199,-0.0035401051
275.966667,-0.122493203,-0.00354040544
276,-0.122611216,-0.0035407231
276.033333,-0.12272924,-0.00354109598
276.066667,-0.122847277,-0.0035413744
276.1,-0.122965323,-0.00354165255
276.133333,-0.123083378,-0.0035419545
276.166667,-0.123201443,-0.00354233951
276.2,-0.123319521,-0.00354261645
276.233333,-0.123437608,-0.00354289314
276.266667,-0.123555704,-0.0035431795
276.3,-0.12367381,-0.00354362973
276.333333,-0.123791931,-0.00354391204
276.366667,-0.123910062,-0.00354419009
276.4,-0.124028201,-0.00354446488
276.433333,-0.12414635,-0.00354486537
276.466667,-0.124264512,-0.00354514324
276.5,-0.124382684,-0.00354541681
276.533333,-0.124500864,-0.00354569014
276.566667,-0.124619054,-0.00354607469
276.6,-0.124737257,-0.0035463649
276.633333,-0.124855469,-0.00354664803
276.666667,-0.12497369,-0.00354693912
276.7,-0.125091922,-0.00354733973
276.733333,-0.125210166,-0.00354764193
276.766667,-0.125328421,-0.00354791239
276.8,-0.125446685,-0.0035481826
276.833333,-0.125564958,-0.00354853548
276.866667,-0.125683242,-0.00354884972
276.9,-0.125801537,-0.00354911871
276.933333,-0.125919841,-0.00354938744
276.966667,-0.126038154,-0.00354972482
277,-0.126156478,-0.00355005201
277.033333,-0.126274813,-0.00355034997
277.066667,-0.126393158,-0.00355064695
277.1,-0.126511513,-0.00355096877
277.133333,-0.126629879,-0.00355130642
277.166667,-0.126748256,-0.00355157229
277.2,-0.126866641,-0.00355183791
277.233333,-0.126985036,-0.00355214453
277.266667,-0.127103441,-0.00355249377
277.3,-0.127221857,-0.00355275817
277.333333,-0.127340282,-0.00355302231
277.366667,-0.127458717,-0.00355331389
277.4,-0.12757716,-0.00355370818
277.433333,-0.127695617,-0.00355398821
277.466667,-0.127814084,-0.00355426023
277.5,-0.127932559,-0.00355453672
277.533333,-0.128051043,-0.00355490843
277.566667,-0.12816954,-0.00355516971
277.6,-0.128288046,-0.00355543073
277.633333,-0.12840656,-0.00355569248
277.666667,-0.128525083,-0.00355607533
277.7,-0.128643619,-0.00355633514
277.733333,-0.128762164,-0.00355659844
277.766667,-0.128880717,-0.00355686614
277.8,-0.128999279,-0.00355728279
277.833333,-0.129117855,-0.00355755308
277.866667,-0.129236441,-0.00355781098
277.9,-0.129355034,-0.00355806862
277.933333,-0.129473637,-0.00355842281
277.966667,-0.129592251,-0.00355870459
278,-0.129710874,-0.00355896102
278.033333,-0.129829506,-0.00355921719
278.066667,-0.129948147,-0.00355955641
278.1,-0.130066799,-0.00355984954
278.133333,-0.13018546,-0.00356012469
278.166667,-0.130304131,-0.00356040528
278.2,-0.130422811,-0.00356074174
278.233333,-0.130541503,-0.00356104585
278.266667,-0.130660204,-0.00356129915
278.3,-0.130778914,-0.00356155219
278.333333,-0.130897633,-0.00356186172
278.366667,-0.131016361,-0.00356217688
278.4,-0.1311351,-0.0035624287
278.433333,-0.131253848,-0.00356268026
278.466667,-0.131372604,-0.00356297528
278.5,-0.13149137,-0.00356331837
278.533333,-0.131610147,-0.00356358271
278.566667,-0.131728933,-0.00356391366
278.6,-0.13184773,-0.00356413709
278.633333,-0.131966535,-0.00356438636
278.666667,-0.132085348,-0.00356467513
278.7,-0.13220417,-0.0035650216
278.733333,-0.132323004,-0.00356529171
278.766667,-0.132441848,-0.00356555428
278.8,-0.132560699,-0.00356582861
278.833333,-0.13267956,-0.00356616562
278.866667,-0.132798432,-0.00356641201
278.9,-0.132917313,-0.00356665815
278.933333,-0.133036201,-0.00356691841
278.966667,-0.133155099,-0.00356726587
279,-0.133274008,-0.00356751078
279.033333,-0.133392925,-0.00356775544
279.066667,-0.13351185,-0.00356800178
279.1,-0.133630783,-0.00356841343
279.133333,-0.13374973,-0.00356865811
279.166667,-0.133868686,-0.00356890167
279.2,-0.133987649,-0.00356914442
279.233333,-0.13410662,-0.00356949134
279.266667,-0.134225604,-0.00356974348
279.3,-0.134344595,-0.003569985
279.333333,-0.134463594,-0.00357022627
279.366667,-0.134582602,-0.00357055891
279.4,-0.134701621,-0.00357082171
279.433333,-0.134820648,-0.00357107441
279.466667,-0.134939684,-0.0035713341
279.5,-0.135058728,-0.00357167478
279.533333,-0.135177784,-0.00357194789
279.566667,-0.135296849,-0.00357218628
279.6,-0.135415922,-0.00357242441
279.633333,-0.135535003,-0.00357272868
279.666667,-0.135654094,-0.00357301216
279.7,-0.135773194,-0.00357324906
279.733333,-0.135892302,-0.00357348571
279.766667,-0.136011419,-0.00357377614
279.8,-0.136130544,-0.00357407566
279.833333,-0.13624968,-0.00357433671
279.866667,-0.136368825,-0.00357459424
279.9,-0.136487978,-0.00357487077
279.933333,-0.13660714,-0.00357517429
279.966667,-0.136726313,-0.00357540805
280,-0.136845493,-0.00357564156
280.033333,-0.136964681,-0.00357590455
280.066667,-0.137083878,-0.00357621798
280.1,-0.137203085,-0.00357645027
280.133333,-0.1373223,-0.00357668229
280.166667,-0.137441523,-0.00357693189
280.2,-0.137560754,-0.00357729054
280.233333,-0.137679997,-0.00357753289
280.266667,-0.137799248,-0.00357776908
280.3,-0.137918507,-0.00357800526
280.333333,-0.138037774,-0.0035783378
280.366667,-0.138157052,-0.00357856693
280.4,-0.138276338,-0.00357879582
280.433333,-0.138395631,-0.00357902445
280.466667,-0.138514932,-0.00357935536
280.5,-0.138634243,-0.00357958856
280.533333,-0.138753563,-0.00357982149
280.566667,-0.13887289,-0.00358005984
280.6,-0.138992226,-0.00358041227
280.633333,-0.139111573,-0.00358065525
280.666667,-0.139230928,-0.00358088099
280.7,-0.139350291,-0.00358110647
280.733333,-0.139469661,-0.00358141007
280.766667,-0.139589041,-0.00352811043
280.8,-0.139706645,-0.003448765
280.833333,-0.139821604,-0.00334685998
280.866667,-0.139933166,-0.00320896357
280.9,-0.140040131,-0.00310933667
280.933333,-0.140143776,-0.00301814423
280.966667,-0.140244381,-0.00292905715
281,-0.140342016,-0.00281260147
281.033333,-0.140435769,-0.00272115161
281.066667,-0.140526474,-0.00264141952
281.1,-0.140614522,-0.00256351865
281.133333,-0.140699972,-0.00246526262
281.166667,-0.140782148,-0.00238149293
281.2,-0.140861531,-0.00231178843
281.233333,-0.14093859,-0.00224368152
281.266667,-0.14101338,-0.00216092355
281.3,-0.14108541,-0.00208433409
281.333333,-0.141154888,-0.00202342089
281.366667,-0.141222336,-0.00196390092
281.4,-0.141287799,-0.00189430859
281.433333,-0.141350943,-0.00182440302
281.466667,-0.141411756,-0.0017711287
281.5,-0.141470794,-0.00171907059
281.533333,-0.141528096,-0.0016606535
281.566667,-0.141583451,-0.00159695174
281.6,-0.141636683,-0.00155037756
281.633333,-0.141688362,-0.00150486444
281.666667,-0.141738524,-0.00145592154
281.7,-0.141787055,-0.00139798566
281.733333,-0.141833654,-0.00135728267
281.766667,-0.141878897,-0.00131749894
281.8,-0.141922814,-0.00127657894
281.833333,-0.141965366,-0.0012239091
281.866667,-0.142006163,-0.001188313
281.9,-0.142045774,-0.00115352445
281.933333,-0.142084225,-0.00111939178
281.966667,-0.142121538,-0.00107159285
282,-0.142157258,-0.00104047342
282.033333,-0.14219194,-0.00101006151
282.066667,-0.142225609,-0.000980354883
282.1,-0.142258287,-0.000939694276
282.133333,-0.14228961,-0.000911173584
282.166667,-0.142319983,-0.000884581809
282.2,-0.142349469,-0.000858602242
282.233333,-0.142378089,-0.000824205336
282.266667,-0.142405562,-0.000798003792
282.3,-0.142432163,-0.000774755143
282.333333,-0.142457988,-0.000752040492
282.366667,-0.142483056,-0.000723008843
282.4,-0.142507156,-0.000698988584
282.433333,-0.142530456,-0.000678678682
282.466667,-0.142553078,-0.000658839268
282.5,-0.14257504,-0.000634380856
282.533333,-0.142596186,-0.000612402278
282.566667,-0.142616599,-0.000594630829
282.6,-0.14263642,-0.000577266026
282.633333,-0.142655662,-0.000556676739
282.666667,-0.142674218,-0.000536602954
282.7,-0.142692105,-0.000521065275
282.733333,-0.142709474,-0.000505882328
282.766667,-0.142726337,-0.000488586229
282.8,-0.142742623,-0.000470295404
282.833333,-0.142758299,-0.000456729346
282.866667,-0.142773524,-0.000443467138
282.9,-0.142788306,-0.000428963612
282.933333,-0.142802605,-0.000412297145
282.966667,-0.142816348,-0.00040041931
283,-0.142829695,-0.000388811545
283.033333,-0.142842655,-0.000376675199
283.066667,-0.142855211,-0.000361521629
283.1,-0.142867262,-0.0003511363
283.133333,-0.142878967,-0.000340986596
283.166667,-0.142890333,-0.000330853112
283.2,-0.142901361,-0.00031713339
283.233333,-0.142911932,-0.000308055581
283.266667,-0.142922201,-0.000299181385
283.3,-0.142932174,-0.000290510539
283.333333,-0.142941857,-0.000278489576
283.366667,-0.14295114,-0.00027031992
283.4,-0.142960151,-0.000262559157
283.433333,-0.142968903,-0.00025497688
283.466667,-0.142977402,-0.000244810754
283.5,-0.142985562,-0.000237297678
283.533333,-0.142993472,-0.000230520145
283.566667,-0.143001156,-0.000223904207
283.6,-0.14300862,-0.00021533782
283.633333,-0.143015798,-0.000208442932
283.666667,-0.143022746,-0.00020250791
283.7,-0.143029496,-0.000196708891
283.733333,-0.143036053,-0.000189466536
283.766667,-0.143042369,-0.000183152454
283.8,-0.143048474,-0.000177962266
283.833333,-0.143054406,-0.000172890634
283.866667,-0.143060169,-0.000166791178
283.9,-0.143065729,-0.000161021593
283.933333,-0.143071096,-0.000156503487
283.966667,-0.143076313,-0.000152087165
284,-0.143081382,-0.000146957834
284.033333,-0.143086281,-0.000141689147
284.066667,-0.143091004,-0.000137719028
284.1,-0.143095595,-0.000133839259
284.133333,-0.143100056,-0.000129534311
284.166667,-0.143104374,-0.00012473309
284.2,-0.143108531,-0.000121260625
284.233333,-0.143112573,-0.000117866979
284.266667,-0.143116502,-0.000114260418
284.3,-0.143120311,-0.00010991681
284.333333,-0.143123975,-0.000106889863
284.366667,-0.143127538,-0.000103926453
284.4,-0.143131002,-0.000100910691
284.433333,-0.143134366,-9.6939152e-005
284.466667,-0.143137597,-9.42819677e-005
284.5,-0.14314074,-9.1684741e-005
284.533333,-0.143143796,-8.91472074e-005
284.566667,-0.143146768,-8.55862463e-005
284.6,-0.14314962,-8.3239311e-005
284.633333,-0.143152395,-8.09703795e-005
284.666667,-0.143155094,-7.87574038e-005
284.7,-0.143157719,-7.57730218e-005
284.733333,-0.143160245,-7.36109506e-005
284.766667,-0.143162699,-7.16221562e-005
284.8,-0.143165086,-6.96788857e-005
284.833333,-0.143167409,-6.71295732e-005
284.866667,-0.143169647,-6.51430767e-005
284.9,-0.143171818,-6.34028039e-005
284.933333,-0.143173931,-6.17021155e-005
284.966667,-0.143175988,-5.95491308e-005
285,-0.143177973,-5.7727132e-005
285.033333,-0.143179897,-5.62190697e-005
285.066667,-0.143181771,-5.47488061e-005
285.1,-0.143183596,-5.2939045e-005
285.133333,-0.143185361,-5.12702059e-005
285.166667,-0.14318707,-4.99365836e-005
285.2,-0.143188734,-4.86332243e-005
285.233333,-0.143190356,-4.71038316e-005
285.266667,-0.143191926,-4.55784932e-005
285.3,-0.143193445,-4.44108852e-005
285.333333,-0.143194925,-4.32696449e-005
285.366667,-0.143196368,-4.1983629e-005
285.4,-0.143197767,-4.06047195e-005
285.433333,-0.143199121,-3.9597354e-005
285.466667,-0.14320044,-3.86078961e-005
285.5,-0.143201727,-3.75277666e-005
285.533333,-0.143202978,-3.62578328e-005
285.566667,-0.143204187,-3.53620404e-005
285.6,-0.143205366,-3.44863635e-005
285.633333,-0.143206515,-3.35816801e-005
285.666667,-0.143207635,-3.24251294e-005
285.7,-0.143208715,-3.16402658e-005
285.733333,-0.14320977,-3.0872967e-005
285.766667,-0.143210799,-3.0116473e-005
285.8,-0.143211803,-2.91008393e-005
285.833333,-0.143212773,-2.84135943e-005
285.866667,-0.14321372,-2.77409785e-005
285.9,-0.143214645,-2.70831867e-005
285.933333,-0.143215548,-2.61787496e-005
285.966667,-0.14321642,-2.55494399e-005
286,-0.143217272,-2.4959488e-005
286.033333,-0.143218104,-2.43827512e-005
286.066667,-0.143218917,-2.36159061e-005
286.1,-0.143219704,-2.30357929e-005
286.133333,-0.143220472,-2.25267663e-005
286.166667,-0.143221223,-2.20341664e-005
286.2,-0.143221957,-2.13995054e-005
286.233333,-0.14322267,-2.08650785e-005
286.266667,-0.143223366,-2.04105549e-005
286.3,-0.143224046,-1.99662037e-005
286.333333,-0.143224712,-1.94163481e-005
286.366667,-0.143225359,-1.89255833e-005
286.4,-0.14322599,-1.85265426e-005
286.433333,-0.143226607,-1.8136301e-005
286.466667,-0.143227212,-1.76714627e-005
286.5,-0.143227801,-1.72248437e-005
286.533333,-0.143228375,-1.68914402e-005
286.566667,-0.143228938,-1.6563499e-005
286.6,-0.14322949,-1.61703636e-005
286.633333,-0.143230029,-1.57568928e-005
286.666667,-0.143230555,-1.54484563e-005
286.7,-0.14323107,-1.51467998e-005
286.733333,-0.143231574,-1.48155733e-005
286.766667,-0.143232068,-1.44368744e-005
286.8,-0.14323255,-1.41654985e-005
286.833333,-0.143233022,-1.39000375e-005
286.866667,-0.143233485,-1.36210082e-005
286.9,-0.143233939,-1.32977091e-005
286.933333,-0.143234382,-1.30662715e-005
286.966667,-0.143234818,-1.28359811e-005
287,-0.143235246,-1.26007366e-005
287.033333,-0.143235666,-1.22831484e-005
287.066667,-0.143236075,-1.20723772e-005
287.1,-0.143236478,-1.18660682e-005
287.133333,-0.143236873,-1.16641964e-005
287.166667,-0.143237262,-1.13824792e-005
287.2,-0.143237641,-1.11920552e-005
287.233333,-0.143238014,-1.10135453e-005
287.266667,-0.143238382,-1.0842591e-005
287.3,-0.143238743,-1.06251264e-005
287.333333,-0.143239097,-1.04476636e-005
287.366667,-0.143239445,-1.02863406e-005
287.4,-0.143239788,-1.01284708e-005
287.433333,-0.143240126,-9.92280187e-006
287.466667,-0.143240457,-9.75841047e-006
287.5,-0.143240782,-9.61576239e-006
287.533333,-0.143241103,-9.47601594e-006
287.566667,-0.143241418,-9.30035973e-006
287.6,-0.143241728,-9.14784521e-006
287.633333,-0.143242033,-9.03496243e-006
287.666667,-0.143242334,-8.92667536e-006
287.7,-0.143242632,-8.78007964e-006
287.733333,-0.143242925,-8.63804408e-006
287.766667,-0.143243213,-8.52554561e-006
287.8,-0.143243497,-8.41536386e-006
287.833333,-0.143243777,-8.28707421e-006
287.866667,-0.143244054,-8.15549028e-006
287.9,-0.143244325,-8.05544405e-006
287.933333,-0.143244594,-7.95739607e-006
287.966667,-0.143244859,-7.84780944e-006
288,-0.143245121,-7.73844156e-006
288.033333,-0.143245379,-7.66093572e-006
288.066667,-0.143245634,-7.58082131e-006
288.1,-0.143245887,-7.48668709e-006
288.133333,-0.143246136,-7.37288959e-006
288.166667,-0.143246382,-7.29306889e-006
288.2,-0.143246625,-7.21479544e-006
288.233333,-0.143246866,-7.13464367e-006
288.266667,-0.143247104,-7.02882835e-006
288.3,-0.143247338,-6.95734157e-006
288.333333,-0.14324757,-6.88739252e-006
288.366667,-0.143247799,-6.81907848e-006
288.4,-0.143248027,-6.75171955e-006
288.433333,-0.143248252,-6.68676639e-006
288.466667,-0.143248475,-6.62331774e-006
288.5,-0.143248695,-6.56107271e-006
288.533333,-0.143248914,-6.47567003e-006
288.566667,-0.14324913,-6.4144198e-006
288.6,-0.143249344,-6.35741849e-006
288.633333,-0.143249556,-6.30137145e-006
288.666667,-0.143249766,-6.22690822e-006
288.7,-0.143249973,-6.16882004e-006
288.733333,-0.143250179,-6.12500972e-006
288.766667,-0.143250383,-6.08588321e-006
288.8,-0.143250586,-6.03137167e-006
288.833333,-0.143250787,-5.97570342e-006
288.866667,-0.143250986,-5.92865141e-006
288.9,-0.143251184,-5.88242084e-006
288.933333,-0.14325138,-5.82535407e-006
288.966667,-0.143251574,-5.77267196e-006
289,-0.143251766,-5.72988981e-006
289.033333,-0.143251957,-5.6877708e-006
289.066667,-0.143252147,-5.63774347e-006
289.1,-0.143252335,-5.59195179e-006
289.133333,-0.143252521,-5.56633363e-006
289.166667,-0.143252707,-5.53892133e-006
289.2,-0.143252892,-5.49446217e-006
289.233333,-0.143253075,-5.44608801e-006
289.266667,-0.143253256,-5.41004517e-006
289.3,-0.143253437,-5.37456817e-006
289.333333,-0.143253616,-5.33575478e-006
289.366667,-0.143253794,-5.28951103e-006
289.4,-0.14325397,-5.25632043e-006
289.433333,-0.143254145,-5.22362618e-006
289.466667,-0.143254319,-5.18940933e-006
289.5,-0.143254492,-5.16540515e-006
289.533333,-0.143254664,-5.13972963e-006
289.566667,-0.143254836,-5.1116345e-006
289.6,-0.143255006,-5.08098192e-006
289.633333,-0.143255175,-5.0380273e-006
289.666667,-0.143255343,-5.00939095e-006
289.7,-0.14325551,-4.98109032e-006
289.733333,-0.143255676,-4.95312052e-006
289.766667,-0.143255841,-4.91367361e-006
289.8,-0.143256005,-4.88596875e-006
289.833333,-0.143256168,-4.86302374e-006
289.866667,-0.14325633,-4.84359022e-006
289.9,-0.143256492,-4.82481171e-006
289.933333,-0.143256653,-4.79710704e-006
289.966667,-0.143256812,-4.77200214e-006
290,-0.143256972,-4.74721556e-006
290.033333,-0.14325713,-4.7147615e-006
290.066667,-0.143257287,-4.68777122e-006
290.1,-0.143257443,-4.66423314e-006
290.133333,-0.143257599,-4.64088635e-006
290.166667,-0.143257753,-4.61141716e-006
290.2,-0.143257907,-4.58477962e-006
290.233333,-0.14325806,-4.57410676e-006
290.266667,-0.143258212,-4.56465068e-006
290.3,-0.143258364,-4.53929399e-006
290.333333,-0.143258516,-4.51244136e-006
290.366667,-0.143258666,-4.49111857e-006
290.4,-0.143258816,-4.47002631e-006
290.433333,-0.143258965,-4.44540215e-006
290.466667,-0.143259113,-4.4189264e-006
290.5,-0.14325926,-4.39864106e-006
290.533333,-0.143259407,-4.37854344e-006
290.566667,-0.143259553,-4.35604817e-006
290.6,-0.143259698,-4.34104153e-006
290.633333,-0.143259843,-4.33012884e-006
290.666667,-0.143259987,-4.31591801e-006
290.7,-0.143260131,-4.29489678e-006
290.733333,-0.143260274,-4.26838278e-006
290.766667,-0.143260417,-4.24963632e-006
290.8,-0.143260558,-4.23104444e-006
290.833333,-0.143260699,-4.21201236e-006
290.866667,-0.14326084,-4.18556946e-006
290.9,-0.143260979,-4.16753644e-006
290.933333,-0.143261118,-4.15021193e-006
290.966667,-0.143261256,-4.13386295e-006
291,-0.143261394,-4.13029655e-006
291.033333,-0.143261532,-4.11216688e-006
291.066667,-0.143261669,-4.09451275e-006
291.1,-0.143261805,-4.07700537e-006
291.133333,-0.143261941,-4.05274743e-006
291.166667,-0.143262076,-4.03458152e-006
291.2,-0.143262211,-4.01762909e-006
291.233333,-0.143262345,-4.00072848e-006
291.266667,-0.143262478,-3.97804509e-006
291.3,-0.143262611,-3.95957572e-006
291.333333,-0.143262743,-3.94971329e-006
291.366667,-0.143262874,-3.94268725e-006
291.4,-0.143263006,-3.92832053e-006
291.433333,-0.143263137,-3.90908256e-006
291.466667,-0.143263267,-3.89279774e-006
291.5,-0.143263397,-3.87662812e-006
291.533333,-0.143263526,-3.85656432e-006
291.566667,-0.143263655,-3.83719184e-006
291.6,-0.143263783,-3.82135434e-006
291.633333,-0.14326391,-3.8055824e-006
291.666667,-0.143264037,-3.78678594e-006
291.7,-0.143264163,-3.77145953e-006
291.733333,-0.143264289,-3.76587393e-006
291.766667,-0.143264414,-3.75815722e-006
291.8,-0.14326454,-3.74010492e-006
291.833333,-0.143264664,-3.71964105e-006
291.866667,-0.143264788,-3.70431894e-006
291.9,-0.143264912,-3.68908956e-006
291.933333,-0.143265035,-3.67243153e-006
291.966667,-0.143265157,-3.65163458e-006
292,-0.143265279,-3.63662008e-006
292.033333,-0.1432654,-3.62169047e-006
292.066667,-0.143265521,-3.6060989e-006
292.1,-0.143265641,-3.60146403e-006
292.133333,-0.143265761,-3.58966714e-006
292.166667,-0.143265881,-3.57613602e-006
292.2,-0.143266,-3.56118679e-006
292.233333,-0.143266119,-3.53938819e-006
292.266667,-0.143266236,-3.52475473e-006
292.3,-0.143266354,-3.51014691e-006
292.333333,-0.143266471,-3.49556391e-006
292.366667,-0.143266588,-3.47483821e-006
292.4,-0.143266703,-3.45970896e-006
292.433333,-0.143266819,-3.4483838e-006
292.466667,-0.143266934,-3.43962973e-006
292.5,-0.143267048,-3.43129328e-006
292.533333,-0.143267163,-3.41526519e-006
292.566667,-0.143267276,-3.40079615e-006
292.6,-0.14326739,-3.38640041e-006
292.633333,-0.143267503,-3.36750846e-006
292.666667,-0.143267615,-3.35120288e-006
292.7,-0.143267727,-3.33699954e-006
292.733333,-0.143267838,-3.32280171e-006
292.766667,-0.143267949,-3.3048754e-006
292.8,-0.143268059,-3.2880832e-006
292.833333,-0.143268168,-3.28319671e-006
292.866667,-0.143268278,-3.2785943e-006
292.9,-0.143268387,-3.26175199e-006
292.933333,-0.143268496,-3.2440278e-006
292.966667,-0.143268604,-3.22998008e-006
293,-0.143268712,-3.21599598e-006
293.033333,-0.143268819,-3.1997192e-006
293.066667,-0.143268926,-3.18159011e-006
293.1,-0.143269032,-3.16772291e-006
293.133333,-0.143269137,-3.15390472e-006
293.166667,-0.143269242,-3.13850977e-006
293.2,-0.143269347,-3.12900159e-006
293.233333,-0.143269451,-3.12087846e-006
293.266667,-0.143269555,-3.11030921e-006
293.3,-0.143269659,-3.09540093e-006
293.333333,-0.143269762,-3.07597479e-006
293.366667,-0.143269865,-3.0622525e-006
293.4,-0.143269967,-3.04856988e-006
293.433333,-0.143270068,-3.0346687e-006
293.466667,-0.143270169,-3.01474556e-006
293.5,-0.14327027,-3.00116873e-006
293.533333,-0.14327037,-2.9883562e-006
293.566667,-0.14327047,-2.97656394e-006
293.6,-0.143270569,-2.97172165e-006
293.633333,-0.143270668,-2.95750135e-006
293.666667,-0.143270766,-2.94377972e-006
293.7,-0.143270865,-2.93011394e-006
293.733333,-0.143270962,-2.9112222e-006
293.766667,-0.143271059,-2.8966387e-006
293.8,-0.143271156,-2.88314508e-006
293.833333,-0.143271252,-2.86964558e-006
293.866667,-0.143271348,-2.85161099e-006
293.9,-0.143271443,-2.83648558e-006
293.933333,-0.143271537,-2.82819805e-006
293.966667,-0.143271632,-2.82168406e-006
294,-0.143271726,-2.80841168e-006
294.033333,-0.143271819,-2.79236491e-006
294.066667,-0.143271912,-2.77888047e-006
294.1,-0.143272005,-2.7654466e-006
294.133333,-0.143272097,-2.74887737e-006
294.166667,-0.143272189,-2.73242216e-006
294.2,-0.14327228,-2.71908489e-006
294.233333,-0.14327237,-2.70577164e-006
294.266667,-0.143272461,-2.69001749e-006
294.3,-0.14327255,-2.67676744e-006
294.333333,-0.14327264,-2.67002433e-006
294.366667,-0.143272729,-2.66157957e-006
294.4,-0.143272817,-2.64625988e-006
294.433333,-0.143272905,-2.62840968e-006
294.466667,-0.143272993,-2.61512608e-006
294.5,-0.14327308,-2.60188825e-006
294.533333,-0.143273167,-2.5875431e-006
294.566667,-0.143273253,-2.56918124e-006
294.6,-0.143273339,-2.55601291e-006
294.633333,-0.143273424,-2.54288852e-006
294.666667,-0.143273509,-2.52932376e-006
294.7,-0.143273593,-2.52234211e-006
294.733333,-0.143273677,-2.51063908e-006
294.766667,-0.143273761,-2.49803108e-006
294.8,-0.143273844,-2.48475316e-006
294.833333,-0.143273927,-2.4654747e-006
294.866667,-0.143274009,-2.45218889e-006
294.9,-0.143274091,-2.43908276e-006
294.933333,-0.143274172,-2.42598112e-006
294.966667,-0.143274253,-2.40751881e-006
295,-0.143274333,-2.39367943e-006
295.033333,-0.143274413,-2.38299903e-006
295.066667,-0.143274493,-2.37404809e-006
295.1,-0.143274572,-2.36302352e-006
295.133333,-0.14327465,-2.348303e-006
295.166667,-0.143274729,-2.33515057e-006
295.2,-0.143274807,-2.32204091e-006
295.233333,-0.143274884,-2.30496445e-006
295.266667,-0.143274961,-2.28983827e-006
295.3,-0.143275037,-2.27682955e-006
295.333333,-0.143275113,-2.26382489e-006
295.366667,-0.143275188,-2.24753763e-006
295.4,-0.143275263,-2.23204729e-006
295.433333,-0.143275338,-2.22519634e-006
295.466667,-0.143275412,-2.21817317e-006
295.5,-0.143275486,-2.20230676e-006
295.533333,-0.143275559,-2.18576543e-006
295.566667,-0.143275632,-2.17276869e-006
295.6,-0.143275705,-2.15981115e-006
295.633333,-0.143275777,-2.14487516e-006
295.666667,-0.143275848,-2.12785716e-006
295.7,-0.143275919,-2.11497e-006
295.733333,-0.14327599,-2.10211511e-006
295.766667,-0.14327606,-2.08794234e-006
295.8,-0.143276129,-2.07661335e-006
295.833333,-0.143276198,-2.06688238e-006
295.866667,-0.143276267,-2.05568411e-006
295.9,-0.143276336,-2.04196517e-006
295.933333,-0.143276404,-2.02363219e-006
295.966667,-0.143276471,-2.01077808e-006
296,-0.143276538,-1.99794695e-006
296.033333,-0.143276605,-1.98507207e-006
296.066667,-0.143276671,-1.96622697e-006
296.1,-0.143276737,-1.95347398e-006
296.133333,-0.143276802,-1.94137589e-006
296.166667,-0.143276867,-1.93008234e-006
296.2,-0.143276931,-1.91995477e-006
296.233333,-0.143276995,-1.90643345e-006
296.266667,-0.143277058,-1.89354177e-006
296.3,-0.143277122,-1.88068674e-006
296.333333,-0.143277184,-1.86305232e-006
296.366667,-0.143277246,-1.84909831e-006
296.4,-0.143277308,-1.83635807e-006
296.433333,-0.143277369,-1.82361811e-006
296.466667,-0.14327743,-1.8067604e-006
296.5,-0.14327749,-1.79227077e-006
296.533333,-0.14327755,-1.7827875e-006
296.566667,-0.143277609,-1.77418077e-006
296.6,-0.143277668,-1.75977529e-006
296.633333,-0.143277727,-1.74444312e-006
296.666667,-0.143277785,-1.73168833e-006
296.7,-0.143277843,-1.71896712e-006
296.733333,-0.1432779,-1.70342448e-006
296.766667,-0.143277957,-1.68763274e-006
296.8,-0.143278013,-1.67498945e-006
296.833333,-0.143278069,-1.66236682e-006
296.866667,-0.143278125,-1.64757859e-006
296.9,-0.14327818,-1.63368714e-006
296.933333,-0.143278234,-1.62443099e-006
296.966667,-0.143278288,-1.61415534e-006
297,-0.143278342,-1.59982239e-006
297.033333,-0.143278395,-1.58270959e-006
297.066667,-0.143278448,-1.57008319e-006
297.1,-0.1432785,-1.55748727e-006
297.133333,-0.143278552,-1.54399294e-006
297.166667,-0.143278604,-1.5263721e-006
297.2,-0.143278655,-1.51384402e-006
297.233333,-0.143278705,-1.5013456e-006
297.266667,-0.143278755,-1.488584e-006
297.3,-0.143278805,-1.4768972e-006
297.333333,-0.143278854,-1.46476789e-006
297.366667,-0.143278903,-1.45234369e-006
297.4,-0.143278951,-1.43972594e-006
297.433333,-0.143278999,-1.42154186e-006
297.466667,-0.143279047,-1.40869565e-006
297.5,-0.143279094,-1.39619648e-006
297.533333,-0.14327914,-1.38370572e-006
297.566667,-0.143279186,-1.36629052e-006
297.6,-0.143279232,-1.35291159e-006
297.633333,-0.143279277,-1.34175583e-006
297.666667,-0.143279322,-1.33142075e-006
297.7,-0.143279366,-1.31744657e-006
297.733333,-0.14327941,-1.30327558e-006
297.766667,-0.143279453,-1.29075356e-006
297.8,-0.143279496,-1.27825972e-006
297.833333,-0.143279539,-1.26212975e-006
297.866667,-0.143279581,-1.24749732e-006
297.9,-0.143279623,-1.23508837e-006
297.933333,-0.143279664,-1.22269146e-006
297.966667,-0.143279705,-1.20730972e-006
298,-0.143279745,-1.19246748e-006
298.033333,-0.143279784,-1.18265631e-006
298.066667,-0.143279824,-1.17261901e-006
298.1,-0.143279863,-1.15770037e-006
298.133333,-0.143279902,-1.14176769e-006
298.166667,-0.14327994,-1.12936556e-006
298.2,-0.143279977,-1.11698881e-006
298.233333,-0.143280015,-1.1028732e-006
298.266667,-0.143280051,-1.0864546e-006
298.3,-0.143280088,-1.07415113e-006
298.333333,-0.143280123,-1.06187042e-006
298.366667,-0.143280159,-1.04848216e-006
298.4,-0.143280194,-1.03411695e-006
298.433333,-0.143280228,-1.02283195e-006
298.466667,-0.143280262,-1.01102234e-006
298.5,-0.143280296,-9.98123352e-007
298.533333,-0.143280329,-9.80456934e-007
298.566667,-0.143280362,-9.68168195e-007
298.6,-0.143280394,-9.55896673e-007
298.633333,-0.143280426,-9.43641696e-007
298.666667,-0.143280457,-9.25700958e-007
298.7,-0.143280488,-9.13402146e-007
298.733333,-0.143280519,-9.01492376e-007
298.766667,-0.143280549,-8.89895825e-007
298.8,-0.143280578,-8.74953744e-007
298.833333,-0.143280608,-8.61911387e-007
298.866667,-0.143280636,-8.49624908e-007
298.9,-0.143280665,-8.37361216e-007
298.933333,-0.143280693,-8.20676653e-007
298.966667,-0.14328072,-8.07150194e-007
299,-0.143280747,-7.94974062e-007
299.033333,-0.143280773,-7.82809642e-007
299.066667,-0.143280799,-7.66867687e-007
299.1,-0.143280825,-7.52830678e-007
299.133333,-0.14328085,-7.41560993e-007
299.166667,-0.143280875,-7.30448264e-007
299.2,-0.143280899,-7.15372181e-007
299.233333,-0.143280923,-7.00590782e-007
299.266667,-0.143280946,-6.88417489e-007
299.3,-0.143280969,-6.76264347e-007
299.333333,-0.143280992,-6.61561102e-007
299.366667,-0.143281014,-6.46293777e-007
299.4,-0.143281035,-6.34218609e-007
299.433333,-0.143281057,-6.22160758e-007
299.466667,-0.143281077,-6.08179719e-007
299.5,-0.143281098,-5.92838761e-007
299.533333,-0.143281117,-5.81226961e-007
299.566667,-0.143281137,-5.69434833e-007
299.6,-0.143281156,-5.55952245e-007
299.633333,-0.143281174,-5.39458803e-007
299.666667,-0.143281192,-5.27392652e-007
299.7,-0.14328121,-5.15343995e-007
299.733333,-0.143281227,-5.02586431e-007
299.766667,-0.143281244,-4.85612981e-007
299.8,-0.14328126,-4.7364163e-007
299.833333,-0.143281276,-4.61687124e-007
299.866667,-0.143281291,-4.49632105e-007
299.9,-0.143281306,-4.3231816e-007
299.933333,-0.143281321,-4.20266263e-007
299.966667,-0.143281335,-4.08225521e-007
300,-0.143281348,-3.96198727e-007
300.033333,-0.143281361,-3.78998076e-007
300.066667,-0.143281374,-3.66543371e-007
300.1,-0.143281386,-3.54595207e-007
300.133333,-0.143281398,-3.42663622e-007
300.166667,-0.143281409,-3.26200154e-007
300.2,-0.14328142,-3.13239372e-007
300.233333,-0.143281431,-3.01201342e-007
300.266667,-0.143281441,-2.89052973e-007
300.3,-0.14328145,-2.72797758e-007
300.333333,-0.14328146,-2.59141195e-007
300.366667,-0.143281468,-2.47204053e-007
300.4,-0.143281476,-2.35281716e-007
300.433333,-0.143281484,-2.20028458e-007
300.466667,-0.143281492,-2.05867165e-007
300.5,-0.143281498,-1.94022875e-007
300.533333,-0.143281505,-1.8219549e-007
300.566667,-0.143281511,-1.67659132e-007
300.6,-0.143281517,-1.52830287e-007
300.633333,-0.143281522,-1.40163333e-007
300.666667,-0.143281526,-1.27570025e-007
300.7,-0.143281531,-1.13545306e-007
300.733333,-0.143281534,-9.82005785e-008
300.766667,-0.143281538,-8.63645921e-008
300.8,-0.143281541,-7.454101e-008
300.833333,-0.143281543,-6.1201095e-008
300.866667,-0.143281545,-4.53751928e-008
300.9,-0.143281547,-3.36328107e-008
300.933333,-0.143281548,-2.1902713e-008
300.966667,-0.143281548,-9.25999277e-009
301,-0.143281549,8.91555413e-009
301.033333,-0.143281548,2.13308821e-008
301.066667,-0.143281548,3.34343228e-008
301.1,-0.143281547,4.55492977e-008
301.133333,-0.143281545,6.2558172e-008
301.166667,-0.143281543,7.42985981e-008
301.2,-0.143281541,8.60228047e-008
301.233333,-0.143281538,9.77302397e-008
301.266667,-0.143281534,1.14673379e-007
301.3,-0.143281531,1.26581844e-007
301.333333,-0.143281526,1.38605462e-007
301.366667,-0.143281522,1.51027017e-007
301.4,-0.143281517,1.69998687e-007
301.433333,-0.143281511,1.82557061e-007
301.466667,-0.143281505,1.94249778e-007
301.5,-0.143281498,2.05933147e-007
301.533333,-0.143281492,2.216964e-007
301.566667,-0.143281484,2.34790327e-007
301.6,-0.143281476,2.46404865e-007
301.633333,-0.143281468,2.57995912e-007
301.666667,-0.14328146,2.73047809e-007
301.7,-0.14328145,2.86625598e-007
301.733333,-0.143281441,3.0012816e-007
301.766667,-0.143281431,3.13957797e-007
301.8,-0.14328142,3.29062807e-007
301.833333,-0.143281409,3.43283654e-007
301.866667,-0.143281398,3.54881219e-007
301.9,-0.143281386,3.66471738e-007
301.933333,-0.143281374,3.80355873e-007
301.966667,-0.143281361,3.95078872e-007
302,-0.143281348,4.06587673e-007
302.033333,-0.143281335,4.18084995e-007
302.066667,-0.143281321,4.31277359e-007
302.1,-0.143281306,4.48750324e-007
302.133333,-0.143281291,4.6240834e-007
302.166667,-0.143281276,4.75315336e-007
302.2,-0.14328126,4.87966487e-007
302.233333,-0.143281244,5.03826864e-007
302.266667,-0.143281227,5.15334736e-007
302.3,-0.14328121,5.26835173e-007
302.333333,-0.143281192,5.38864869e-007
302.366667,-0.143281174,5.55174415e-007
302.4,-0.143281156,5.66590072e-007
302.433333,-0.143281137,5.78033418e-007
302.466667,-0.143281118,5.89524622e-007
302.5,-0.143281098,6.12971235e-007
302.533333,-0.143281078,6.24459142e-007
302.566667,-0.143281057,6.35898802e-007
302.6,-0.143281036,6.4733466e-007
302.633333,-0.143281014,6.6356608e-007
302.666667,-0.143280992,6.75613111e-007
302.7,-0.143280969,6.87004015e-007
302.733333,-0.143280946,6.98368003e-007
302.766667,-0.143280923,7.13893365e-007
302.8,-0.143280899,7.26419183e-007
302.833333,-0.143280875,7.39711612e-007
302.866667,-0.14328085,7.5400694e-007
302.9,-0.143280825,7.71823891e-007
302.933333,-0.1432808,7.84946942e-007
302.966667,-0.143280773,7.96297548e-007
303,-0.143280747,8.0764659e-007
303.033333,-0.14328072,8.22034852e-007
303.066667,-0.143280693,8.35697665e-007
303.1,-0.143280665,8.46971533e-007
303.133333,-0.143280637,8.58227354e-007
303.166667,-0.143280608,8.71929663e-007
303.2,-0.143280579,8.87354435e-007
303.233333,-0.143280549,9.0269316e-007
303.266667,-0.143280519,9.17367639e-007
303.3,-0.143280489,9.30511373e-007
303.333333,-0.143280458,9.4524754e-007
303.366667,-0.143280426,9.56514457e-007
303.4,-0.143280394,9.67781794e-007
303.433333,-0.143280362,9.80356438e-007
303.466667,-0.143280329,9.95558387e-007
303.5,-0.143280296,1.00673524e-006
303.533333,-0.143280263,1.01791152e-006
303.566667,-0.143280229,1.02981901e-006
303.6,-0.143280194,1.05256183e-006
303.633333,-0.143280159,1.06561758e-006
303.666667,-0.143280124,1.07769411e-006
303.7,-0.143280088,1.08903722e-006
303.733333,-0.143280051,1.10536657e-006
303.766667,-0.143280015,1.11655489e-006
303.8,-0.143279977,1.1277234e-006
303.833333,-0.14327994,1.13887075e-006
303.866667,-0.143279902,1.15482582e-006
303.9,-0.143279863,1.16632416e-006
303.933333,-0.143279824,1.17876576e-006
303.966667,-0.143279785,1.19247494e-006
304,-0.143279745,1.21468488e-006
304.033333,-0.143279705,1.22673752e-006
304.066667,-0.143279664,1.23783247e-006
304.1,-0.143279623,1.24893145e-006
304.133333,-0.143279581,1.26378217e-006
304.166667,-0.143279539,1.27642318e-006
304.2,-0.143279496,1.28746487e-006
304.233333,-0.143279454,1.29847191e-006
304.266667,-0.14327941,1.31264286e-006
304.3,-0.143279366,1.32574073e-006
304.333333,-0.143279322,1.34192899e-006
304.366667,-0.143279278,1.35863153e-006
304.4,-0.143279232,1.37313017e-006
304.433333,-0.143279187,1.38676789e-006
304.466667,-0.14327914,1.39778531e-006
304.5,-0.143279094,1.40880871e-006
304.533333,-0.143279047,1.42188244e-006
304.566667,-0.143278999,1.43602921e-006
304.6,-0.143278951,1.44696487e-006
304.633333,-0.143278903,1.45789725e-006
304.666667,-0.143278855,1.47030983e-006
304.7,-0.143278806,1.49060475e-006
304.733333,-0.143278756,1.50594898e-006
304.766667,-0.143278706,1.51958138e-006
304.8,-0.143278655,1.53141208e-006
304.833333,-0.143278604,1.54661613e-006
304.866667,-0.143278552,1.55756101e-006
304.9,-0.143278501,1.56850494e-006
304.933333,-0.143278448,1.57980805e-006
304.966667,-0.143278396,1.59543038e-006
305,-0.143278342,1.60628566e-006
305.033333,-0.143278289,1.61745319e-006
305.066667,-0.143278235,1.62908427e-006
305.1,-0.143278181,1.65758897e-006
305.133333,-0.143278125,1.66860004e-006
305.166667,-0.14327807,1.67943062e-006
305.2,-0.143278014,1.69027086e-006
305.233333,-0.143277957,1.70554089e-006
305.266667,-0.143277901,1.71715936e-006
305.3,-0.143277843,1.7279822e-006
305.333333,-0.143277786,1.73876637e-006
305.366667,-0.143277728,1.75336199e-006
305.4,-0.143277669,1.76543172e-006
305.433333,-0.143277611,1.78036572e-006
305.466667,-0.143277551,1.79709496e-006
305.5,-0.143277491,1.81576929e-006
305.533333,-0.143277431,1.8283359e-006
305.566667,-0.14327737,1.8390952e-006
305.6,-0.143277309,1.84986611e-006
305.633333,-0.143277247,1.86339752e-006
305.666667,-0.143277185,1.87653067e-006
305.7,-0.143277122,1.88722599e-006
305.733333,-0.143277059,1.89790559e-006
305.766667,-0.143276996,1.91078227e-006
305.8,-0.143276932,1.92742814e-006
305.833333,-0.143276868,1.94520903e-006
305.866667,-0.143276803,1.96150669e-006
305.9,-0.143276738,1.97378008e-006
305.933333,-0.143276672,1.98788427e-006
305.966667,-0.143276606,1.99857723e-006
306,-0.143276539,2.00928334e-006
306.033333,-0.143276472,2.02110125e-006
306.066667,-0.143276405,2.03564515e-006
306.1,-0.143276337,2.04625069e-006
306.133333,-0.143276269,2.05686832e-006
306.166667,-0.1432762,2.06804942e-006
306.2,-0.143276131,2.09613e-006
306.233333,-0.143276061,2.10929332e-006
306.266667,-0.143275991,2.12104147e-006
306.3,-0.14327592,2.13162373e-006
306.333333,-0.143275849,2.14724961e-006
306.366667,-0.143275778,2.15788083e-006
306.4,-0.143275706,2.1684838e-006
306.433333,-0.143275634,2.17905778e-006
306.466667,-0.143275561,2.194033e-006
306.5,-0.143275488,2.20510023e-006
306.533333,-0.143275414,2.21828225e-006
306.566667,-0.14327534,2.23369804e-006
306.6,-0.143275266,2.25837226e-006
306.633333,-0.143275191,2.26989637e-006
306.666667,-0.143275115,2.28038883e-006
306.7,-0.143275039,2.29089862e-006
306.733333,-0.143274963,2.30484486e-006
306.766667,-0.143274886,2.31700394e-006
306.8,-0.143274809,2.32746324e-006
306.833333,-0.143274731,2.33788101e-006
306.866667,-0.143274653,2.35117939e-006
306.9,-0.143274575,2.3637758e-006
306.933333,-0.143274496,2.38311947e-006
306.966667,-0.143274416,2.40280674e-006
307,-0.143274336,2.41608453e-006
307.033333,-0.143274256,2.42911585e-006
307.066667,-0.143274175,2.43954835e-006
307.1,-0.143274093,2.44999976e-006
307.133333,-0.143274012,2.46227159e-006
307.166667,-0.14327393,2.47580931e-006
307.2,-0.143273847,2.48616512e-006
307.233333,-0.143273764,2.49652788e-006
307.266667,-0.143273681,2.50816949e-006
307.3,-0.143273598,2.53199276e-006
307.333333,-0.143273513,2.54862068e-006
307.366667,-0.143273428,2.56260907e-006
307.4,-0.143273343,2.57363037e-006
307.433333,-0.143273257,2.58815444e-006
307.466667,-0.143273171,2.59853148e-006
307.5,-0.143273084,2.60891019e-006
307.533333,-0.143272997,2.61948846e-006
307.566667,-0.14327291,2.63439998e-006
307.6,-0.143272822,2.64469012e-006
307.633333,-0.143272734,2.65584001e-006
307.666667,-0.143272645,2.66816304e-006
307.7,-0.143272556,2.70088109e-006
307.733333,-0.143272466,2.71139283e-006
307.766667,-0.143272376,2.72160974e-006
307.8,-0.143272285,2.73184975e-006
307.833333,-0.143272194,2.74616651e-006
307.866667,-0.143272103,2.75733536e-006
307.9,-0.143272011,2.76757909e-006
307.933333,-0.143271918,2.77777166e-006
307.966667,-0.143271826,2.79144621e-006
308,-0.143271733,2.80303863e-006
308.033333,-0.143271639,2.82001958e-006
308.066667,-0.143271545,2.83942623e-006
308.1,-0.143271451,2.85827431e-006
308.133333,-0.143271355,2.87026153e-006
308.166667,-0.14327126,2.88042491e-006
308.2,-0.143271164,2.89061301e-006
308.233333,-0.143271067,2.90329616e-006
308.266667,-0.143270971,2.91586812e-006
308.3,-0.143270873,2.92597731e-006
308.333333,-0.143270776,2.9360762e-006
308.366667,-0.143270678,2.94813615e-006
308.4,-0.14327058,2.96664636e-006
308.433333,-0.143270481,2.98659707e-006
308.466667,-0.143270381,3.00407988e-006
308.5,-0.143270281,3.01549411e-006
308.533333,-0.143270181,3.02894301e-006
308.566667,-0.14327008,3.03905736e-006
308.6,-0.143269978,3.04919751e-006
308.633333,-0.143269877,3.06026771e-006
308.666667,-0.143269775,3.07411933e-006
308.7,-0.143269672,3.08414836e-006
308.733333,-0.143269569,3.09420274e-006
308.766667,-0.143269466,3.1046668e-006
308.8,-0.143269363,3.13887042e-006
308.833333,-0.143269258,3.15156798e-006
308.866667,-0.143269153,3.16270757e-006
308.9,-0.143269048,3.17266923e-006
308.933333,-0.143268942,3.18731053e-006
308.966667,-0.143268836,3.19750866e-006
309,-0.143268729,3.20753625e-006
309.033333,-0.143268622,3.21752419e-006
309.066667,-0.143268515,3.23152848e-006
309.1,-0.143268407,3.24214371e-006
309.133333,-0.143268299,3.25640762e-006
309.166667,-0.143268191,3.27390603e-006
309.2,-0.143268082,3.30029061e-006
309.233333,-0.143267972,3.3112636e-006
309.266667,-0.143267861,3.32114918e-006
309.3,-0.14326775,3.33106533e-006
309.333333,-0.143267639,3.34411581e-006
309.366667,-0.143267528,3.35576056e-006
309.4,-0.143267416,3.36562974e-006
309.433333,-0.143267304,3.37545569e-006
309.466667,-0.143267191,3.38789046e-006
309.5,-0.143267078,3.40025181e-006
309.533333,-0.143266965,3.42294318e-006
309.566667,-0.143266851,3.44539615e-006
309.6,-0.143266736,3.45715573e-006
309.633333,-0.143266621,3.46955768e-006
309.666667,-0.143266505,3.47940082e-006
309.7,-0.143266389,3.48927573e-006
309.733333,-0.143266273,3.50075479e-006
309.766667,-0.143266156,3.51365059e-006
309.8,-0.143266039,3.52342051e-006
309.833333,-0.143265922,3.53320931e-006
309.866667,-0.143265804,3.54408937e-006
309.9,-0.143265686,3.5721635e-006
309.933333,-0.143265567,3.58963131e-006
309.966667,-0.143265447,3.60362733e-006
310,-0.143265327,3.61385094e-006
310.033333,-0.143265206,3.62767168e-006
310.066667,-0.143265086,3.63747642e-006
310.1,-0.143264964,3.64728126e-006
310.133333,-0.143264843,3.65713732e-006
310.166667,-0.143264721,3.6713148e-006
310.2,-0.143264598,3.68103541e-006
310.233333,-0.143264476,3.6924455e-006
310.266667,-0.143264353,3.70597003e-006
310.3,-0.143264229,3.74207594e-006
310.333333,-0.143264104,3.75206604e-006
310.366667,-0.143263979,3.76166512e-006
310.4,-0.143263854,3.77130066e-006
310.433333,-0.143263728,3.78467304e-006
310.466667,-0.143263602,3.79537139e-006
310.5,-0.143263476,3.80502507e-006
310.533333,-0.143263349,3.81461497e-006
310.566667,-0.143263222,3.8273779e-006
310.6,-0.143263094,3.83847196e-006
310.633333,-0.143262966,3.85792306e-006
310.666667,-0.143262837,3.88020719e-006
310.7,-0.143262708,3.89856741e-006
310.733333,-0.143262578,3.9099526e-006
310.766667,-0.143262448,3.91951586e-006
310.8,-0.143262317,3.92911686e-006
310.833333,-0.143262186,3.94096103e-006
310.866667,-0.143262055,3.9529403e-006
310.9,-0.143261923,3.96245647e-006
310.933333,-0.143261791,3.97197059e-006
310.966667,-0.143261659,3.98322337e-006
311,-0.143261526,4.00425844e-006
311.033333,-0.143261392,4.02606463e-006
311.066667,-0.143261258,4.04431529e-006
311.1,-0.143261123,4.05488223e-006
311.133333,-0.143260988,4.0676529e-006
311.166667,-0.143260853,4.0771844e-006
311.2,-0.143260717,4.08675422e-006
311.233333,-0.14326058,4.09708638e-006
311.266667,-0.143260444,4.11021156e-006
311.3,-0.143260307,4.11965964e-006
311.333333,-0.14326017,4.12914658e-006
311.366667,-0.143260032,4.13890354e-006
311.4,-0.143259894,4.18002923e-006
311.433333,-0.143259755,4.19164831e-006
311.466667,-0.143259615,4.20192095e-006
311.5,-0.143259475,4.2112673e-006
311.533333,-0.143259334,4.22491455e-006
311.566667,-0.143259194,4.23466836e-006
311.6,-0.143259052,4.24411084e-006
311.633333,-0.143258911,4.25350086e-006
311.666667,-0.143258769,4.26654389e-006
311.7,-0.143258627,4.27668644e-006
311.733333,-0.143258484,4.29239231e-006
311.766667,-0.143258341,4.312306e-006
311.8,-0.143258198,4.33966829e-006
311.833333,-0.143258053,4.35006785e-006
311.866667,-0.143257908,4.3593426e-006
311.9,-0.143257763,4.36866109e-006
311.933333,-0.143257617,4.38082528e-006
311.966667,-0.143257471,4.39192549e-006
312,-0.143257325,4.40119686e-006
312.033333,-0.143257178,4.41042718e-006
312.066667,-0.143257031,4.42200808e-006
312.1,-0.143256883,4.43531475e-006
312.133333,-0.143256736,4.46058787e-006
312.166667,-0.143256587,4.48471212e-006
312.2,-0.143256437,4.4955737e-006
312.233333,-0.143256288,4.50732375e-006
312.266667,-0.143256137,4.51657352e-006
312.3,-0.143255987,4.52586778e-006
312.333333,-0.143255836,4.53656386e-006
312.366667,-0.143255685,4.5487849e-006
312.4,-0.143255533,4.55796363e-006
312.433333,-0.143255381,4.56717448e-006
312.466667,-0.143255229,4.57730307e-006
312.5,-0.143255076,4.61036555e-006
312.533333,-0.143254923,4.62818894e-006
312.566667,-0.143254768,4.64186578e-006
312.6,-0.143254614,4.65130404e-006
312.633333,-0.143254459,4.6643985e-006
312.666667,-0.143254303,4.67362685e-006
312.7,-0.143254147,4.68284926e-006
312.733333,-0.143253991,4.69205997e-006
312.766667,-0.143253835,4.70533406e-006
312.8,-0.143253678,4.71455439e-006
312.833333,-0.143253521,4.72652173e-006
312.866667,-0.143253363,4.74171415e-006
312.9,-0.143253205,4.78040282e-006
312.933333,-0.143253046,4.78984927e-006
312.966667,-0.143252886,4.79882678e-006
313,-0.143252726,4.80785404e-006
313.033333,-0.143252566,4.8202917e-006
313.066667,-0.143252405,4.83049888e-006
313.1,-0.143252244,4.83955167e-006
313.133333,-0.143252083,4.84852862e-006
313.166667,-0.143251921,4.86039009e-006
313.2,-0.143251759,4.870965e-006
313.233333,-0.143251597,4.89332661e-006
313.266667,-0.143251434,4.91864465e-006
313.3,-0.14325127,4.93587836e-006
313.333333,-0.143251105,4.94663919e-006
313.366667,-0.143250941,4.95559857e-006
313.4,-0.143250775,4.96460861e-006
313.433333,-0.14325061,4.97562377e-006
313.466667,-0.143250444,4.98697886e-006
313.5,-0.143250278,4.99589592e-006
313.533333,-0.143250111,5.00482157e-006
313.566667,-0.143249944,5.01527743e-006
313.6,-0.143249777,5.03951414e-006
313.633333,-0.143249609,5.06281999e-006
313.666667,-0.143249441,5.0814425e-006
313.7,-0.143249271,5.09117473e-006
313.733333,-0.143249101,5.1032446e-006
313.766667,-0.143248931,5.11218942e-006
313.8,-0.143248761,5.12117954e-006
313.833333,-0.14324859,5.13077006e-006
313.866667,-0.143248419,5.14315454e-006
313.9,-0.143248248,5.15201849e-006
313.933333,-0.143248076,5.16093399e-006
313.966667,-0.143247904,5.1699944e-006
314,-0.143247732,5.21885363e-006
314.033333,-0.143247558,5.22874316e-006
314.066667,-0.143247383,5.23791254e-006
314.1,-0.143247209,5.24663996e-006
314.133333,-0.143247034,5.25930309e-006
314.166667,-0.143246859,5.26859225e-006
314.2,-0.143246683,5.27744e-006
314.233333,-0.143246507,5.28622095e-006
314.266667,-0.143246331,5.2983132e-006
314.3,-0.143246154,5.30796261e-006
314.333333,-0.143245977,5.32548842e-006
314.366667,-0.1432458,5.34810632e-006
314.4,-0.143245622,5.37573593e-006
314.433333,-0.143245442,5.38554008e-006
314.466667,-0.143245263,5.39420047e-006
314.5,-0.143245083,5.40291767e-006
314.533333,-0.143244903,5.41420577e-006
314.566667,-0.143244722,5.42473124e-006
314.6,-0.143244542,5.43339786e-006
314.633333,-0.14324436,5.44202915e-006
314.666667,-0.143244179,5.45276662e-006
314.7,-0.143243997,5.46763523e-006
314.733333,-0.143243815,5.49526311e-006
314.766667,-0.143243632,5.52059243e-006
314.8,-0.143243448,5.53056884e-006
314.833333,-0.143243264,5.54164477e-006
314.866667,-0.143243079,5.55029759e-006
314.9,-0.143242894,5.55900749e-006
314.933333,-0.143242709,5.56893103e-006
314.966667,-0.143242523,5.58044461e-006
315,-0.143242337,5.5890276e-006
315.033333,-0.143242151,5.59765697e-006
315.066667,-0.143241964,5.60704478e-006
315.1,-0.143241777,5.645847e-006
315.133333,-0.143241589,5.66350206e-006
315.166667,-0.1432414,5.6765549e-006
315.2,-0.143241211,5.68522082e-006
315.233333,-0.143241021,5.69756651e-006
315.266667,-0.143240831,5.7062148e-006
315.3,-0.143240641,5.71484635e-006
315.333333,-0.143240451,5.72345406e-006
315.366667,-0.14324026,5.73572682e-006
315.4,-0.143240069,5.74448106e-006
315.433333,-0.143239877,5.75732145e-006
315.466667,-0.143239685,5.7746045e-006
315.5,-0.143239493,5.81509232e-006
315.533333,-0.143239299,5.82397343e-006
315.566667,-0.143239105,5.83232609e-006
315.6,-0.143238911,5.84074171e-006
315.633333,-0.143238716,5.85225507e-006
315.666667,-0.143238521,5.86195069e-006
315.7,-0.143238325,5.87039192e-006
315.733333,-0.14323813,5.87874642e-006
315.766667,-0.143237934,5.88971734e-006
315.8,-0.143237737,5.89975261e-006
315.833333,-0.143237541,5.92548148e-006
315.866667,-0.143237343,5.9539462e-006
315.9,-0.143237145,5.96943859e-006
315.933333,-0.143236946,5.97955313e-006
315.966667,-0.143236746,5.98790528e-006
316,-0.143236547,5.99632091e-006
316.033333,-0.143236347,6.00651775e-006
316.066667,-0.143236147,6.01721726e-006
316.1,-0.143235946,6.02552987e-006
316.133333,-0.143235745,6.0338638e-006
316.166667,-0.143235544,6.04353365e-006
316.2,-0.143235343,6.07166396e-006
316.233333,-0.14323514,6.09607293e-006
316.266667,-0.143234937,6.11469307e-006
316.3,-0.143234733,6.12360384e-006
316.333333,-0.143234529,6.1349508e-006
316.366667,-0.143234325,6.14330552e-006
316.4,-0.14323412,6.15170651e-006
316.433333,-0.143233915,6.16055309e-006
316.466667,-0.14323371,6.17218318e-006
316.5,-0.143233504,6.18045997e-006
316.533333,-0.143233298,6.18898191e-006
316.566667,-0.143233091,6.19786241e-006
316.6,-0.143232885,6.25388567e-006
316.633333,-0.143232676,6.26187904e-006
316.666667,-0.143232468,6.26991536e-006
316.7,-0.143232259,6.27802072e-006
316.733333,-0.143232049,6.28971043e-006
316.766667,-0.14323184,6.29851485e-006
316.8,-0.14323163,6.30675836e-006
316.833333,-0.14323142,6.3149199e-006
316.866667,-0.143231209,6.32607254e-006
316.9,-0.143230998,6.33520862e-006
316.933333,-0.143230787,6.35494967e-006
316.966667,-0.143230575,6.38051675e-006
317,-0.143230363,6.40772649e-006
317.033333,-0.143230149,6.41691359e-006
317.066667,-0.143229935,6.42495652e-006
317.1,-0.143229721,6.43306923e-006
317.133333,-0.143229506,6.44349213e-006
317.166667,-0.143229292,6.4534127e-006
317.2,-0.143229077,6.46146841e-006
317.233333,-0.143228861,6.46949766e-006
317.266667,-0.143228646,6.47940282e-006
317.3,-0.14322843,6.4964664e-006
317.333333,-0.143228213,6.52618027e-006
317.366667,-0.143227995,6.55226999e-006
317.4,-0.143227777,6.56137474e-006
317.433333,-0.143227558,6.57175477e-006
317.466667,-0.143227339,6.57980745e-006
317.5,-0.14322712,6.58792968e-006
317.533333,-0.1432269,6.59709179e-006
317.566667,-0.14322668,6.60786535e-006
317.6,-0.14322646,6.61584882e-006
317.633333,-0.14322624,6.62389356e-006
317.666667,-0.143226019,6.63255193e-006
317.7,-0.143225798,6.67785788e-006
317.733333,-0.143225575,6.69478205e-006
317.766667,-0.143225352,6.70692838e-006
317.8,-0.143225128,6.7148356e-006
317.833333,-0.143224905,6.72641048e-006
317.866667,-0.14322468,6.73447545e-006
317.9,-0.143224456,6.74250785e-006
317.933333,-0.143224231,6.75050134e-006
317.966667,-0.143224006,6.76178431e-006
318,-0.143223781,6.77005258e-006
318.033333,-0.143223555,6.78409991e-006
318.066667,-0.143223329,6.80385222e-006
318.1,-0.143223102,6.84537817e-006
318.133333,-0.143222874,6.85367259e-006
318.166667,-0.143222646,6.86139757e-006
318.2,-0.143222417,6.8691986e-006
318.233333,-0.143222188,6.87979885e-006
318.266667,-0.143221959,6.8889628e-006
318.3,-0.143221729,6.89678195e-006
318.333333,-0.143221499,6.9045053e-006
318.366667,-0.143221269,6.91459729e-006
318.4,-0.143221038,6.92407272e-006
318.433333,-0.143220808,6.95364124e-006
318.466667,-0.143220576,6.98532173e-006
318.5,-0.143220343,6.9984826e-006
318.533333,-0.14322011,7.00792931e-006
318.566667,-0.143219876,7.01567135e-006
318.6,-0.143219642,7.02348955e-006
318.633333,-0.143219408,7.03287942e-006
318.666667,-0.143219174,7.04289208e-006
318.7,-0.143218939,7.05059566e-006
318.733333,-0.143218704,7.05833501e-006
318.766667,-0.143218469,7.06723043e-006
318.8,-0.143218233,7.09996032e-006
318.833333,-0.143217996,7.12503587e-006
318.866667,-0.143217759,7.14330164e-006
318.9,-0.143217521,7.15140488e-006
318.933333,-0.143217282,7.16200725e-006
318.966667,-0.143217044,7.1697689e-006
319,-0.143216805,7.17757366e-006
319.033333,-0.143216565,7.18568093e-006
319.066667,-0.143216326,7.19653512e-006
319.1,-0.143216086,7.20422185e-006
319.133333,-0.143215846,7.21308566e-006
319.166667,-0.143215605,7.22367539e-006
319.2,-0.143215365,7.28232976e-006
319.233333,-0.143215122,7.28976798e-006
319.266667,-0.143214879,7.29716647e-006
319.3,-0.143214636,7.3046472e-006
319.333333,-0.143214392,7.31537491e-006
319.366667,-0.143214148,7.32367471e-006
319.4,-0.143213904,7.3313046e-006
319.433333,-0.14321366,7.33883711e-006
319.466667,-0.143213415,7.34906204e-006
319.5,-0.14321317,7.35766484e-006
319.533333,-0.143212925,7.38003298e-006
319.566667,-0.143212679,7.40875005e-006
319.6,-0.143212432,7.4348768e-006
319.633333,-0.143212184,7.44342555e-006
319.666667,-0.143211936,7.45084834e-006
319.7,-0.143211688,7.45835376e-006
319.733333,-0.143211439,7.46792302e-006
319.766667,-0.14321119,7.47720859e-006
319.8,-0.143210941,7.48464794e-006
319.833333,-0.143210691,7.49207255e-006
319.866667,-0.143210442,7.50115718e-006
319.9,-0.143210192,7.52106404e-006
319.933333,-0.143209941,7.55255398e-006
319.966667,-0.143209689,7.57898145e-006
320,-0.143209437,7.58722872e-006
320.033333,-0.143209184,7.59689145e-006
320.066667,-0.14320893,7.60434123e-006
320.1,-0.143208677,7.61187289e-006
320.133333,-0.143208423,7.62028527e-006
320.166667,-0.143208169,7.63028643e-006
320.2,-0.143207915,7.63766733e-006
320.233333,-0.14320766,7.64512467e-006
320.266667,-0.143207405,7.6530655e-006
320.3,-0.14320715,7.70565054e-006
320.333333,-0.143206893,7.72124363e-006
320.366667,-0.143206636,7.73222356e-006
320.4,-0.143206378,7.73938632e-006
320.433333,-0.14320612,7.75016881e-006
320.466667,-0.143205862,7.75764761e-006
320.5,-0.143205603,7.76507268e-006
320.533333,-0.143205345,7.77244154e-006
320.566667,-0.143205086,7.78274702e-006
320.6,-0.143204826,7.79050968e-006
320.633333,-0.143204566,7.80611536e-006
320.666667,-0.143204306,7.82867112e-006
320.7,-0.143204045,7.87049768e-006
320.733333,-0.143203783,7.87818442e-006
320.766667,-0.14320352,7.88527933e-006
320.8,-0.143203257,7.89246327e-006
320.833333,-0.143202994,7.90216229e-006
320.866667,-0.143202731,7.91075275e-006
320.9,-0.143202467,7.91794704e-006
320.933333,-0.143202203,7.92504752e-006
320.966667,-0.143201939,7.93427225e-006
321,-0.143201675,7.94316794e-006
321.033333,-0.14320141,7.97706324e-006
321.066667,-0.143201144,8.01198501e-006
321.1,-0.143200877,8.02224951e-006
321.133333,-0.14320061,8.03100723e-006
321.166667,-0.143200342,8.03813665e-006
321.2,-0.143200074,8.0453548e-006
321.233333,-0.143199806,8.05394965e-006
321.266667,-0.143199537,8.06324432e-006
321.3,-0.143199268,8.07033505e-006
321.333333,-0.143198999,8.07747736e-006
321.366667,-0.14319873,8.08561048e-006
321.4,-0.143198461,8.12365872e-006
321.433333,-0.14319819,8.14892525e-006
321.466667,-0.143197918,8.16650722e-006
321.5,-0.143197646,8.17381746e-006
321.533333,-0.143197374,8.18365403e-006
321.566667,-0.143197101,8.19082e-006
321.6,-0.143196828,8.19802157e-006
321.633333,-0.143196555,8.20539506e-006
321.666667,-0.143196281,8.21545236e-006
321.7,-0.143196007,8.2225465e-006
321.733333,-0.143195733,8.23204296e-006
321.766667,-0.143195459,8.24481129e-006
321.8,-0.143195184,8.30528314e-006
321.833333,-0.143194907,8.31214545e-006
321.866667,-0.14319463,8.31890397e-006
321.9,-0.143194353,8.32575783e-006
321.933333,-0.143194075,8.33553575e-006
321.966667,-0.143193797,8.34331141e-006
322,-0.143193519,8.35031847e-006
322.033333,-0.143193241,8.35721319e-006
322.066667,-0.143192962,8.36652303e-006
322.1,-0.143192683,8.37457296e-006
322.133333,-0.143192404,8.39999594e-006
322.166667,-0.143192124,8.43201967e-006
322.2,-0.143191843,8.45642528e-006
322.233333,-0.143191561,8.46431483e-006
322.266667,-0.143191279,8.47111527e-006
322.3,-0.143190997,8.47801104e-006
322.333333,-0.143190714,8.48673893e-006
322.366667,-0.143190431,8.49535956e-006
322.4,-0.143190148,8.50217794e-006
322.433333,-0.143189865,8.50899574e-006
322.466667,-0.143189581,8.51727226e-006
322.5,-0.143189297,8.54068501e-006
322.533333,-0.143189012,8.57360067e-006
322.566667,-0.143188727,8.59996579e-006
322.6,-0.14318844,8.60737045e-006
322.633333,-0.143188153,8.61629498e-006
322.666667,-0.143187866,8.62313954e-006
322.7,-0.143187578,8.63007815e-006
322.733333,-0.143187291,8.63775312e-006
322.766667,-0.143187003,8.64694978e-006
322.8,-0.143186715,8.65372582e-006
322.833333,-0.143186426,8.66059343e-006
322.866667,-0.143186137,8.66782923e-006
322.9,-0.143185849,8.72847875e-006
322.933333,-0.143185558,8.74210418e-006
322.966667,-0.143185266,8.75168066e-006
323,-0.143184974,8.75819631e-006
323.033333,-0.143184683,8.76800031e-006
323.066667,-0.14318439,8.77497304e-006
323.1,-0.143184098,8.7817828e-006
323.133333,-0.143183805,8.78851742e-006
323.166667,-0.143183512,8.79785847e-006
323.2,-0.143183219,8.8050962e-006
323.233333,-0.143182925,8.82262851e-006
323.266667,-0.143182631,8.84827725e-006
323.3,-0.143182336,8.8896914e-006
323.333333,-0.14318204,8.89674987e-006
323.366667,-0.143181743,8.90321275e-006
323.4,-0.143181447,8.90977754e-006
323.433333,-0.14318115,8.91858792e-006
323.466667,-0.143180852,8.92656533e-006
323.5,-0.143180555,8.93313282e-006
323.533333,-0.143180257,8.93961676e-006
323.566667,-0.143179959,8.94798668e-006
323.6,-0.143179661,8.95688421e-006
323.633333,-0.143179362,8.9949929e-006
323.666667,-0.143179062,9.03253679e-006
323.7,-0.143178761,9.0399816e-006
323.733333,-0.14317846,9.04802969e-006
323.766667,-0.143178158,9.05454443e-006
323.8,-0.143177857,9.0611603e-006
323.833333,-0.143177554,9.06897271e-006
323.866667,-0.143177252,9.07751845e-006
323.9,-0.14317695,9.08399323e-006
323.933333,-0.143176647,9.09053644e-006
323.966667,-0.143176344,9.09792002e-006
324,-0.143176041,9.14201696e-006
324.033333,-0.143175736,9.16696075e-006
324.066667,-0.14317543,9.18355243e-006
324.1,-0.143175124,9.19008478e-006
324.133333,-0.143174818,9.19913483e-006
324.166667,-0.143174511,9.20570293e-006
324.2,-0.143174204,9.21229446e-006
324.233333,-0.143173897,9.21894066e-006
324.266667,-0.14317359,9.22818056e-006
324.3,-0.143173282,9.23467999e-006
324.333333,-0.143172974,9.24511768e-006
324.366667,-0.143172666,9.26048892e-006
324.4,-0.143172358,9.32198853e-006
324.433333,-0.143172047,9.32825456e-006
324.466667,-0.143171736,9.33437142e-006
324.5,-0.143171425,9.34059661e-006
324.533333,-0.143171113,9.34943767e-006
324.566667,-0.143170802,9.35666994e-006
324.6,-0.14317049,9.36304515e-006
324.633333,-0.143170178,9.36929414e-006
324.666667,-0.143169865,9.3777022e-006
324.7,-0.143169553,9.38518001e-006
324.733333,-0.14316924,9.4141006e-006
324.766667,-0.143168926,9.44954358e-006
324.8,-0.143168611,9.47161564e-006
324.833333,-0.143168296,9.47882556e-006
324.866667,-0.14316798,9.48500185e-006
324.9,-0.143167663,9.49128606e-006
324.933333,-0.143167347,9.49918549e-006
324.966667,-0.14316703,9.50711141e-006
325,-0.143166714,9.51330495e-006
325.033333,-0.143166396,9.5195142e-006
325.066667,-0.143166079,9.52699569e-006
325.1,-0.143165762,9.55458998e-006
325.133333,-0.143165443,9.5885414e-006
325.166667,-0.143165123,9.61446705e-006
325.2,-0.143164803,9.62104458e-006
325.233333,-0.143164482,9.6292105e-006
325.266667,-0.143164161,9.63544793e-006
325.3,-0.14316384,9.64179145e-006
325.333333,-0.143163519,9.64874189e-006
325.366667,-0.143163197,9.65710223e-006
325.4,-0.143162875,9.6632719e-006
325.433333,-0.143162553,9.66954783e-006
325.466667,-0.143162231,9.67609165e-006
325.5,-0.143161908,9.74559977e-006
325.533333,-0.143161583,9.75658574e-006
325.566667,-0.143161258,9.76454479e-006
325.6,-0.143160933,9.77042214e-006
325.633333,-0.143160607,9.77924031e-006
325.666667,-0.143160281,9.78569838e-006
325.7,-0.143159955,9.79188498e-006
325.733333,-0.143159628,9.79797658e-006
325.766667,-0.143159302,9.80636696e-006
325.8,-0.143158975,9.81306079e-006
325.833333,-0.143158648,9.83290411e-006
325.866667,-0.14315832,9.8618906e-006
325.9,-0.143157991,9.90220464e-006
325.933333,-0.143157661,9.90861467e-006
325.966667,-0.143157331,9.91444405e-006
326,-0.143157,9.92038804e-006
326.033333,-0.14315667,9.92832307e-006
326.066667,-0.143156339,9.93565881e-006
326.1,-0.143156008,9.94159485e-006
326.133333,-0.143155676,9.94746079e-006
326.166667,-0.143155345,9.95498934e-006
326.2,-0.143155013,9.96634934e-006
326.233333,-0.143154681,1.00065683e-005
326.266667,-0.143154347,1.00443596e-005
326.3,-0.143154012,1.00509271e-005
326.333333,-0.143153677,1.00582457e-005
326.366667,-0.143153342,1.00641441e-005
326.4,-0.143153007,1.00701558e-005
326.433333,-0.143152671,1.00771989e-005
326.466667,-0.143152335,1.00849649e-005
326.5,-0.143151999,1.00908214e-005
326.533333,-0.143151662,1.00967638e-005
326.566667,-0.143151326,1.01034111e-005
326.6,-0.143150989,1.01542974e-005
326.633333,-0.143150651,1.01783676e-005
326.666667,-0.143150311,1.01936857e-005
326.7,-0.143149972,1.01994558e-005
326.733333,-0.143149632,1.02076991e-005
326.766667,-0.143149291,1.02136675e-005
326.8,-0.143148951,1.02196423e-005
326.833333,-0.14314861,1.02256114e-005
326.866667,-0.143148269,1.02339282e-005
326.9,-0.143147928,1.0239874e-005
326.933333,-0.143147587,1.02515786e-005
326.966667,-0.143147245,1.02699317e-005
327,-0.143146903,1.03316942e-005
327.033333,-0.143146558,1.03373439e-005
327.066667,-0.143146214,1.03428179e-005
327.1,-0.143145869,1.0348413e-005
327.133333,-0.143145524,1.03563308e-005
327.166667,-0.143145179,1.03630008e-005
327.2,-0.143144833,1.03687353e-005
327.233333,-0.143144488,1.03743314e-005
327.266667,-0.143144142,1.03818516e-005
327.3,-0.143143796,1.03887384e-005
327.333333,-0.14314345,1.04216135e-005
327.366667,-0.143143102,1.04605444e-005
327.4,-0.143142754,1.04796969e-005
327.433333,-0.143142404,1.04862072e-005
327.466667,-0.143142055,1.0491758e-005
327.5,-0.143141705,1.04974291e-005
327.533333,-0.143141355,1.05045136e-005
327.566667,-0.143141005,1.05117152e-005
327.6,-0.143140655,1.05172808e-005
327.633333,-0.143140304,1.05228802e-005
327.666667,-0.143139953,1.05295803e-005
327.7,-0.143139602,1.05620437e-005
327.733333,-0.14313925,1.05966022e-005
327.766667,-0.143138897,1.06217345e-005
327.8,-0.143138543,1.0627501e-005
327.833333,-0.143138189,1.06348884e-005
327.866667,-0.143137834,1.06405172e-005
327.9,-0.143137479,1.06462538e-005
327.933333,-0.143137125,1.0652467e-005
327.966667,-0.14313677,1.06599966e-005
328,-0.143136414,1.06655602e-005
328.033333,-0.143136059,1.06712425e-005
328.066667,-0.143135703,1.06771079e-005
328.1,-0.143135347,1.0756276e-005
328.133333,-0.143134989,1.07639168e-005
328.166667,-0.14313463,1.07700675e-005
328.2,-0.143134271,1.07753054e-005
328.233333,-0.143133912,1.07831518e-005
328.266667,-0.143133552,1.07890766e-005
328.3,-0.143133192,1.07946323e-005
328.333333,-0.143132833,1.08000729e-005
328.366667,-0.143132473,1.0807527e-005
328.4,-0.143132112,1.08136583e-005
328.433333,-0.143131752,1.08362123e-005
328.466667,-0.143131391,1.08687365e-005
328.5,-0.143131028,1.09072889e-005
328.533333,-0.143130665,1.09130307e-005
328.566667,-0.143130301,1.09182255e-005
328.6,-0.143129937,1.09235475e-005
328.633333,-0.143129573,1.0930621e-005
328.666667,-0.143129209,1.09372866e-005
328.7,-0.143128844,1.09425873e-005
328.733333,-0.143128479,1.09478342e-005
328.766667,-0.143128114,1.09545354e-005
328.8,-0.143127749,1.09689924e-005
328.833333,-0.143127384,1.10110163e-005
328.866667,-0.143127017,1.10486291e-005
328.9,-0.143126648,1.10543359e-005
328.933333,-0.14312628,1.10609052e-005
328.966667,-0.143125911,1.10661861e-005
329,-0.143125542,1.10715923e-005
329.033333,-0.143125173,1.10778798e-005
329.066667,-0.143124804,1.10848357e-005
329.1,-0.143124434,1.10900723e-005
329.133333,-0.143124065,1.10954127e-005
329.166667,-0.143123695,1.11013376e-005
329.2,-0.143123325,1.11597629e-005
329.233333,-0.143122953,1.1182373e-005
329.266667,-0.14312258,1.11961576e-005
329.3,-0.143122207,1.12011818e-005
329.333333,-0.143121834,1.12085986e-005
329.366667,-0.14312146,1.1213966e-005
329.4,-0.143121086,1.12193175e-005
329.433333,-0.143120712,1.12246395e-005
329.466667,-0.143120338,1.12319705e-005
329.5,-0.143119964,1.1237383e-005
329.533333,-0.143119589,1.12506967e-005
329.566667,-0.143119214,1.12723652e-005
329.6,-0.143118838,1.13336516e-005
329.633333,-0.14311846,1.13386655e-005
329.666667,-0.143118083,1.13434957e-005
329.7,-0.143117704,1.13484598e-005
329.733333,-0.143117326,1.13554687e-005
329.766667,-0.143116948,1.13615579e-005
329.8,-0.143116569,1.13666429e-005
329.833333,-0.14311619,1.13715799e-005
329.866667,-0.143115811,1.13782269e-005
329.9,-0.143115432,1.13845041e-005
329.933333,-0.143115052,1.14218042e-005
329.966667,-0.143114671,1.14642479e-005
330,-0.143114289,1.14799219e-005
330.033333,-0.143113907,1.14857132e-005
330.066667,-0.143113524,1.14906375e-005
330.1,-0.143113141,1.14956945e-005
330.133333,-0.143112758,1.15019782e-005
330.166667,-0.143112374,1.15084263e-005
330.2,-0.143111991,1.15133617e-005
330.233333,-0.143111607,1.15183502e-005
330.266667,-0.143111223,1.15242832e-005
330.3,-0.143110839,1.15623139e-005
330.333333,-0.143110453,1.15970131e-005
330.366667,-0.143110067,1.16210219e-005
330.4,-0.143109679,1.16259941e-005
330.433333,-0.143109292,1.16325836e-005
330.466667,-0.143108904,1.16376027e-005
330.5,-0.143108516,1.16427215e-005
330.533333,-0.143108128,1.16481903e-005
330.566667,-0.14310774,1.16548906e-005
330.6,-0.143107351,1.16598478e-005
330.633333,-0.143106963,1.1665213e-005
330.666667,-0.143106574,1.1671161e-005
330.7,-0.143106185,1.17587193e-005
330.733333,-0.143105793,1.17630475e-005
330.766667,-0.143105401,1.17675049e-005
330.8,-0.143105008,1.17721027e-005
330.833333,-0.143104616,1.1778992e-005
330.866667,-0.143104223,1.17843651e-005
330.9,-0.143103831,1.17892824e-005
330.933333,-0.143103438,1.17940648e-005
330.966667,-0.143103045,1.18005977e-005
331,-0.143102651,1.18061481e-005
331.033333,-0.143102258,1.18318273e-005
331.066667,-0.143101863,1.18680443e-005
331.1,-0.143101468,1.19042003e-005
331.133333,-0.143101071,1.19092546e-005
331.166667,-0.143100674,1.19138142e-005
331.2,-0.143100277,1.19185133e-005
331.233333,-0.143099879,1.192474e-005
331.266667,-0.143099482,1.19307071e-005
331.3,-0.143099084,1.19353694e-005
331.333333,-0.143098686,1.19399966e-005
331.366667,-0.143098288,1.1945885e-005
331.4,-0.14309789,1.19640858e-005
331.433333,-0.143097491,1.20075698e-005
331.466667,-0.143097091,1.20446021e-005
331.5,-0.14309669,1.20494653e-005
331.533333,-0.143096288,1.20552662e-005
331.566667,-0.143095886,1.20599288e-005
331.6,-0.143095484,1.20647285e-005
331.633333,-0.143095082,1.20702747e-005
331.666667,-0.14309468,1.20763905e-005
331.7,-0.143094277,1.20810064e-005
331.733333,-0.143093874,1.20857439e-005
331.766667,-0.143093472,1.20909608e-005
331.8,-0.143093069,1.21576825e-005
331.833333,-0.143092663,1.21782114e-005
331.866667,-0.143092257,1.21902263e-005
331.9,-0.143091851,1.21945213e-005
331.933333,-0.143091445,1.22010926e-005
331.966667,-0.143091038,1.2205858e-005
332,-0.143090631,1.22105798e-005
332.033333,-0.143090224,1.22152466e-005
332.066667,-0.143089817,1.22216076e-005
332.1,-0.143089409,1.22264687e-005
332.133333,-0.143089002,1.22417495e-005
332.166667,-0.143088594,1.22670211e-005
332.2,-0.143088185,1.23271191e-005
332.233333,-0.143087774,1.2331478e-005
332.266667,-0.143087363,1.23356641e-005
332.3,-0.143086952,1.23399968e-005
332.333333,-0.14308654,1.23461116e-005
332.366667,-0.143086129,1.23516019e-005
332.4,-0.143085717,1.23560292e-005
332.433333,-0.143085305,1.23603014e-005
332.466667,-0.143084893,1.23660905e-005
332.5,-0.143084481,1.23717401e-005
332.533333,-0.143084069,1.24139479e-005
332.566667,-0.143083655,1.24598859e-005
332.6,-0.14308324,1.24715504e-005
332.633333,-0.143082824,1.24766036e-005
332.666667,-0.143082408,1.24809011e-005
332.7,-0.143081992,1.24853432e-005
332.733333,-0.143081576,1.24908409e-005
332.766667,-0.143081159,1.24965064e-005
332.8,-0.143080743,1.250081e-005
332.833333,-0.143080326,1.25051872e-005
332.866667,-0.143079909,1.25103679e-005
332.9,-0.143079492,1.25546736e-005
332.933333,-0.143079074,1.25890105e-005
332.966667,-0.143078654,1.26115896e-005
333,-0.143078234,1.26157847e-005
333.033333,-0.143077813,1.26215575e-005
333.066667,-0.143077393,1.26259663e-005
333.1,-0.143076972,1.26304622e-005
333.133333,-0.143076551,1.26351948e-005
333.166667,-0.143076129,1.26410474e-005
333.2,-0.143075708,1.26453977e-005
333.233333,-0.143075287,1.26517125e-005
333.266667,-0.143074865,1.26609081e-005
333.3,-0.143074443,1.27486094e-005
333.333333,-0.143074018,1.27523162e-005
333.366667,-0.143073593,1.27561208e-005
333.4,-0.143073168,1.27600786e-005
333.433333,-0.143072742,1.27660262e-005
333.466667,-0.143072317,1.27708296e-005
333.5,-0.143071891,1.2775101e-005
333.533333,-0.143071465,1.27792188e-005
333.566667,-0.143071039,1.27848462e-005
333.6,-0.143070613,1.27897977e-005
333.633333,-0.143070187,1.28190299e-005
333.666667,-0.143069759,1.28590504e-005
333.7,-0.143069331,1.28922029e-005
333.733333,-0.143068901,1.28965509e-005
333.766667,-0.143068471,1.29004749e-005
333.8,-0.143068041,1.29045509e-005
333.833333,-0.143067611,1.29099456e-005
333.866667,-0.143067181,1.29151862e-005
333.9,-0.14306675,1.29192077e-005
333.933333,-0.14306632,1.2923215e-005
333.966667,-0.143065889,1.29283058e-005
334,-0.143065458,1.29509081e-005
334.033333,-0.143065026,1.29954688e-005
334.066667,-0.143064593,1.30315427e-005
334.1,-0.143064159,1.30355799e-005
334.133333,-0.143063724,1.30405938e-005
334.166667,-0.143063289,1.30446376e-005
334.2,-0.143062855,1.30488303e-005
334.233333,-0.14306242,1.30536501e-005
334.266667,-0.143061984,1.3058896e-005
334.3,-0.143061549,1.30628911e-005
334.333333,-0.143061114,1.30670252e-005
334.366667,-0.143060678,1.3071549e-005
334.4,-0.143060242,1.31473309e-005
334.433333,-0.143059804,1.31651241e-005
334.466667,-0.143059365,1.31751567e-005
334.5,-0.143058926,1.31787398e-005
334.533333,-0.143058487,1.3184447e-005
334.566667,-0.143058047,1.318861e-005
334.6,-0.143057608,1.31926959e-005
334.633333,-0.143057168,1.31967004e-005
334.666667,-0.143056728,1.32021074e-005
334.7,-0.143056288,1.32063995e-005
334.733333,-0.143055848,1.32240202e-005
334.766667,-0.143055407,1.32531372e-005
334.8,-0.143054965,1.33113618e-005
334.833333,-0.143054522,1.33150471e-005
334.866667,-0.143054078,1.33185893e-005
334.9,-0.143053634,1.33222904e-005
334.933333,-0.14305319,1.33275269e-005
334.966667,-0.143052745,1.33323664e-005
335,-0.143052301,1.33361393e-005
335.033333,-0.143051856,1.33397672e-005
335.066667,-0.143051412,1.33447134e-005
335.1,-0.143050967,1.33497175e-005
335.133333,-0.143050522,1.3397327e-005
335.166667,-0.143050075,1.34466982e-005
335.2,-0.143049627,1.34538502e-005
335.233333,-0.143049179,1.34581468e-005
335.266667,-0.14304873,1.34618173e-005
335.3,-0.143048281,1.34656444e-005
335.333333,-0.143047833,1.34703712e-005
335.366667,-0.143047384,1.34752255e-005
335.4,-0.143046934,1.34788965e-005
335.433333,-0.143046485,1.34826623e-005
335.466667,-0.143046036,1.34871059e-005
335.5,-0.143045586,1.35384024e-005
335.533333,-0.143045135,1.35718386e-005
335.566667,-0.143044682,1.35927056e-005
335.6,-0.143044229,1.35961413e-005
335.633333,-0.143043776,1.36010792e-005
335.666667,-0.143043323,1.36048775e-005
335.7,-0.143042869,1.36087453e-005
335.733333,-0.143042416,1.36127512e-005
335.766667,-0.143041962,1.36177382e-005
335.8,-0.143041508,1.36214813e-005
335.833333,-0.143041054,1.36290628e-005
335.866667,-0.1430406,1.36418826e-005
335.9,-0.143040145,1.3728962e-005
335.933333,-0.143039687,1.37320289e-005
335.966667,-0.143039229,1.37351812e-005
336,-0.143038772,1.37384991e-005
336.033333,-0.143038314,1.3743521e-005
336.066667,-0.143037856,1.37477371e-005
336.1,-0.143037397,1.37513557e-005
336.133333,-0.143036939,1.37548033e-005
336.166667,-0.14303648,1.37595415e-005
336.2,-0.143036022,1.37638766e-005
336.233333,-0.143035563,1.37971028e-005
336.266667,-0.143035103,1.38409932e-005
336.3,-0.143034642,1.38705634e-005
336.333333,-0.143034179,1.38741868e-005
336.366667,-0.143033717,1.38774756e-005
336.4,-0.143033254,1.38809283e-005
336.433333,-0.143032792,1.38855068e-005
336.466667,-0.143032329,1.38899933e-005
336.5,-0.143031866,1.38933724e-005
336.533333,-0.143031403,1.389676e-005
336.566667,-0.143030939,1.39010689e-005
336.6,-0.143030476,1.39287404e-005
336.633333,-0.143030012,1.3973957e-005
336.666667,-0.143029546,1.40087191e-005
336.7,-0.143029079,1.40119485e-005
336.733333,-0.143028612,1.40161574e-005
336.766667,-0.143028145,1.40195825e-005
336.8,-0.143027677,1.4023168e-005
336.833333,-0.14302721,1.40272767e-005
336.866667,-0.143026742,1.40316234e-005
336.9,-0.143026275,1.40349984e-005
336.933333,-0.143025807,1.40385291e-005
336.966667,-0.143025339,1.40423753e-005
337,-0.143024871,1.41279859e-005
337.033333,-0.1430244,1.41423572e-005
337.066667,-0.143023928,1.41502189e-005
337.1,-0.143023457,1.4153146e-005
337.133333,-0.143022985,1.41578949e-005
337.166667,-0.143022513,1.41614935e-005
337.2,-0.143022041,1.41649376e-005
337.233333,-0.143021569,1.41682733e-005
337.266667,-0.143021097,1.41727434e-005
337.3,-0.143020624,1.41764491e-005
337.333333,-0.143020152,1.41967969e-005
337.366667,-0.143019678,1.42299562e-005
337.4,-0.143019204,1.42856506e-005
337.433333,-0.143018728,1.42886442e-005
337.466667,-0.143018252,1.4291543e-005
337.5,-0.143017775,1.42946129e-005
337.533333,-0.143017299,1.42989872e-005
337.566667,-0.143016822,1.43031283e-005
337.6,-0.143016345,1.43062514e-005
337.633333,-0.143015868,1.43092515e-005
337.666667,-0.143015391,1.43133702e-005
337.7,-0.143014914,1.43184904e-005
337.733333,-0.143014437,1.4371211e-005
337.766667,-0.143013958,1.44231312e-005
337.8,-0.143013477,1.44260946e-005
337.833333,-0.143012996,1.44296168e-005
337.866667,-0.143012515,1.44326607e-005
337.9,-0.143012034,1.44358728e-005
337.933333,-0.143011553,1.44398445e-005
337.966667,-0.143011072,1.44438592e-005
338,-0.14301059,1.44468976e-005
338.033333,-0.143010109,1.44500522e-005
338.066667,-0.143009627,1.44537745e-005
338.1,-0.143009145,1.45127842e-005
338.133333,-0.143008662,1.45447471e-005
338.166667,-0.143008177,1.45636442e-005
338.2,-0.143007691,1.45663387e-005
338.233333,-0.143007206,1.4570424e-005
338.266667,-0.14300672,1.45736119e-005
338.3,-0.143006234,1.45768469e-005
338.333333,-0.143005748,1.45801361e-005
338.366667,-0.143005262,1.45842402e-005
338.4,-0.143004776,1.45873763e-005
338.433333,-0.14300429,1.45965572e-005
338.466667,-0.143003803,1.4613331e-005
338.5,-0.143003316,1.46990518e-005
338.533333,-0.143002826,1.47014607e-005
338.566667,-0.143002336,1.47039615e-005
338.6,-0.143001846,1.47066402e-005
338.633333,-0.143001356,1.47107532e-005
338.666667,-0.143000866,1.47143649e-005
338.7,-0.143000375,1.47173235e-005
338.733333,-0.142999885,1.47200964e-005
338.766667,-0.142999394,1.47239623e-005
338.8,-0.142998903,1.47276639e-005
338.833333,-0.142998412,1.4765337e-005
338.866667,-0.14299792,1.48131199e-005
338.9,-0.142997426,1.48385578e-005
338.933333,-0.142996932,1.48414388e-005
338.966667,-0.142996437,1.4844093e-005
339,-0.142995942,1.4846923e-005
339.033333,-0.142995447,1.48507016e-005
339.066667,-0.142994952,1.48544065e-005
339.1,-0.142994457,1.48571425e-005
339.133333,-0.142993962,1.48599111e-005
339.166667,-0.142993466,1.48634544e-005
339.2,-0.142992971,1.48968713e-005
339.233333,-0.142992474,1.49422867e-005
339.266667,-0.142991976,1.4975408e-005
339.3,-0.142991477,1.49778485e-005
339.333333,-0.142990978,1.49812349e-005
339.366667,-0.142990479,1.49840419e-005
339.4,-0.142989979,1.49870204e-005
339.433333,-0.142989479,1.49904338e-005
339.466667,-0.14298898,1.49938526e-005
339.5,-0.14298848,1.4996609e-005
339.533333,-0.14298798,1.49995367e-005
339.566667,-0.14298748,1.5002721e-005
339.6,-0.14298698,1.50989324e-005
339.633333,-0.142986477,1.51091655e-005
339.666667,-0.142985973,1.51146912e-005
339.7,-0.142985469,1.5116971e-005
339.733333,-0.142984965,1.51207637e-005
339.766667,-0.142984461,1.51237885e-005
339.8,-0.142983957,1.5126585e-005
339.833333,-0.142983453,1.51292466e-005
339.866667,-0.142982949,1.51327972e-005
339.9,-0.142982444,1.51358997e-005
339.933333,-0.14298194,1.5159375e-005
339.966667,-0.142981434,1.5196728e-005
340,-0.142980928,1.52492645e-005
340.033333,-0.14298042,1.52515488e-005
340.066667,-0.142979911,1.52538052e-005
340.1,-0.142979403,1.52562447e-005
340.133333,-0.142978894,1.52597736e-005
340.166667,-0.142978386,1.526319e-005
340.2,-0.142977877,1.52656616e-005
340.233333,-0.142977368,1.52680348e-005
340.266667,-0.142976859,1.52713429e-005
340.3,-0.14297635,1.52803874e-005
340.333333,-0.142975841,1.53347063e-005
340.366667,-0.142975329,1.53854409e-005
340.4,-0.142974817,1.53875669e-005
340.433333,-0.142974304,1.53902977e-005
340.466667,-0.142973791,1.53927158e-005
340.5,-0.142973278,1.53953135e-005
340.533333,-0.142972764,1.53985462e-005
340.566667,-0.142972251,1.54016933e-005
340.6,-0.142971738,1.54040997e-005
340.633333,-0.142971224,1.54066436e-005
340.666667,-0.142970711,1.54096609e-005
340.7,-0.142970197,1.54771116e-005
340.733333,-0.142969681,1.55069957e-005
340.766667,-0.142969164,1.55236892e-005
340.8,-0.142968647,1.55256612e-005
340.833333,-0.142968129,1.55288768e-005
340.866667,-0.142967612,1.55314547e-005
340.9,-0.142967094,1.5534052e-005
340.933333,-0.142966576,1.55366508e-005
340.966667,-0.142966058,1.55398249e-005
341,-0.14296554,1.55423697e-005
341.033333,-0.142965022,1.55534974e-005
341.066667,-0.142964504,1.55745085e-005
341.1,-0.142963985,1.56581625e-005
341.133333,-0.142963463,1.56598958e-005
341.166667,-0.142962941,1.56617464e-005
341.2,-0.142962419,1.56637869e-005
341.233333,-0.142961896,1.56670082e-005
341.266667,-0.142961374,1.56699988e-005
341.3,-0.142960852,1.56722908e-005
341.333333,-0.142960329,1.5674385e-005
341.366667,-0.142959807,1.5677396e-005
341.4,-0.142959284,1.56804476e-005
341.433333,-0.142958762,1.57230312e-005
341.466667,-0.142958238,1.5774686e-005
341.5,-0.142957712,1.57954709e-005
341.533333,-0.142957185,1.57975922e-005
341.566667,-0.142956659,1.57996129e-005
341.6,-0.142956132,1.58018211e-005
341.633333,-0.142955605,1.58048165e-005
341.666667,-0.142955078,1.58077129e-005
341.7,-0.142954552,1.58098058e-005
341.733333,-0.142954025,1.58119563e-005
341.766667,-0.142953497,1.58147507e-005
341.8,-0.14295297,1.58545966e-005
341.833333,-0.142952442,1.58997183e-005
341.866667,-0.142951912,1.5930895e-005
341.9,-0.142951381,1.59325658e-005
341.933333,-0.14295085,1.59351129e-005
341.966667,-0.142950319,1.59373026e-005
342,-0.142949787,1.59396608e-005
342.033333,-0.142949256,1.59423591e-005
342.066667,-0.142948725,1.59448729e-005
342.1,-0.142948193,1.59470142e-005
342.133333,-0.142947662,1.59493392e-005
342.166667,-0.14294713,1.59518779e-005
342.2,-0.142946598,1.6059464e-005
342.233333,-0.142946063,1.60648138e-005
342.266667,-0.142945527,1.60678623e-005
342.3,-0.142944992,1.6069496e-005
342.333333,-0.142944456,1.60723505e-005
342.366667,-0.14294392,1.60747849e-005
342.4,-0.142943385,1.60769281e-005
342.433333,-0.142942849,1.60789108e-005
342.466667,-0.142942313,1.60815602e-005
342.5,-0.142941777,1.60840428e-005
342.533333,-0.14294124,1.61110587e-005
342.566667,-0.142940703,1.61527119e-005
342.6,-0.142940165,1.62014921e-005
342.633333,-0.142939625,1.62030499e-005
342.666667,-0.142939085,1.62046653e-005
342.7,-0.142938545,1.62064756e-005
342.733333,-0.142938004,1.62091764e-005
342.766667,-0.142937464,1.62118418e-005
342.8,-0.142936924,1.62136613e-005
342.833333,-0.142936383,1.6215409e-005
342.866667,-0.142935843,1.62179238e-005
342.9,-0.142935302,1.62315312e-005
342.933333,-0.142934761,1.62870712e-005
342.966667,-0.142934218,1.63362441e-005
343,-0.142933674,1.63375525e-005
343.033333,-0.142933129,1.63394754e-005
343.066667,-0.142932584,1.63412687e-005
343.1,-0.14293204,1.63432529e-005
343.133333,-0.142931495,1.63457635e-005
343.166667,-0.14293095,1.63480155e-005
343.2,-0.142930405,1.63497913e-005
343.233333,-0.14292986,1.63517257e-005
343.266667,-0.142929315,1.63540547e-005
343.3,-0.14292877,1.64306783e-005
343.333333,-0.142928222,1.64578471e-005
343.366667,-0.142927674,1.64721276e-005
343.4,-0.142927125,1.64733962e-005
343.433333,-0.142926576,1.64757257e-005
343.466667,-0.142926026,1.64776948e-005
343.5,-0.142925477,1.647965e-005
343.533333,-0.142924928,1.64815715e-005
343.566667,-0.142924378,1.64837968e-005
343.6,-0.142923829,1.64857528e-005
343.633333,-0.142923279,1.64991884e-005
343.666667,-0.142922729,1.65246738e-005
343.7,-0.142922179,1.66055826e-005
343.733333,-0.142921625,1.66066234e-005
343.766667,-0.142921072,1.66078254e-005
343.8,-0.142920518,1.66092293e-005
343.833333,-0.142919964,1.66115768e-005
343.866667,-0.142919411,1.661393e-005
343.9,-0.142918857,1.6615549e-005
343.933333,-0.142918303,1.66169615e-005
343.966667,-0.142917749,1.66191357e-005
344,-0.142917195,1.66215212e-005
344.033333,-0.142916641,1.66694891e-005
344.066667,-0.142916085,1.67249521e-005
344.1,-0.142915528,1.67405934e-005
344.133333,-0.14291497,1.67419384e-005
344.166667,-0.142914412,1.67433272e-005
344.2,-0.142913854,1.67449148e-005
344.233333,-0.142913296,1.67471444e-005
344.266667,-0.142912737,1.67492057e-005
344.3,-0.142912179,1.67506562e-005
344.333333,-0.142911621,1.67521901e-005
344.366667,-0.142911062,1.67542529e-005
344.4,-0.142910504,1.68012173e-005
344.433333,-0.142909944,1.68455192e-005
344.466667,-0.142909382,1.68744722e-005
344.5,-0.14290882,1.6875393e-005
344.533333,-0.142908257,1.68770847e-005
344.566667,-0.142907695,1.68786584e-005
344.6,-0.142907132,1.68803836e-005
344.633333,-0.142906569,1.6882353e-005
344.666667,-0.142906007,1.68839808e-005
344.7,-0.142905444,1.68855098e-005
344.733333,-0.142904881,1.68875537e-005
344.766667,-0.142904318,1.68903154e-005
344.8,-0.142903755,1.70076742e-005
344.833333,-0.142903188,1.70082464e-005
344.866667,-0.142902621,1.70090272e-005
344.9,-0.142902054,1.70100167e-005
344.933333,-0.142901487,1.70119513e-005
344.966667,-0.14290092,1.70137791e-005
345,-0.142900353,1.70152637e-005
345.033333,-0.142899786,1.70165637e-005
345.066667,-0.142899219,1.70183304e-005
345.1,-0.142898651,1.70201772e-005
345.133333,-0.142898084,1.7051158e-005
345.166667,-0.142897516,1.70971735e-005
345.2,-0.142896946,1.71416289e-005
345.233333,-0.142896374,1.71424437e-005
345.266667,-0.142895803,1.714342e-005
345.3,-0.142895231,1.71446027e-005
345.333333,-0.14289466,1.71464932e-005
345.366667,-0.142894088,1.71483819e-005
345.4,-0.142893517,1.71495493e-005
345.433333,-0.142892945,1.71506732e-005
345.466667,-0.142892373,1.71524124e-005
345.5,-0.142891802,1.71712294e-005
345.533333,-0.142891229,1.72275769e-005
345.566667,-0.142890655,1.72748376e-005
345.6,-0.142890079,1.72753487e-005
345.633333,-0.142889503,1.72764475e-005
345.666667,-0.142888928,1.72776177e-005
345.7,-0.142888352,1.72789898e-005
345.733333,-0.142887776,1.72807954e-005
345.766667,-0.1428872,1.72821255e-005
345.8,-0.142886624,1.72832729e-005
345.833333,-0.142886047,1.72845993e-005
345.866667,-0.142885471,1.72862572e-005
345.9,-0.142884895,1.7372788e-005
345.933333,-0.142884316,1.73965751e-005
345.966667,-0.142883736,1.74082579e-005
346,-0.142883156,1.74088427e-005
346.033333,-0.142882576,1.74102704e-005
346.066667,-0.142881995,1.7411632e-005
346.1,-0.142881415,1.74129407e-005
346.133333,-0.142880834,1.74141804e-005
346.166667,-0.142880254,1.74154763e-005
346.2,-0.142879673,1.74168276e-005
346.233333,-0.142879093,1.74329453e-005
346.266667,-0.142878512,1.74630958e-005
346.3,-0.14287793,1.75406111e-005
346.333333,-0.142877345,1.7540943e-005
346.366667,-0.14287676,1.75414986e-005
346.4,-0.142876175,1.75422679e-005
346.433333,-0.142875591,1.754376e-005
346.466667,-0.142875006,1.754546e-005
346.5,-0.142874421,1.75463998e-005
346.533333,-0.142873836,1.75471285e-005
346.566667,-0.142873251,1.75484845e-005
346.6,-0.142872666,1.75501882e-005
346.633333,-0.142872081,1.76040231e-005
346.666667,-0.142871495,1.76631889e-005
346.7,-0.142870906,1.76732259e-005
346.733333,-0.142870317,1.76737787e-005
346.766667,-0.142869728,1.76745374e-005
346.8,-0.142869138,1.76755063e-005
346.833333,-0.142868549,1.76769878e-005
346.866667,-0.14286796,1.76781879e-005
346.9,-0.142867371,1.76789977e-005
346.933333,-0.142866781,1.76799168e-005
346.966667,-0.142866192,1.76812658e-005
347,-0.142865603,1.77360428e-005
347.033333,-0.142865012,1.77789662e-005
347.066667,-0.142864419,1.78054417e-005
347.1,-0.142863825,1.78056327e-005
347.133333,-0.142863232,1.78064534e-005
347.166667,-0.142862638,1.78074128e-005
347.2,-0.142862045,1.7808502e-005
347.233333,-0.142861451,1.78097545e-005
347.266667,-0.142860857,1.78104812e-005
347.3,-0.142860264,1.78113996e-005
347.333333,-0.14285967,1.78149778e-005
347.366667,-0.142859076,1.78224616e-005
347.4,-0.142858482,1.79374677e-005
347.433333,-0.142857884,1.79373658e-005
347.466667,-0.142857286,1.79374932e-005
347.5,-0.142856688,1.79378411e-005
347.533333,-0.14285609,1.79388747e-005
347.566667,-0.142855493,1.79400802e-005
347.6,-0.142854894,1.79409009e-005
347.633333,-0.142854296,1.79415151e-005
347.666667,-0.142853698,1.7942418e-005
347.7,-0.1428531,1.79436134e-005
347.733333,-0.142852502,1.7978994e-005
347.766667,-0.142851903,1.80293897e-005
347.8,-0.142851302,1.80689823e-005
347.833333,-0.1428507,1.80690382e-005
347.866667,-0.142850097,1.80693774e-005
347.9,-0.142849495,1.80699345e-005
347.933333,-0.142848893,1.8071033e-005
347.966667,-0.14284829,1.80721195e-005
348,-0.142847688,1.80726356e-005
348.033333,-0.142847086,1.80731378e-005
348.066667,-0.142846483,1.80741196e-005
348.1,-0.142845881,1.80987992e-005
348.133333,-0.142845277,1.81555057e-005
348.166667,-0.142844672,1.8200529e-005
348.2,-0.142844065,1.82002636e-005
348.233333,-0.142843459,1.82005228e-005
348.266667,-0.142842852,1.82010719e-005
348.3,-0.142842245,1.82018337e-005
348.333333,-0.142841639,1.82029519e-005
348.366667,-0.142841032,1.82033335e-005
348.4,-0.142840425,1.82038554e-005
348.433333,-0.142839818,1.82045756e-005
348.466667,-0.142839211,1.82055799e-005
348.5,-0.142838605,1.83027537e-005
348.533333,-0.142837995,1.83224643e-005
348.566667,-0.142837384,1.83313888e-005
348.6,-0.142836773,1.83313098e-005
348.633333,-0.142836162,1.83318206e-005
348.666667,-0.142835551,1.83325765e-005
348.7,-0.14283494,1.83332347e-005
348.733333,-0.142834328,1.83337886e-005
348.766667,-0.142833717,1.8334175e-005
348.8,-0.142833106,1.83349061e-005
348.833333,-0.142832495,1.83540925e-005
348.866667,-0.142831883,1.83890529e-005
348.9,-0.14283127,1.84625574e-005
348.933333,-0.142830655,1.84621644e-005
348.966667,-0.142830039,1.84620762e-005
349,-0.142829424,1.84622132e-005
349.033333,-0.142828809,1.84628688e-005
349.066667,-0.142828193,1.84638568e-005
349.1,-0.142827578,1.84641264e-005
349.133333,-0.142826962,1.84642022e-005
349.166667,-0.142826347,1.84647578e-005
349.2,-0.142825731,1.84657644e-005
349.233333,-0.142825116,1.85259568e-005
349.266667,-0.142824498,1.85886786e-005
349.3,-0.142823879,1.85926811e-005
349.333333,-0.142823259,1.85924263e-005
349.366667,-0.142822639,1.85925573e-005
349.4,-0.142822019,1.85929095e-005
349.433333,-0.1428214,1.85936611e-005
349.466667,-0.14282078,1.85939744e-005
349.5,-0.14282016,1.85941456e-005
349.533333,-0.14281954,1.85944522e-005
349.566667,-0.14281892,1.85951054e-005
349.6,-0.142818301,1.86583921e-005
349.633333,-0.142817679,1.86993474e-005
349.666667,-0.142817055,1.87231164e-005
349.7,-0.142816431,1.87225983e-005
349.733333,-0.142815807,1.87225331e-005
349.766667,-0.142815183,1.87228804e-005
349.8,-0.142814559,1.87233304e-005
349.833333,-0.142813935,1.87238789e-005
349.866667,-0.142813311,1.872369e-005
349.9,-0.142812687,1.87239999e-005
349.933333,-0.142812062,1.87294493e-005
349.966667,-0.142811438,1.87419305e-005
350,-0.142810813,1.88538845e-005
350.033333,-0.142810185,1.88530926e-005
350.066667,-0.142809556,1.88525694e-005
350.1,-0.142808928,1.88522784e-005
350.133333,-0.1428083,1.88524307e-005
350.166667,-0.142807671,1.88529986e-005
350.2,-0.142807043,1.88531504e-005
350.233333,-0.142806414,1.88530767e-005
350.266667,-0.142805786,1.88531357e-005
350.3,-0.142805157,1.88536646e-005
350.333333,-0.142804529,1.88938896e-005
350.366667,-0.142803899,1.89486402e-005
350.4,-0.142803268,1.89828632e-005
350.433333,-0.142802635,1.89821447e-005
350.466667,-0.142802002,1.89818496e-005
350.5,-0.142801369,1.89817835e-005
350.533333,-0.142800737,1.89821087e-005
350.566667,-0.142800104,1.89823683e-005
350.6,-0.142799471,1.89822346e-005
350.633333,-0.142798838,1.89821177e-005
350.666667,-0.142798206,1.89823609e-005
350.7,-0.142797573,1.90135614e-005
350.733333,-0.142796939,1.90701446e-005
350.766667,-0.142796303,1.91126314e-005
350.8,-0.142795666,1.91116107e-005
350.833333,-0.142795029,1.91110155e-005
350.866667,-0.142794392,1.91109461e-005
350.9,-0.142793755,1.91110997e-005
350.933333,-0.142793118,1.91115486e-005
350.966667,-0.142792481,1.9110956e-005
351,-0.142791844,1.91108561e-005
351.033333,-0.142791207,1.91109724e-005
351.066667,-0.14279057,1.9111341e-005
351.1,-0.142789933,1.92198929e-005
351.133333,-0.142789292,1.92348063e-005
351.166667,-0.142788651,1.92408362e-005
351.2,-0.14278801,1.92401104e-005
351.233333,-0.142787369,1.92396964e-005
351.266667,-0.142786727,1.92398456e-005
351.3,-0.142786086,1.92398495e-005
351.333333,-0.142785445,1.92397147e-005
351.366667,-0.142784803,1.9239212e-005
351.4,-0.142784162,1.92393081e-005
351.433333,-0.142783521,1.92619608e-005
351.466667,-0.142782879,1.93018309e-005
351.5,-0.142782235,1.93707383e-005
351.533333,-0.142781589,1.93696052e-005
351.566667,-0.142780944,1.93688762e-005
351.6,-0.142780298,1.93683837e-005
351.633333,-0.142779653,1.93682224e-005
351.666667,-0.142779007,1.93684418e-005
351.7,-0.142778361,1.93680526e-005
351.733333,-0.142777716,1.93675029e-005
351.766667,-0.14277707,1.93672765e-005
351.8,-0.142776425,1.93683944e-005
351.833333,-0.142775779,1.9434602e-005
351.866667,-0.142775131,1.94998662e-005
351.9,-0.142774481,1.94982791e-005
351.933333,-0.142773831,1.94972018e-005
351.966667,-0.142773181,1.9496708e-005
352,-0.142772531,1.94964459e-005
352.033333,-0.142771882,1.94964862e-005
352.066667,-0.142771232,1.94958876e-005
352.1,-0.142770582,1.94954232e-005
352.133333,-0.142769932,1.94951198e-005
352.166667,-0.142769282,1.94950958e-005
352.2,-0.142768632,1.95675914e-005
352.233333,-0.14276798,1.96059592e-005
352.266667,-0.142767326,1.96268181e-005
352.3,-0.142766672,1.96256116e-005
352.333333,-0.142766018,1.96246464e-005
352.366667,-0.142765364,1.9624384e-005
352.4,-0.14276471,1.96241921e-005
352.433333,-0.142764056,1.96240502e-005
352.466667,-0.142763401,1.96229321e-005
352.5,-0.142762747,1.9622636e-005
352.533333,-0.142762093,1.96303061e-005
352.566667,-0.142761439,1.9648013e-005
352.6,-0.142760784,1.97562468e-005
352.633333,-0.142760125,1.97547496e-005
352.666667,-0.142759467,1.97535793e-005
352.7,-0.142758809,1.97526525e-005
352.733333,-0.14275815,1.97519435e-005
352.766667,-0.142757492,1.97518592e-005
352.8,-0.142756833,1.97513375e-005
352.833333,-0.142756175,1.97505746e-005
352.866667,-0.142755517,1.97498097e-005
352.9,-0.142754858,1.97496577e-005
352.933333,-0.1427542,1.97951802e-005
352.966667,-0.14275354,1.98542178e-005
353,-0.142752878,1.98825955e-005
353.033333,-0.142752216,1.9881088e-005
353.066667,-0.142751553,1.98801617e-005
353.1,-0.14275089,1.98794753e-005
353.133333,-0.142750228,1.98790466e-005
353.166667,-0.142749565,1.98784548e-005
353.2,-0.142748902,1.98776737e-005
353.233333,-0.14274824,1.98769406e-005
353.266667,-0.142747577,1.98764643e-005
353.3,-0.142746915,1.9914848e-005
353.333333,-0.142746251,1.99707933e-005
353.366667,-0.142745585,2.00104702e-005
353.4,-0.142744918,2.0008716e-005
353.433333,-0.142744251,2.00072524e-005
353.466667,-0.142743584,2.00065671e-005
353.5,-0.142742917,2.00061152e-005
353.533333,-0.14274225,2.00059133e-005
353.566667,-0.142741584,2.00043213e-005
353.6,-0.142740917,2.00036039e-005
353.633333,-0.14274025,2.0003119e-005
353.666667,-0.142739583,2.00028705e-005
353.7,-0.142738916,2.01235339e-005
353.733333,-0.142738246,2.01329043e-005
353.766667,-0.142737575,2.01359273e-005
353.8,-0.142736903,2.01345592e-005
353.833333,-0.142736232,2.01332395e-005
353.866667,-0.142735561,2.01327683e-005
353.9,-0.14273489,2.01321142e-005
353.933333,-0.142734219,2.01312887e-005
353.966667,-0.142733548,2.01299179e-005
354,-0.142732877,2.01293645e-005
354.033333,-0.142732206,2.01558914e-005
354.066667,-0.142731534,2.02007261e-005
354.1,-0.142730861,2.02644821e-005
354.133333,-0.142730185,2.02625942e-005
354.166667,-0.14272951,2.0261228e-005
354.2,-0.142728834,2.02601092e-005
354.233333,-0.142728159,2.02591508e-005
354.266667,-0.142727484,2.02585782e-005
354.3,-0.142726808,2.02575318e-005
354.333333,-0.142726133,2.02563599e-005
354.366667,-0.142725458,2.02553713e-005
354.4,-0.142724783,2.02617885e-005
354.433333,-0.142724107,2.03290526e-005
354.466667,-0.14272343,2.03917205e-005
354.5,-0.14272275,2.0389354e-005
354.533333,-0.14272207,2.03874409e-005
354.566667,-0.142721391,2.03863252e-005
354.6,-0.142720711,2.03854517e-005
354.633333,-0.142720032,2.03847996e-005
354.666667,-0.142719352,2.03832643e-005
354.7,-0.142718673,2.03821679e-005
354.733333,-0.142717993,2.03812574e-005
354.766667,-0.142717314,2.03805749e-005
354.8,-0.142716635,2.04629785e-005
354.833333,-0.142715953,2.0498112e-005
354.866667,-0.142715269,2.05158816e-005
354.9,-0.142714585,2.05140081e-005
354.933333,-0.142713902,2.05121291e-005
354.966667,-0.142713218,2.05112599e-005
355,-0.142712534,2.05104234e-005
355.033333,-0.142711851,2.05095964e-005
355.066667,-0.142711167,2.0507554e-005
355.1,-0.142710483,2.05066458e-005
355.133333,-0.1427098,2.0516898e-005
355.166667,-0.142709116,2.05400119e-005
355.2,-0.142708431,2.06438898e-005
355.233333,-0.142707743,2.06416725e-005
355.266667,-0.142707055,2.06398587e-005
355.3,-0.142706367,2.06382996e-005
355.333333,-0.142705679,2.06367498e-005
355.366667,-0.142704991,2.0635999e-005
355.4,-0.142704303,2.06347994e-005
355.433333,-0.142703616,2.06333467e-005
355.466667,-0.142702928,2.06317786e-005
355.5,-0.14270224,2.06309317e-005
355.533333,-0.142701552,2.06822122e-005
355.566667,-0.142700863,2.07454271e-005
355.6,-0.142700171,2.07675155e-005
355.633333,-0.142699479,2.07652049e-005
355.666667,-0.142698787,2.07636509e-005
355.7,-0.142698095,2.07623473e-005
355.733333,-0.142697403,2.07611843e-005
355.766667,-0.142696711,2.07597173e-005
355.8,-0.142696019,2.07582918e-005
355.833333,-0.142695327,2.0756946e-005
355.866667,-0.142694635,2.07557697e-005
355.9,-0.142693943,2.08020014e-005
355.933333,-0.14269325,2.08567632e-005
355.966667,-0.142692554,2.08933829e-005
356,-0.142691858,2.0890917e-005
356.033333,-0.142691162,2.08885716e-005
356.066667,-0.142690465,2.08872738e-005
356.1,-0.142689769,2.08862023e-005
356.133333,-0.142689073,2.08853244e-005
356.166667,-0.142688377,2.08827707e-005
356.2,-0.142687681,2.08814427e-005
356.233333,-0.142686985,2.0880359e-005
356.266667,-0.142686289,2.08795118e-005
356.3,-0.142685593,2.10130166e-005
356.333333,-0.142684892,2.10160756e-005
356.366667,-0.142684192,2.10160031e-005
356.4,-0.142683491,2.10139964e-005
356.433333,-0.142682791,2.10117923e-005
356.466667,-0.14268209,2.10106865e-005
356.5,-0.14268139,2.10093711e-005
356.533333,-0.14268069,2.10078537e-005
356.566667,-0.142679989,2.10056361e-005
356.6,-0.142679289,2.10044192e-005
356.633333,-0.142678589,2.10352376e-005
356.666667,-0.142677888,2.10850476e-005
356.7,-0.142677185,2.11431299e-005
356.733333,-0.14267648,2.11404731e-005
356.766667,-0.142675775,2.11384734e-005
356.8,-0.142675071,2.1136732e-005
356.833333,-0.142674366,2.1134997e-005
356.866667,-0.142673662,2.11336089e-005
356.9,-0.142672957,2.11319077e-005
356.933333,-0.142672253,2.11301174e-005
356.966667,-0.142671549,2.11283868e-005
357,-0.142670844,2.11407326e-005
357.033333,-0.14267014,2.12086122e-005
357.066667,-0.142669433,2.12683653e-005
357.1,-0.142668724,2.12652422e-005
357.133333,-0.142668015,2.12624799e-005
357.166667,-0.142667306,2.1260746e-005
357.2,-0.142666597,2.12592645e-005
357.233333,-0.142665889,2.12579393e-005
357.266667,-0.14266518,2.12554434e-005
357.3,-0.142664472,2.12537195e-005
357.333333,-0.142663763,2.12522053e-005
357.366667,-0.142663055,2.12508835e-005
357.4,-0.142662346,2.13438936e-005
357.433333,-0.142661635,2.13751196e-005
357.466667,-0.142660922,2.1389646e-005
357.5,-0.142660209,2.1387127e-005
357.533333,-0.142659497,2.13843215e-005
357.566667,-0.142658784,2.13828488e-005
357.6,-0.142658071,2.13813654e-005
357.633333,-0.142657358,2.13798457e-005
357.666667,-0.142656646,2.13769122e-005
357.7,-0.142655933,2.13753724e-005
357.733333,-0.142655221,2.13885794e-005
357.766667,-0.142654508,2.14172355e-005
357.8,-0.142653794,2.15161542e-005
357.833333,-0.142653077,2.15132028e-005
357.866667,-0.142652359,2.15107497e-005
357.9,-0.142651642,2.15085622e-005
357.933333,-0.142650925,2.15061928e-005
357.966667,-0.142650209,2.15047619e-005
358,-0.142649492,2.15028803e-005
358.033333,-0.142648775,2.15007383e-005
358.066667,-0.142648058,2.14983879e-005
358.1,-0.142647342,2.14968327e-005
358.133333,-0.142646625,2.15543384e-005
358.166667,-0.142645907,2.16215798e-005
358.2,-0.142645186,2.16369669e-005
358.233333,-0.142644465,2.16338398e-005
358.266667,-0.142643744,2.1631662e-005
358.3,-0.142643022,2.16297451e-005
358.333333,-0.142642301,2.16278679e-005
358.366667,-0.142641581,2.16255024e-005
358.4,-0.14264086,2.16234365e-005
358.433333,-0.142640139,2.16214816e-005
358.466667,-0.142639418,2.16196252e-005
358.5,-0.142638698,2.16743708e-005
358.533333,-0.142637975,2.17273745e-005
358.566667,-0.142637251,2.17607151e-005
358.6,-0.142636525,2.175756e-005
358.633333,-0.1426358,2.17543202e-005
358.666667,-0.142635075,2.17524135e-005
358.7,-0.14263435,2.17507077e-005
358.733333,-0.142633625,2.17491323e-005
358.766667,-0.1426329,2.17456551e-005
358.8,-0.142632175,2.1743722e-005
358.833333,-0.14263145,2.17423553e-005
358.866667,-0.142630726,2.17417536e-005
358.9,-0.142630001,2.18865193e-005
358.933333,-0.142629271,2.18833266e-005
358.966667,-0.142628542,2.18804131e-005
359,-0.142627813,2.18777721e-005
359.033333,-0.142627083,2.18747054e-005
359.066667,-0.142626354,2.18729514e-005
359.1,-0.142625625,2.18709715e-005
359.133333,-0.142624896,2.18687616e-005
359.166667,-0.142624167,2.1865719e-005
359.2,-0.142623438,2.18638253e-005
359.233333,-0.142622709,2.18993605e-005
359.266667,-0.142621979,2.19541133e-005
359.3,-0.142621248,2.20060321e-005
359.333333,-0.142620514,2.20025931e-005
359.366667,-0.142619781,2.19999642e-005
359.4,-0.142619047,2.1997604e-005
359.433333,-0.142618314,2.1995113e-005
359.466667,-0.142617581,2.1992887e-005
359.5,-0.142616848,2.19905341e-005
359.533333,-0.142616115,2.19881295e-005
359.566667,-0.142615382,2.19856775e-005
359.6,-0.142614649,2.20045843e-005
359.633333,-0.142613916,2.20726061e-005
359.666667,-0.14261318,2.21291528e-005
359.7,-0.142612442,2.21252962e-005
359.733333,-0.142611705,2.2121672e-005
359.766667,-0.142610967,2.21193239e-005
359.8,-0.14261023,2.21172379e-005
359.833333,-0.142609493,2.21152594e-005
359.866667,-0.142608755,2.21117799e-005
359.9,-0.142608018,2.21094335e-005
359.933333,-0.142607281,2.21073194e-005
359.966667,-0.142606545,2.2105378e-005
360,-0.142605808,2.22096901e-005
360.033333,-0.142605067,2.22363114e-005
360.066667,-0.142604326,2.22474651e-005
360.1,-0.142603585,2.22443226e-005
360.133333,-0.142602843,2.22405787e-005
360.166667,-0.142602102,2.22385062e-005
360.2,-0.14260136,2.22363737e-005
360.233333,-0.142600619,2.22341601e-005
360.266667,-0.142599878,2.22303582e-005
360.3,-0.142599137,2.22281735e-005
360.333333,-0.142598396,2.22447178e-005
360.366667,-0.142597655,2.22790056e-005
360.4,-0.142596912,2.23723951e-005
360.433333,-0.142596166,2.23686962e-005
360.466667,-0.142595421,2.23656085e-005
360.5,-0.142594675,2.2362797e-005
360.533333,-0.14259393,2.23596294e-005
360.566667,-0.142593184,2.23575053e-005
360.6,-0.142592439,2.23549379e-005
360.633333,-0.142591694,2.23521078e-005
360.666667,-0.142590949,2.23489968e-005
360.7,-0.142590204,2.23467205e-005
360.733333,-0.142589459,2.24109235e-005
360.766667,-0.142588712,2.24820011e-005
360.8,-0.142587963,2.24903068e-005
360.833333,-0.142587213,2.24863506e-005
360.866667,-0.142586463,2.24835534e-005
360.9,-0.142585714,2.24810272e-005
360.933333,-0.142584965,2.24784562e-005
360.966667,-0.142584215,2.24751698e-005
361,-0.142583466,2.24724679e-005
361.033333,-0.142582717,2.24699082e-005
361.066667,-0.142581968,2.2467392e-005
361.1,-0.142581219,2.2531317e-005
361.133333,-0.142580468,2.25819602e-005
361.166667,-0.142579715,2.26118259e-005
361.2,-0.142578962,2.26080042e-005
361.233333,-0.142578208,2.26038581e-005
361.266667,-0.142577455,2.26013466e-005
361.3,-0.142576701,2.25990054e-005
361.333333,-0.142575948,2.25967479e-005
361.366667,-0.142575195,2.25923358e-005
361.4,-0.142574442,2.25898018e-005
361.433333,-0.142573689,2.2590519e-005
361.466667,-0.142572936,2.25960176e-005
361.5,-0.142572182,2.27359814e-005
361.533333,-0.142571425,2.27320765e-005
361.566667,-0.142570667,2.27285232e-005
361.6,-0.142569909,2.2725253e-005
361.633333,-0.142569152,2.27213458e-005
361.666667,-0.142568394,2.27189303e-005
361.7,-0.142567637,2.27162828e-005
361.733333,-0.14256688,2.27133808e-005
361.766667,-0.142566123,2.27095352e-005
361.8,-0.142565366,2.27069516e-005
361.833333,-0.142564609,2.27476362e-005
361.866667,-0.142563851,2.28072565e-005
361.9,-0.14256309,2.28525546e-005
361.933333,-0.142562329,2.28483205e-005
361.966667,-0.142561567,2.28450669e-005
362,-0.142560805,2.28420923e-005
362.033333,-0.142560044,2.28388664e-005
362.066667,-0.142559283,2.28357801e-005
362.1,-0.142558522,2.28327795e-005
362.133333,-0.14255776,2.28297649e-005
362.166667,-0.142556999,2.28266123e-005
362.2,-0.142556239,2.28527144e-005
362.233333,-0.142555477,2.29203741e-005
362.266667,-0.142554713,2.29734494e-005
362.3,-0.142553947,2.29688827e-005
362.333333,-0.142553181,2.29643846e-005
362.366667,-0.142552416,2.29614266e-005
362.4,-0.142551651,2.29587402e-005
362.433333,-0.142550885,2.29561284e-005
362.466667,-0.14255012,2.29516425e-005
362.5,-0.142549355,2.29486795e-005
362.533333,-0.14254859,2.29459695e-005
362.566667,-0.142547825,2.29434283e-005
362.6,-0.14254706,2.30597342e-005
362.633333,-0.142546292,2.30810308e-005
362.666667,-0.142545522,2.30887068e-005
362.7,-0.142544753,2.3084963e-005
362.733333,-0.142543983,2.30802693e-005
362.766667,-0.142543214,2.3077601e-005
362.8,-0.142542445,2.30748175e-005
362.833333,-0.142541675,2.30719097e-005
362.866667,-0.142540906,2.30672625e-005
362.9,-0.142540137,2.306442e-005
362.933333,-0.142539369,2.30846932e-005
362.966667,-0.142538599,2.31246572e-005
363,-0.142537828,2.32119809e-005
363.033333,-0.142537055,2.32075216e-005
363.066667,-0.142536281,2.32038042e-005
363.1,-0.142535508,2.32003735e-005
363.133333,-0.142534734,2.31964297e-005
363.166667,-0.142533961,2.31935492e-005
363.2,-0.142533188,2.31903099e-005
363.233333,-0.142532415,2.31868312e-005
363.266667,-0.142531642,2.31829798e-005
363.3,-0.142530869,2.31799701e-005
363.333333,-0.142530097,2.32513468e-005
363.366667,-0.142529322,2.33260311e-005
363.4,-0.142528544,2.33269076e-005
363.433333,-0.142527766,2.33221101e-005
363.466667,-0.142526989,2.33186983e-005
363.5,-0.142526212,2.33155672e-005
363.533333,-0.142525435,2.33123231e-005
363.566667,-0.142524657,2.33080936e-005
363.6,-0.142523881,2.3304761e-005
363.633333,-0.142523104,2.3301601e-005
363.666667,-0.142522327,2.32984455e-005
363.7,-0.14252155,2.33722137e-005
363.733333,-0.142520771,2.34198681e-005
363.766667,-0.142519991,2.34460883e-005
363.8,-0.142519209,2.3441623e-005
363.833333,-0.142518428,2.34365594e-005
363.866667,-0.142517646,2.34334475e-005
363.9,-0.142516865,2.343047e-005
363.933333,-0.142516084,2.34275465e-005
363.966667,-0.142515303,2.34221889e-005
364,-0.142514523,2.34190583e-005
364.033333,-0.142513742,2.34222085e-005
364.066667,-0.142512961,2.34339757e-005
364.1,-0.14251218,2.35685186e-005
364.133333,-0.142511395,2.35638886e-005
364.166667,-0.142510609,2.35597008e-005
364.2,-0.142509824,2.35558066e-005
364.233333,-0.142509039,2.35510815e-005
364.266667,-0.142508254,2.3547992e-005
364.3,-0.142507469,2.35446743e-005
364.333333,-0.142506684,2.35410815e-005
364.366667,-0.142505899,2.35364555e-005
364.4,-0.142505115,2.353317e-005
364.433333,-0.14250433,2.35794426e-005
364.466667,-0.142503544,2.36438138e-005
364.5,-0.142502756,2.36820672e-005
364.533333,-0.142501967,2.3677026e-005
364.566667,-0.142501177,2.36731528e-005
364.6,-0.142500388,2.36695686e-005
364.633333,-0.142499599,2.36656293e-005
364.666667,-0.14249881,2.36616612e-005
364.7,-0.142498022,2.36580175e-005
364.733333,-0.142497233,2.36543978e-005
364.766667,-0.142496445,2.36505659e-005
364.8,-0.142495656,2.36844983e-005
364.833333,-0.142494867,2.37512624e-005
364.866667,-0.142494075,2.3800628e-005
364.9,-0.142493282,2.37953749e-005
364.933333,-0.142492489,2.37899918e-005
364.966667,-0.142491696,2.37864286e-005
365,-0.142490903,2.37831464e-005
365.033333,-0.14249011,2.37799217e-005
365.066667,-0.142489317,2.37744078e-005
365.1,-0.142488525,2.37708346e-005
365.133333,-0.142487732,2.37675334e-005
365.166667,-0.14248694,2.37644125e-005
365.2,-0.142486148,2.38933982e-005
365.233333,-0.142485352,2.39086298e-005
365.266667,-0.142484555,2.39127472e-005
365.3,-0.142483757,2.39083838e-005
365.333333,-0.142482961,2.39028113e-005
365.366667,-0.142482164,2.38995111e-005
365.4,-0.142481367,2.38960751e-005
365.433333,-0.142480571,2.38924736e-005
365.466667,-0.142479774,2.38870045e-005
365.5,-0.142478978,2.3883492e-005
365.533333,-0.142478182,2.39078939e-005
365.566667,-0.142477385,2.39535343e-005
365.6,-0.142476586,2.40342893e-005
365.633333,-0.142475785,2.40290576e-005
365.666667,-0.142474984,2.40247161e-005
365.7,-0.142474184,2.40206712e-005
365.733333,-0.142473383,2.40159735e-005
365.766667,-0.142472582,2.40122712e-005
365.8,-0.142471782,2.40083783e-005
365.833333,-0.142470982,2.400429e-005
365.866667,-0.142470181,2.39997192e-005
365.9,-0.142469381,2.39967054e-005
365.933333,-0.142468582,2.40749797e-005
365.966667,-0.142467779,2.41522585e-005
366,-0.142466974,2.41461507e-005
366.033333,-0.142466169,2.41405008e-005
366.066667,-0.142465364,2.41364793e-005
366.1,-0.14246456,2.41327482e-005
366.133333,-0.142463755,2.41288521e-005
366.166667,-0.142462951,2.41236581e-005
366.2,-0.142462147,2.41197007e-005
366.233333,-0.142461343,2.41159453e-005
366.266667,-0.142460539,2.41121714e-005
366.3,-0.142459735,2.41964433e-005
366.333333,-0.142458929,2.42404564e-005
366.366667,-0.142458121,2.42628858e-005
366.4,-0.142457312,2.42578002e-005
366.433333,-0.142456504,2.42518085e-005
366.466667,-0.142455695,2.4248101e-005
366.5,-0.142454887,2.42444866e-005
366.533333,-0.142454079,2.42409139e-005
366.566667,-0.142453271,2.4234601e-005
366.6,-0.142452463,2.42308786e-005
366.633333,-0.142451655,2.42368209e-005
366.666667,-0.142450847,2.42549782e-005
366.7,-0.142450039,2.43835156e-005
366.733333,-0.142449226,2.43781483e-005
366.766667,-0.142448413,2.43733317e-005
366.8,-0.142447601,2.4368819e-005
366.833333,-0.142446789,2.43632991e-005
366.866667,-0.142445977,2.43595236e-005
366.9,-0.142445165,2.43555336e-005
366.933333,-0.142444353,2.43512521e-005
366.966667,-0.142443541,2.43458687e-005
367,-0.142442729,2.43418695e-005
367.033333,-0.142441918,2.43941739e-005
367.066667,-0.142441105,2.44631389e-005
367.1,-0.14244029,2.44939568e-005
367.133333,-0.142439473,2.4488097e-005
367.166667,-0.142438657,2.44836098e-005
367.2,-0.142437841,2.44794213e-005
367.233333,-0.142437025,2.44747903e-005
367.266667,-0.142436209,2.44699196e-005
367.3,-0.142435393,2.44656382e-005
367.333333,-0.142434578,2.44614188e-005
367.366667,-0.142433762,2.44569291e-005
367.4,-0.142432947,2.44993257e-005
367.433333,-0.14243213,2.45646333e-005
367.466667,-0.142431312,2.46100773e-005
367.5,-0.142430491,2.4604162e-005
367.533333,-0.142429671,2.45978834e-005
367.566667,-0.142428851,2.45937203e-005
367.6,-0.142428031,2.45898472e-005
367.633333,-0.142427212,2.45860302e-005
367.666667,-0.142426392,2.45794672e-005
367.7,-0.142425573,2.45752911e-005
367.733333,-0.142424754,2.45714036e-005
367.766667,-0.142423935,2.45677235e-005
367.8,-0.142423116,2.47100679e-005
367.833333,-0.142422292,2.47184758e-005
367.866667,-0.142421468,2.47189774e-005
367.9,-0.142420644,2.47139906e-005
367.933333,-0.14241982,2.47075827e-005
367.966667,-0.142418997,2.47036289e-005
368,-0.142418173,2.4699539e-005
368.033333,-0.14241735,2.46952452e-005
368.066667,-0.142416527,2.46889783e-005
368.1,-0.142415704,2.46847842e-005
368.133333,-0.142414881,2.47137213e-005
368.166667,-0.142414057,2.47649952e-005
368.2,-0.142413232,2.48387127e-005
368.233333,-0.142412404,2.48326971e-005
368.266667,-0.142411576,2.48277373e-005
368.3,-0.142410748,2.4823084e-005
368.333333,-0.142409921,2.4817655e-005
368.366667,-0.142409094,2.48131105e-005
368.4,-0.142408267,2.48085688e-005
368.433333,-0.14240744,2.48038767e-005
368.466667,-0.142406613,2.47986087e-005
368.5,-0.142405786,2.48021535e-005
368.533333,-0.14240496,2.4880924e-005
368.566667,-0.14240413,2.4954248e-005
368.6,-0.142403298,2.4947436e-005
368.633333,-0.142402467,2.49409238e-005
368.666667,-0.142401635,2.49362982e-005
368.7,-0.142400804,2.4931972e-005
368.733333,-0.142399973,2.4927445e-005
368.766667,-0.142399142,2.49212657e-005
368.8,-0.142398312,2.49166901e-005
368.833333,-0.142397481,2.49123443e-005
368.866667,-0.142396651,2.49079728e-005
368.9,-0.14239582,2.50034042e-005
368.933333,-0.142394987,2.50431012e-005
368.966667,-0.142394152,2.50616195e-005
369,-0.142393317,2.50559368e-005
369.033333,-0.142392481,2.50490072e-005
369.066667,-0.142391647,2.50447092e-005
369.1,-0.142390812,2.50404573e-005
369.133333,-0.142389977,2.50362235e-005
369.166667,-0.142389142,2.50290045e-005
369.2,-0.142388308,2.50246662e-005
369.233333,-0.142387474,2.50337684e-005
369.266667,-0.14238664,2.50583913e-005
369.3,-0.142385804,2.51803732e-005
369.333333,-0.142384965,2.5174257e-005
369.366667,-0.142384126,2.51688178e-005
369.4,-0.142383287,2.51636923e-005
369.433333,-0.142382448,2.51574009e-005
369.466667,-0.142381609,2.51529281e-005
369.5,-0.142380771,2.51482636e-005
369.533333,-0.142379933,2.51432963e-005
369.566667,-0.142379095,2.51371787e-005
369.6,-0.142378257,2.51324548e-005
369.633333,-0.142377419,2.51912385e-005
369.666667,-0.142376579,2.52646008e-005
369.7,-0.142375737,2.52876254e-005
369.733333,-0.142374894,2.52809365e-005
369.766667,-0.142374051,2.5275841e-005
369.8,-0.142373209,2.52710536e-005
369.833333,-0.142372367,2.52657532e-005
369.866667,-0.142371524,2.52599596e-005
369.9,-0.142370682,2.52550466e-005
369.933333,-0.142369841,2.52502331e-005
369.966667,-0.142368999,2.52451075e-005
370,-0.142368157,2.52966e-005
370.033333,-0.142367314,2.53598641e-005
370.066667,-0.142366469,2.54012009e-005
370.1,-0.142365622,2.53946475e-005
370.133333,-0.142364776,2.53874639e-005
370.166667,-0.142363929,2.53827063e-005
370.2,-0.142363083,2.53782283e-005
370.233333,-0.142362237,2.53737907e-005
370.266667,-0.142361392,2.53662283e-005
370.3,-0.142360546,2.53614592e-005
370.333333,-0.142359701,2.53569899e-005
370.366667,-0.142358855,2.53527711e-005
370.4,-0.14235801,2.55091444e-005
370.433333,-0.14235716,2.55099531e-005
370.466667,-0.14235631,2.5506805e-005
370.5,-0.142355459,2.5501201e-005
370.533333,-0.142354609,2.54939819e-005
370.566667,-0.14235376,2.54893632e-005
370.6,-0.14235291,2.54846181e-005
370.633333,-0.14235206,2.54796343e-005
370.666667,-0.142351211,2.54725936e-005
370.7,-0.142350362,2.54677068e-005
370.733333,-0.142349513,2.55015917e-005
370.766667,-0.142348663,2.55584137e-005
370.8,-0.142347811,2.56246588e-005
370.833333,-0.142346957,2.56178488e-005
370.866667,-0.142346103,2.56122768e-005
370.9,-0.142345249,2.56070209e-005
370.933333,-0.142344396,2.56008836e-005
370.966667,-0.142343542,2.5595477e-005
371,-0.142342689,2.55902922e-005
371.033333,-0.142341836,2.55850022e-005
371.066667,-0.142340983,2.55790597e-005
371.1,-0.142340131,2.55897693e-005
371.133333,-0.142339278,2.56685406e-005
371.166667,-0.142338422,2.57376563e-005
371.2,-0.142337564,2.5730165e-005
371.233333,-0.142336707,2.5722781e-005
371.266667,-0.142335849,2.57175571e-005
371.3,-0.142334992,2.57126414e-005
371.333333,-0.142334135,2.57075051e-005
371.366667,-0.142333278,2.57003208e-005
371.4,-0.142332421,2.56951342e-005
371.433333,-0.142331565,2.56902037e-005
371.466667,-0.142330708,2.56852559e-005
371.5,-0.142329852,2.57924965e-005
371.533333,-0.142328992,2.58271823e-005
371.566667,-0.142328132,2.58416942e-005
371.6,-0.14232727,2.5835438e-005
371.633333,-0.142326409,2.58275617e-005
371.666667,-0.142325548,2.58226787e-005
371.7,-0.142324687,2.58177892e-005
371.733333,-0.142323827,2.58128623e-005
371.766667,-0.142322966,2.58048294e-005
371.8,-0.142322106,2.57998304e-005
371.833333,-0.142321246,2.58124684e-005
371.866667,-0.142320386,2.58435873e-005
371.9,-0.142319524,2.5958499e-005
371.933333,-0.142318659,2.5951623e-005
371.966667,-0.142317794,2.59455677e-005
372,-0.142316929,2.59398359e-005
372.033333,-0.142316064,2.59327968e-005
372.066667,-0.1423152,2.5927616e-005
372.1,-0.142314336,2.59222753e-005
372.133333,-0.142313472,2.5916626e-005
372.166667,-0.142312608,2.59097979e-005
372.2,-0.142311744,2.5904339e-005
372.233333,-0.142310881,2.59700521e-005
372.266667,-0.142310015,2.60475772e-005
372.3,-0.142309147,2.60624841e-005
372.333333,-0.142308278,2.60549562e-005
372.366667,-0.142307409,2.60492588e-005
372.4,-0.142306541,2.60438785e-005
372.433333,-0.142305673,2.6037931e-005
372.466667,-0.142304805,2.60311952e-005
372.5,-0.142303937,2.60256575e-005
372.533333,-0.14230307,2.60202559e-005
372.566667,-0.142302202,2.60145165e-005
372.6,-0.142301335,2.60757329e-005
372.633333,-0.142300466,2.61363425e-005
372.666667,-0.142299595,2.61734126e-005
372.7,-0.142298722,2.61662458e-005
372.733333,-0.14229785,2.61581482e-005
372.766667,-0.142296978,2.6152802e-005
372.8,-0.142296107,2.61477023e-005
372.833333,-0.142295235,2.61426137e-005
372.866667,-0.142294364,2.61341103e-005
372.9,-0.142293492,2.61287566e-005
372.933333,-0.142292621,2.61239682e-005
372.966667,-0.142291751,2.61199087e-005
373,-0.14229088,2.62890776e-005
373.033333,-0.142290004,2.62821929e-005
373.066667,-0.142289128,2.6275648e-005
373.1,-0.142288252,2.62694335e-005
373.133333,-0.142287376,2.62614278e-005
373.166667,-0.142286501,2.62561333e-005
373.2,-0.142285626,2.62507323e-005
373.233333,-0.142284751,2.62450614e-005
373.266667,-0.142283876,2.62372714e-005
373.3,-0.142283001,2.62316814e-005
373.333333,-0.142282127,2.62709314e-005
373.366667,-0.142281251,2.63331749e-005
373.4,-0.142280373,2.63915471e-005
373.433333,-0.142279494,2.63839325e-005
373.466667,-0.142278614,2.63777551e-005
373.5,-0.142277735,2.63719028e-005
373.533333,-0.142276856,2.63650804e-005
373.566667,-0.142275977,2.63587926e-005
373.6,-0.142275098,2.63529708e-005
373.633333,-0.14227422,2.63470894e-005
373.666667,-0.142273342,2.63404953e-005
373.7,-0.142272464,2.63589743e-005
373.733333,-0.142271585,2.64372234e-005
373.766667,-0.142270704,2.65019046e-005
373.8,-0.14226982,2.64937596e-005
373.833333,-0.142268937,2.64854946e-005
373.866667,-0.142268054,2.64796787e-005
373.9,-0.142267172,2.64741795e-005
373.933333,-0.142266289,2.64684558e-005
373.966667,-0.142265407,2.64602474e-005
374,-0.142264525,2.64544579e-005
374.033333,-0.142263643,2.64489486e-005
374.066667,-0.142262761,2.64434462e-005
374.1,-0.14226188,2.6563138e-005
374.133333,-0.142260995,2.65920993e-005
374.166667,-0.142260108,2.66025336e-005
374.2,-0.142259221,2.65957278e-005
374.233333,-0.142258335,2.65868968e-005
374.266667,-0.142257449,2.65814348e-005
374.3,-0.142256563,2.65759077e-005
374.333333,-0.142255677,2.657029e-005
374.366667,-0.142254791,2.65614686e-005
374.4,-0.142253906,2.65557986e-005
374.433333,-0.142253021,2.65723551e-005
374.466667,-0.142252135,2.6609956e-005
374.5,-0.142251248,2.67173181e-005
374.533333,-0.142250357,2.67096722e-005
374.566667,-0.142249467,2.67030079e-005
374.6,-0.142248577,2.66966762e-005
374.633333,-0.142247687,2.66889137e-005
374.666667,-0.142246797,2.66830148e-005
374.7,-0.142245908,2.66769967e-005
374.733333,-0.142245019,2.66706699e-005
374.766667,-0.14224413,2.66631552e-005
374.8,-0.142243241,2.66569516e-005
374.833333,-0.142242352,2.6730046e-005
374.866667,-0.142241461,2.68114623e-005
374.9,-0.142240568,2.68179604e-005
374.933333,-0.142239674,2.68095845e-005
374.966667,-0.14223878,2.68032917e-005
375,-0.142237886,2.67973249e-005
375.033333,-0.142236993,2.67907532e-005
375.066667,-0.1422361,2.67830564e-005
375.1,-0.142235207,2.67769015e-005
375.133333,-0.142234315,2.67709182e-005
375.166667,-0.142233423,2.67645875e-005
375.2,-0.14223253,2.68361505e-005
375.233333,-0.142231636,2.68934725e-005
375.266667,-0.142230739,2.69261422e-005
375.3,-0.142229842,2.69183866e-005
375.333333,-0.142228945,2.6909367e-005
375.366667,-0.142228048,2.69034387e-005
375.4,-0.142227151,2.68977182e-005
375.433333,-0.142226254,2.6891997e-005
375.466667,-0.142225358,2.68825453e-005
375.5,-0.142224462,2.68766134e-005
375.533333,-0.142223566,2.68744116e-005
375.566667,-0.14222267,2.68777047e-005
375.6,-0.142221774,2.70397216e-005
375.633333,-0.142220873,2.70321022e-005
375.666667,-0.142219972,2.70249449e-005
375.7,-0.142219071,2.70181274e-005
375.733333,-0.14221817,2.70093599e-005
375.766667,-0.14221727,2.70033791e-005
375.8,-0.14221637,2.69973215e-005
375.833333,-0.14221547,2.69909672e-005
375.866667,-0.14221457,2.69824524e-005
375.9,-0.142213671,2.69761492e-005
375.933333,-0.142212772,2.7021185e-005
375.966667,-0.142211871,2.70886831e-005
376,-0.142210968,2.71388161e-005
376.033333,-0.142210063,2.71303875e-005
376.066667,-0.142209159,2.71236114e-005
376.1,-0.142208255,2.71171693e-005
376.133333,-0.142207351,2.7109685e-005
376.166667,-0.142206447,2.71024976e-005
376.2,-0.142205544,2.70960456e-005
376.233333,-0.142204641,2.70895793e-005
376.266667,-0.142203738,2.70823566e-005
376.3,-0.142202835,2.7109207e-005
376.333333,-0.142201931,2.71863847e-005
376.366667,-0.142201025,2.72464321e-005
376.4,-0.142200117,2.72376589e-005
376.433333,-0.142199209,2.72285047e-005
376.466667,-0.142198301,2.72221033e-005
376.5,-0.142197394,2.72160268e-005
376.533333,-0.142196487,2.72097377e-005
376.566667,-0.14219558,2.72004869e-005
376.6,-0.142194673,2.7194103e-005
376.633333,-0.142193767,2.71880213e-005
376.666667,-0.14219286,2.71819859e-005
376.7,-0.142191954,2.73147617e-005
376.733333,-0.142191044,2.73372688e-005
376.766667,-0.142190133,2.73435782e-005
376.8,-0.142189221,2.73362467e-005
376.833333,-0.14218831,2.73264538e-005
376.866667,-0.142187399,2.73204189e-005
376.9,-0.142186488,2.73142546e-005
376.933333,-0.142185578,2.73079492e-005
376.966667,-0.142184668,2.72983651e-005
377,-0.142183758,2.7292014e-005
377.033333,-0.142182848,2.73128774e-005
377.066667,-0.142181937,2.73569033e-005
377.1,-0.142181026,2.74562716e-005
377.133333,-0.14218011,2.74478464e-005
377.166667,-0.142179195,2.74405803e-005
377.2,-0.142178281,2.74336559e-005
377.233333,-0.142177366,2.74251942e-005
377.266667,-0.142176452,2.74185126e-005
377.3,-0.142175538,2.7411835e-005
377.333333,-0.142174624,2.74048769e-005
377.366667,-0.142173711,2.73966981e-005
377.4,-0.142172798,2.73897407e-005
377.433333,-0.142171885,2.74706683e-005
377.466667,-0.142170969,2.75556687e-005
377.5,-0.142170051,2.75534998e-005
377.533333,-0.142169132,2.75442675e-005
377.566667,-0.142168214,2.75373864e-005
377.6,-0.142167296,2.75308397e-005
377.633333,-0.142166378,2.75236664e-005
377.666667,-0.142165461,2.75149908e-005
377.7,-0.142164544,2.75082267e-005
377.733333,-0.142163627,2.75016685e-005
377.766667,-0.14216271,2.74947688e-005
377.8,-0.142161794,2.75772946e-005
377.833333,-0.142160874,2.76306754e-005
377.866667,-0.142159953,2.76588362e-005
377.9,-0.142159031,2.76505167e-005
377.933333,-0.14215811,2.76405678e-005
377.966667,-0.142157188,2.76340639e-005
378,-0.142156267,2.76277239e-005
378.033333,-0.142155346,2.76213892e-005
378.066667,-0.142154425,2.76109827e-005
378.1,-0.142153505,2.76044791e-005
378.133333,-0.142152585,2.76052179e-005
378.166667,-0.142151665,2.76159209e-005
378.2,-0.142150744,2.77702609e-005
378.233333,-0.142149819,2.77618971e-005
378.266667,-0.142148893,2.77541351e-005
378.3,-0.142147968,2.77467219e-005
378.333333,-0.142147043,2.77372179e-005
378.366667,-0.142146119,2.77305413e-005
378.4,-0.142145194,2.77238269e-005
378.433333,-0.14214427,2.77167939e-005
378.466667,-0.142143346,2.77075793e-005
378.5,-0.142142423,2.77005538e-005
378.533333,-0.142141499,2.77517989e-005
378.566667,-0.142140574,2.78243461e-005
378.6,-0.142139647,2.7865908e-005
378.633333,-0.142138718,2.78566569e-005
378.666667,-0.142137789,2.78492894e-005
378.7,-0.142136861,2.78422647e-005
378.733333,-0.142135933,2.78341423e-005
378.766667,-0.142135005,2.78260375e-005
378.8,-0.142134078,2.7818963e-005
378.833333,-0.14213315,2.78119189e-005
378.866667,-0.142132223,2.78040911e-005
378.9,-0.142131296,2.78399106e-005
378.933333,-0.142130368,2.79154438e-005
378.966667,-0.142129438,2.79706851e-005
379,-0.142128506,2.79613094e-005
379.033333,-0.142127574,2.79512588e-005
379.066667,-0.142126642,2.79442789e-005
379.1,-0.14212571,2.79376318e-005
379.133333,-0.142124779,2.79307996e-005
379.166667,-0.142123848,2.79204892e-005
379.2,-0.142122917,2.79135202e-005
379.233333,-0.142121987,2.79068727e-005
379.266667,-0.142121057,2.79003262e-005
379.3,-0.142120127,2.80468082e-005
379.333333,-0.142119192,2.80621173e-005
379.366667,-0.142118256,2.80642782e-005
379.4,-0.142117321,2.80563715e-005
379.433333,-0.142116386,2.80457575e-005
379.466667,-0.142115451,2.80390829e-005
379.5,-0.142114516,2.8032282e-005
379.533333,-0.142113582,2.8025293e-005
379.566667,-0.142112648,2.80149722e-005
379.6,-0.142111714,2.80079308e-005
379.633333,-0.14211078,2.80334943e-005
379.666667,-0.142109846,2.80838459e-005
379.7,-0.14210891,2.81748118e-005
379.733333,-0.14210797,2.81655987e-005
379.766667,-0.142107032,2.81577386e-005
379.8,-0.142106093,2.8150229e-005
379.833333,-0.142105155,2.81410928e-005
379.866667,-0.142104217,2.81335538e-005
379.9,-0.142103279,2.81262421e-005
379.933333,-0.142102341,2.81187037e-005
379.966667,-0.142101404,2.81098836e-005
380,-0.142100467,2.81027098e-005
380.033333,-0.14209953,2.81913655e-005
380.066667,-0.142098591,2.82790589e-005
380.1,-0.142097648,2.82685589e-005
380.133333,-0.142096706,2.82584626e-005
380.166667,-0.142095764,2.82510004e-005
380.2,-0.142094822,2.82438808e-005
380.233333,-0.142093881,2.82361291e-005
380.266667,-0.142092939,2.82264575e-005
380.3,-0.142091998,2.82190931e-005
380.333333,-0.142091058,2.82119669e-005
380.366667,-0.142090117,2.8204521e-005
380.4,-0.142089177,2.82986174e-005
380.433333,-0.142088234,2.83473853e-005
380.466667,-0.142087289,2.83709537e-005
380.5,-0.142086343,2.83620952e-005
380.533333,-0.142085398,2.83512107e-005
380.566667,-0.142084453,2.83441382e-005
380.6,-0.142083508,2.83371801e-005
380.633333,-0.142082564,2.83302515e-005
380.666667,-0.142081619,2.83188843e-005
380.7,-0.142080675,2.8311816e-005
380.733333,-0.142079732,2.83158563e-005
380.766667,-0.142078788,2.83339814e-005
380.8,-0.142077843,2.84801558e-005
380.833333,-0.142076894,2.84710387e-005
380.866667,-0.142075945,2.84626801e-005
380.9,-0.142074996,2.84546792e-005
380.933333,-0.142074048,2.84444641e-005
380.966667,-0.142073099,2.84370828e-005
381,-0.142072152,2.84297117e-005
381.033333,-0.142071204,2.84220054e-005
381.066667,-0.142070256,2.84121164e-005
381.1,-0.142069309,2.84043602e-005
381.133333,-0.142068363,2.84622394e-005
381.166667,-0.142067414,2.85395927e-005
381.2,-0.142066463,2.85722857e-005
381.233333,-0.14206551,2.85622045e-005
381.266667,-0.142064558,2.85542535e-005
381.3,-0.142063606,2.85466534e-005
381.333333,-0.142062655,2.85379169e-005
381.366667,-0.142061703,2.85288778e-005
381.4,-0.142060752,2.85211893e-005
381.433333,-0.142059802,2.85135749e-005
381.466667,-0.142058851,2.85051654e-005
381.5,-0.142057901,2.85505463e-005
381.533333,-0.142056949,2.86238395e-005
381.566667,-0.142055995,2.86741289e-005
381.6,-0.142055039,2.86641768e-005
381.633333,-0.142054084,2.86532231e-005
381.666667,-0.142053129,2.86456721e-005
381.7,-0.142052174,2.86384616e-005
381.733333,-0.142051219,2.86311087e-005
381.766667,-0.142050265,2.86197224e-005
381.8,-0.142049311,2.86121781e-005
381.833333,-0.142048357,2.86049719e-005
381.866667,-0.142047404,2.85979364e-005
381.9,-0.142046451,2.87587345e-005
381.933333,-0.142045492,2.87660898e-005
381.966667,-0.142044533,2.87641016e-005
382,-0.142043574,2.87556041e-005
382.033333,-0.142042616,2.87442431e-005
382.066667,-0.142041658,2.8736896e-005
382.1,-0.1420407,2.87294594e-005
382.133333,-0.142039742,2.87217916e-005
382.166667,-0.142038785,2.87107606e-005
382.2,-0.142037828,2.87030202e-005
382.233333,-0.142036871,2.87336805e-005
382.266667,-0.142035913,2.87902178e-005
382.3,-0.142034953,2.88724082e-005
382.333333,-0.142033991,2.88623993e-005
382.366667,-0.142033029,2.88539533e-005
382.4,-0.142032067,2.88458662e-005
382.433333,-0.142031106,2.88360804e-005
382.466667,-0.142030144,2.88276675e-005
382.5,-0.142029183,2.88197296e-005
382.533333,-0.142028223,2.88116188e-005
382.566667,-0.142027262,2.88021818e-005
382.6,-0.142026302,2.88026831e-005
382.633333,-0.142025342,2.88912679e-005
382.666667,-0.142024379,2.89737302e-005
382.7,-0.142023413,2.89626163e-005
382.733333,-0.142022448,2.89516501e-005
382.766667,-0.142021483,2.89436146e-005
382.8,-0.142020518,2.89359293e-005
382.833333,-0.142019554,2.89276219e-005
382.866667,-0.142018589,2.89169379e-005
382.9,-0.142017625,2.89089824e-005
382.933333,-0.142016662,2.89012954e-005
382.966667,-0.142015698,2.88933259e-005
383,-0.142014735,2.89995909e-005
383.033333,-0.142013769,2.90430576e-005
383.066667,-0.142012801,2.90619748e-005
383.1,-0.142011832,2.90526022e-005
383.133333,-0.142010863,2.9040776e-005
383.166667,-0.142009895,2.90331422e-005
383.2,-0.142008928,2.90255676e-005
383.233333,-0.14200796,2.901802e-005
383.266667,-0.142006993,2.90057772e-005
383.3,-0.142006026,2.89981063e-005
383.333333,-0.142005059,2.90058144e-005
383.366667,-0.142004093,2.90313293e-005
383.4,-0.142003125,2.91688862e-005
383.433333,-0.142002153,2.91590076e-005
383.466667,-0.142001181,2.91500607e-005
383.5,-0.142000209,2.91414799e-005
383.533333,-0.141999238,2.91305795e-005
383.566667,-0.141998267,2.91224852e-005
383.6,-0.141997296,2.91144578e-005
383.633333,-0.141996325,2.91060845e-005
383.666667,-0.141995355,2.90955464e-005
383.7,-0.141994385,2.90870515e-005
383.733333,-0.141993416,2.91519896e-005
383.766667,-0.141992444,2.92338698e-005
383.8,-0.141991469,2.92574304e-005
383.833333,-0.141990494,2.92465121e-005
383.866667,-0.141989519,2.92379855e-005
383.9,-0.141988545,2.92298178e-005
383.933333,-0.14198757,2.92204913e-005
383.966667,-0.141986596,2.92105018e-005
384,-0.141985623,2.92022081e-005
384.033333,-0.141984649,2.91940312e-005
384.066667,-0.141983676,2.91850638e-005
384.1,-0.141982703,2.9240591e-005
384.133333,-0.141981729,2.93110283e-005
384.166667,-0.141980752,2.93562463e-005
384.2,-0.141979773,2.93457437e-005
384.233333,-0.141978795,2.93338813e-005
384.266667,-0.141977817,2.93257669e-005
384.3,-0.14197684,2.931798e-005
384.333333,-0.141975862,2.93100764e-005
384.366667,-0.141974885,2.92976729e-005
384.4,-0.141973909,2.9289566e-005
384.433333,-0.141972932,2.92818078e-005
384.466667,-0.141971956,2.92743054e-005
384.5,-0.14197098,2.94500155e-005
384.533333,-0.141969999,2.94486513e-005
384.566667,-0.141969017,2.94425355e-005
384.6,-0.141968036,2.94334556e-005
384.633333,-0.141967055,2.94213744e-005
384.666667,-0.141966074,2.94133464e-005
384.7,-0.141965094,2.94052753e-005
384.733333,-0.141964113,2.93969343e-005
384.766667,-0.141963133,2.93852194e-005
384.8,-0.141962154,2.93767721e-005
384.833333,-0.141961175,2.94129281e-005
384.866667,-0.141960194,2.94754712e-005
384.9,-0.141959212,2.95485483e-005
384.933333,-0.141958227,2.95377364e-005
384.966667,-0.141957242,2.9528713e-005
385,-0.141956258,2.95200565e-005
385.033333,-0.141955274,2.95096462e-005
385.066667,-0.14195429,2.95003433e-005
385.1,-0.141953307,2.94917877e-005
385.133333,-0.141952324,2.94831127e-005
385.166667,-0.141951341,2.94730834e-005
385.2,-0.141950359,2.948183e-005
385.233333,-0.141949376,2.95698045e-005
385.266667,-0.14194839,2.96468525e-005
385.3,-0.141947402,2.96351518e-005
385.333333,-0.141946414,2.96233099e-005
385.366667,-0.141945427,2.9614709e-005
385.4,-0.14194444,2.96064657e-005
385.433333,-0.141943453,2.95976262e-005
385.466667,-0.141942466,2.95859144e-005
385.5,-0.14194148,2.95773778e-005
385.533333,-0.141940494,2.95691378e-005
385.566667,-0.141939508,2.95606676e-005
385.6,-0.141938523,2.96796884e-005
385.633333,-0.141937534,2.97171518e-005
385.666667,-0.141936543,2.9731383e-005
385.7,-0.141935552,2.97215215e-005
385.733333,-0.141934561,2.9708749e-005
385.766667,-0.141933571,2.97005615e-005
385.8,-0.141932581,2.96923724e-005
385.833333,-0.141931591,2.96841464e-005
385.866667,-0.141930602,2.96711845e-005
385.9,-0.141929613,2.96628384e-005
385.933333,-0.141928624,2.96745855e-005
385.966667,-0.141927635,2.97074148e-005
386,-0.141926645,2.98359391e-005
386.033333,-0.14192565,2.98252916e-005
386.066667,-0.141924656,2.98157653e-005
386.1,-0.141923662,2.98066132e-005
386.133333,-0.141922669,2.97950535e-005
386.166667,-0.141921675,2.97862387e-005
386.2,-0.141920682,2.97775558e-005
386.233333,-0.14191969,2.97685225e-005
386.266667,-0.141918698,2.9757361e-005
386.3,-0.141917706,2.97481203e-005
386.333333,-0.141916714,2.98205412e-005
386.366667,-0.14191572,2.99066346e-005
386.4,-0.141914723,2.99208332e-005
386.433333,-0.141913726,2.99090717e-005
386.466667,-0.141912729,2.9899978e-005
386.5,-0.141911732,2.98912509e-005
386.533333,-0.141910736,2.98813587e-005
386.566667,-0.14190974,2.98704036e-005
386.6,-0.141908744,2.98615145e-005
386.633333,-0.141907749,2.98527832e-005
386.666667,-0.141906754,2.98432817e-005
386.7,-0.141905759,2.99095319e-005
386.733333,-0.141904762,2.99764791e-005
386.766667,-0.141903763,3.00165319e-005
386.8,-0.141902762,3.00055049e-005
386.833333,-0.141901762,2.99927289e-005
386.866667,-0.141900762,2.99840592e-005
386.9,-0.141899763,2.99756765e-005
386.933333,-0.141898763,2.99671827e-005
386.966667,-0.141897765,2.99538413e-005
387,-0.141896766,2.9945183e-005
387.033333,-0.141895768,2.9937041e-005
387.066667,-0.14189477,2.99295167e-005
387.1,-0.141893772,3.01195369e-005
387.133333,-0.141892768,3.01091136e-005
387.166667,-0.141891765,3.00990792e-005
387.2,-0.141890761,3.00894257e-005
387.233333,-0.141889758,3.00766511e-005
387.266667,-0.141888756,3.00679344e-005
387.3,-0.141887754,3.00592304e-005
387.333333,-0.141886752,3.00502225e-005
387.366667,-0.14188575,3.00378503e-005
387.4,-0.141884749,3.00286889e-005
387.433333,-0.141883748,3.00707408e-005
387.466667,-0.141882745,3.01390717e-005
387.5,-0.141881741,3.02027329e-005
387.533333,-0.141880734,3.01911117e-005
387.566667,-0.141879728,3.01815196e-005
387.6,-0.141878722,3.01723022e-005
387.633333,-0.141877716,3.01612925e-005
387.666667,-0.141876711,3.01510845e-005
387.7,-0.141875705,3.01419204e-005
387.733333,-0.141874701,3.01326896e-005
387.766667,-0.141873696,3.01220928e-005
387.8,-0.141872692,3.01396487e-005
387.833333,-0.141871688,3.02264515e-005
387.866667,-0.14187068,3.02979292e-005
387.9,-0.14186967,3.02856688e-005
387.933333,-0.141868661,3.02729461e-005
387.966667,-0.141867652,3.02637884e-005
388,-0.141866643,3.02549951e-005
388.033333,-0.141865634,3.02456469e-005
388.066667,-0.141864626,3.0232893e-005
388.1,-0.141863618,3.0223786e-005
388.133333,-0.141862611,3.0215001e-005
388.166667,-0.141861604,3.02060533e-005
388.2,-0.141860597,3.03384045e-005
388.233333,-0.141859585,3.03691505e-005
388.266667,-0.141858573,3.03786845e-005
388.3,-0.141857561,3.03683594e-005
388.333333,-0.141856548,3.03546366e-005
388.366667,-0.141855536,3.03459034e-005
388.4,-0.141854525,3.03371022e-005
388.433333,-0.141853514,3.03282035e-005
388.466667,-0.141852503,3.03145503e-005
388.5,-0.141851492,3.03055214e-005
388.533333,-0.141850482,3.03216821e-005
388.566667,-0.141849471,3.03617089e-005
388.6,-0.141848459,3.04808221e-005
388.633333,-0.141847443,3.04693992e-005
388.666667,-0.141846428,3.04593026e-005
388.7,-0.141845412,3.04495881e-005
388.733333,-0.141844397,3.04373953e-005
388.766667,-0.141843383,3.04278532e-005
388.8,-0.141842368,3.04185159e-005
388.833333,-0.141841355,3.04088305e-005
388.866667,-0.141840341,3.03970716e-005
388.9,-0.141839328,3.03870787e-005
388.933333,-0.141838315,3.0467404e-005
388.966667,-0.141837299,3.05573638e-005
389,-0.141836281,3.05620045e-005
389.033333,-0.141835262,3.05493945e-005
389.066667,-0.141834244,3.05397425e-005
389.1,-0.141833226,3.05304645e-005
389.133333,-0.141832208,3.05200309e-005
389.166667,-0.141831191,3.05080961e-005
389.2,-0.141830174,3.04986218e-005
389.233333,-0.141829157,3.04893446e-005
389.266667,-0.141828141,3.04793331e-005
389.3,-0.141827125,3.05568729e-005
389.333333,-0.141826106,3.06196796e-005
389.366667,-0.141825085,3.06544985e-005
389.4,-0.141824064,3.06429735e-005
389.433333,-0.141823042,3.06292799e-005
389.466667,-0.141822021,3.06200633e-005
389.5,-0.141821001,3.0611088e-005
389.533333,-0.14181998,3.06020249e-005
389.566667,-0.14181896,3.05877424e-005
389.6,-0.141817941,3.05785413e-005
389.633333,-0.141816921,3.05734312e-005
389.666667,-0.141815902,3.05743583e-005
389.7,-0.141814883,3.07550267e-005
389.733333,-0.141813858,3.0743862e-005
389.766667,-0.141812833,3.0733256e-005
389.8,-0.141811809,3.07230388e-005
389.833333,-0.141810785,3.07095977e-005
389.866667,-0.141809761,3.07001849e-005
389.9,-0.141808738,3.06908495e-005
389.933333,-0.141807714,3.06811817e-005
389.966667,-0.141806692,3.06681788e-005
390,-0.14180567,3.06582963e-005
390.033333,-0.141804648,3.07066443e-005
390.066667,-0.141803624,3.07805078e-005
390.1,-0.141802598,3.08344855e-005
390.133333,-0.14180157,3.08220492e-005
390.166667,-0.141800543,3.08118974e-005
390.2,-0.141799516,3.08021276e-005
390.233333,-0.141798489,3.07905437e-005
390.266667,-0.141797463,3.0779416e-005
390.3,-0.141796437,3.07696531e-005
390.333333,-0.141795411,3.07598752e-005
390.366667,-0.141794386,3.07487357e-005
390.4,-0.141793361,3.07756573e-005
390.433333,-0.141792335,3.0860706e-005
390.466667,-0.141791306,3.09264845e-005
390.5,-0.141790275,3.09136914e-005
390.533333,-0.141789245,3.09000836e-005
390.566667,-0.141788215,3.08903776e-005
390.6,-0.141787185,3.08810427e-005
390.633333,-0.141786156,3.08712093e-005
390.666667,-0.141785127,3.08573997e-005
390.7,-0.141784098,3.08477334e-005
390.733333,-0.14178307,3.08384118e-005
390.766667,-0.141782042,3.08290096e-005
390.8,-0.141781014,3.09752515e-005
390.833333,-0.141779982,3.09985562e-005
390.866667,-0.141778949,3.10034048e-005
390.9,-0.141777915,3.0992641e-005
390.933333,-0.141776882,3.0977965e-005
390.966667,-0.141775849,3.09686944e-005
391,-0.141774817,3.09592835e-005
391.033333,-0.141773785,3.09497186e-005
391.066667,-0.141772753,3.0935402e-005
391.1,-0.141771722,3.09256836e-005
391.133333,-0.141770691,3.09466348e-005
391.166667,-0.14176966,3.09937013e-005
391.2,-0.141768627,3.11030616e-005
391.233333,-0.14176759,3.10908573e-005
391.266667,-0.141766554,3.10802e-005
391.3,-0.141765518,3.10699322e-005
391.333333,-0.141764482,3.10571326e-005
391.366667,-0.141763447,3.10467996e-005
391.4,-0.141762412,3.10368291e-005
391.433333,-0.141761377,3.10265425e-005
391.466667,-0.141760343,3.10142103e-005
391.5,-0.141759309,3.10034596e-005
391.533333,-0.141758276,3.1092107e-005
391.566667,-0.141757239,3.11855549e-005
391.6,-0.1417562,3.1180475e-005
391.633333,-0.141755161,3.1167012e-005
391.666667,-0.141754122,3.11568108e-005
391.7,-0.141753083,3.11469905e-005
391.733333,-0.141752045,3.11360401e-005
391.766667,-0.141751007,3.11231119e-005
391.8,-0.14174997,3.11130633e-005
391.833333,-0.141748932,3.1103249e-005
391.866667,-0.141747896,3.10927515e-005
391.9,-0.141746859,3.11821358e-005
391.933333,-0.14174582,3.12401373e-005
391.966667,-0.141744778,3.12696785e-005
392,-0.141743736,3.12576816e-005
392.033333,-0.141742694,3.12430672e-005
392.066667,-0.141741653,3.12333124e-005
392.1,-0.141740612,3.12237478e-005
392.133333,-0.141739571,3.1214137e-005
392.166667,-0.14173853,3.1198911e-005
392.2,-0.14173749,3.11891755e-005
392.233333,-0.141736451,3.11874489e-005
392.266667,-0.141735411,3.11967725e-005
392.3,-0.141734371,3.13676692e-005
392.333333,-0.141733326,3.1355757e-005
392.366667,-0.141732281,3.13445893e-005
392.4,-0.141731236,3.1333818e-005
392.433333,-0.141730191,3.13197377e-005
392.466667,-0.141729147,3.13096225e-005
392.5,-0.141728104,3.12996578e-005
392.533333,-0.14172706,3.12893382e-005
392.566667,-0.141726017,3.12757314e-005
392.6,-0.141724975,3.1265122e-005
392.633333,-0.141723933,3.13201651e-005
392.666667,-0.141722889,3.13992711e-005
392.7,-0.141721842,3.14433329e-005
392.733333,-0.141720794,3.14300767e-005
392.766667,-0.141719746,3.14193747e-005
392.8,-0.141718699,3.14090618e-005
392.833333,-0.141717652,3.13969291e-005
392.866667,-0.141716605,3.13848684e-005
392.9,-0.141715559,3.13745171e-005
392.933333,-0.141714513,3.13642013e-005
392.966667,-0.141713468,3.13525439e-005
393,-0.141712423,3.13893793e-005
393.033333,-0.141711377,3.14720732e-005
393.066667,-0.141710327,3.153205e-005
393.1,-0.141709276,3.15187515e-005
393.133333,-0.141708226,3.15042552e-005
393.166667,-0.141707176,3.149401e-005
393.2,-0.141706126,3.14841423e-005
393.233333,-0.141705076,3.14738474e-005
393.266667,-0.141704027,3.14589696e-005
393.3,-0.141702979,3.14487559e-005
393.333333,-0.14170193,3.14389064e-005
393.366667,-0.141700882,3.14290729e-005
393.4,-0.141699835,3.15897505e-005
393.433333,-0.141698782,3.16048824e-005
393.466667,-0.141697728,3.16050798e-005
393.5,-0.141696675,3.15938014e-005
393.533333,-0.141695622,3.15783726e-005
393.566667,-0.141694569,3.15684721e-005
393.6,-0.141693517,3.15584545e-005
393.633333,-0.141692465,3.15482308e-005
393.666667,-0.141691413,3.15332787e-005
393.7,-0.141690362,3.15228647e-005
393.733333,-0.141689311,3.15489846e-005
393.766667,-0.14168826,3.16028942e-005
393.8,-0.141687206,3.17021961e-005
393.833333,-0.141686149,3.16892054e-005
393.866667,-0.141685093,3.16779972e-005
393.9,-0.141684037,3.16671857e-005
393.933333,-0.141682982,3.16538058e-005
393.966667,-0.141681927,3.16425986e-005
394,-0.141680872,3.16320273e-005
394.033333,-0.141679817,3.16212024e-005
394.066667,-0.141678763,3.1608321e-005
394.1,-0.14167771,3.15970621e-005
394.133333,-0.141676656,3.16941854e-005
394.166667,-0.1416756,3.17904562e-005
394.2,-0.14167454,3.17757882e-005
394.233333,-0.141673481,3.17614683e-005
394.266667,-0.141672422,3.17507274e-005
394.3,-0.141671364,3.17403739e-005
394.333333,-0.141670306,3.17289312e-005
394.366667,-0.141669248,3.17149972e-005
394.4,-0.141668191,3.17043857e-005
394.433333,-0.141667134,3.16940433e-005
394.466667,-0.141666078,3.16830837e-005
394.5,-0.141665022,3.17848548e-005
394.533333,-0.141663962,3.18373743e-005
394.566667,-0.141662901,3.18616181e-005
394.6,-0.141661839,3.18491754e-005
394.633333,-0.141660777,3.18336379e-005
394.666667,-0.141659716,3.18233539e-005
394.7,-0.141658656,3.18132036e-005
394.733333,-0.141657595,3.18030671e-005
394.766667,-0.141656535,3.1786896e-005
394.8,-0.141655475,3.17766353e-005
394.833333,-0.141654416,3.17786468e-005
394.866667,-0.141653357,3.17962691e-005
394.9,-0.141652297,3.19570125e-005
394.933333,-0.141651232,3.19443475e-005
394.966667,-0.141650167,3.19326282e-005
395,-0.141649103,3.19213126e-005
395.033333,-0.141648039,3.19066207e-005
395.066667,-0.141646975,3.18957974e-005
395.1,-0.141645912,3.1885206e-005
395.133333,-0.141644849,3.18742432e-005
395.166667,-0.141643786,3.18600597e-005
395.2,-0.141642724,3.18487182e-005
395.233333,-0.141641663,3.19108533e-005
395.266667,-0.141640599,3.19948779e-005
395.3,-0.141639533,3.20288258e-005
395.333333,-0.141638465,3.20147459e-005
395.366667,-0.141637398,3.20035036e-005
395.4,-0.141636331,3.19926569e-005
395.433333,-0.141635265,3.19800011e-005
395.466667,-0.141634199,3.19669947e-005
395.5,-0.141633133,3.19560663e-005
395.533333,-0.141632068,3.19452221e-005
395.566667,-0.141631003,3.19330719e-005
395.6,-0.141629939,3.19803585e-005
395.633333,-0.141628873,3.20600804e-005
395.666667,-0.141627804,3.21141792e-005
395.7,-0.141626733,3.21004027e-005
395.733333,-0.141625663,3.20850154e-005
395.766667,-0.141624594,3.20742404e-005
395.8,-0.141623525,3.20638489e-005
395.833333,-0.141622456,3.20531162e-005
395.866667,-0.141621388,3.20371591e-005
395.9,-0.14162032,3.20264103e-005
395.933333,-0.141619252,3.20160419e-005
395.966667,-0.141618185,3.20058004e-005
396,-0.141617118,3.21814415e-005
396.033333,-0.141616045,3.2187664e-005
396.066667,-0.141614972,3.2183266e-005
396.1,-0.1416139,3.21714422e-005
396.133333,-0.141612827,3.21553713e-005
396.166667,-0.141611755,3.21447939e-005
396.2,-0.141610684,3.21341728e-005
396.233333,-0.141609613,3.21232985e-005
396.266667,-0.141608542,3.21077393e-005
396.3,-0.141607472,3.20966243e-005
396.333333,-0.141606402,3.21282912e-005
396.366667,-0.141605331,3.21888094e-005
396.4,-0.141604258,3.22777836e-005
396.433333,-0.141603182,3.22640024e-005
396.466667,-0.141602107,3.22522536e-005
396.5,-0.141601031,3.22409082e-005
396.533333,-0.141599957,3.22269747e-005
396.566667,-0.141598883,3.22148807e-005
396.6,-0.141597809,3.22037193e-005
396.633333,-0.141596735,3.21923659e-005
396.666667,-0.141595662,3.21789614e-005
396.7,-0.14159459,3.21763279e-005
396.733333,-0.141593517,3.22728178e-005
396.766667,-0.141592441,3.23626909e-005
396.8,-0.141591362,3.23475129e-005
396.833333,-0.141590284,3.23323345e-005
396.866667,-0.141589206,3.23210635e-005
396.9,-0.141588129,3.23101859e-005
396.933333,-0.141587052,3.22982751e-005
396.966667,-0.141585976,3.22833234e-005
397,-0.141584899,3.22721607e-005
397.033333,-0.141583824,3.22612994e-005
397.066667,-0.141582748,3.22499016e-005
397.1,-0.141581673,3.23645871e-005
397.133333,-0.141580594,3.24109376e-005
397.166667,-0.141579514,3.24298878e-005
397.2,-0.141578433,3.24170253e-005
397.233333,-0.141577353,3.24005629e-005
397.266667,-0.141576273,3.23897589e-005
397.3,-0.141575193,3.23790265e-005
397.333333,-0.141574114,3.23683303e-005
397.366667,-0.141573035,3.23513259e-005
397.4,-0.141571956,3.23404926e-005
397.433333,-0.141570878,3.23465995e-005
397.466667,-0.1415698,3.23723809e-005
397.5,-0.141568721,3.25226268e-005
397.533333,-0.141567637,3.25092042e-005
397.566667,-0.141566553,3.24969439e-005
397.6,-0.14156547,3.2485094e-005
397.633333,-0.141564387,3.24698178e-005
397.666667,-0.141563305,3.24582813e-005
397.7,-0.141562223,3.24470661e-005
397.733333,-0.141561141,3.24354695e-005
397.766667,-0.14156006,3.24207362e-005
397.8,-0.141558979,3.2408658e-005
397.833333,-0.141557899,3.24782782e-005
397.866667,-0.141556817,3.25668655e-005
397.9,-0.141555731,3.25905358e-005
397.933333,-0.141554645,3.2575629e-005
397.966667,-0.141553559,3.25638563e-005
398,-0.141552473,3.25524857e-005
398.033333,-0.141551388,3.25393321e-005
398.066667,-0.141550304,3.25253685e-005
398.1,-0.141549219,3.25138745e-005
398.133333,-0.141548136,3.25025116e-005
398.166667,-0.141547052,3.24898937e-005
398.2,-0.141545969,3.25481575e-005
398.233333,-0.141544884,3.26242756e-005
398.266667,-0.141543797,3.26724454e-005
398.3,-0.141542708,3.2658218e-005
398.333333,-0.141541619,3.2641938e-005
398.366667,-0.141540531,3.2630643e-005
398.4,-0.141539443,3.26197165e-005
398.433333,-0.141538356,3.26085164e-005
398.466667,-0.141537269,3.25915448e-005
398.5,-0.141536183,3.2580276e-005
398.533333,-0.141535097,3.25693974e-005
398.566667,-0.141534011,3.25587709e-005
398.6,-0.141532926,3.27498846e-005
398.633333,-0.141531834,3.2746458e-005
398.666667,-0.141530743,3.27375414e-005
398.7,-0.141529651,3.27251827e-005
398.733333,-0.14152856,3.27084981e-005
398.766667,-0.14152747,3.26972387e-005
398.8,-0.14152638,3.26860176e-005
398.833333,-0.141525291,3.26745015e-005
398.866667,-0.141524202,3.26583632e-005
398.9,-0.141523113,3.26465425e-005
398.933333,-0.141522025,3.26841333e-005
398.966667,-0.141520935,3.27509896e-005
399,-0.141519844,3.28294027e-005
399.033333,-0.141518749,3.28148276e-005
399.066667,-0.141517655,3.28025486e-005
399.1,-0.141516562,3.27906794e-005
399.133333,-0.141515469,3.27762188e-005
399.166667,-0.141514376,3.27632262e-005
399.2,-0.141513284,3.27514861e-005
399.233333,-0.141512193,3.27396143e-005
399.266667,-0.141511101,3.27257127e-005
399.3,-0.14151001,3.27322265e-005
399.333333,-0.141508919,3.28275115e-005
399.366667,-0.141507825,3.29108781e-005
399.4,-0.141506728,3.28952184e-005
399.433333,-0.141505632,3.28791794e-005
399.466667,-0.141504536,3.28673885e-005
399.5,-0.14150344,3.28559964e-005
399.533333,-0.141502345,3.28436422e-005
399.566667,-0.14150125,3.28276623e-005
399.6,-0.141500156,3.28159611e-005
399.633333,-0.141499062,3.28045905e-005
399.666667,-0.141497968,3.27927786e-005
399.7,-0.141496875,3.29208905e-005
399.733333,-0.141495778,3.29603778e-005
399.766667,-0.141494679,3.29740612e-005
399.8,-0.14149358,3.2960805e-005
399.833333,-0.141492481,3.29434172e-005
399.866667,-0.141491383,3.29321028e-005
399.9,-0.141490286,3.29207926e-005
399.933333,-0.141489188,3.29094472e-005
399.966667,-0.141488091,3.28918344e-005
400,-0.141486995,3.28803258e-005
400.033333,-0.141485899,3.28908866e-005
400.066667,-0.141484802,3.29246477e-005
400.1,-0.141483705,3.30640897e-005
400.133333,-0.141482603,3.30499058e-005
400.166667,-0.141481501,3.30371153e-005
400.2,-0.1414804,3.30247418e-005
400.233333,-0.141479299,3.3008909e-005
400.266667,-0.141478199,3.2996655e-005
400.3,-0.141477099,3.29848192e-005
400.333333,-0.141475999,3.2972599e-005
400.366667,-0.1414749,3.29573432e-005
400.4,-0.141473802,3.29445247e-005
400.433333,-0.141472704,3.30220183e-005
400.466667,-0.141471603,3.31147821e-005
400.5,-0.141470499,3.31280451e-005
400.533333,-0.141469395,3.31123091e-005
400.566667,-0.141468291,3.31000166e-005
400.6,-0.141467188,3.30881322e-005
400.633333,-0.141466085,3.30745066e-005
400.666667,-0.141464982,3.3059575e-005
400.7,-0.14146388,3.30475278e-005
400.733333,-0.141462779,3.30356564e-005
400.766667,-0.141461678,3.30225958e-005
400.8,-0.141460577,3.30923495e-005
400.833333,-0.141459474,3.31642202e-005
400.866667,-0.141458368,3.3206435e-005
400.9,-0.141457261,3.31917838e-005
400.933333,-0.141456155,3.31746105e-005
400.966667,-0.141455049,3.31628054e-005
401,-0.141453944,3.31513223e-005
401.033333,-0.141452839,3.31396053e-005
401.066667,-0.141451734,3.31217192e-005
401.1,-0.14145063,3.31099444e-005
401.133333,-0.141449526,3.30985955e-005
401.166667,-0.141448423,3.30876891e-005
401.2,-0.14144732,3.3294535e-005
401.233333,-0.14144621,3.32808032e-005
401.266667,-0.141445101,3.32674971e-005
401.3,-0.141443992,3.32546144e-005
401.333333,-0.141442884,3.32373449e-005
401.366667,-0.141441776,3.32253988e-005
401.4,-0.141440668,3.32135814e-005
401.433333,-0.141439561,3.32014331e-005
401.466667,-0.141438454,3.3184744e-005
401.5,-0.141437348,3.31722136e-005
401.533333,-0.141436242,3.32161029e-005
401.566667,-0.141435135,3.32889924e-005
401.6,-0.141434026,3.33566465e-005
401.633333,-0.141432914,3.33412748e-005
401.666667,-0.141431802,3.33284764e-005
401.7,-0.141430691,3.33160939e-005
401.733333,-0.141429581,3.33011328e-005
401.766667,-0.141428471,3.32872308e-005
401.8,-0.141427361,3.32749238e-005
401.833333,-0.141426252,3.32625442e-005
401.866667,-0.141425143,3.32481715e-005
401.9,-0.141424035,3.32643437e-005
401.933333,-0.141422926,3.33578357e-005
401.966667,-0.141421814,3.34346137e-005
402,-0.1414207,3.34185006e-005
402.033333,-0.141419586,3.34016001e-005
402.066667,-0.141418472,3.33892995e-005
402.1,-0.141417359,3.33774031e-005
402.133333,-0.141416247,3.33646301e-005
402.166667,-0.141415135,3.33476125e-005
402.2,-0.141414023,3.33353859e-005
402.233333,-0.141412912,3.3323516e-005
402.266667,-0.141411801,3.33113141e-005
402.3,-0.141410691,3.34533473e-005
402.333333,-0.141409576,3.34852718e-005
402.366667,-0.141408459,3.34937375e-005
402.4,-0.141407343,3.34801136e-005
402.433333,-0.141406227,3.34618008e-005
402.466667,-0.141405112,3.3449986e-005
402.5,-0.141403997,3.34381024e-005
402.533333,-0.141402882,3.3426117e-005
402.566667,-0.141401768,3.34079251e-005
402.6,-0.141400654,3.3395737e-005
402.633333,-0.141399541,3.34111101e-005
402.666667,-0.141398427,3.34526331e-005
402.7,-0.141397312,3.35810021e-005
402.733333,-0.141396193,3.35660539e-005
402.766667,-0.141395074,3.35527444e-005
402.8,-0.141393956,3.3539858e-005
402.833333,-0.141392838,3.35234965e-005
402.866667,-0.14139172,3.35105216e-005
402.9,-0.141390603,3.34980689e-005
402.933333,-0.141389487,3.34852361e-005
402.966667,-0.14138837,3.34694849e-005
403,-0.141387255,3.34559232e-005
403.033333,-0.141386139,3.35416726e-005
403.066667,-0.141385021,3.36381981e-005
403.1,-0.1413839,3.36409575e-005
403.133333,-0.141382779,3.36243909e-005
403.166667,-0.141381658,3.36115894e-005
403.2,-0.141380538,3.35992016e-005
403.233333,-0.141379418,3.35851296e-005
403.266667,-0.141378298,3.35692205e-005
403.3,-0.141377179,3.3556633e-005
403.333333,-0.141376061,3.35442634e-005
403.366667,-0.141374942,3.35307852e-005
403.4,-0.141373825,3.36125272e-005
403.433333,-0.141372704,3.36794965e-005
403.466667,-0.141371582,3.37157545e-005
403.5,-0.141370458,3.37007069e-005
403.533333,-0.141369334,3.36826403e-005
403.566667,-0.141368212,3.36703355e-005
403.6,-0.141367089,3.36583008e-005
403.633333,-0.141365967,3.36460903e-005
403.666667,-0.141364846,3.36272908e-005
403.7,-0.141363725,3.36150202e-005
403.733333,-0.141362604,3.36070822e-005
403.766667,-0.141361484,3.36055483e-005
403.8,-0.141360364,3.38010402e-005
403.833333,-0.141359237,3.37865765e-005
403.866667,-0.141358111,3.37727521e-005
403.9,-0.141356985,3.37593573e-005
403.933333,-0.14135586,3.37415311e-005
403.966667,-0.141354735,3.37288943e-005
404,-0.141353611,3.37164845e-005
404.033333,-0.141352487,3.37037142e-005
404.066667,-0.141351364,3.36865021e-005
404.1,-0.141350241,3.36732584e-005
404.133333,-0.141349118,3.3723817e-005
404.166667,-0.141347994,3.38024017e-005
404.2,-0.141346868,3.38591338e-005
404.233333,-0.141345739,3.38429636e-005
404.266667,-0.141344611,3.38296567e-005
404.3,-0.141343483,3.38167713e-005
404.333333,-0.141342356,3.38013361e-005
404.366667,-0.141341229,3.37865146e-005
404.4,-0.141340103,3.37736531e-005
404.433333,-0.141338977,3.37607761e-005
404.466667,-0.141337852,3.37459582e-005
404.5,-0.141336727,3.37722882e-005
404.533333,-0.141335601,3.38633839e-005
404.566667,-0.141334472,3.39335174e-005
404.6,-0.141333341,3.39169789e-005
404.633333,-0.141332211,3.38992165e-005
404.666667,-0.141331081,3.38864168e-005
404.7,-0.141329951,3.38740262e-005
404.733333,-0.141328822,3.38608588e-005
404.766667,-0.141327693,3.38427951e-005
404.8,-0.141326565,3.38300566e-005
404.833333,-0.141325438,3.38176975e-005
404.866667,-0.14132431,3.38051296e-005
404.9,-0.141323184,3.39615599e-005
404.933333,-0.141322051,3.39852189e-005
404.966667,-0.141320919,3.39885374e-005
405,-0.141319786,3.39745718e-005
405.033333,-0.141318653,3.3955335e-005
405.066667,-0.141317521,3.394303e-005
405.1,-0.14131639,3.39305776e-005
405.133333,-0.141315259,3.3917962e-005
405.166667,-0.141314128,3.38992203e-005
405.2,-0.141312998,3.38863492e-005
405.233333,-0.141311869,3.39068921e-005
405.266667,-0.141310739,3.39559218e-005
405.3,-0.141309607,3.40729857e-005
405.333333,-0.141308471,3.4057271e-005
405.366667,-0.141307336,3.4043454e-005
405.4,-0.141306201,3.40300658e-005
405.433333,-0.141305067,3.40132031e-005
405.466667,-0.141303933,3.39994475e-005
405.5,-0.141302799,3.39864013e-005
405.533333,-0.141301667,3.39730097e-005
405.566667,-0.141300534,3.39567886e-005
405.6,-0.141299402,3.39424814e-005
405.633333,-0.141298271,3.40368614e-005
405.666667,-0.141297136,3.41367072e-005
405.7,-0.141295998,3.41288993e-005
405.733333,-0.141294861,3.41115015e-005
405.766667,-0.141293724,3.4098202e-005
405.8,-0.141292587,3.40853213e-005
405.833333,-0.141291451,3.40708285e-005
405.866667,-0.141290315,3.40539332e-005
405.9,-0.14128918,3.40408186e-005
405.933333,-0.141288045,3.40279614e-005
405.966667,-0.141286911,3.40140906e-005
406,-0.141285777,3.41083031e-005
406.033333,-0.14128464,3.41697093e-005
406.066667,-0.141283501,3.42000322e-005
406.1,-0.141282361,3.41846149e-005
406.133333,-0.141281222,3.4165656e-005
406.166667,-0.141280083,3.41528622e-005
406.2,-0.141278945,3.41402813e-005
406.233333,-0.141277807,3.41276008e-005
406.266667,-0.141276669,3.41078896e-005
406.3,-0.141275532,3.40951337e-005
406.333333,-0.141274396,3.40909478e-005
406.366667,-0.141273259,3.40986202e-005
406.4,-0.141272123,3.4282453e-005
406.433333,-0.14127098,3.42672549e-005
406.466667,-0.141269838,3.4252924e-005
406.5,-0.141268696,3.42390285e-005
406.533333,-0.141267555,3.42206746e-005
406.566667,-0.141266414,3.42073439e-005
406.6,-0.141265274,3.41943462e-005
406.633333,-0.141264134,3.41809649e-005
406.666667,-0.141262994,3.41632582e-005
406.7,-0.141261856,3.41492987e-005
406.733333,-0.141260717,3.42068929e-005
406.766667,-0.141259577,3.4290804e-005
406.8,-0.141258434,3.43364863e-005
406.833333,-0.14125729,3.43195166e-005
406.866667,-0.141256146,3.43057126e-005
406.9,-0.141255002,3.42923355e-005
406.933333,-0.141253859,3.42764528e-005
406.966667,-0.141252716,3.42607028e-005
407,-0.141251574,3.42472999e-005
407.033333,-0.141250433,3.42339365e-005
407.066667,-0.141249292,3.42186996e-005
407.1,-0.141248151,3.42556734e-005
407.133333,-0.141247009,3.43437575e-005
407.166667,-0.141245864,3.44072162e-005
407.2,-0.141244718,3.43902805e-005
407.233333,-0.141243571,3.4371657e-005
407.266667,-0.141242425,3.43583691e-005
407.3,-0.14124128,3.4345495e-005
407.333333,-0.141240135,3.43319578e-005
407.366667,-0.141238991,3.43128408e-005
407.4,-0.141237847,3.42996044e-005
407.433333,-0.141236704,3.42867667e-005
407.466667,-0.141235561,3.42738567e-005
407.5,-0.141234419,3.44451402e-005
407.533333,-0.14123327,3.44598304e-005
407.566667,-0.141232122,3.44580931e-005
407.6,-0.141230973,3.44436879e-005
407.633333,-0.141229825,3.44237763e-005
407.666667,-0.141228677,3.44108682e-005
407.7,-0.14122753,3.43978522e-005
407.733333,-0.141226384,3.43846169e-005
407.766667,-0.141225238,3.43653551e-005
407.8,-0.141224092,3.43517981e-005
407.833333,-0.141222947,3.43778658e-005
407.866667,-0.141221801,3.44341122e-005
407.9,-0.141220653,3.45396753e-005
407.933333,-0.141219502,3.45231929e-005
407.966667,-0.141218351,3.45088802e-005
408,-0.141217201,3.44950016e-005
408.033333,-0.141216051,3.44776656e-005
408.066667,-0.141214902,3.44630379e-005
408.1,-0.141213753,3.44494372e-005
408.133333,-0.141212605,3.44355608e-005
408.166667,-0.141211457,3.44188947e-005
408.2,-0.14121031,3.44038404e-005
408.233333,-0.141209163,3.45072173e-005
408.266667,-0.141208013,3.46099172e-005
408.3,-0.141206859,3.45915106e-005
408.333333,-0.141205706,3.45732819e-005
408.366667,-0.141204554,3.45594957e-005
408.4,-0.141203402,3.45461331e-005
408.433333,-0.14120225,3.45312448e-005
408.466667,-0.141201099,3.45133556e-005
408.5,-0.141199949,3.44997279e-005
408.533333,-0.141198799,3.44863939e-005
408.566667,-0.141197649,3.44721555e-005
408.6,-0.1411965,3.45793033e-005
408.633333,-0.141195347,3.46344789e-005
408.666667,-0.141194193,3.46589113e-005
408.7,-0.141193037,3.46431513e-005
408.733333,-0.141191883,3.4623302e-005
408.766667,-0.141190729,3.46100299e-005
408.8,-0.141189575,3.45969083e-005
408.833333,-0.141188422,3.45837818e-005
408.866667,-0.141187269,3.45631617e-005
408.9,-0.141186117,3.45499313e-005
408.933333,-0.141184965,3.45498387e-005
408.966667,-0.141183813,3.45665117e-005
409,-0.141182661,3.47384188e-005
409.033333,-0.141181503,3.47224845e-005
409.066667,-0.141180346,3.47076593e-005
409.1,-0.141179189,3.46932749e-005
409.133333,-0.141178033,3.4674422e-005
409.166667,-0.141176877,3.46603951e-005
409.2,-0.141175721,3.46468144e-005
409.233333,-0.141174566,3.4632834e-005
409.266667,-0.141173412,3.46146609e-005
409.3,-0.141172258,3.45999839e-005
409.333333,-0.141171105,3.4664974e-005
409.366667,-0.141169949,3.47538137e-005
409.4,-0.141168791,3.47883523e-005
409.433333,-0.141167631,3.47705831e-005
409.466667,-0.141166472,3.47562938e-005
409.5,-0.141165314,3.47424362e-005
409.533333,-0.141164156,3.47261327e-005
409.566667,-0.141162998,3.47094462e-005
409.6,-0.141161841,3.46955156e-005
409.633333,-0.141160685,3.46816772e-005
409.666667,-0.141159529,3.46660471e-005
409.7,-0.141158373,3.47141364e-005
409.733333,-0.141157216,3.4798583e-005
409.766667,-0.141156056,3.48553618e-005
409.8,-0.141154894,3.48380568e-005
409.833333,-0.141153733,3.48185737e-005
409.866667,-0.141152572,3.48048089e-005
409.9,-0.141151412,3.47914622e-005
409.933333,-0.141150252,3.47775798e-005
409.966667,-0.141149093,3.47574032e-005
410,-0.141147935,3.47436836e-005
410.033333,-0.141146776,3.47303782e-005
410.066667,-0.141145619,3.471715e-005
410.1,-0.141144461,3.49037212e-005
410.133333,-0.141143298,3.49087407e-005
410.166667,-0.141142134,3.49020589e-005
410.2,-0.141140971,3.48871658e-005
410.233333,-0.141139808,3.48667308e-005
410.266667,-0.141138646,3.48531563e-005
410.3,-0.141137484,3.4839582e-005
410.333333,-0.141136323,3.48257383e-005
410.366667,-0.141135162,3.48059858e-005
410.4,-0.141134002,3.47917409e-005
410.433333,-0.141132842,3.48236852e-005
410.466667,-0.141131681,3.48868245e-005
410.5,-0.141130518,3.49807273e-005
410.533333,-0.141129352,3.4963477e-005
410.566667,-0.141128187,3.49486805e-005
410.6,-0.141127022,3.49343234e-005
410.633333,-0.141125857,3.49165416e-005
410.666667,-0.141124694,3.49010337e-005
410.7,-0.14112353,3.48868918e-005
410.733333,-0.141122367,3.48725424e-005
410.766667,-0.141121205,3.48554584e-005
410.8,-0.141120043,3.48496825e-005
410.833333,-0.141118881,3.49519927e-005
410.866667,-0.141117716,3.50473757e-005
410.9,-0.141116548,3.502846e-005
410.933333,-0.14111538,3.50094026e-005
410.966667,-0.141114213,3.49951411e-005
411,-0.141113047,3.49813075e-005
411.033333,-0.141111881,3.49660489e-005
411.066667,-0.141110715,3.49471589e-005
411.1,-0.14110955,3.4933032e-005
411.133333,-0.141108386,3.49192322e-005
411.166667,-0.141107222,3.49046506e-005
411.2,-0.141106059,3.50251796e-005
411.233333,-0.141104891,3.50734537e-005
411.266667,-0.141103722,3.5092062e-005
411.3,-0.141102552,3.50759857e-005
411.333333,-0.141101383,3.50552483e-005
411.366667,-0.141100214,3.50415089e-005
411.4,-0.141099046,3.50278524e-005
411.433333,-0.141097879,3.50142409e-005
411.466667,-0.141096712,3.49928412e-005
411.5,-0.141095545,3.49790842e-005
411.533333,-0.141094379,3.49834252e-005
411.566667,-0.141093213,3.50088548e-005
411.6,-0.141092046,3.51686073e-005
411.633333,-0.141090874,3.51519358e-005
411.666667,-0.141089702,3.51366285e-005
411.7,-0.141088531,3.51217671e-005
411.733333,-0.14108736,3.51024439e-005
411.766667,-0.14108619,3.5087719e-005
411.8,-0.141085021,3.50735605e-005
411.833333,-0.141083851,3.50589933e-005
411.866667,-0.141082683,3.50403818e-005
411.9,-0.141081515,3.50249862e-005
411.933333,-0.141080347,3.50977252e-005
411.966667,-0.141079177,3.51910681e-005
412,-0.141078004,3.52144029e-005
412.033333,-0.141076831,3.51958349e-005
412.066667,-0.141075657,3.51810721e-005
412.1,-0.141074485,3.51667456e-005
412.133333,-0.141073312,3.51500476e-005
412.166667,-0.141072141,3.51324177e-005
412.2,-0.14107097,3.51179735e-005
412.233333,-0.141069799,3.51036715e-005
412.266667,-0.141068629,3.50876741e-005
412.3,-0.141067459,3.51473342e-005
412.333333,-0.141066288,3.52275094e-005
412.366667,-0.141065114,3.52776271e-005
412.4,-0.141063938,3.52599807e-005
412.433333,-0.141062762,3.52396404e-005
412.466667,-0.141061588,3.52254102e-005
412.5,-0.141060413,3.5211582e-005
412.533333,-0.14105924,3.51973264e-005
412.566667,-0.141058066,3.51761589e-005
412.6,-0.141056894,3.51619731e-005
412.633333,-0.141055722,3.51482104e-005
412.666667,-0.14105455,3.51346875e-005
412.7,-0.141053379,3.53369577e-005
412.733333,-0.141052201,3.53316088e-005
412.766667,-0.141051023,3.53201128e-005
412.8,-0.141049846,3.53047439e-005
412.833333,-0.141048669,3.52838154e-005
412.866667,-0.141047493,3.52695724e-005
412.9,-0.141046318,3.52554457e-005
412.933333,-0.141045142,3.52410056e-005
412.966667,-0.141043968,3.52207915e-005
413,-0.141042794,3.52058574e-005
413.033333,-0.14104162,3.52440251e-005
413.066667,-0.141040445,3.53137017e-005
413.1,-0.141039268,3.53958204e-005
413.133333,-0.141038088,3.53778023e-005
413.166667,-0.141036909,3.53625345e-005
413.2,-0.14103573,3.53477106e-005
413.233333,-0.141034552,3.53295108e-005
413.266667,-0.141033374,3.53131151e-005
413.3,-0.141032197,3.5298446e-005
413.333333,-0.141031021,3.52836355e-005
413.366667,-0.141029845,3.52661604e-005
413.4,-0.141028669,3.52702361e-005
413.433333,-0.141027493,3.53707752e-005
413.466667,-0.141026314,3.54586973e-005
413.5,-0.141025132,3.54394155e-005
413.533333,-0.141023951,3.54195316e-005
413.566667,-0.14102277,3.54048067e-005
413.6,-0.14102159,3.53905135e-005
413.633333,-0.141020411,3.537491e-005
413.666667,-0.141019231,3.53550137e-005
413.7,-0.141018053,3.53404024e-005
413.733333,-0.141016875,3.53261482e-005
413.766667,-0.141015697,3.53112481e-005
413.8,-0.14101452,3.54455842e-005
413.833333,-0.141013339,3.54862854e-005
413.866667,-0.141012156,3.54991576e-005
413.9,-0.141010973,3.54827915e-005
413.933333,-0.14100979,3.54611697e-005
413.966667,-0.141008608,3.54469744e-005
414,-0.141007426,3.54327892e-005
414.033333,-0.141006245,3.5418572e-005
414.066667,-0.141005065,3.53966877e-005
414.1,-0.141003885,3.53822701e-005
414.133333,-0.141002705,3.53913828e-005
414.166667,-0.141001526,3.54252892e-005
414.2,-0.141000345,3.55726962e-005
414.233333,-0.140999159,3.55552875e-005
414.266667,-0.140997974,3.55395108e-005
414.3,-0.140996789,3.55241847e-005
414.333333,-0.140995605,3.55044198e-005
414.366667,-0.140994421,3.54889963e-005
414.4,-0.140993238,3.54742656e-005
414.433333,-0.140992056,3.54591247e-005
414.466667,-0.140990874,3.54401029e-005
414.5,-0.140989693,3.54239885e-005
414.533333,-0.140988512,3.5504821e-005
414.566667,-0.140987328,3.56022167e-005
414.6,-0.140986142,3.56143207e-005
414.633333,-0.140984955,3.55949556e-005
414.666667,-0.140983768,3.55797315e-005
414.7,-0.140982582,3.5564948e-005
414.733333,-0.140981397,3.5547882e-005
414.766667,-0.140980212,3.55293028e-005
414.8,-0.140979027,3.55143596e-005
414.833333,-0.140977843,3.5499606e-005
414.866667,-0.14097666,3.5483267e-005
414.9,-0.140975477,3.55549361e-005
414.933333,-0.140974292,3.56302001e-005
414.966667,-0.140973105,3.56736991e-005
415,-0.140971915,3.5655739e-005
415.033333,-0.140970727,3.56345449e-005
415.066667,-0.140969539,3.56198611e-005
415.1,-0.140968352,3.56055273e-005
415.133333,-0.140967165,3.55908396e-005
415.166667,-0.140965979,3.5568801e-005
415.2,-0.140964793,3.55541654e-005
415.233333,-0.140963608,3.55399557e-005
415.266667,-0.140962423,3.55261617e-005
415.3,-0.140961239,3.57445178e-005
415.333333,-0.140960047,3.5728109e-005
415.366667,-0.140958856,3.57119473e-005
415.4,-0.140957666,3.56961153e-005
415.433333,-0.140956476,3.5674723e-005
415.466667,-0.140955287,3.56598104e-005
415.5,-0.140954098,3.5645137e-005
415.533333,-0.14095291,3.56301132e-005
415.566667,-0.140951723,3.56094668e-005
415.6,-0.140950536,3.55938428e-005
415.633333,-0.140949349,3.5638575e-005
415.666667,-0.140948161,3.57144033e-005
415.7,-0.140946971,3.5784649e-005
415.733333,-0.140945778,3.57658644e-005
415.766667,-0.140944586,3.57501378e-005
415.8,-0.140943394,3.57348594e-005
415.833333,-0.140942203,3.57162689e-005
415.866667,-0.140941012,3.56989792e-005
415.9,-0.140939822,3.56837973e-005
415.933333,-0.140938633,3.56685377e-005
415.966667,-0.140937444,3.56506985e-005
416,-0.140936256,3.56650733e-005
416.033333,-0.140935067,3.57632389e-005
416.066667,-0.140933875,3.58436937e-005
416.1,-0.14093268,3.58240747e-005
416.133333,-0.140931486,3.58033673e-005
416.166667,-0.140930292,3.5788191e-005
416.2,-0.140929099,3.57734501e-005
416.233333,-0.140927907,3.57575268e-005
416.266667,-0.140926715,3.57366199e-005
416.3,-0.140925524,3.57215395e-005
416.333333,-0.140924333,3.57068426e-005
416.366667,-0.140923143,3.56916486e-005
416.4,-0.140921953,3.58401963e-005
416.433333,-0.140920758,3.58726544e-005
416.466667,-0.140919563,3.58798988e-005
416.5,-0.140918367,3.58632692e-005
416.533333,-0.140917171,3.58407676e-005
416.566667,-0.140915976,3.5826128e-005
416.6,-0.140914782,3.58114207e-005
416.633333,-0.140913589,3.579661e-005
416.666667,-0.140912395,3.57742716e-005
416.7,-0.140911203,3.57591924e-005
416.733333,-0.140910011,3.57734118e-005
416.766667,-0.140908818,3.58154805e-005
416.8,-0.140907625,3.59503883e-005
416.833333,-0.140906426,3.59322431e-005
416.866667,-0.140905229,3.591601e-005
416.9,-0.140904031,3.59002318e-005
416.933333,-0.140902835,3.5880054e-005
416.966667,-0.140901639,3.58639316e-005
417,-0.140900443,3.58486348e-005
417.033333,-0.140899248,3.58329342e-005
417.066667,-0.140898054,3.58135299e-005
417.1,-0.14089686,3.57966974e-005
417.133333,-0.140895667,3.58859584e-005
417.166667,-0.140894471,3.5986933e-005
417.2,-0.140893271,3.59878115e-005
417.233333,-0.140892071,3.59676519e-005
417.266667,-0.140890873,3.59519791e-005
417.3,-0.140889674,3.59367507e-005
417.333333,-0.140888476,3.5919343e-005
417.366667,-0.140887279,3.58998099e-005
417.4,-0.140886082,3.58843828e-005
417.433333,-0.140884886,3.58691896e-005
417.466667,-0.14088369,3.58525347e-005
417.5,-0.140882495,3.5936632e-005
417.533333,-0.140881297,3.60063415e-005
417.566667,-0.140880097,3.60432871e-005
417.6,-0.140878896,3.60250407e-005
417.633333,-0.140877695,3.60029971e-005
417.666667,-0.140876495,3.59878717e-005
417.7,-0.140875295,3.59730395e-005
417.733333,-0.140874096,3.59579447e-005
417.766667,-0.140872898,3.593504e-005
417.8,-0.1408717,3.59199667e-005
417.833333,-0.140870502,3.59093492e-005
417.866667,-0.140869305,3.59053284e-005
417.9,-0.140868109,3.61114711e-005
417.933333,-0.140866905,3.60940262e-005
417.966667,-0.140865702,3.6077284e-005
418,-0.140864499,3.60610026e-005
418.033333,-0.140863297,3.60391758e-005
418.066667,-0.140862096,3.60235927e-005
418.1,-0.140860895,3.60083788e-005
418.133333,-0.140859695,3.59927843e-005
418.166667,-0.140858495,3.59717342e-005
418.2,-0.140857296,3.59554202e-005
418.233333,-0.140856097,3.60070506e-005
418.266667,-0.140854897,3.60886169e-005
418.3,-0.140853694,3.6146935e-005
418.333333,-0.140852489,3.61273857e-005
418.366667,-0.140851285,3.61112129e-005
418.4,-0.140850081,3.60954921e-005
418.433333,-0.140848878,3.6076538e-005
418.466667,-0.140847676,3.60583488e-005
418.5,-0.140846474,3.60426687e-005
418.533333,-0.140845272,3.60269724e-005
418.566667,-0.140844071,3.60087953e-005
418.6,-0.140842871,3.60339006e-005
418.633333,-0.14084167,3.61290817e-005
418.666667,-0.140840466,3.62020876e-005
418.7,-0.140839259,3.61821599e-005
418.733333,-0.140838053,3.61606325e-005
418.766667,-0.140836848,3.61450172e-005
418.8,-0.140835643,3.61298404e-005
418.833333,-0.140834438,3.61136222e-005
418.866667,-0.140833235,3.60917014e-005
418.9,-0.140832032,3.60761676e-005
418.933333,-0.140830829,3.60610397e-005
418.966667,-0.140829627,3.60455761e-005
419,-0.140828425,3.62087168e-005
419.033333,-0.140827218,3.62322651e-005
419.066667,-0.140826011,3.62340097e-005
419.1,-0.140824803,3.62171425e-005
419.133333,-0.140823596,3.61937665e-005
419.166667,-0.140822389,3.61786946e-005
419.2,-0.140821183,3.61634718e-005
419.233333,-0.140819978,3.61480804e-005
419.266667,-0.140818773,3.61253181e-005
419.3,-0.140817569,3.61095772e-005
419.333333,-0.140816365,3.61292333e-005
419.366667,-0.140815161,3.61791175e-005
419.4,-0.140813955,3.63014085e-005
419.433333,-0.140812745,3.62825285e-005
419.466667,-0.140811535,3.62658521e-005
419.5,-0.140810326,3.62496346e-005
419.533333,-0.140809118,3.62290722e-005
419.566667,-0.14080791,3.62121971e-005
419.6,-0.140806703,3.61963591e-005
419.633333,-0.140805497,3.61801535e-005
419.666667,-0.140804291,3.61603932e-005
419.7,-0.140803086,3.61428437e-005
419.733333,-0.140801881,3.6240857e-005
419.766667,-0.140800673,3.63449151e-005
419.8,-0.140799461,3.63346052e-005
419.833333,-0.14079825,3.63136543e-005
419.866667,-0.14079704,3.62975455e-005
419.9,-0.14079583,3.62818844e-005
419.933333,-0.14079462,3.62641611e-005
419.966667,-0.140793412,3.62436702e-005
420,-0.140792203,3.62277749e-005
420.033333,-0.140790996,3.62121542e-005
420.066667,-0.140789789,3.61952088e-005
420.1,-0.140788582,3.62921335e-005
420.133333,-0.140787372,3.63556436e-005
420.166667,-0.140786161,3.63861227e-005
420.2,-0.140784948,3.63676172e-005
420.233333,-0.140783736,3.63447292e-005
420.266667,-0.140782524,3.63291744e-005
420.3,-0.140781313,3.6313851e-005
420.333333,-0.140780103,3.62983742e-005
420.366667,-0.140778893,3.62746096e-005
420.4,-0.140777683,3.62591105e-005
420.433333,-0.140776475,3.62525321e-005
420.466667,-0.140775266,3.62583327e-005
420.5,-0.140774058,3.64511769e-005
420.533333,-0.140772843,3.64330266e-005
420.566667,-0.140771628,3.64158442e-005
420.6,-0.140770414,3.63991266e-005
420.633333,-0.140769201,3.63768949e-005
420.666667,-0.140767989,3.63606416e-005
420.7,-0.140766777,3.6344894e-005
420.733333,-0.140765565,3.63287427e-005
420.766667,-0.140764354,3.6307318e-005
420.8,-0.140763144,3.62903149e-005
420.833333,-0.140761934,3.6349169e-005
420.866667,-0.140760723,3.64360339e-005
420.9,-0.140759508,3.64824037e-005
420.933333,-0.140758292,3.64620927e-005
420.966667,-0.140757077,3.64454868e-005
421,-0.140755862,3.64293363e-005
421.033333,-0.140754647,3.64100459e-005
421.066667,-0.140753434,3.63909529e-005
421.1,-0.140752221,3.63747901e-005
421.133333,-0.140751008,3.63586696e-005
421.166667,-0.140749796,3.63401813e-005
421.2,-0.140748585,3.63764312e-005
421.233333,-0.140747372,3.64680107e-005
421.266667,-0.140746157,3.65336105e-005
421.3,-0.140744939,3.65134024e-005
421.333333,-0.140743722,3.64910599e-005
421.366667,-0.140742505,3.64750181e-005
421.4,-0.14074129,3.64594175e-005
421.433333,-0.140740074,3.64429294e-005
421.466667,-0.14073886,3.64199928e-005
421.5,-0.140737646,3.64040215e-005
421.533333,-0.140736432,3.63884749e-005
421.566667,-0.140735219,3.63727659e-005
421.6,-0.140734007,3.6550857e-005
421.633333,-0.140732788,3.65648352e-005
421.666667,-0.14073157,3.65612267e-005
421.7,-0.140730351,3.6544008e-005
421.733333,-0.140729133,3.65200434e-005
421.766667,-0.140727915,3.65044116e-005
421.8,-0.140726699,3.64886806e-005
421.833333,-0.140725482,3.6472722e-005
421.866667,-0.140724267,3.64495661e-005
421.9,-0.140723052,3.6433164e-005
421.933333,-0.140721837,3.64585814e-005
421.966667,-0.140720622,3.65159036e-005
422,-0.140719405,3.66254965e-005
422.033333,-0.140718184,3.66058841e-005
422.066667,-0.140716964,3.65887779e-005
422.1,-0.140715744,3.65721341e-005
422.133333,-0.140714525,3.65512156e-005
422.166667,-0.140713306,3.65334894e-005
422.2,-0.140712089,3.65171553e-005
422.233333,-0.140710871,3.65005292e-005
422.266667,-0.140709655,3.64804378e-005
422.3,-0.140708439,3.64621732e-005
422.333333,-0.140707223,3.65692507e-005
422.366667,-0.140706004,3.66758778e-005
422.4,-0.140704782,3.66544471e-005
422.433333,-0.14070356,3.66327091e-005
422.466667,-0.140702339,3.66161772e-005
422.5,-0.140701118,3.6600096e-005
422.533333,-0.140699898,3.65820829e-005
422.566667,-0.140698679,3.65606315e-005
422.6,-0.14069746,3.65442839e-005
422.633333,-0.140696242,3.65282482e-005
422.666667,-0.140695025,3.65110375e-005
422.7,-0.140693808,3.66211672e-005
422.733333,-0.140692587,3.66778343e-005
422.766667,-0.140691364,3.67019548e-005
422.8,-0.140690141,3.6683217e-005
422.833333,-0.140688918,3.66594905e-005
422.866667,-0.140687696,3.66435189e-005
422.9,-0.140686475,3.66277117e-005
422.933333,-0.140685254,3.66118783e-005
422.966667,-0.140684033,3.65872605e-005
423,-0.140682814,3.65713482e-005
423.033333,-0.140681595,3.65691294e-005
423.066667,-0.140680376,3.65844419e-005
423.1,-0.140679156,3.67638419e-005
423.133333,-0.140677931,3.67449881e-005
423.166667,-0.140676706,3.67273792e-005
423.2,-0.140675482,3.67102388e-005
423.233333,-0.140674258,3.66876319e-005
423.266667,-0.140673035,3.66707094e-005
423.3,-0.140671813,3.66544351e-005
423.333333,-0.140670591,3.66377417e-005
423.366667,-0.14066937,3.66159711e-005
423.4,-0.140668149,3.65982807e-005
423.433333,-0.140666929,3.66646747e-005
423.466667,-0.140665707,3.67563746e-005
423.5,-0.140664482,3.67908087e-005
423.533333,-0.140663255,3.67697398e-005
423.566667,-0.14066203,3.67527141e-005
423.6,-0.140660805,3.67361469e-005
423.633333,-0.14065958,3.67165472e-005
423.666667,-0.140658356,3.66965473e-005
423.7,-0.140657133,3.66799176e-005
423.733333,-0.14065591,3.66633859e-005
423.766667,-0.140654688,3.66446127e-005
423.8,-0.140653467,3.66924025e-005
423.833333,-0.140652244,3.67797594e-005
423.866667,-0.140651018,3.68380191e-005
423.9,-0.14064979,3.68175589e-005
423.933333,-0.140648563,3.67944068e-005
423.966667,-0.140647336,3.67779514e-005
424,-0.14064611,3.67619397e-005
424.033333,-0.140644885,3.67452063e-005
424.066667,-0.14064366,3.67212531e-005
424.1,-0.140642436,3.67048609e-005
424.133333,-0.140641212,3.66889079e-005
424.166667,-0.140639989,3.66729776e-005
424.2,-0.140638767,3.68663508e-005
424.233333,-0.140637538,3.6870107e-005
424.266667,-0.140636309,3.68613099e-005
424.3,-0.14063508,3.68436712e-005
424.333333,-0.140633852,3.68193135e-005
424.366667,-0.140632625,3.68030401e-005
424.4,-0.140631398,3.67868083e-005
424.433333,-0.140630172,3.67702969e-005
424.466667,-0.140628946,3.67467774e-005
424.5,-0.140627721,3.67297154e-005
424.533333,-0.140626497,3.67612118e-005
424.566667,-0.140625272,3.68255655e-005
424.6,-0.140624044,3.69224143e-005
424.633333,-0.140622813,3.6902073e-005
424.666667,-0.140621583,3.68845506e-005
424.7,-0.140620354,3.68674939e-005
424.733333,-0.140619125,3.68462476e-005
424.766667,-0.140617897,3.68276666e-005
424.8,-0.140616669,3.6810852e-005
424.833333,-0.140615442,3.67938186e-005
424.866667,-0.140614216,3.67734236e-005
424.9,-0.14061299,3.67645826e-005
424.933333,-0.140611764,3.68704976e-005
424.966667,-0.140610535,3.69693564e-005
425,-0.140609303,3.69471111e-005
425.033333,-0.140608071,3.69245924e-005
425.066667,-0.140606841,3.69076504e-005
425.1,-0.14060561,3.68911616e-005
425.133333,-0.140604381,3.6872884e-005
425.166667,-0.140603152,3.68504704e-005
425.2,-0.140601923,3.68336864e-005
425.233333,-0.140600695,3.68172482e-005
425.266667,-0.140599468,3.67997969e-005
425.3,-0.140598242,3.6923486e-005
425.333333,-0.140597011,3.69726696e-005
425.366667,-0.140595778,3.69905593e-005
425.4,-0.140594545,3.69716157e-005
425.433333,-0.140593313,3.69470573e-005
425.466667,-0.140592081,3.69306812e-005
425.5,-0.14059085,3.69143979e-005
425.533333,-0.14058962,3.68981678e-005
425.566667,-0.14058839,3.68728351e-005
425.6,-0.140587161,3.68564565e-005
425.633333,-0.140585932,3.68589133e-005
425.666667,-0.140584704,3.68833945e-005
425.7,-0.140583474,3.7049242e-005
425.733333,-0.140582239,3.70296874e-005
425.766667,-0.140581005,3.70116659e-005
425.8,-0.140579771,3.69941161e-005
425.833333,-0.140578538,3.6971163e-005
425.866667,-0.140577306,3.6953573e-005
425.9,-0.140576074,3.69367796e-005
425.933333,-0.140574843,3.69195591e-005
425.966667,-0.140573612,3.6897471e-005
426,-0.140572382,3.68790957e-005
426.033333,-0.140571153,3.69533349e-005
426.066667,-0.140569921,3.70493842e-005
426.1,-0.140568686,3.70719274e-005
426.133333,-0.14056745,3.70501052e-005
426.166667,-0.140566215,3.70326731e-005
426.2,-0.140564981,3.70157023e-005
426.233333,-0.140563747,3.69958201e-005
426.266667,-0.140562514,3.6974911e-005
426.3,-0.140561281,3.69578307e-005
426.333333,-0.140560049,3.69409007e-005
426.366667,-0.140558818,3.69218687e-005
426.4,-0.140557587,3.69815737e-005
426.433333,-0.140556355,3.70640851e-005
426.466667,-0.140555119,3.71150933e-005
426.5,-0.140553882,3.70944086e-005
426.533333,-0.140552646,3.70704534e-005
426.566667,-0.14055141,3.70535974e-005
426.6,-0.140550175,3.70371683e-005
426.633333,-0.14054894,3.7020165e-005
426.666667,-0.140547706,3.6995265e-005
426.7,-0.140546473,3.69784706e-005
426.733333,-0.14054524,3.69621231e-005
426.766667,-0.140544008,3.69459951e-005
426.8,-0.140542777,3.71549552e-005
426.833333,-0.140541538,3.71478484e-005
426.866667,-0.1405403,3.71340438e-005
426.9,-0.140539062,3.71159989e-005
426.933333,-0.140537825,3.70912786e-005
426.966667,-0.140536589,3.70743648e-005
427,-0.140535353,3.705764e-005
427.033333,-0.140534118,3.70405905e-005
427.066667,-0.140532883,3.70167372e-005
427.1,-0.140531649,3.69990174e-005
427.133333,-0.140530416,3.70369022e-005
427.166667,-0.140529181,3.71078542e-005
427.2,-0.140527944,3.71919473e-005
427.233333,-0.140526704,3.71708811e-005
427.266667,-0.140525465,3.71529566e-005
427.3,-0.140524227,3.71355003e-005
427.333333,-0.140522989,3.7113954e-005
427.366667,-0.140521752,3.70945155e-005
427.4,-0.140520515,3.70772366e-005
427.433333,-0.14051928,3.70598094e-005
427.466667,-0.140518044,3.7039138e-005
427.5,-0.14051681,3.70406407e-005
427.533333,-0.140515575,3.71442583e-005
427.566667,-0.140514337,3.72348603e-005
427.6,-0.140513096,3.72123728e-005
427.633333,-0.140511855,3.71890794e-005
427.666667,-0.140510616,3.71717407e-005
427.7,-0.140509377,3.71548572e-005
427.733333,-0.140508138,3.71363407e-005
427.766667,-0.1405069,3.71129645e-005
427.8,-0.140505663,3.7095761e-005
427.833333,-0.140504427,3.70789331e-005
427.866667,-0.140503191,3.7061266e-005
427.9,-0.140501955,3.71988454e-005
427.933333,-0.140500715,3.72399108e-005
427.966667,-0.140499474,3.7251717e-005
428,-0.140498232,3.72325938e-005
428.033333,-0.140496991,3.72072113e-005
428.066667,-0.140495751,3.71904437e-005
428.1,-0.140494511,3.71736924e-005
428.133333,-0.140493272,3.71569131e-005
428.166667,-0.140492033,3.71312304e-005
428.2,-0.140490796,3.71142201e-005
428.233333,-0.140489559,3.71216634e-005
428.266667,-0.140488321,3.71549387e-005
428.3,-0.140487083,3.73071624e-005
428.333333,-0.140485839,3.72869106e-005
428.366667,-0.140484596,3.72684908e-005
428.4,-0.140483354,3.72505454e-005
428.433333,-0.140482112,3.72272753e-005
428.466667,-0.140480871,3.72090205e-005
428.5,-0.140479631,3.71917157e-005
428.533333,-0.140478391,3.7173984e-005
428.566667,-0.140477152,3.71516068e-005
428.6,-0.140475914,3.71325498e-005
428.633333,-0.140474676,3.72149278e-005
428.666667,-0.140473436,3.73148212e-005
428.7,-0.140472192,3.732555e-005
428.733333,-0.140470948,3.730298e-005
428.766667,-0.140469704,3.72851553e-005
428.8,-0.140468461,3.72677942e-005
428.833333,-0.140467219,3.72476561e-005
428.866667,-0.140465977,3.7225837e-005
428.9,-0.140464737,3.72083229e-005
428.933333,-0.140463496,3.71910079e-005
428.966667,-0.140462257,3.7171743e-005
429,-0.140461018,3.72437172e-005
429.033333,-0.140459776,3.7320761e-005
429.066667,-0.140458532,3.73646278e-005
429.1,-0.140457287,3.73437462e-005
429.133333,-0.140456042,3.73189954e-005
429.166667,-0.140454798,3.7301752e-005
429.2,-0.140453554,3.72848796e-005
429.233333,-0.140452312,3.72675384e-005
429.266667,-0.140451069,3.72418294e-005
429.3,-0.140449828,3.72246514e-005
429.333333,-0.140448587,3.7207921e-005
429.366667,-0.140447347,3.71916186e-005
429.4,-0.140446107,3.74164424e-005
429.433333,-0.14044486,3.73978445e-005
429.466667,-0.140443613,3.73792293e-005
429.5,-0.140442367,3.73607924e-005
429.533333,-0.140441122,3.73357396e-005
429.566667,-0.140439878,3.73181876e-005
429.6,-0.140438634,3.73009778e-005
429.633333,-0.14043739,3.72834057e-005
429.666667,-0.140436147,3.7259248e-005
429.7,-0.140434905,3.72408731e-005
429.733333,-0.140433664,3.72854465e-005
429.766667,-0.140432421,3.73625389e-005
429.8,-0.140431176,3.74338985e-005
429.833333,-0.140429928,3.74121125e-005
429.866667,-0.140428681,3.73937997e-005
429.9,-0.140427434,3.73759575e-005
429.933333,-0.140426189,3.73541391e-005
429.966667,-0.140424943,3.73338413e-005
430,-0.140423699,3.73161147e-005
430.033333,-0.140422455,3.72983071e-005
430.066667,-0.140421212,3.72773864e-005
430.1,-0.140419969,3.72896071e-005
430.133333,-0.140418726,3.73903236e-005
430.166667,-0.14041748,3.74727385e-005
430.2,-0.140416231,3.74500375e-005
430.233333,-0.140414983,3.74259763e-005
430.266667,-0.140413735,3.74082545e-005
430.3,-0.140412488,3.73909895e-005
430.333333,-0.140411242,3.73722594e-005
430.366667,-0.140409996,3.73479215e-005
430.4,-0.140408751,3.73303155e-005
430.433333,-0.140407507,3.73131111e-005
430.466667,-0.140406263,3.72952527e-005
430.5,-0.14040502,3.74470279e-005
430.533333,-0.140403772,3.74793485e-005
430.566667,-0.140402522,3.74852367e-005
430.6,-0.140401273,3.746596e-005
430.633333,-0.140400024,3.7439762e-005
430.666667,-0.140398776,3.74226161e-005
430.7,-0.140397528,3.74054052e-005
430.733333,-0.140396282,3.73880918e-005
430.766667,-0.140395035,3.73620899e-005
430.8,-0.14039379,3.73444504e-005
430.833333,-0.140392545,3.7357184e-005
430.866667,-0.1403913,3.73988493e-005
430.9,-0.140390053,3.75374142e-005
430.933333,-0.140388802,3.75164697e-005
430.966667,-0.140387551,3.7497666e-005
431,-0.140386301,3.74793391e-005
431.033333,-0.140385052,3.7455781e-005
431.066667,-0.140383804,3.74368647e-005
431.1,-0.140382556,3.74190569e-005
431.133333,-0.140381308,3.74008302e-005
431.166667,-0.140380062,3.73781922e-005
431.2,-0.140378816,3.73584576e-005
431.233333,-0.140377571,3.74492548e-005
431.266667,-0.140376322,3.75524692e-005
431.3,-0.14037507,3.75514907e-005
431.333333,-0.140373819,3.75281794e-005
431.366667,-0.140372568,3.75099762e-005
431.4,-0.140371317,3.74922384e-005
431.433333,-0.140370068,3.74718708e-005
431.466667,-0.140368819,3.74491419e-005
431.5,-0.14036757,3.74312111e-005
431.533333,-0.140366323,3.74135245e-005
431.566667,-0.140365076,3.73940524e-005
431.6,-0.140363829,3.74786271e-005
431.633333,-0.14036258,3.75495843e-005
431.666667,-0.140361328,3.75864404e-005
431.7,-0.140360075,3.75653892e-005
431.733333,-0.140358823,3.7539851e-005
431.766667,-0.140357572,3.75222338e-005
431.8,-0.140356321,3.75049269e-005
431.833333,-0.140355071,3.74872738e-005
431.866667,-0.140353821,3.74607651e-005
431.9,-0.140352573,3.74432168e-005
431.933333,-0.140351324,3.74301339e-005
431.966667,-0.140350077,3.74236713e-005
432,-0.140348829,3.76360361e-005
432.033333,-0.140347575,3.76159924e-005
432.066667,-0.140346321,3.75966964e-005
432.1,-0.140345068,3.75778826e-005
432.133333,-0.140343815,3.7552527e-005
432.166667,-0.140342563,3.75343394e-005
432.2,-0.140341312,3.75166527e-005
432.233333,-0.140340062,3.74985736e-005
432.266667,-0.140338812,3.74741405e-005
432.3,-0.140337563,3.74551138e-005
432.333333,-0.140336314,3.75066652e-005
432.366667,-0.140335064,3.75894172e-005
432.4,-0.140333811,3.76480982e-005
432.433333,-0.140332556,3.7625598e-005
432.466667,-0.140331302,3.7606911e-005
432.5,-0.140330048,3.75886966e-005
432.533333,-0.140328795,3.75666331e-005
432.566667,-0.140327543,3.75454753e-005
432.6,-0.140326292,3.75273178e-005
432.633333,-0.140325041,3.75091435e-005
432.666667,-0.14032379,3.74879998e-005
432.7,-0.140322541,3.75112927e-005
432.733333,-0.14032129,3.76085022e-005
432.766667,-0.140320037,3.76828226e-005
432.8,-0.140318781,3.76599362e-005
432.833333,-0.140317525,3.76351149e-005
432.866667,-0.140316271,3.76170236e-005
432.9,-0.140315017,3.75993905e-005
432.933333,-0.140313764,3.75804714e-005
432.966667,-0.140312511,3.75551739e-005
433,-0.140311259,3.75371827e-005
433.033333,-0.140310008,3.75196149e-005
433.066667,-0.140308757,3.75015893e-005
433.1,-0.140307507,3.7667839e-005
433.133333,-0.140306251,3.76907988e-005
433.166667,-0.140304995,3.76909517e-005
433.2,-0.140303739,3.7671547e-005
433.233333,-0.140302483,3.76445429e-005
433.266667,-0.140301228,3.76270319e-005
433.3,-0.140299974,3.76093701e-005
433.333333,-0.14029872,3.75915382e-005
433.366667,-0.140297467,3.75652475e-005
433.4,-0.140296215,3.75469819e-005
433.433333,-0.140294964,3.75653018e-005
433.466667,-0.140293711,3.76149255e-005
433.5,-0.140292458,3.77398315e-005
433.533333,-0.1402912,3.77181997e-005
433.566667,-0.140289942,3.76990266e-005
433.6,-0.140288686,3.76803324e-005
433.633333,-0.14028743,3.76565149e-005
433.666667,-0.140286174,3.76368905e-005
433.7,-0.14028492,3.76186056e-005
433.733333,-0.140283666,3.75999384e-005
433.766667,-0.140282413,3.75770658e-005
433.8,-0.14028116,3.75566585e-005
433.833333,-0.140279908,3.76561409e-005
433.866667,-0.140278653,3.77621377e-005
433.9,-0.140277394,3.77495886e-005
433.933333,-0.140276136,3.77255432e-005
433.966667,-0.140274878,3.77069754e-005
434,-0.140273621,3.76888746e-005
434.033333,-0.140272365,3.76683035e-005
434.066667,-0.14027111,3.76446661e-005
434.1,-0.140269855,3.76263359e-005
434.133333,-0.1402686,3.76082915e-005
434.166667,-0.140267347,3.75886373e-005
434.2,-0.140266094,3.76861201e-005
434.233333,-0.140264838,3.77503765e-005
434.266667,-0.140263579,3.77803725e-005
434.3,-0.14026232,3.77591783e-005
434.333333,-0.140261061,3.77328619e-005
434.366667,-0.140259804,3.77148844e-005
434.4,-0.140258546,3.7697152e-005
434.433333,-0.14025729,3.76792133e-005
434.466667,-0.140256034,3.76519149e-005
434.5,-0.140254779,3.76340098e-005
434.533333,-0.140253524,3.76251655e-005
434.566667,-0.14025227,3.76289307e-005
434.6,-0.140251016,3.78266415e-005
434.633333,-0.140249755,3.78059367e-005
434.666667,-0.140248495,3.77862764e-005
434.7,-0.140247235,3.77671003e-005
434.733333,-0.140245976,3.77414717e-005
434.766667,-0.140244718,3.77226521e-005
434.8,-0.140243461,3.77044974e-005
434.833333,-0.140242204,3.76859278e-005
434.866667,-0.140240948,3.76612482e-005
434.9,-0.140239693,3.76415742e-005
434.933333,-0.140238438,3.77003816e-005
434.966667,-0.140237181,3.77882922e-005
435,-0.140235922,3.7834382e-005
435.033333,-0.14023466,3.78111743e-005
435.066667,-0.1402334,3.77921276e-005
435.1,-0.14023214,3.77735551e-005
435.133333,-0.140230881,3.77512738e-005
435.166667,-0.140229623,3.77292564e-005
435.2,-0.140228365,3.77106854e-005
435.233333,-0.140227108,3.76921584e-005
435.266667,-0.140225852,3.76708182e-005
435.3,-0.140224596,3.77055165e-005
435.333333,-0.140223339,3.77986133e-005
435.366667,-0.140222079,3.7864954e-005
435.4,-0.140220817,3.78419104e-005
435.433333,-0.140219556,3.78163376e-005
435.466667,-0.140218295,3.77978908e-005
435.5,-0.140217035,3.77799031e-005
435.533333,-0.140215776,3.77608199e-005
435.566667,-0.140214517,3.77345662e-005
435.6,-0.140213259,3.77162074e-005
435.633333,-0.140212002,3.76982898e-005
435.666667,-0.140210746,3.7680121e-005
435.7,-0.14020949,3.78610964e-005
435.733333,-0.140208227,3.78740919e-005
435.766667,-0.140206965,3.78687084e-005
435.8,-0.140205703,3.78490508e-005
435.833333,-0.140204441,3.78215516e-005
435.866667,-0.14020318,3.78035387e-005
435.9,-0.14020192,3.77854351e-005
435.933333,-0.140200661,3.7767101e-005
435.966667,-0.140199402,3.77405519e-005
436,-0.140198144,3.77216641e-005
436.033333,-0.140196886,3.77458574e-005
436.066667,-0.140195628,3.78029824e-005
436.1,-0.140194368,3.79142644e-005
436.133333,-0.140193104,3.78919514e-005
436.166667,-0.140191841,3.78724238e-005
436.2,-0.140190579,3.78533767e-005
436.233333,-0.140189317,3.78293282e-005
436.266667,-0.140188056,3.78088922e-005
436.3,-0.140186796,3.77901802e-005
436.333333,-0.140185536,3.77711659e-005
436.366667,-0.140184277,3.77480835e-005
436.4,-0.140183019,3.77270087e-005
436.433333,-0.140181761,3.78354271e-005
436.466667,-0.1401805,3.79436541e-005
436.5,-0.140179235,3.79196999e-005
436.533333,-0.140177971,3.78949284e-005
436.566667,-0.140176708,3.78760103e-005
436.6,-0.140175446,3.78575604e-005
436.633333,-0.140174184,3.78368115e-005
436.666667,-0.140172922,3.78122679e-005
436.7,-0.140171662,3.7793556e-005
436.733333,-0.140170402,3.77751675e-005
436.766667,-0.140169143,3.77553562e-005
436.8,-0.140167885,3.78660294e-005
436.833333,-0.140166622,3.79229788e-005
436.866667,-0.140165358,3.79462836e-005
436.9,-0.140164093,3.79249729e-005
436.933333,-0.140162829,3.78978881e-005
436.966667,-0.140161566,3.78795643e-005
437,-0.140160303,3.78614155e-005
437.033333,-0.140159041,3.78432174e-005
437.066667,-0.14015778,3.78151401e-005
437.1,-0.140156519,3.77968919e-005
437.133333,-0.140155259,3.77925793e-005
437.166667,-0.140154,3.78061655e-005
437.2,-0.140152739,3.79892009e-005
437.233333,-0.140151473,3.79678405e-005
437.266667,-0.140150208,3.7947831e-005
437.3,-0.140148943,3.79283073e-005
437.333333,-0.140147678,3.79024353e-005
437.366667,-0.140146415,3.7882988e-005
437.4,-0.140145152,3.78643746e-005
437.433333,-0.14014389,3.78453316e-005
437.466667,-0.140142628,3.78204343e-005
437.5,-0.140141368,3.7800118e-005
437.533333,-0.140140108,3.78664467e-005
437.566667,-0.140138846,3.79589965e-005
437.6,-0.14013758,3.79926139e-005
437.633333,-0.140136314,3.79687064e-005
437.666667,-0.140135048,3.79493145e-005
437.7,-0.140133783,3.79303981e-005
437.733333,-0.140132519,3.79079259e-005
437.766667,-0.140131255,3.78850507e-005
437.8,-0.140129992,3.78660839e-005
437.833333,-0.14012873,3.78472184e-005
437.866667,-0.140127469,3.78257079e-005
437.9,-0.140126208,3.78721222e-005
437.933333,-0.140124945,3.79605034e-005
437.966667,-0.14012368,3.80190005e-005
438,-0.140122413,3.79958273e-005
438.033333,-0.140121146,3.79695126e-005
438.066667,-0.140119881,3.79507244e-005
438.1,-0.140118616,3.7932396e-005
438.133333,-0.140117351,3.79131731e-005
438.166667,-0.140116087,3.78859677e-005
438.2,-0.140114825,3.78672594e-005
438.233333,-0.140113562,3.78490057e-005
438.266667,-0.140112301,3.78307172e-005
438.3,-0.14011104,3.80266404e-005
438.333333,-0.140109772,3.80290836e-005
438.366667,-0.140108504,3.80183779e-005
438.4,-0.140107237,3.79983773e-005
438.433333,-0.140105971,3.7970624e-005
438.466667,-0.140104705,3.79520083e-005
438.5,-0.14010344,3.79334722e-005
438.533333,-0.140102175,3.79146527e-005
438.566667,-0.140100912,3.78878753e-005
438.6,-0.140099649,3.786837e-005
438.633333,-0.140098386,3.78987135e-005
438.666667,-0.140097123,3.79628594e-005
438.7,-0.140095858,3.80605858e-005
438.733333,-0.140094589,3.80375987e-005
438.766667,-0.140093321,3.80177317e-005
438.8,-0.140092054,3.79983463e-005
438.833333,-0.140090787,3.79740949e-005
438.866667,-0.140089521,3.79528482e-005
438.9,-0.140088256,3.79337269e-005
438.933333,-0.140086992,3.791438e-005
438.966667,-0.140085728,3.7891115e-005
439,-0.140084465,3.78793707e-005
439.033333,-0.140083202,3.79865924e-005
439.066667,-0.140081936,3.80868027e-005
439.1,-0.140080667,3.80617091e-005
439.133333,-0.140079398,3.80362216e-005
439.166667,-0.14007813,3.80169676e-005
439.2,-0.140076863,3.79981822e-005
439.233333,-0.140075596,3.79772807e-005
439.266667,-0.14007433,3.79518342e-005
439.3,-0.140073065,3.79327583e-005
439.333333,-0.140071801,3.79140393e-005
439.366667,-0.140070537,3.78940953e-005
439.4,-0.140069274,3.80182146e-005
439.433333,-0.140068006,3.80672602e-005
439.466667,-0.140066738,3.80840605e-005
439.5,-0.140065468,3.8062659e-005
439.533333,-0.140064199,3.80348165e-005
439.566667,-0.140062932,3.80161599e-005
439.6,-0.140061664,3.79976042e-005
439.633333,-0.140060398,3.79791091e-005
439.666667,-0.140059132,3.79503917e-005
439.7,-0.140057867,3.79317504e-005
439.733333,-0.140056602,3.79322546e-005
439.766667,-0.140055338,3.79552264e-005
439.8,-0.140054073,3.8123601e-005
439.833333,-0.140052802,3.81015914e-005
439.866667,-0.140051532,3.80812477e-005
439.9,-0.140050263,3.80613912e-005
439.933333,-0.140048994,3.80353049e-005
439.966667,-0.140047726,3.80152351e-005
440,-0.140046459,3.79961723e-005
440.033333,-0.140045192,3.79766735e-005
440.066667,-0.140043926,3.79515867e-005
440.1,-0.140042661,3.79306339e-005
440.133333,-0.140041397,3.80047351e-005
440.166667,-0.14004013,3.81013886e-005
440.2,-0.14003886,3.81226823e-005
440.233333,-0.140037589,3.80980833e-005
440.266667,-0.140036319,3.80783611e-005
440.3,-0.14003505,3.8059115e-005
440.333333,-0.140033782,3.80364785e-005
440.366667,-0.140032514,3.80127482e-005
440.4,-0.140031247,3.79934037e-005
440.433333,-0.14002998,3.79742138e-005
440.466667,-0.140028714,3.79525587e-005
440.5,-0.140027449,3.80109763e-005
440.533333,-0.140026182,3.80940433e-005
440.566667,-0.140024912,3.81448532e-005
440.6,-0.140023641,3.81215775e-005
440.633333,-0.14002237,3.80945312e-005
440.666667,-0.1400211,3.8075416e-005
440.7,-0.140019831,3.80567435e-005
440.733333,-0.140018563,3.80373601e-005
440.766667,-0.140017295,3.80092719e-005
440.8,-0.140016028,3.79902343e-005
440.833333,-0.140014761,3.79716576e-005
440.866667,-0.140013496,3.79532727e-005
440.9,-0.140012231,3.81643354e-005
440.933333,-0.140010958,3.81556554e-005
440.966667,-0.140009687,3.81398558e-005
441,-0.140008415,3.81195274e-005
441.033333,-0.140007145,3.80915504e-005
441.066667,-0.140005875,3.80723364e-005
441.1,-0.140004606,3.80533775e-005
441.133333,-0.140003337,3.80340899e-005
441.166667,-0.140002069,3.80071137e-005
441.2,-0.140000803,3.79869963e-005
441.233333,-0.139999536,3.80237554e-005
441.266667,-0.139998269,3.80944206e-005
441.3,-0.139996999,3.81786925e-005
441.333333,-0.139995726,3.81550392e-005
441.366667,-0.139994455,3.81348478e-005
441.4,-0.139993183,3.81151388e-005
441.433333,-0.139991913,3.80907123e-005
441.466667,-0.139990643,3.80686567e-005
441.5,-0.139989374,3.80491442e-005
441.533333,-0.139988106,3.80294792e-005
441.566667,-0.139986838,3.80060586e-005
441.6,-0.139985571,3.80049278e-005
441.633333,-0.139984305,3.81093764e-005
441.666667,-0.139983034,3.82007104e-005
441.7,-0.139981761,3.81755037e-005
441.733333,-0.139980488,3.81493101e-005
441.766667,-0.139979217,3.81297349e-005
441.8,-0.139977946,3.81106283e-005
441.833333,-0.139976675,3.80895991e-005
441.866667,-0.139975406,3.80632546e-005
441.9,-0.139974137,3.80438331e-005
441.933333,-0.139972869,3.80247976e-005
441.966667,-0.139971601,3.80047452e-005
442,-0.139970335,3.81425393e-005
442.033333,-0.139969063,3.8183097e-005
442.066667,-0.13996779,3.81935963e-005
442.1,-0.139966517,3.81721296e-005
442.133333,-0.139965245,3.8143541e-005
442.166667,-0.139963973,3.81245659e-005
442.2,-0.139962703,3.81056131e-005
442.233333,-0.139961432,3.80866371e-005
442.266667,-0.139960163,3.8057712e-005
442.3,-0.139958894,3.80384818e-005
442.333333,-0.139957626,3.80440794e-005
442.366667,-0.139956358,3.80759755e-005
442.4,-0.139955089,3.82297394e-005
442.433333,-0.139953815,3.82070877e-005
442.466667,-0.139952541,3.81864255e-005
442.5,-0.139951268,3.81662512e-005
442.533333,-0.139949996,3.81399795e-005
442.566667,-0.139948725,3.81192931e-005
442.6,-0.139947454,3.80997909e-005
442.633333,-0.139946184,3.80798543e-005
442.666667,-0.139944915,3.80546061e-005
442.7,-0.139943646,3.80330236e-005
442.733333,-0.139942378,3.81151335e-005
442.766667,-0.139941108,3.82153412e-005
442.8,-0.139939834,3.82244897e-005
442.833333,-0.13993856,3.81992084e-005
442.866667,-0.139937287,3.81791709e-005
442.9,-0.139936014,3.81596099e-005
442.933333,-0.139934742,3.81368352e-005
442.966667,-0.139933471,3.81122538e-005
443,-0.1399322,3.809255e-005
443.033333,-0.139930931,3.80730502e-005
443.066667,-0.139929662,3.80512759e-005
443.1,-0.139928393,3.81219592e-005
443.133333,-0.139927122,3.81991208e-005
443.166667,-0.139925849,3.8242419e-005
443.2,-0.139924574,3.82190677e-005
443.233333,-0.1399233,3.81913011e-005
443.266667,-0.139922027,3.81718733e-005
443.3,-0.139920755,3.81528294e-005
443.333333,-0.139919483,3.81332097e-005
443.366667,-0.139918212,3.81043922e-005
443.4,-0.139916942,3.80850454e-005
443.433333,-0.139915672,3.80661584e-005
443.466667,-0.139914404,3.80476998e-005
443.5,-0.139913135,3.82740626e-005
443.533333,-0.13991186,3.82537084e-005
443.566667,-0.139910584,3.82330559e-005
443.6,-0.13990931,3.82124151e-005
443.633333,-0.139908036,3.81842443e-005
443.666667,-0.139906763,3.81644374e-005
443.7,-0.139905491,3.81450657e-005
443.733333,-0.13990422,3.81253278e-005
443.766667,-0.139902949,3.80981819e-005
443.8,-0.139901679,3.80774585e-005
443.833333,-0.13990041,3.81208862e-005
443.866667,-0.139899139,3.81975499e-005
443.9,-0.139897866,3.82685003e-005
443.933333,-0.13989659,3.82441895e-005
443.966667,-0.139895315,3.82236888e-005
444,-0.139894041,3.82036711e-005
444.033333,-0.139892768,3.81790968e-005
444.066667,-0.139891495,3.81562354e-005
444.1,-0.139890223,3.813635e-005
444.133333,-0.139888952,3.81163817e-005
444.166667,-0.139887682,3.8092832e-005
444.2,-0.139886412,3.81026077e-005
444.233333,-0.139885142,3.8203691e-005
444.266667,-0.139883868,3.8286293e-005
444.3,-0.139882592,3.82610011e-005
444.333333,-0.139881317,3.82341123e-005
444.366667,-0.139880042,3.82142304e-005
444.4,-0.139878768,3.8194817e-005
444.433333,-0.139877495,3.8173685e-005
444.466667,-0.139876223,3.81464486e-005
444.5,-0.139874951,3.81266999e-005
444.533333,-0.13987368,3.81073624e-005
444.566667,-0.13987241,3.80872255e-005
444.6,-0.13987114,3.82388943e-005
444.633333,-0.139869866,3.82703946e-005
444.666667,-0.13986859,3.82748121e-005
444.7,-0.139867314,3.82533052e-005
444.733333,-0.139866039,3.82239832e-005
444.766667,-0.139864765,3.82047038e-005
444.8,-0.139863492,3.8185364e-005
444.833333,-0.139862219,3.81659249e-005
444.866667,-0.139860947,3.81368226e-005
444.9,-0.139859675,3.81170091e-005
444.933333,-0.139858405,3.81279668e-005
444.966667,-0.139857134,3.81683019e-005
445,-0.139855862,3.83075394e-005
445.033333,-0.139854585,3.82842539e-005
445.066667,-0.139853309,3.82632886e-005
445.1,-0.139852033,3.82428118e-005
445.133333,-0.139850758,3.82163834e-005
445.166667,-0.139849484,3.81950871e-005
445.2,-0.139848211,3.8175156e-005
445.233333,-0.139846939,3.81548002e-005
445.266667,-0.139845667,3.81294182e-005
445.3,-0.139844396,3.81072135e-005
445.333333,-0.139843126,3.81975521e-005
445.366667,-0.139841852,3.8300753e-005
445.4,-0.139840576,3.82979628e-005
445.433333,-0.139839299,3.82720095e-005
445.466667,-0.139838023,3.82516718e-005
445.5,-0.139836748,3.82318105e-005
445.533333,-0.139835474,3.82089236e-005
445.566667,-0.1398342,3.81834963e-005
445.6,-0.139832928,3.81634519e-005
445.633333,-0.139831655,3.81436568e-005
445.666667,-0.139830384,3.81217885e-005
445.7,-0.139829113,3.82049739e-005
445.733333,-0.13982784,3.82756483e-005
445.766667,-0.139826564,3.83116285e-005
445.8,-0.139825287,3.82882279e-005
445.833333,-0.139824011,3.82597532e-005
445.866667,-0.139822735,3.82400275e-005
445.9,-0.139821461,3.82206225e-005
445.933333,-0.139820187,3.82007931e-005
445.966667,-0.139818913,3.81712596e-005
446,-0.139817641,3.8151618e-005
446.033333,-0.139816369,3.81363448e-005
446.066667,-0.139815098,3.81275566e-005
446.1,-0.139813827,3.8341554e-005
446.133333,-0.139812549,3.83193502e-005
446.166667,-0.139811272,3.82979202e-005
446.2,-0.139809995,3.82769832e-005
446.233333,-0.139808719,3.8248648e-005
446.266667,-0.139807444,3.8228254e-005
446.3,-0.13980617,3.82084795e-005
446.333333,-0.139804896,3.81883094e-005
446.366667,-0.139803623,3.81610223e-005
446.4,-0.139802351,3.81396994e-005
446.433333,-0.13980108,3.81900348e-005
446.466667,-0.139799807,3.82721594e-005
446.5,-0.139798531,3.83299517e-005
446.533333,-0.139797254,3.83049926e-005
446.566667,-0.139795977,3.8284198e-005
446.6,-0.139794701,3.82638862e-005
446.633333,-0.139793425,3.82391909e-005
446.666667,-0.139792151,3.82155276e-005
446.7,-0.139790877,3.81952878e-005
446.733333,-0.139789603,3.81750309e-005
446.766667,-0.139788331,3.81513781e-005
446.8,-0.139787059,3.81723297e-005
446.833333,-0.139785787,3.82694597e-005
446.866667,-0.139784511,3.83434945e-005
446.9,-0.139783233,3.8318145e-005
446.933333,-0.139781956,3.82905722e-005
446.966667,-0.139780679,3.82703985e-005
447,-0.139779404,3.82506927e-005
447.033333,-0.139778129,3.8229482e-005
447.066667,-0.139776854,3.8201361e-005
447.1,-0.139775581,3.81813038e-005
447.133333,-0.139774308,3.81616784e-005
447.166667,-0.139773036,3.81414805e-005
447.2,-0.139771765,3.83071942e-005
447.233333,-0.139770488,3.83290845e-005
447.266667,-0.13976921,3.83276536e-005
447.3,-0.139767933,3.8306131e-005
447.333333,-0.139766656,3.8276089e-005
447.366667,-0.13976538,3.82565197e-005
447.4,-0.139764105,3.82368033e-005
447.433333,-0.13976283,3.82169192e-005
447.466667,-0.139761556,3.81876697e-005
447.5,-0.139760283,3.81672792e-005
447.533333,-0.139759011,3.81838526e-005
447.566667,-0.139757738,3.82321193e-005
447.6,-0.139756464,3.83569483e-005
447.633333,-0.139755185,3.83330378e-005
447.666667,-0.139753908,3.83117852e-005
447.7,-0.139752631,3.8291021e-005
447.733333,-0.139751354,3.8264464e-005
447.766667,-0.139750079,3.82425201e-005
447.8,-0.139748804,3.82221861e-005
447.833333,-0.13974753,3.82014635e-005
447.866667,-0.139746257,3.81759739e-005
447.9,-0.139744984,3.8153155e-005
447.933333,-0.139743712,3.8251925e-005
447.966667,-0.139742437,3.83575483e-005
448,-0.139741159,3.83430532e-005
448.033333,-0.139739881,3.83164389e-005
448.066667,-0.139738603,3.82958161e-005
448.1,-0.139737327,3.82756693e-005
448.133333,-0.139736051,3.82526957e-005
448.166667,-0.139734776,3.82264287e-005
448.2,-0.139733502,3.82060625e-005
448.233333,-0.139732228,3.81859869e-005
448.266667,-0.139730955,3.81640491e-005
448.3,-0.139729683,3.82599459e-005
448.333333,-0.139728408,3.83235629e-005
448.366667,-0.13972713,3.83524359e-005
448.4,-0.139725852,3.83290118e-005
448.433333,-0.139724574,3.82998419e-005
448.466667,-0.139723298,3.82798329e-005
448.5,-0.139722022,3.82600773e-005
448.533333,-0.139720746,3.8240065e-005
448.566667,-0.139719472,3.82098291e-005
448.6,-0.139718198,3.81899075e-005
448.633333,-0.139716925,3.81789813e-005
448.666667,-0.139715652,3.8180609e-005
448.7,-0.13971438,3.83789105e-005
448.733333,-0.1397131,3.83561041e-005
448.766667,-0.139711822,3.83343936e-005
448.8,-0.139710544,3.83131762e-005
448.833333,-0.139709267,3.82847059e-005
448.866667,-0.139707991,3.82637317e-005
448.9,-0.139706715,3.82435652e-005
448.933333,-0.13970544,3.82229815e-005
448.966667,-0.139704166,3.81955817e-005
449,-0.139702893,3.81736671e-005
449.033333,-0.139701621,3.82311346e-005
449.066667,-0.139700346,3.83181683e-005
449.1,-0.139699069,3.83629961e-005
449.133333,-0.13969779,3.83373991e-005
449.166667,-0.139696512,3.8316326e-005
449.2,-0.139695235,3.82957353e-005
449.233333,-0.139693959,3.82709456e-005
449.266667,-0.139692683,3.82464856e-005
449.3,-0.139691408,3.82259105e-005
449.333333,-0.139690134,3.820538e-005
449.366667,-0.13968886,3.81816499e-005
449.4,-0.139687588,3.82140226e-005
449.433333,-0.139686314,3.83066181e-005
449.466667,-0.139685037,3.83722704e-005
449.5,-0.139683758,3.83468901e-005
449.533333,-0.13968248,3.83186458e-005
449.566667,-0.139681202,3.82981954e-005
449.6,-0.139679926,3.82782119e-005
449.633333,-0.13967865,3.82569465e-005
449.666667,-0.139677375,3.82279495e-005
449.7,-0.1396761,3.82076027e-005
449.733333,-0.139674827,3.8187704e-005
449.766667,-0.139673554,3.81674682e-005
449.8,-0.139672282,3.83473665e-005
449.833333,-0.139671003,3.83591132e-005
449.866667,-0.139669725,3.83520811e-005
449.9,-0.139668446,3.8330412e-005
449.933333,-0.139667169,3.82999743e-005
449.966667,-0.139665892,3.82799746e-005
450,-0.139664616,3.82598925e-005
450.033333,-0.139663341,3.82395819e-005
450.066667,-0.139662066,3.8210215e-005
450.1,-0.139660792,3.81892548e-005
450.133333,-0.139659519,3.82116872e-005
450.166667,-0.139658246,3.82673586e-005
450.2,-0.13965697,3.83779294e-005
450.233333,-0.139655691,3.83534037e-005
450.266667,-0.139654412,3.83318796e-005
450.3,-0.139653135,3.83108436e-005
450.333333,-0.139651858,3.82841859e-005
450.366667,-0.139650581,3.82614874e-005
450.4,-0.139649306,3.82408047e-005
450.433333,-0.139648031,3.82198159e-005
450.466667,-0.139646757,3.81942423e-005
450.5,-0.139645484,3.81708182e-005
450.533333,-0.139644212,3.82782036e-005
450.566667,-0.139642936,3.83856715e-005
450.6,-0.139641656,3.83597315e-005
450.633333,-0.139640378,3.83324677e-005
450.666667,-0.1396391,3.83115751e-005
450.7,-0.139637823,3.82911577e-005
450.733333,-0.139636547,3.82681223e-005
450.766667,-0.139635271,3.82410231e-005
450.8,-0.139633996,3.82203541e-005
450.833333,-0.139632722,3.82000127e-005
450.866667,-0.139631449,3.81780296e-005
450.9,-0.139630176,3.82868188e-005
450.933333,-0.1396289,3.83428223e-005
450.966667,-0.139627622,3.81416491e-005
451,-0.139626351,3.92215357e-005
451.033333,-0.139625043,4.0352829e-005
451.066667,-0.139623698,4.14797425e-005
451.1,-0.139622315,4.26026819e-005
451.133333,-0.139620895,4.42154627e-005
451.166667,-0.139619421,4.53815514e-005
451.2,-0.139617909,4.65044757e-005
451.233333,-0.139616359,4.76273967e-005
451.266667,-0.139614771,4.91832343e-005
451.3,-0.139613132,5.0406219e-005
451.333333,-0.139611451,5.15863168e-005
451.366667,-0.139609732,5.28007183e-005
451.4,-0.139607972,5.44087954e-005
451.433333,-0.139606158,5.56886688e-005
451.466667,-0.139604302,5.68115481e-005
451.5,-0.139602408,5.79344233e-005
451.533333,-0.139600477,5.93763687e-005
451.566667,-0.139598498,6.07131289e-005
451.6,-0.139596474,6.18359838e-005
451.633333,-0.139594413,6.29588343e-005
451.666667,-0.139592314,6.4343835e-005
451.7,-0.139590169,6.57616011e-005
451.733333,-0.139587977,6.70081057e-005
451.766667,-0.139585744,6.82409911e-005
451.8,-0.139583469,6.95690432e-005
451.833333,-0.13958115,7.10195577e-005
451.866667,-0.139578783,7.21423541e-005
451.9,-0.139576378,7.32651453e-005
451.933333,-0.139573936,7.45362533e-005
451.966667,-0.139571451,7.60436387e-005
452,-0.139568917,7.71664043e-005
452.033333,-0.139566344,7.82891644e-005
452.066667,-0.139563735,7.95033291e-005
452.1,-0.139561085,8.12356796e-005
452.133333,-0.139558377,8.24180158e-005
452.166667,-0.139555629,8.35708758e-005
452.2,-0.139552844,8.47280939e-005
452.233333,-0.139550019,8.63491974e-005
452.266667,-0.139547141,8.7471891e-005
452.3,-0.139544225,8.85945783e-005
452.333333,-0.139541272,8.97172594e-005
452.366667,-0.139538282,9.13504073e-005
452.4,-0.139535237,9.24954676e-005
452.433333,-0.139532154,9.36437572e-005
452.466667,-0.139529032,9.48191271e-005
452.5,-0.139525871,9.65747675e-005
452.533333,-0.139522652,9.77766847e-005
452.566667,-0.139519393,9.88992901e-005
452.6,-0.139516096,0.000100021888
452.633333,-0.139512762,0.000101541117
452.666667,-0.139509378,0.000102799889
452.7,-0.139505951,0.000103922453
452.733333,-0.139502487,0.000105045009
452.766667,-0.139498985,0.000106507283
452.8,-0.139495435,0.000107822904
452.833333,-0.139491841,0.000109048781
452.866667,-0.139488206,0.000110292421
452.9,-0.13948453,0.000111731039
452.933333,-0.139480805,0.000113103496
452.966667,-0.139477035,0.000114225964
453,-0.139473228,0.000115348424
453.033333,-0.139469383,0.000116696788
453.066667,-0.139465493,0.000118126079
453.1,-0.139461555,0.000119248499
453.133333,-0.13945758,0.000120370911
453.166667,-0.139453568,0.000121662326
453.2,-0.139449513,0.000123247205
453.233333,-0.139445404,0.000124465918
453.266667,-0.139441255,0.000125650926
453.3,-0.139437067,0.000126885389
453.333333,-0.139432838,0.000128428318
453.366667,-0.139428557,0.000129550629
453.4,-0.139424238,0.000130672931
453.433333,-0.139419883,0.000131850451
453.466667,-0.139415488,0.000133450192
453.5,-0.139411039,0.000134572448
453.533333,-0.139406553,0.000135695163
453.566667,-0.13940203,0.000136818637
453.6,-0.13939747,0.000138727884
453.633333,-0.139392845,0.000139851733
453.666667,-0.139388184,0.000140973916
453.7,-0.139383485,0.000142096089
453.733333,-0.139378748,0.000143692348
453.766667,-0.139373958,0.000144873015
453.8,-0.139369129,0.000145995139
453.833333,-0.139364263,0.000147117252
453.866667,-0.139359359,0.000148656552
453.9,-0.139354403,0.00014989403
453.933333,-0.139349407,0.000151080255
453.966667,-0.139344371,0.000152299909
454,-0.139339294,0.000153878162
454.033333,-0.139334165,0.000155172434
454.066667,-0.139328993,0.000156294425
454.1,-0.139323783,0.000157416405
454.133333,-0.139318536,0.000158841788
454.166667,-0.139313241,0.000160192853
454.2,-0.139307901,0.000161314778
454.233333,-0.139302524,0.000162436692
454.266667,-0.139297109,0.000163805127
454.3,-0.139291649,0.000165248803
454.333333,-0.139286141,0.000166490975
454.366667,-0.139280591,0.000167714312
454.4,-0.139275001,0.000169025793
454.433333,-0.139269367,0.000170490406
454.466667,-0.139263684,0.000171612186
454.5,-0.139257963,0.000172733953
454.533333,-0.139252205,0.000173988495
454.566667,-0.139246406,0.000175509873
454.6,-0.139240555,0.000176631581
454.633333,-0.139234668,0.000177753276
454.666667,-0.139228743,0.000178950884
454.7,-0.139222778,0.000180711448
454.733333,-0.139216754,0.000181883819
454.766667,-0.139210691,0.000183029845
454.8,-0.13920459,0.000184170515
454.833333,-0.139198451,0.000185805379
454.866667,-0.139192258,0.000186926927
454.9,-0.139186027,0.000188048462
454.933333,-0.139179758,0.000189169983
454.966667,-0.139173453,0.000190786032
455,-0.139167093,0.000191945276
455.033333,-0.139160695,0.00019309809
455.066667,-0.139154258,0.000194280896
455.1,-0.139147782,0.000196004802
455.133333,-0.139141249,0.000197220792
455.166667,-0.139134675,0.000198342158
455.2,-0.139128063,0.000199463509
455.233333,-0.139121415,0.000200965643
455.266667,-0.139114716,0.00020223838
455.3,-0.139107975,0.000203359663
455.333333,-0.139101196,0.000204480931
455.366667,-0.13909438,0.000205926122
455.4,-0.139087516,0.000207255595
455.433333,-0.139080607,0.000208488546
455.466667,-0.139073657,0.000209733853
455.5,-0.139066666,0.000211143697
455.533333,-0.139059628,0.000212529882
455.566667,-0.139052544,0.000213650982
455.6,-0.139045422,0.000214772066
455.633333,-0.139038263,0.000216103378
455.666667,-0.13903106,0.000217546276
455.7,-0.139023808,0.000218667286
455.733333,-0.139016519,0.000219788281
455.766667,-0.139009193,0.00022106267
455.8,-0.139001824,0.000222674127
455.833333,-0.138994402,0.000223884987
455.866667,-0.138986939,0.000225061499
455.9,-0.138979437,0.000226278959
455.933333,-0.138971894,0.000227835233
455.966667,-0.1389643,0.000228956047
456,-0.138956668,0.000230076844
456.033333,-0.138948999,0.000231237395
456.066667,-0.138941291,0.000232850346
456.1,-0.138933529,0.000233971064
456.133333,-0.13892573,0.000235096713
456.166667,-0.138917893,0.000236229844
456.2,-0.138910019,0.00023810535
456.233333,-0.138902082,0.000239242993
456.266667,-0.138894107,0.000240363585
456.3,-0.138886095,0.000241484159
456.333333,-0.138878046,0.000243062746
456.366667,-0.138869944,0.000244257085
456.4,-0.138861802,0.000245377576
456.433333,-0.138853623,0.000246498049
456.466667,-0.138845406,0.000248019705
456.5,-0.138837139,0.000249270726
456.533333,-0.13882883,0.000250462432
456.566667,-0.138820481,0.000251685919
456.6,-0.138812091,0.000253233494
456.633333,-0.13880365,0.00025454117
456.666667,-0.138795166,0.000255661442
456.7,-0.138786644,0.000256781695
456.733333,-0.138778084,0.000258189494
456.766667,-0.138769478,0.000259553826
456.8,-0.138760826,0.000260673991
456.833333,-0.138752137,0.000261794136
456.866667,-0.13874341,0.000263145028
456.9,-0.138734639,0.000264613727
456.933333,-0.138725818,0.000265850152
456.966667,-0.138716957,0.000267063305
457,-0.138708055,0.000268357282
457.033333,-0.138699109,0.00026983487
457.066667,-0.138690115,0.000270954801
457.1,-0.138681083,0.000272074713
457.133333,-0.138672014,0.000273311799
457.166667,-0.138662904,0.000274846002
457.2,-0.138653742,0.00027596582
457.233333,-0.138644543,0.000277085619
457.266667,-0.138635307,0.000278265824
457.3,-0.138626031,0.000280053466
457.333333,-0.138616696,0.000281214526
457.366667,-0.138607323,0.000282353133
457.4,-0.138597911,0.000283476453
457.433333,-0.138588462,0.000285123823
457.466667,-0.138578957,0.000286243394
457.5,-0.138569416,0.000287362945
457.533333,-0.138559837,0.000288482475
457.566667,-0.138550221,0.000290080271
457.6,-0.138540552,0.000291252796
457.633333,-0.138530843,0.000292409513
457.666667,-0.138521096,0.000293598352
457.7,-0.13851131,0.000295289582
457.733333,-0.138501467,0.0002965187
457.766667,-0.138491583,0.000297637994
457.8,-0.138481662,0.000298757267
457.833333,-0.138471703,0.00030024124
457.866667,-0.138461695,0.000301526952
457.9,-0.138451644,0.000302646122
457.933333,-0.138441556,0.000303765271
457.966667,-0.13843143,0.000305192356
458,-0.138421257,0.000306534648
458.033333,-0.138411039,0.000307773981
458.066667,-0.13840078,0.000309019522
458.1,-0.13839048,0.000310399882
458.133333,-0.138380133,0.000311798719
458.166667,-0.13836974,0.000312917619
458.2,-0.138359309,0.000314036497
458.233333,-0.138348841,0.000315349821
458.266667,-0.13833833,0.000316805206
458.3,-0.138327769,0.000317923975
458.333333,-0.138317172,0.000319042722
458.366667,-0.138306537,0.000320299191
458.4,-0.138295861,0.000321936187
458.433333,-0.138285129,0.000323137817
458.466667,-0.138274358,0.000324305235
458.5,-0.138263548,0.000325504842
458.533333,-0.138252698,0.000327073253
458.566667,-0.138241795,0.000328191739
458.6,-0.138230856,0.000329310202
458.633333,-0.138219879,0.000330452976
458.666667,-0.138208863,0.000332077887
458.7,-0.138197794,0.000333196237
458.733333,-0.138186688,0.00033432422
458.766667,-0.138175544,0.000335465629
458.8,-0.138164361,0.000337306362
458.833333,-0.138153118,0.000338456903
458.866667,-0.138141836,0.000339575072
458.9,-0.138130517,0.000340693217
458.933333,-0.13811916,0.000342253018
458.966667,-0.138107752,0.000343460087
459,-0.138096303,0.000344578114
459.033333,-0.138084817,0.000345696117
459.066667,-0.138073294,0.000347199058
459.1,-0.138061721,0.000348462637
459.133333,-0.138050105,0.000349659163
459.166667,-0.13803845,0.000350885056
459.2,-0.138026754,0.000352401162
459.233333,-0.138015007,0.000353721215
459.266667,-0.138003216,0.000354838936
459.3,-0.137991388,0.000355956631
459.333333,-0.137979523,0.000357345863
459.366667,-0.137967612,0.000358722392
459.4,-0.137955654,0.000359839965
459.433333,-0.13794366,0.000360957512
459.466667,-0.137931628,0.00036228992
459.5,-0.137919551,0.000363782695
459.533333,-0.137907425,0.000365011973
459.566667,-0.137895258,0.000366214325
459.6,-0.137883051,0.0003674899
459.633333,-0.137870801,0.000368979305
459.666667,-0.137858502,0.000370096558
459.7,-0.137846166,0.000371213784
459.733333,-0.137833792,0.00037243256
459.766667,-0.137821377,0.000373978388
459.8,-0.137808911,0.000375095486
459.833333,-0.137796408,0.000376212558
459.866667,-0.137783868,0.00037737455
459.9,-0.137771289,0.000379188069
459.933333,-0.137758649,0.000380336496
459.966667,-0.137745971,0.000381467114
460,-0.137733256,0.000382583982
460.033333,-0.137720503,0.000384219237
460.066667,-0.137707695,0.000385347669
460.1,-0.137694851,0.000386464406
460.133333,-0.137681968,0.000387581115
460.166667,-0.137669049,0.00038915954
460.2,-0.137656077,0.00039034441
460.233333,-0.137643066,0.000391504397
460.266667,-0.137630015,0.000392697852
460.3,-0.137616926,0.000394355532
460.333333,-0.13760378,0.000395596798
460.366667,-0.137590594,0.000396713191
460.4,-0.13757737,0.000397829556
460.433333,-0.137564109,0.000399294337
460.466667,-0.137550799,0.000400592002
460.5,-0.137537446,0.00040170823
460.533333,-0.137524056,0.000402824429
460.566667,-0.137510628,0.000404232421
460.6,-0.137497154,0.000405587436
460.633333,-0.137483634,0.000406831471
460.666667,-0.137470073,0.000408074846
460.7,-0.137456471,0.000409426039
460.733333,-0.137442823,0.00041083642
460.766667,-0.137429129,0.000411952291
460.8,-0.137415397,0.000413068132
460.833333,-0.137401628,0.000414362567
460.866667,-0.137387816,0.000415829288
460.9,-0.137373955,0.000416944988
460.933333,-0.137360057,0.000418060657
460.966667,-0.137346121,0.000419298348
461,-0.137332145,0.000420959781
461.033333,-0.137318113,0.000422150823
461.066667,-0.137304041,0.000423308562
461.1,-0.137289931,0.000424489501
461.133333,-0.137275781,0.000426068814
461.166667,-0.137261579,0.000427184143
461.2,-0.137247339,0.000428299442
461.233333,-0.137233063,0.000429423668
461.266667,-0.137218749,0.00043105926
461.3,-0.13720438,0.000432174411
461.333333,-0.137189974,0.000433304118
461.366667,-0.137175531,0.000434452406
461.4,-0.137161049,0.000436257406
461.433333,-0.137146507,0.000437419914
461.466667,-0.137131926,0.000438534832
461.5,-0.137117309,0.000439649719
461.533333,-0.137102654,0.000441189657
461.566667,-0.137087947,0.000442408482
461.6,-0.1370732,0.000443523217
461.633333,-0.137058416,0.000444637921
461.666667,-0.137043595,0.000446121112
461.7,-0.137028724,0.000447396233
461.733333,-0.137013811,0.000448596902
461.766667,-0.136998858,0.000449823766
461.8,-0.136983864,0.000451307676
461.833333,-0.13696882,0.000452639046
461.866667,-0.136953732,0.000453753388
461.9,-0.136938607,0.000454867697
461.933333,-0.136923445,0.000456237414
461.966667,-0.136908237,0.000457625038
462,-0.136892983,0.00045873919
462.033333,-0.136877691,0.00045985331
462.066667,-0.136862363,0.00046116633
462.1,-0.136846991,0.000462682174
462.133333,-0.136831568,0.000463902919
462.166667,-0.136816105,0.000465093869
462.2,-0.136800601,0.000466350181
462.233333,-0.136785056,0.000467850216
462.266667,-0.136769461,0.000468963961
462.3,-0.136753829,0.000470077674
462.333333,-0.13673816,0.000471277322
462.366667,-0.136722451,0.000472833544
462.4,-0.13670669,0.000473947094
462.433333,-0.136690891,0.000475060611
462.466667,-0.136675056,0.000476203614
462.5,-0.136659183,0.000478041744
462.533333,-0.136643248,0.000479176245
462.566667,-0.136627275,0.000480298312
462.6,-0.136611265,0.000481411573
462.633333,-0.136595218,0.000483026247
462.666667,-0.136579118,0.000484166286
462.7,-0.136562979,0.000485279381
462.733333,-0.136546803,0.000486392441
462.766667,-0.13653059,0.000487950415
462.8,-0.136514325,0.000489146662
462.833333,-0.13649802,0.00049030927
462.866667,-0.136481676,0.000491505915
462.9,-0.136465293,0.000493129237
462.933333,-0.136448855,0.000494381641
462.966667,-0.136432375,0.000495494305
463,-0.136415859,0.000496606934
463.033333,-0.136399305,0.000498051528
463.066667,-0.136382704,0.000499360093
463.1,-0.136366058,0.000500472551
463.133333,-0.136349376,0.000501584974
463.166667,-0.136332656,0.000502972922
463.2,-0.136315891,0.000504349707
463.233333,-0.136299079,0.00050558728
463.266667,-0.136282226,0.000506817493
463.3,-0.136265332,0.000508148782
463.333333,-0.136248394,0.000509569568
463.366667,-0.136231408,0.000510681582
463.4,-0.136214386,0.00051179356
463.433333,-0.136197326,0.000513068241
463.466667,-0.136180224,0.000514545117
463.5,-0.136163072,0.000515656919
463.533333,-0.136145883,0.000516768684
463.566667,-0.136128658,0.000517986775
463.6,-0.136111392,0.000519671479
463.633333,-0.136094069,0.0005208506
463.666667,-0.136076708,0.000521998091
463.7,-0.136059308,0.000523159585
463.733333,-0.136041869,0.000524748531
463.766667,-0.136024377,0.000525859876
463.8,-0.136006849,0.000526971183
463.833333,-0.135989283,0.000528082453
463.866667,-0.13597168,0.000529714764
463.9,-0.135954023,0.000530832215
463.933333,-0.135936329,0.000531963024
463.966667,-0.135918597,0.000533116777
464,-0.135900826,0.000534885153
464.033333,-0.135882996,0.000536058666
464.066667,-0.135865128,0.000537169506
464.1,-0.135847222,0.000538280308
464.133333,-0.13582928,0.000539799343
464.166667,-0.135811286,0.000541028919
464.2,-0.135793252,0.000542139536
464.233333,-0.135775181,0.000543250114
464.266667,-0.135757072,0.000544712559
464.3,-0.135738915,0.000545998175
464.333333,-0.135720715,0.000547202293
464.366667,-0.135702475,0.000548428691
464.4,-0.135684194,0.000549879739
464.433333,-0.135665865,0.000551221336
464.466667,-0.135647491,0.000552331473
464.5,-0.13562908,0.000553441569
464.533333,-0.135610632,0.000554790861
464.566667,-0.135592139,0.000556188446
464.6,-0.135573599,0.000557298352
464.633333,-0.135555022,0.000558408219
464.666667,-0.135536409,0.000559700983
464.7,-0.135517752,0.000561238829
464.733333,-0.135499044,0.000562449671
464.766667,-0.135480296,0.000563628639
464.8,-0.135461508,0.000564864864
464.833333,-0.135442679,0.00056637431
464.866667,-0.1354238,0.000567483722
464.9,-0.135404884,0.000568593095
464.933333,-0.135385931,0.000569772835
464.966667,-0.135366939,0.000571338189
465,-0.135347894,0.000572447366
465.033333,-0.135328812,0.000573556502
465.066667,-0.135309694,0.000574679778
465.1,-0.135290538,0.000576541186
465.133333,-0.13527132,0.000577660498
465.166667,-0.135252065,0.000578773465
465.2,-0.135232772,0.000579882292
465.233333,-0.135213443,0.0005814753
465.266667,-0.13519406,0.00058262599
465.3,-0.135174639,0.000583734618
465.333333,-0.135155181,0.000584843204
465.366667,-0.135135687,0.000586379685
465.4,-0.135116141,0.00058758631
465.433333,-0.135096554,0.000588750877
465.466667,-0.135076929,0.000589949276
465.5,-0.135057264,0.000591537498
465.533333,-0.135037547,0.000592799998
465.566667,-0.135017787,0.000593908109
465.6,-0.13499799,0.000595016177
465.633333,-0.134978156,0.000596439628
465.666667,-0.134958274,0.000597758009
465.7,-0.134938349,0.000598865873
465.733333,-0.134918387,0.000599973694
465.766667,-0.134898388,0.000601340684
465.8,-0.134878343,0.000602738266
465.833333,-0.134858252,0.000603967982
465.866667,-0.13483812,0.000605184436
465.9,-0.134817947,0.000606494951
465.933333,-0.13479773,0.000607924971
465.966667,-0.134777466,0.000609032305
466,-0.134757165,0.000610139596
466.033333,-0.134736827,0.000611393696
466.066667,-0.134716447,0.000612879513
466.1,-0.134696018,0.000613986593
466.133333,-0.134675552,0.00061509363
466.166667,-0.134655049,0.000616291338
466.2,-0.134634506,0.000617998083
466.233333,-0.134613906,0.000619163975
466.266667,-0.134593267,0.000620300662
466.3,-0.13457259,0.00062144197
466.333333,-0.134551875,0.000623039251
466.366667,-0.134531107,0.000624145788
466.4,-0.134510303,0.000625252281
466.433333,-0.134489461,0.000626358728
466.466667,-0.134468582,0.000627968752
466.5,-0.13444765,0.000629096514
466.533333,-0.13442668,0.000630227791
466.566667,-0.134405672,0.000631385582
466.6,-0.134384626,0.000633116512
466.633333,-0.134363522,0.000634300038
466.666667,-0.134342379,0.000635405977
466.7,-0.134321199,0.00063651187
466.733333,-0.134299982,0.000638008999
466.766667,-0.134278715,0.000639248292
466.8,-0.134257407,0.000640353967
466.833333,-0.134236061,0.000641459596
466.866667,-0.134214679,0.000642900336
466.9,-0.134193249,0.000644195368
466.933333,-0.134171776,0.000645402224
466.966667,-0.134150263,0.000646626718
467,-0.134128709,0.000648044302
467.033333,-0.134107107,0.000649395006
467.066667,-0.134085461,0.000650500114
467.1,-0.134063777,0.000651605175
467.133333,-0.134042057,0.000652933169
467.166667,-0.134020293,0.000654339552
467.2,-0.133998481,0.000655444389
467.233333,-0.133976633,0.00065654918
467.266667,-0.133954748,0.000657820859
467.3,-0.133932821,0.000659379577
467.333333,-0.133910842,0.000660579171
467.366667,-0.133888822,0.000661745591
467.4,-0.133866764,0.000662960943
467.433333,-0.133844665,0.00066447855
467.466667,-0.133822516,0.000665582808
467.5,-0.13380033,0.000666687018
467.533333,-0.133778107,0.000667846106
467.566667,-0.133755846,0.000669419301
467.6,-0.133733532,0.000670523282
467.633333,-0.133711181,0.000671627507
467.666667,-0.133688793,0.000672732167
467.7,-0.133666369,0.000674611248
467.733333,-0.133643882,0.000675715952
467.766667,-0.133621358,0.000676819573
467.8,-0.133598797,0.000677923145
467.833333,-0.1335762,0.000679493439
467.866667,-0.13355355,0.000680653794
467.9,-0.133530862,0.000681757133
467.933333,-0.133508136,0.000682860423
467.966667,-0.133485374,0.000684374405
468,-0.133462562,0.00068559038
468.033333,-0.133439709,0.00068675623
468.066667,-0.133416817,0.000687954943
468.1,-0.133393885,0.000689507387
468.133333,-0.133370902,0.000690778912
468.166667,-0.133347876,0.000691881648
468.2,-0.133324813,0.000692984335
468.233333,-0.133301713,0.000694385725
468.266667,-0.133278567,0.000695712807
468.3,-0.133255377,0.000696815255
468.333333,-0.13323215,0.000697917654
468.366667,-0.133208886,0.000699262811
468.4,-0.133185577,0.000700680159
468.433333,-0.133162221,0.000701900638
468.466667,-0.133138824,0.000703102755
468.5,-0.133115387,0.000704391664
468.533333,-0.133091908,0.000705829721
468.566667,-0.13306838,0.000706931553
468.6,-0.133044816,0.000708033334
468.633333,-0.133021215,0.000709266064
468.666667,-0.132997572,0.000710759582
468.7,-0.13297388,0.00071186112
468.733333,-0.132950152,0.000712962608
468.766667,-0.132926386,0.000714139186
468.8,-0.132902582,0.000715866681
468.833333,-0.132878719,0.000717018063
468.866667,-0.132854819,0.000718143404
468.9,-0.132830881,0.000719263822
468.933333,-0.132806905,0.000720868113
468.966667,-0.132782876,0.000721969022
469,-0.132758811,0.000723069879
469.033333,-0.132734708,0.000724170684
469.066667,-0.132710569,0.000725757372
469.1,-0.132686377,0.000726894463
469.133333,-0.132662148,0.000728025565
469.166667,-0.13263788,0.000729185956
469.2,-0.132613574,0.000730878687
469.233333,-0.132589211,0.000732071203
469.266667,-0.132564809,0.00073317142
469.3,-0.13254037,0.000734271586
469.333333,-0.132515894,0.000735745846
469.366667,-0.132491369,0.000736993791
469.4,-0.132466803,0.000738093704
469.433333,-0.1324422,0.000739193564
469.466667,-0.13241756,0.000740611678
469.5,-0.132392873,0.00074191502
469.533333,-0.132368142,0.000743123884
469.566667,-0.132343372,0.000744345041
469.6,-0.13231856,0.000745728619
469.633333,-0.132293702,0.000747087279
469.666667,-0.132268799,0.000748186539
469.7,-0.13224386,0.000749285746
469.733333,-0.132218884,0.000750591607
469.766667,-0.132193864,0.000752005596
469.8,-0.132168797,0.000753104545
469.833333,-0.132143694,0.000754203441
469.866667,-0.132118554,0.000755453243
469.9,-0.132093372,0.000757031646
469.933333,-0.132068137,0.000758218666
469.966667,-0.132042863,0.000759371991
470,-0.132017551,0.00076056572
470.033333,-0.131992199,0.000762090213
470.066667,-0.131966796,0.000763188497
470.1,-0.131941356,0.000764286726
470.133333,-0.13191588,0.000765424455
470.166667,-0.131890366,0.000767004173
470.2,-0.131864799,0.00076810214
470.233333,-0.131839196,0.000769204722
470.266667,-0.131813555,0.000770314349
470.3,-0.131787878,0.000772152695
470.333333,-0.13176214,0.000773266401
470.366667,-0.131736364,0.000774363954
470.4,-0.131710552,0.000775461453
470.433333,-0.131684704,0.000777008026
470.466667,-0.131658803,0.000778177029
470.5,-0.131632864,0.000779274261
470.533333,-0.131606888,0.000780371438
470.566667,-0.131580876,0.000781861956
470.6,-0.131554814,0.000783086223
470.633333,-0.131528711,0.000784252664
470.666667,-0.131502569,0.000785450249
470.7,-0.131476387,0.000786966304
470.733333,-0.131450155,0.000788245752
470.766667,-0.13142388,0.000789342296
470.8,-0.131397569,0.000790438783
470.833333,-0.131371221,0.000791817233
470.866667,-0.131344827,0.000793151873
470.9,-0.131318389,0.000794248088
470.933333,-0.131291914,0.000795344247
470.966667,-0.131265402,0.000796666734
471,-0.131238847,0.00079810276
471.033333,-0.131212243,0.000799312642
471.066667,-0.1311856,0.000800499865
471.1,-0.131158916,0.000801766374
471.133333,-0.131132191,0.000803211238
471.166667,-0.131105417,0.000804306752
471.2,-0.131078607,0.000805402208
471.233333,-0.13105176,0.000806612817
471.266667,-0.131024873,0.000808112765
471.3,-0.130997936,0.000809207944
471.333333,-0.130970962,0.000810303066
471.366667,-0.130943952,0.000811457807
471.4,-0.130916904,0.000813204697
471.433333,-0.130889797,0.00081434032
471.466667,-0.130862652,0.000815453787
471.5,-0.13083547,0.00081655265
471.533333,-0.130808252,0.000818162595
471.566667,-0.13078098,0.000819257059
471.6,-0.130753671,0.000820351465
471.633333,-0.130726326,0.000821445812
471.666667,-0.130698945,0.000823008155
471.7,-0.130671511,0.000824153566
471.733333,-0.130644039,0.000825283835
471.766667,-0.13061653,0.000826445384
471.8,-0.130588982,0.00082809923
471.833333,-0.130561378,0.000829299683
471.866667,-0.130533735,0.000830393364
471.9,-0.130506055,0.000831486986
471.933333,-0.130478339,0.000832937453
471.966667,-0.130450574,0.000834192956
472,-0.130422768,0.000835286292
472.033333,-0.130394925,0.000836379568
472.066667,-0.130367046,0.000837774175
472.1,-0.13033912,0.000839084691
472.133333,-0.13031115,0.000840294816
472.166667,-0.130283141,0.000841511206
472.2,-0.13025509,0.000842860298
472.233333,-0.130226995,0.000844225736
472.266667,-0.130198854,0.000845318334
472.3,-0.130170677,0.000846410871
472.333333,-0.130142463,0.000847693804
472.366667,-0.130114207,0.000849114178
472.4,-0.130085903,0.000850206425
472.433333,-0.130057563,0.000851298612
472.466667,-0.130029186,0.000852525783
472.5,-0.130000768,0.000854122622
472.533333,-0.129972298,0.000855295772
472.566667,-0.129943788,0.000856435468
472.6,-0.12991524,0.000857606865
472.633333,-0.129886653,0.000859136938
472.666667,-0.129858015,0.000860228434
472.7,-0.129829341,0.000861319868
472.733333,-0.12980063,0.000862435572
472.766667,-0.129771882,0.000864020465
472.8,-0.129743082,0.000865111603
472.833333,-0.129714245,0.000866211917
472.866667,-0.129685371,0.000867325074
472.9,-0.12965646,0.000869121921
472.933333,-0.129627489,0.000870243626
472.966667,-0.129598481,0.0008713343
473,-0.129569437,0.000872424911
473.033333,-0.129540356,0.000873946795
473.066667,-0.129511224,0.000875123402
473.1,-0.129482054,0.000876213713
473.133333,-0.129452846,0.000877303962
473.166667,-0.129423603,0.000878770093
473.2,-0.129394311,0.000880001564
473.233333,-0.129364977,0.00088116789
473.266667,-0.129335605,0.000882362905
473.3,-0.129306193,0.000883842022
473.333333,-0.129276731,0.000885128266
473.366667,-0.129247227,0.000886217804
473.4,-0.129217687,0.000887307278
473.433333,-0.12918811,0.000888661948
473.466667,-0.129158488,0.000890002976
473.5,-0.129128821,0.000891092145
473.533333,-0.129099118,0.000892181252
473.566667,-0.129069378,0.000893480272
473.6,-0.129039596,0.000894933829
473.633333,-0.129009765,0.000896131773
473.666667,-0.128979894,0.000897303563
473.7,-0.128949983,0.000898546918
473.733333,-0.128920032,0.000899997335
473.766667,-0.128890032,0.000901085718
473.8,-0.128859996,0.000902174036
473.833333,-0.128829923,0.000903361813
473.866667,-0.128799811,0.000904866894
473.9,-0.128769649,0.000905954903
473.933333,-0.128739451,0.000907042847
473.966667,-0.128709216,0.000908175081
474,-0.128678943,0.000909939949
474.033333,-0.128648612,0.000911058597
474.066667,-0.128618243,0.000912159673
474.1,-0.128587838,0.000913247129
474.133333,-0.128557396,0.000914839798
474.166667,-0.128526902,0.000915937782
474.2,-0.128496371,0.000917024925
474.233333,-0.128465803,0.000918112002
474.266667,-0.128435199,0.000919649031
474.3,-0.128404544,0.000920801724
474.333333,-0.128373851,0.000921930492
474.366667,-0.12834312,0.000923091749
474.4,-0.12831235,0.000924706092
474.433333,-0.128281527,0.000925913404
474.466667,-0.128250663,0.000926999737
474.5,-0.128219763,0.000928086004
474.533333,-0.128188827,0.000929511795
474.566667,-0.128157843,0.000930773734
474.6,-0.128126817,0.000931859682
474.633333,-0.128095755,0.000932945564
474.666667,-0.128064657,0.000934315823
474.7,-0.128033513,0.000935632871
474.733333,-0.128002325,0.00093684297
474.766667,-0.127971097,0.000938052651
474.8,-0.127939829,0.000939367358
474.833333,-0.127908517,0.000940738368
474.866667,-0.127877159,0.000941823494
474.9,-0.127845765,0.000942908552
474.933333,-0.127814334,0.000944167801
474.966667,-0.127782862,0.000945593313
475,-0.127751342,0.000946678047
475.033333,-0.127719786,0.000947762714
475.066667,-0.127688194,0.000948966542
475.1,-0.127656562,0.000950580508
475.133333,-0.127624876,0.000951738518
475.166667,-0.127593151,0.000952864069
475.2,-0.127561389,0.000954012462
475.233333,-0.127529589,0.000955546785
475.266667,-0.127497737,0.000956630684
475.3,-0.12746585,0.000957714514
475.333333,-0.127433926,0.000958807563
475.366667,-0.127401965,0.000960396259
475.4,-0.127369952,0.00096147976
475.433333,-0.127337903,0.00096257717
475.466667,-0.127305817,0.000963692407
475.5,-0.127273694,0.000965447067
475.533333,-0.127241512,0.00096657574
475.566667,-0.127209293,0.000967658725
475.6,-0.127177038,0.00096874164
475.633333,-0.127144747,0.000970237908
475.666667,-0.127112405,0.000971421045
475.7,-0.127080025,0.000972503628
475.733333,-0.127047608,0.000973586142
475.766667,-0.127015155,0.000975026999
475.8,-0.126982654,0.00097626456
475.833333,-0.126950112,0.000977430049
475.866667,-0.126917531,0.000978621057
475.9,-0.12688491,0.000980062751
475.933333,-0.126852241,0.000981354634
475.966667,-0.12681953,0.000982436358
476,-0.126786782,0.000983518012
476.033333,-0.126753998,0.000984848102
476.066667,-0.126721169,0.00098619432
476.1,-0.126688296,0.000987275636
476.133333,-0.126655387,0.000988356882
476.166667,-0.126622442,0.000989631678
476.2,-0.126589454,0.000991101562
476.233333,-0.126556417,0.000992286254
476.266667,-0.126523341,0.00099344209
476.3,-0.126490227,0.000994661575
476.333333,-0.126457071,0.000996116265
476.366667,-0.126423867,0.00099719671
476.4,-0.126390627,0.000998277083
476.433333,-0.126357351,0.000999441354
476.466667,-0.126324037,0.00100095025
476.5,-0.126290672,0.00100203028
476.533333,-0.126257271,0.00100311024
476.566667,-0.126223834,0.00100421933
476.6,-0.12619036,0.0010060007
476.633333,-0.126156826,0.00100710119
476.666667,-0.126123256,0.00100818937
476.7,-0.12608965,0.0010092688
476.733333,-0.126056008,0.00101083486
476.766667,-0.126022313,0.00101193952
476.8,-0.125988582,0.00101301859
476.833333,-0.125954815,0.0010140976
476.866667,-0.125921011,0.00101560838
476.9,-0.125887158,0.00101676729
476.933333,-0.125853266,0.00101789388
476.966667,-0.125819336,0.00101905339
477,-0.125785367,0.00102062768
477.033333,-0.125751346,0.00102184074
477.066667,-0.125717285,0.00102291892
477.1,-0.125683188,0.00102399703
477.133333,-0.125649054,0.0010253973
477.166667,-0.125614875,0.00102666453
477.2,-0.125580652,0.00102774228
477.233333,-0.125546394,0.00102881997
477.266667,-0.1255121,0.00103016508
477.3,-0.125477762,0.0010314977
477.333333,-0.125443378,0.00103269649
477.366667,-0.125408955,0.00103388835
477.4,-0.125374492,0.00103517828
477.433333,-0.125339986,0.00103655363
477.466667,-0.125305434,0.00103763048
477.5,-0.125270847,0.00103870725
477.533333,-0.125236223,0.0010399421
477.566667,-0.125201558,0.00104137148
477.6,-0.125166846,0.0010424479
477.633333,-0.125132098,0.00104352424
477.666667,-0.125097314,0.00104470405
477.7,-0.12506249,0.00104633377
477.733333,-0.125027612,0.00104747541
477.766667,-0.124992696,0.00104858631
477.8,-0.124957744,0.00104971107
477.833333,-0.124922753,0.00105124829
477.866667,-0.124887712,0.00105232378
477.9,-0.124852634,0.00105339921
477.933333,-0.124817521,0.00105447455
477.966667,-0.124782372,0.00105605457
478,-0.12474717,0.00105713517
478.033333,-0.124711932,0.00105822903
478.066667,-0.124676658,0.0010593449
478.1,-0.124641346,0.00106105675
478.133333,-0.124605978,0.00106219133
478.166667,-0.124570571,0.00106326582
478.2,-0.124535129,0.00106434024
478.233333,-0.124499651,0.00106581001
478.266667,-0.124464124,0.00106699857
478.3,-0.124428557,0.00106807263
478.333333,-0.124392955,0.0010691466
478.366667,-0.124357317,0.00107056134
478.4,-0.124321631,0.00107180385
478.433333,-0.124285905,0.00107296777
478.466667,-0.124250139,0.00107415333
478.5,-0.124214334,0.00107555718
478.533333,-0.124178482,0.00107685352
478.566667,-0.124142587,0.00107792663
478.6,-0.124106656,0.00107899966
478.633333,-0.124070689,0.00108030442
478.666667,-0.124034679,0.0010816546
478.7,-0.123998624,0.00108272726
478.733333,-0.123962533,0.00108379984
478.766667,-0.123926407,0.0010850497
478.8,-0.123890238,0.00108653465
478.833333,-0.12385402,0.0010877048
478.866667,-0.123817764,0.00108884418
478.9,-0.123781469,0.00109003912
478.933333,-0.123745134,0.00109149677
478.966667,-0.123708751,0.00109256848
479,-0.123672332,0.00109364011
479.033333,-0.123635877,0.00109478024
479.066667,-0.123599385,0.00109629159
479.1,-0.123562842,0.00109736285
479.133333,-0.123526263,0.00109843402
479.166667,-0.123489648,0.00109951939
479.2,-0.123452998,0.00110131571
479.233333,-0.123416287,0.00110239691
479.266667,-0.123379541,0.00110347171
479.3,-0.123342758,0.00110454229
479.333333,-0.12330594,0.00110608083
479.366667,-0.123269071,0.00110719111
479.4,-0.123232164,0.00110826131
479.433333,-0.123195222,0.00110933144
479.466667,-0.123158245,0.0011108151
479.5,-0.123121217,0.00111197913
479.533333,-0.123084151,0.00111310284
479.566667,-0.123047048,0.00111425917
479.6,-0.123009906,0.00111579291
479.633333,-0.122972713,0.00111701059
479.666667,-0.122935479,0.00111807982
479.7,-0.12289821,0.00111914897
479.733333,-0.122860905,0.00112052292
479.766667,-0.122823554,0.00112179426
479.8,-0.122786161,0.00112286302
479.833333,-0.122748732,0.00112393171
479.866667,-0.122711268,0.00112525091
479.9,-0.12267376,0.00112659794
479.933333,-0.122636206,0.0011277841
479.966667,-0.122598614,0.00112895763
480,-0.122560982,0.00113022206
480.033333,-0.122523308,0.0011316005
480.066667,-0.122485587,0.00113266827
480.1,-0.122447832,0.00113373596
480.133333,-0.122410041,0.00113494573
480.166667,-0.122372209,0.00113637768
480.2,-0.12233433,0.00113744498
480.233333,-0.122296415,0.0011385122
480.266667,-0.122258465,0.00113966736
480.3,-0.122220476,0.00114131141
480.333333,-0.122182432,0.00114243547
480.366667,-0.122144351,0.00114353124
480.4,-0.122106233,0.00114463177
480.433333,-0.122068079,0.0011461705
480.466667,-0.122029873,0.0011472368
480.5,-0.121991632,0.00114830301
480.533333,-0.121953355,0.00114936915
480.566667,-0.121915043,0.00115092098
480.6,-0.121876679,0.00115200693
480.633333,-0.121838279,0.00115309659
480.666667,-0.121799842,0.00115421162
480.7,-0.121761368,0.00115588011
480.733333,-0.121722839,0.00115701952
480.766667,-0.121684272,0.00115808472
480.8,-0.121645669,0.00115914985
480.833333,-0.12160703,0.00116059226
480.866667,-0.121568344,0.00116178514
480.9,-0.121529618,0.00116284986
480.933333,-0.121490856,0.0011639145
480.966667,-0.121452059,0.00116530232
481,-0.121413216,0.00116654862
481.033333,-0.121374331,0.0011677102
481.066667,-0.121335407,0.00116888891
481.1,-0.121296444,0.00117025455
481.133333,-0.121257436,0.00117155414
481.166667,-0.121218384,0.00117261784
481.2,-0.121179296,0.00117368145
481.233333,-0.121140174,0.00117496015
481.266667,-0.121101008,0.00117631305
481.3,-0.121061798,0.00117737626
481.333333,-0.121022552,0.00117843938
481.366667,-0.120983271,0.00117966362
481.4,-0.120943949,0.00118116232
481.433333,-0.120904577,0.00118231667
481.466667,-0.120865166,0.00118343911
481.5,-0.120825718,0.00118460886
481.533333,-0.120786231,0.00118606815
481.566667,-0.120746696,0.00118713033
481.6,-0.120707125,0.00118819242
481.633333,-0.120667518,0.00118930781
481.666667,-0.120627875,0.00119082026
481.7,-0.12058818,0.00119188194
481.733333,-0.120548451,0.00119294366
481.766667,-0.120508686,0.00119400548
481.8,-0.120468886,0.00119581344
481.833333,-0.120429026,0.00119687499
481.866667,-0.12038913,0.00119793603
481.9,-0.120349199,0.00119899699
481.933333,-0.120309232,0.00120050711
481.966667,-0.120269215,0.00120162193
482,-0.120229161,0.00120268248
482.033333,-0.120189072,0.00120374293
482.066667,-0.120148947,0.00120519862
482.1,-0.120108774,0.00120636666
482.133333,-0.120068561,0.00120748678
482.166667,-0.120028312,0.00120863848
482.2,-0.119988024,0.00121013127
482.233333,-0.119947686,0.00121135241
482.266667,-0.119907308,0.00121241189
482.3,-0.119866894,0.00121347128
482.333333,-0.119826445,0.00121481815
482.366667,-0.119785951,0.0012160924
482.4,-0.119745415,0.00121715138
482.433333,-0.119704843,0.00121821027
482.466667,-0.119664236,0.00121950285
482.5,-0.119623586,0.00122086308
482.533333,-0.11958289,0.0012220353
482.566667,-0.119542156,0.00122319002
482.6,-0.119501383,0.00122442827
482.633333,-0.119460569,0.00122580851
482.666667,-0.119419708,0.00122686641
482.7,-0.119378813,0.00122792423
482.733333,-0.119337882,0.00122910829
482.766667,-0.119296912,0.00123054148
482.8,-0.119255894,0.00123159888
482.833333,-0.11921484,0.00123265618
482.866667,-0.119173752,0.00123378609
482.9,-0.119132626,0.00123544299
482.933333,-0.119091444,0.00123654831
482.966667,-0.119050226,0.00123762846
483,-0.119008972,0.00123870421
483.033333,-0.118967681,0.00124024305
483.066667,-0.11892634,0.00124129936
483.1,-0.118884963,0.00124235558
483.133333,-0.118843552,0.00124341172
483.166667,-0.118802105,0.00124493448
483.2,-0.118760607,0.00124602471
483.233333,-0.118719073,0.00124710949
483.266667,-0.118677502,0.00124822224
483.3,-0.118635895,0.00124984689
483.333333,-0.118594233,0.00125099001
483.366667,-0.118552534,0.00125204514
483.4,-0.118510799,0.00125310017
483.433333,-0.118469029,0.00125451444
483.466667,-0.118427212,0.00125571047
483.5,-0.118385355,0.00125676508
483.533333,-0.118343462,0.0012578196
483.566667,-0.118301535,0.00125917973
483.6,-0.118259562,0.00126042862
483.633333,-0.118217548,0.00126158711
483.666667,-0.118175495,0.00126275754
483.7,-0.118133403,0.00126408468
483.733333,-0.118091267,0.00126538629
483.766667,-0.118049088,0.00126643979
483.8,-0.118006873,0.00126749319
483.833333,-0.117964623,0.00126874515
483.866667,-0.117922332,0.00127009949
483.9,-0.117879995,0.00127115247
483.933333,-0.117837623,0.00127220535
483.966667,-0.117795216,0.00127340333
484,-0.11775277,0.0012749144
484.033333,-0.117710273,0.00127605173
484.066667,-0.117667737,0.00127715675
484.1,-0.117625166,0.00127830073
484.133333,-0.117582556,0.0012797603
484.166667,-0.117539897,0.00128081216
484.2,-0.117497203,0.00128186392
484.233333,-0.117454474,0.00128295403
484.266667,-0.117411709,0.00128446617
484.3,-0.117368894,0.00128551749
484.333333,-0.117326043,0.00128657303
484.366667,-0.117283157,0.00128763503
484.4,-0.117240236,0.00128939613
484.433333,-0.117197256,0.0012904617
484.466667,-0.117154241,0.00129151233
484.5,-0.11711119,0.00129256287
484.533333,-0.117068105,0.00129404373
484.566667,-0.11702497,0.001295162
484.6,-0.116981798,0.00129621209
484.633333,-0.116938591,0.0012972621
484.666667,-0.116895349,0.001298689
484.7,-0.116852059,0.00129985991
484.733333,-0.116808731,0.00130097572
484.766667,-0.116765365,0.00130212135
484.8,-0.116721961,0.00130357282
484.833333,-0.116678508,0.00130479624
484.866667,-0.116635015,0.00130584519
484.9,-0.116591487,0.00130689405
484.933333,-0.116547924,0.00130821311
484.966667,-0.116504317,0.00130948906
485,-0.116460667,0.00131053747
485.033333,-0.116416983,0.00131158578
485.066667,-0.116373263,0.00131285105
485.1,-0.116329501,0.00131422322
485.133333,-0.116285694,0.00131538021
485.166667,-0.116241848,0.00131651565
485.2,-0.116197964,0.00131772709
485.233333,-0.11615404,0.00131910783
485.266667,-0.11611007,0.00132015508
485.3,-0.116066064,0.00132120224
485.333333,-0.116022024,0.00132235999
485.366667,-0.115977946,0.00132379308
485.4,-0.115933819,0.00132483979
485.433333,-0.115889658,0.0013258864
485.466667,-0.115845462,0.00132699051
485.5,-0.115801229,0.00132865871
485.533333,-0.11575694,0.00132974415
485.566667,-0.115712615,0.00133080823
485.6,-0.115668255,0.00133185869
485.633333,-0.11562386,0.00133339621
485.666667,-0.115579413,0.00133444175
485.7,-0.115534932,0.00133548719
485.733333,-0.115490415,0.00133653254
485.766667,-0.115445864,0.00133802539
485.8,-0.115401264,0.0013391188
485.833333,-0.115356626,0.00134019804
485.866667,-0.115311953,0.00134130704
485.9,-0.115267243,0.00134288744
485.933333,-0.11522248,0.00134403314
485.966667,-0.115177679,0.00134507741
486,-0.115132843,0.00134612158
486.033333,-0.115087972,0.00134750693
486.066667,-0.115043055,0.00134870495
486.1,-0.114998098,0.00134974865
486.133333,-0.114953107,0.00135079227
486.166667,-0.11490808,0.001352124
486.2,-0.11486301,0.00135337426
486.233333,-0.114817897,0.00135452887
486.266667,-0.114772746,0.00135568964
486.3,-0.114727556,0.00135697804
486.333333,-0.114682324,0.0013582804
486.366667,-0.114637048,0.00135932292
486.4,-0.114591737,0.00136036534
486.433333,-0.114546392,0.00136158992
486.466667,-0.114501005,0.00136294442
486.5,-0.114455574,0.00136398637
486.533333,-0.114410108,0.00136502823
486.566667,-0.114364607,0.00136619935
486.6,-0.114319067,0.00136772136
486.633333,-0.114273476,0.00136884048
486.666667,-0.114227848,0.00136992764
486.7,-0.114182184,0.00137104529
486.733333,-0.114136482,0.00137250377
486.766667,-0.114090732,0.00137354452
486.8,-0.114044947,0.00137458517
486.833333,-0.113999128,0.00137564949
486.866667,-0.113953273,0.00137715991
486.9,-0.113907367,0.00137820009
486.933333,-0.113861427,0.0013792488
486.966667,-0.113815452,0.00138030951
487,-0.113769442,0.00138202329
487.033333,-0.113723375,0.00138309179
487.066667,-0.113677272,0.00138413123
487.1,-0.113631134,0.00138517057
487.133333,-0.113584962,0.00138662138
487.166667,-0.113538741,0.00138774196
487.2,-0.113492483,0.00138878083
487.233333,-0.11344619,0.0013898196
487.266667,-0.113399863,0.00139121697
487.3,-0.113353489,0.00139238957
487.333333,-0.113307076,0.00139350034
487.366667,-0.113260626,0.00139463848
487.4,-0.113214138,0.00139604834
487.433333,-0.113167603,0.00139727283
487.466667,-0.113121027,0.00139831047
487.5,-0.113074417,0.00139934802
487.533333,-0.113027772,0.0014006386
487.566667,-0.112981084,0.00140191499
487.6,-0.112934353,0.00140295205
487.633333,-0.112887588,0.00140398901
487.666667,-0.112840789,0.00140522633
487.7,-0.112793948,0.00140660912
487.733333,-0.112747061,0.00140774965
487.766667,-0.112700136,0.00140886535
487.8,-0.112653174,0.00141004938
487.833333,-0.112606172,0.00141142929
487.866667,-0.112559124,0.00141246512
487.9,-0.112512042,0.00141350085
487.933333,-0.112464926,0.00141463173
487.966667,-0.112417771,0.00141606335
488,-0.112370569,0.00141709859
488.033333,-0.112323332,0.00141813373
488.066667,-0.112276061,0.00141921153
488.1,-0.112228754,0.00142088942
488.133333,-0.112181391,0.00142195392
488.166667,-0.112133993,0.00142300148
488.2,-0.112086559,0.00142403586
488.233333,-0.112039092,0.00142555123
488.266667,-0.111991573,0.00142659492
488.3,-0.11194402,0.00142762881
488.333333,-0.111896432,0.0014286626
488.366667,-0.11184881,0.00143012473
488.4,-0.111801139,0.00143122021
488.433333,-0.111753432,0.00143229321
488.466667,-0.111705689,0.00143339702
488.5,-0.111657909,0.00143493281
488.533333,-0.111610078,0.00143607994
488.566667,-0.111562209,0.00143711257
488.6,-0.111514305,0.0014381451
488.633333,-0.111466367,0.00143950083
488.666667,-0.111418383,0.00144069962
488.7,-0.11137036,0.00144173166
488.733333,-0.111322302,0.00144276359
488.766667,-0.11127421,0.00144406625
488.8,-0.111226075,0.00144531675
488.833333,-0.111177898,0.00144646657
488.866667,-0.111129682,0.00144761621
488.9,-0.111081428,0.00144886577
488.933333,-0.111033133,0.00145016762
488.966667,-0.110984794,0.00145119839
489,-0.11093642,0.00145222905
489.033333,-0.110888013,0.00145342566
489.066667,-0.110839565,0.00145477899
489.1,-0.110791073,0.00145580915
489.133333,-0.110742546,0.00145683921
489.166667,-0.110693984,0.00145798293
489.2,-0.110645385,0.00145951439
489.233333,-0.110596734,0.00146061415
489.266667,-0.110548047,0.001461683
489.3,-0.110499324,0.00146277381
489.333333,-0.110450565,0.00146422979
489.366667,-0.110401758,0.00146525867
489.4,-0.110352916,0.00146628745
489.433333,-0.110304039,0.00146732549
489.466667,-0.110255129,0.00146883276
489.5,-0.110206168,0.00146986103
489.533333,-0.110157172,0.00147090228
489.566667,-0.110108142,0.00147196023
489.6,-0.110059077,0.00147362627
489.633333,-0.110009956,0.00147469659
489.666667,-0.109960799,0.00147572407
489.7,-0.109911609,0.00147675145
489.733333,-0.109862383,0.00147817144
489.766667,-0.109813111,0.00147929319
489.8,-0.109763801,0.00148032006
489.833333,-0.109714457,0.00148134682
489.866667,-0.109665079,0.00148271394
489.9,-0.109615655,0.00148388706
489.933333,-0.109566192,0.00148499203
489.966667,-0.109516693,0.00148612127
490,-0.109467155,0.00148748929
490.033333,-0.109417572,0.00148871362
490.066667,-0.109367949,0.00148973919
490.1,-0.109318291,0.00149076465
490.133333,-0.109268598,0.00149202612
490.166667,-0.109218864,0.00149330168
490.2,-0.109169087,0.00149432663
490.233333,-0.109119277,0.00149535147
490.266667,-0.109069432,0.00149656025
490.3,-0.109019546,0.00149795227
490.333333,-0.108969614,0.00149907511
490.366667,-0.108919645,0.00150017066
490.4,-0.10886964,0.00150132673
490.433333,-0.108819595,0.00150270446
490.466667,-0.108769505,0.0015037281
490.5,-0.108719381,0.00150475162
490.533333,-0.108669223,0.00150585513
490.566667,-0.108619027,0.0015072839
490.6,-0.108568785,0.00150830691
490.633333,-0.108518508,0.00150932981
490.666667,-0.108468197,0.00151038081
490.7,-0.108417851,0.00151206675
490.733333,-0.108367448,0.00151310925
490.766667,-0.108317011,0.00151413985
490.8,-0.10826654,0.00151516194
490.833333,-0.108216035,0.00151664527
490.866667,-0.10816548,0.00151769055
490.9,-0.10811489,0.00151871212
490.933333,-0.108064266,0.00151973359
490.966667,-0.108013609,0.00152116426
491,-0.107962903,0.00152226066
491.033333,-0.107912161,0.00152332672
491.066667,-0.107861384,0.0015244239
491.1,-0.10781057,0.0015259148
491.133333,-0.107759706,0.00152706217
491.166667,-0.107708804,0.00152808241
491.2,-0.107657868,0.00152910253
491.233333,-0.107606897,0.00153042796
491.266667,-0.107555883,0.00153162631
491.3,-0.107504829,0.00153264591
491.333333,-0.107453741,0.0015336654
491.366667,-0.107402619,0.00153493835
491.4,-0.107351454,0.00153619789
491.433333,-0.107300247,0.00153733181
491.466667,-0.107249003,0.00153845936
491.5,-0.107197721,0.0015396798
491.533333,-0.107146398,0.00154097983
491.566667,-0.107095032,0.00154199808
491.6,-0.107043632,0.00154301622
491.633333,-0.106992199,0.00154418431
491.666667,-0.106940726,0.00154553513
491.7,-0.106889208,0.00154655274
491.733333,-0.106837656,0.00154757024
491.766667,-0.10678607,0.00154868604
491.8,-0.106734448,0.00155022542
491.833333,-0.106682773,0.00155130469
491.866667,-0.106631063,0.00155235481
491.9,-0.106579318,0.0015534183
491.933333,-0.106527537,0.00155487039
491.966667,-0.106475708,0.00155588663
492,-0.106423846,0.00155690277
492.033333,-0.106371949,0.00155791879
492.066667,-0.106320018,0.00155941207
492.1,-0.106268038,0.00156043236
492.133333,-0.106216023,0.00156146549
492.166667,-0.106163975,0.00156251921
492.2,-0.106111891,0.00156413718
492.233333,-0.106059753,0.0015652082
492.266667,-0.106007579,0.00156622296
492.3,-0.105955372,0.00156723761
492.333333,-0.10590313,0.00156862607
492.366667,-0.105850843,0.00156974781
492.4,-0.105798518,0.00157076193
492.433333,-0.105746159,0.00157177593
492.466667,-0.105693767,0.00157311212
492.5,-0.10564133,0.00157428454
492.533333,-0.105588853,0.00157538295
492.566667,-0.105536341,0.0015765019
492.6,-0.105483791,0.00157782791
492.633333,-0.105431196,0.00157905083
492.666667,-0.105378561,0.00158006356
492.7,-0.105325893,0.00158107617
492.733333,-0.10527319,0.00158230793
492.766667,-0.105220446,0.00158358138
492.8,-0.10516766,0.00158459346
492.833333,-0.105114841,0.00158560542
492.866667,-0.105061987,0.00158678511
492.9,-0.105009094,0.00158818494
492.933333,-0.104956155,0.00158928892
492.966667,-0.104903178,0.00159036389
493,-0.104850166,0.00159149149
493.033333,-0.104797117,0.00159286568
493.066667,-0.104744021,0.00159387636
493.1,-0.104690892,0.00159488692
493.133333,-0.104637729,0.00159596258
493.166667,-0.10458453,0.0015973871
493.2,-0.104531284,0.00159839711
493.233333,-0.104478004,0.00159940701
493.266667,-0.10442469,0.0016004308
493.3,-0.104371343,0.00160212306
493.333333,-0.104317939,0.00160314258
493.366667,-0.104264501,0.00160415579
493.4,-0.104211029,0.00160516483
493.433333,-0.104157523,0.00160661537
493.466667,-0.104103969,0.00160766112
493.5,-0.104050381,0.00160866962
493.533333,-0.103996758,0.00160967799
493.566667,-0.103943102,0.00161107649
493.6,-0.1038894,0.00161217265
493.633333,-0.103835661,0.00161323107
493.666667,-0.103781886,0.00161432018
493.7,-0.103728076,0.00161576598
493.733333,-0.103674217,0.0016169124
493.766667,-0.10362032,0.00161791947
493.8,-0.103566389,0.00161892643
493.833333,-0.103512425,0.00162022092
493.866667,-0.103458418,0.00162141761
493.9,-0.10340437,0.00162242401
493.933333,-0.10335029,0.0016234303
493.966667,-0.103296175,0.00162467295
494,-0.103242019,0.00162594022
494.033333,-0.103187821,0.001627057
494.066667,-0.103133586,0.00162816204
494.1,-0.103079314,0.00162935281
494.133333,-0.103025002,0.00163064972
494.166667,-0.102970647,0.00163165469
494.2,-0.102916259,0.00163265955
494.233333,-0.102861837,0.00163379861
494.266667,-0.102807377,0.00163514557
494.3,-0.102752872,0.00163614987
494.333333,-0.102698334,0.00163715405
494.366667,-0.102643762,0.00163824146
494.4,-0.102589154,0.00163978716
494.433333,-0.102534494,0.00164084489
494.466667,-0.102479799,0.00164187586
494.5,-0.10242507,0.00164291161
494.533333,-0.102370307,0.00164435836
494.566667,-0.102315495,0.00164536121
494.6,-0.102260649,0.00164636395
494.633333,-0.10220577,0.00164736657
494.666667,-0.102150858,0.00164882638
494.7,-0.102095897,0.00164984695
494.733333,-0.102040902,0.00165087129
494.766667,-0.101985873,0.00165191933
494.8,-0.101930809,0.00165348897
494.833333,-0.101875693,0.00165455952
494.866667,-0.101820541,0.00165556081
494.9,-0.101765356,0.00165656198
494.933333,-0.101710137,0.00165791824
494.966667,-0.101654873,0.00165903879
495,-0.101599572,0.00166003939
495.033333,-0.101544237,0.00166103987
495.066667,-0.101488869,0.00166234452
495.1,-0.101433458,0.001663515
495.133333,-0.101378007,0.00166460607
495.166667,-0.10132252,0.00166571335
495.2,-0.101266997,0.00166699724
495.233333,-0.10121143,0.00166821748
495.266667,-0.101155823,0.00166921662
495.3,-0.101100182,0.00167021565
495.333333,-0.101044508,0.00167141715
495.366667,-0.100988794,0.00167268718
495.4,-0.100933038,0.00167368563
495.433333,-0.100877249,0.00167468396
495.466667,-0.100821426,0.00167583405
495.5,-0.100765565,0.00167724021
495.533333,-0.100709657,0.00167832419
495.566667,-0.100653713,0.00167937818
495.6,-0.100597733,0.00168047683
495.633333,-0.100541717,0.00168184611
495.666667,-0.100485656,0.00168284308
495.7,-0.100429561,0.00168383993
495.733333,-0.100373433,0.00168488731
495.766667,-0.10031727,0.00168630615
495.8,-0.10026106,0.00168730243
495.833333,-0.100204817,0.00168829858
495.866667,-0.10014854,0.00168929475
495.9,-0.10009223,0.00169099157
495.933333,-0.100035864,0.00169198716
495.966667,-0.0999794642,0.00169298257
496,-0.0999230314,0.00169397782
496.033333,-0.0998665655,0.00169539485
496.066667,-0.0998100523,0.00169643993
496.1,-0.0997535043,0.0016974346
496.133333,-0.0996969232,0.00169842915
496.166667,-0.0996403089,0.00169979479
496.2,-0.0995836491,0.00170088954
496.233333,-0.0995269527,0.00170193958
496.266667,-0.0994702214,0.00170301922
496.3,-0.0994134541,0.00170441976
496.333333,-0.0993566401,0.001705564
496.366667,-0.099299788,0.00170655717
496.4,-0.0992429027,0.00170755022
496.433333,-0.0991859844,0.0017088132
496.466667,-0.099129024,0.00171000695
496.5,-0.0990720237,0.00171099941
496.533333,-0.0990149904,0.00171199175
496.566667,-0.098957924,0.00171320355
496.6,-0.0989008172,0.00171447718
496.633333,-0.098843668,0.00171557561
496.666667,-0.0987864822,0.00171665777
496.7,-0.0987292602,0.00171781836
496.733333,-0.0986719996,0.0017191108
496.766667,-0.0986146959,0.00172010176
496.8,-0.0985573592,0.00172109259
496.833333,-0.0984999894,0.00172220215
496.866667,-0.0984425827,0.00172354388
496.9,-0.0983851312,0.00172453412
496.933333,-0.0983276468,0.00172552424
496.966667,-0.0982701293,0.00172658283
497,-0.0982125765,0.0017281332
497.033333,-0.0981549721,0.00172916835
497.066667,-0.0980973331,0.00173017979
497.1,-0.0980396605,0.0017311874
497.133333,-0.0979819542,0.00173262736
497.166667,-0.0979242,0.00173361609
497.2,-0.0978664128,0.00173460469
497.233333,-0.0978085926,0.00173559316
497.266667,-0.0977507395,0.0017370188
497.3,-0.0976928389,0.0017380385
497.333333,-0.0976349043,0.00173905339
497.366667,-0.0975769358,0.0017400943
497.4,-0.0975189327,0.0017416154
497.433333,-0.0974608789,0.00174268431
497.466667,-0.0974027894,0.00174367139
497.5,-0.097344667,0.00174465833
497.533333,-0.0972865117,0.00174598177
497.566667,-0.0972283123,0.00174709992
497.6,-0.0971700757,0.00174808627
497.633333,-0.0971118061,0.00174907249
497.666667,-0.0970535037,0.001750345
497.7,-0.0969951589,0.0017515123
497.733333,-0.0969367751,0.00175259524
497.766667,-0.0968783553,0.0017536895
497.8,-0.096819899,0.00175493121
497.833333,-0.0967614013,0.00175614749
497.866667,-0.096702863,0.0017571323
497.9,-0.0966442919,0.00175811699
497.933333,-0.096585688,0.00175928773
497.966667,-0.0965270451,0.00176055302
498,-0.09646836,0.0017615371
498.033333,-0.0964096421,0.00176252105
498.066667,-0.0963508914,0.00176364108
498.1,-0.0962921034,0.00176505204
498.133333,-0.0962332683,0.00176611491
498.166667,-0.0961743978,0.00176714755
498.2,-0.0961154929,0.00176821683
498.233333,-0.0960565523,0.00176957978
498.266667,-0.0959975663,0.00177056231
498.3,-0.0959385476,0.00177154472
498.333333,-0.0958794961,0.00177256342
498.366667,-0.0958204107,0.00177397515
498.4,-0.0957612781,0.00177495694
498.433333,-0.0957021129,0.00177594247
498.466667,-0.0956429148,0.00177693378
498.5,-0.0955836837,0.00177857919
498.533333,-0.0955243977,0.0017795735
498.566667,-0.0954650786,0.00178055434
498.6,-0.0954057268,0.00178153506
498.633333,-0.0953463423,0.00178291792
498.666667,-0.0952869117,0.00178396117
498.7,-0.0952274463,0.00178494128
498.733333,-0.0951679483,0.00178592126
498.766667,-0.0951084176,0.00178725344
498.8,-0.0950488425,0.00178834556
498.833333,-0.0949892309,0.00178938649
498.866667,-0.0949295847,0.00179045526
498.9,-0.0948699029,0.00179181045
498.933333,-0.0948101759,0.00179295127
498.966667,-0.0947504108,0.0017939298
499,-0.0946906132,0.00179490821
499.033333,-0.0946307829,0.00179613912
499.066667,-0.0945709116,0.00179732866
499.1,-0.0945110006,0.00179830645
499.133333,-0.0944510571,0.00179928411
499.166667,-0.094391081,0.00180046455
499.2,-0.0943310655,0.00180174312
499.233333,-0.0942710074,0.00180282203
499.266667,-0.0942109133,0.00180388094
499.3,-0.0941507839,0.00180501088
499.333333,-0.0940906169,0.00180629751
499.366667,-0.094030407,0.00180727371
499.4,-0.0939701645,0.00180824979
499.433333,-0.0939098895,0.00180932941
499.466667,-0.0938495786,0.00181066452
499.5,-0.0937892231,0.00181163998
499.533333,-0.0937288351,0.0018126153
499.566667,-0.0936684146,0.00181364469
499.6,-0.0936079597,0.00181519802
499.633333,-0.0935474531,0.00181620963
499.666667,-0.0934869128,0.00181720114
499.7,-0.0934263394,0.00181818026
499.733333,-0.0933657334,0.00181961197
499.766667,-0.0933050797,0.00182058583
499.8,-0.0932443935,0.00182155956
499.833333,-0.0931836749,0.00182253316
499.866667,-0.0931229238,0.00182392396
499.9,-0.0930621263,0.00182494164
499.933333,-0.0930012949,0.00182594639
499.966667,-0.09294043,0.00182697874
500,-0.0928795307,0.00182845117
500.033333,-0.0928185824,0.00182951725
500.066667,-0.0927575984,0.00183048938
500.1,-0.0926965821,0.00183146138
500.133333,-0.0926355334,0.00183275141
500.166667,-0.0925744417,0.00183386592
500.2,-0.0925133128,0.00183483729
500.233333,-0.0924521516,0.00183580852
500.266667,-0.092390958,0.00183704835
500.3,-0.092329723,0.00183821121
500.333333,-0.0922684493,0.00183928521
500.366667,-0.0922071398,0.00184036511
500.4,-0.0921457943,0.00184156465
500.433333,-0.0920844088,0.00184277567
500.466667,-0.092022983,0.00184374542
500.5,-0.0919615248,0.00184471504
500.533333,-0.0919000343,0.00184585455
500.566667,-0.0918385058,0.00184711375
500.6,-0.0917769354,0.00184808274
500.633333,-0.0917153326,0.00184905159
500.666667,-0.0916536975,0.00185014112
500.7,-0.0915920262,0.00185155531
500.733333,-0.0915303077,0.00185259601
500.766667,-0.0914685545,0.00185360694
500.8,-0.0914067676,0.00185464646
500.833333,-0.091344946,0.00185600167
500.866667,-0.0912830793,0.00185696902
500.9,-0.0912211803,0.00185793625
500.933333,-0.0911592491,0.00185892594
500.966667,-0.0910972849,0.00186032909
501,-0.0910352739,0.00186129568
501.033333,-0.0909732308,0.00186226999
501.066667,-0.0909111551,0.00186325521
501.1,-0.0908490466,0.00186484849
501.133333,-0.090786885,0.00186584059
501.166667,-0.0907246903,0.00186680618
501.2,-0.0906624634,0.00186777164
501.233333,-0.0906002044,0.00186911973
501.266667,-0.0905379004,0.00187015996
501.3,-0.0904755617,0.00187112478
501.333333,-0.0904131909,0.00187208946
501.366667,-0.0903507879,0.0018733876
501.4,-0.0902883416,0.00187447589
501.433333,-0.0902258591,0.00187550695
501.466667,-0.0901633422,0.00187656348
501.5,-0.0901007901,0.00187787328
501.533333,-0.0900381943,0.00187900943
501.566667,-0.0899755607,0.00187997259
501.6,-0.0899128949,0.00188093563
501.633333,-0.0898501971,0.00188213397
501.666667,-0.0897874593,0.00188331801
501.7,-0.089724682,0.0018842804
501.733333,-0.0896618727,0.00188524265
501.766667,-0.0895990312,0.00188639128
501.8,-0.0895361515,0.00188767332
501.833333,-0.0894732291,0.00188873159
501.866667,-0.0894102714,0.00188976689
501.9,-0.0893472791,0.00189086577
501.933333,-0.0892842503,0.00189214521
501.966667,-0.0892211788,0.00189310593
502,-0.0891580752,0.00189406653
502.033333,-0.0890949397,0.00189511584
502.066667,-0.0890317692,0.00189644292
502.1,-0.0889685544,0.00189740287
502.133333,-0.0889053076,0.00189836267
502.166667,-0.0888420289,0.0018993625
502.2,-0.0887787168,0.00190091705
502.233333,-0.0887153529,0.00190190418
502.266667,-0.0886519561,0.0019028754
502.3,-0.0885885269,0.00190383419
502.333333,-0.0885250658,0.00190523923
502.366667,-0.0884615578,0.00190620597
502.4,-0.0883980176,0.00190716411
502.433333,-0.0883344454,0.00190812211
502.466667,-0.0882708414,0.00190947747
502.5,-0.0882071921,0.00191049196
502.533333,-0.0881435091,0.00191148587
502.566667,-0.0880797929,0.00191250824
502.6,-0.0880160426,0.00191393193
502.633333,-0.0879522449,0.00191499398
502.666667,-0.0878884117,0.00191595043
502.7,-0.0878245467,0.00191690676
502.733333,-0.0877606498,0.00191816285
502.766667,-0.0876967111,0.00191927248
502.8,-0.0876327353,0.00192022814
502.833333,-0.0875687277,0.00192118367
502.866667,-0.0875046883,0.00192239031
502.9,-0.0874406086,0.00192354744
502.933333,-0.0873764903,0.00192461168
502.966667,-0.0873123366,0.00192567593
503,-0.0872481474,0.00192683337
503.033333,-0.0871839196,0.00192803779
503.066667,-0.0871196517,0.00192899177
503.1,-0.087055352,0.0019299456
503.133333,-0.0869910205,0.00193105347
503.166667,-0.086926652,0.00193230523
503.2,-0.0868622418,0.0019332584
503.233333,-0.0867977999,0.00193421143
503.266667,-0.0867333262,0.00193527009
503.3,-0.0866688172,0.00193668585
503.333333,-0.086604261,0.00193770338
503.366667,-0.0865396709,0.00193869224
503.4,-0.0864750478,0.00193970166
503.433333,-0.0864103911,0.0019410477
503.466667,-0.0863456895,0.00194199917
503.5,-0.0862809562,0.0019429505
503.533333,-0.0862161912,0.00194391086
503.566667,-0.0861513941,0.00194530398
503.6,-0.0860865507,0.00194625465
503.633333,-0.0860216755,0.00194721709
503.666667,-0.0859567683,0.00194819477
503.7,-0.0858918284,0.0019497358
503.733333,-0.0858268372,0.00195072455
503.766667,-0.0857618131,0.00195167417
503.8,-0.0856967573,0.00195262365
503.833333,-0.0856316698,0.00195393638
503.866667,-0.0855665386,0.0019549724
503.9,-0.0855013729,0.00195592122
503.933333,-0.0854361755,0.00195686989
503.966667,-0.0853709465,0.00195813345
504,-0.0853056754,0.00195921666
504.033333,-0.0852403682,0.0019602371
504.066667,-0.0851750269,0.00196128003
504.1,-0.0851096509,0.00196254447
504.133333,-0.0850442328,0.00196367467
504.166667,-0.084978777,0.00196462176
504.2,-0.0849132896,0.00196556871
504.233333,-0.0848477706,0.00196673403
504.266667,-0.0847822128,0.00196791125
504.3,-0.0847166158,0.00196885753
504.333333,-0.0846509872,0.00196980366
504.366667,-0.0845853271,0.00197092005
504.4,-0.0845196297,0.00197220405
504.433333,-0.0844538896,0.00197324058
504.466667,-0.0843881149,0.00197425196
504.5,-0.0843223065,0.00197531938
504.533333,-0.0842564625,0.00197659026
504.566667,-0.0841905762,0.0019775348
504.6,-0.0841246584,0.0019784792
504.633333,-0.0840587091,0.00197949785
504.666667,-0.0839927258,0.00198081549
504.7,-0.0839266986,0.00198175921
504.733333,-0.08386064,0.00198270279
504.766667,-0.0837945499,0.00198367275
504.8,-0.0837284274,0.00198522671
504.833333,-0.0836622532,0.00198618849
504.866667,-0.0835960469,0.00198713905
504.9,-0.083529809,0.00198808157
504.933333,-0.0834635396,0.00198944981
504.966667,-0.0833972246,0.00199041305
505,-0.0833308775,0.00199135488
505.033333,-0.083264499,0.00199229657
505.066667,-0.0831980891,0.00199361592
505.1,-0.0831316352,0.00199462603
505.133333,-0.0830651477,0.0019956084
505.166667,-0.0829986274,0.0019966194
505.2,-0.0829320735,0.00199799433
505.233333,-0.0828654736,0.00199905111
505.266667,-0.0827988386,0.00199999119
505.3,-0.0827321722,0.00200093113
505.333333,-0.0826654745,0.0020021528
505.366667,-0.0825987361,0.00200325628
505.4,-0.0825319609,0.00200419553
505.433333,-0.0824651544,0.00200513464
505.466667,-0.0823983166,0.00200630766
505.5,-0.0823314396,0.00200746684
505.533333,-0.0822645241,0.00200851119
505.566667,-0.0821975737,0.00200954984
505.6,-0.0821305887,0.00201067416
505.633333,-0.0820635662,0.00201187067
505.666667,-0.0819965039,0.00201280815
505.7,-0.0819294103,0.0020137455
505.733333,-0.0818622854,0.00201482133
505.766667,-0.0817951247,0.00201606428
505.8,-0.0817279226,0.00201700093
505.833333,-0.0816606892,0.00201793744
505.866667,-0.0815934246,0.00201896488
505.9,-0.0815261258,0.00202038055
505.933333,-0.0814587798,0.00202137394
505.966667,-0.0813914006,0.00202234039
506,-0.0813239893,0.0020233194
506.033333,-0.0812565453,0.00202465483
506.066667,-0.0811890568,0.0020255897
506.1,-0.0811215372,0.00202652444
506.133333,-0.0810539863,0.00202745902
506.166667,-0.0809864044,0.002028833
506.2,-0.0809187766,0.00202977085
506.233333,-0.0808511176,0.00203072079
506.266667,-0.0807834269,0.00203168948
506.3,-0.0807157039,0.00203317821
506.333333,-0.0806479313,0.00203416243
506.366667,-0.0805801259,0.00203509537
506.4,-0.0805122894,0.00203602818
506.433333,-0.0804444218,0.00203730503
506.466667,-0.0803765116,0.00203833562
506.5,-0.0803085671,0.00203926773
506.533333,-0.0802405915,0.00204019969
506.566667,-0.0801725848,0.00204142818
506.6,-0.0801045372,0.00204250506
506.633333,-0.0800364537,0.00204351411
506.666667,-0.0799683366,0.00204454211
506.7,-0.0799001852,0.00204576128
506.733333,-0.0798319931,0.00204688425
506.766667,-0.0797637637,0.00204781455
506.8,-0.0796955032,0.00204874472
506.833333,-0.0796272117,0.00204987661
506.866667,-0.0795588825,0.00205104569
506.9,-0.0794905143,0.00205197515
506.933333,-0.0794221151,0.00205290446
506.966667,-0.079353685,0.00205398824
507,-0.0792852187,0.00205527264
507.033333,-0.0792167096,0.00205628639
507.066667,-0.0791481667,0.00205727351
507.1,-0.0790795909,0.00205830915
507.133333,-0.0790109806,0.00205957006
507.166667,-0.0789423283,0.00206049771
507.2,-0.078873645,0.00206142522
507.233333,-0.0788049309,0.00206241292
507.266667,-0.0787361838,0.00206371967
507.3,-0.0786673931,0.00206464647
507.333333,-0.0785985716,0.00206557312
507.366667,-0.0785297191,0.00206651296
507.4,-0.0784608354,0.00206806449
507.433333,-0.0783918999,0.00206900009
507.466667,-0.0783229332,0.00206992964
507.5,-0.0782539356,0.00207085519
507.533333,-0.078184907,0.00207218607
507.566667,-0.0781158342,0.00207314463
507.6,-0.0780467294,0.00207406946
507.633333,-0.0779775937,0.00207499414
507.666667,-0.0779084272,0.00207627696
507.7,-0.077839218,0.00207728148
507.733333,-0.0777699753,0.0020782516
507.766667,-0.0777007002,0.00207924984
507.8,-0.0776313919,0.00208057607
507.833333,-0.0775620394,0.00208162635
507.866667,-0.0774926518,0.00208254936
507.9,-0.0774232335,0.00208347222
507.933333,-0.0773537844,0.00208465901
507.966667,-0.0772842958,0.00208575507
508,-0.0772147706,0.00208667721
508.033333,-0.0771452147,0.00208759921
508.066667,-0.0770756281,0.00208873818
508.1,-0.0770060035,0.00208989825
508.133333,-0.0769363402,0.00209092132
508.166667,-0.0768666428,0.00209193378
508.2,-0.0767969117,0.0020930249
508.233333,-0.0767271442,0.00209421214
508.266667,-0.0766573371,0.00209513244
508.3,-0.0765874994,0.0020960526
508.333333,-0.076517631,0.00209709608
508.366667,-0.0764477278,0.00209832883
508.4,-0.0763777835,0.00209924826
508.433333,-0.0763078085,0.00210016755
508.466667,-0.0762378029,0.00210116347
508.5,-0.0761677642,0.00210257732
508.533333,-0.0760976783,0.00210354566
508.566667,-0.0760275601,0.00210448938
508.6,-0.0759574104,0.00210543772
508.633333,-0.0758872292,0.00210676108
508.666667,-0.0758170038,0.00210767867
508.7,-0.0757467478,0.00210859611
508.733333,-0.0756764613,0.0021095134
508.766667,-0.0756061442,0.00211084934
508.8,-0.0755357825,0.00211178239
508.833333,-0.0754653898,0.00211271916
508.866667,-0.0753949658,0.00211367744
508.9,-0.0753245099,0.0021151139
508.933333,-0.0752540061,0.00211609238
508.966667,-0.0751834697,0.00211700796
509,-0.0751129028,0.00211792339
509.033333,-0.0750423053,0.0021191639
509.066667,-0.0749716665,0.00212018783
509.1,-0.0749009936,0.00212110253
509.133333,-0.0748302902,0.00212201708
509.166667,-0.0747595563,0.00212321007
509.2,-0.0746887826,0.00212427936
509.233333,-0.0746179733,0.00212527622
509.266667,-0.0745471308,0.00212628799
509.3,-0.0744762545,0.00212746204
509.333333,-0.0744053391,0.00212857646
509.366667,-0.0743343865,0.0021294893
509.4,-0.0742634036,0.00213040199
509.433333,-0.0741923902,0.00213150008
509.466667,-0.0741213402,0.00213265968
509.5,-0.0740502515,0.00213357164
509.533333,-0.0739791324,0.00213448344
509.566667,-0.073907983,0.00213553428
509.6,-0.0738367985,0.00213681746
509.633333,-0.0737655713,0.00213780743
509.666667,-0.073694311,0.00213877001
509.7,-0.0736230187,0.00213977357
509.733333,-0.0735516929,0.00214102311
509.766667,-0.0734803255,0.00214193318
509.8,-0.0734089277,0.00214284311
509.833333,-0.0733374996,0.00214379959
509.866667,-0.0732660396,0.00214509403
509.9,-0.0731945365,0.00214600321
509.933333,-0.073123003,0.00214691225
509.966667,-0.0730514393,0.00214782174
510,-0.0729798452,0.00214936893
510.033333,-0.0729081996,0.00215027758
510.066667,-0.0728365237,0.00215118579
510.1,-0.0727648175,0.00215209368
510.133333,-0.072693081,0.00215338669
510.166667,-0.0726213015,0.00215433938
510.2,-0.0725494902,0.00215524653
510.233333,-0.0724776486,0.00215615352
510.266667,-0.0724057768,0.00215739933
510.3,-0.0723338635,0.00215839704
510.333333,-0.0722619169,0.00215935419
510.366667,-0.0721899385,0.00216033831
510.4,-0.0721179272,0.00216161597
510.433333,-0.0720458733,0.00216265848
510.466667,-0.0719737847,0.00216356373
510.5,-0.0719016659,0.00216446883
510.533333,-0.071829517,0.00216562034
510.566667,-0.0717573296,0.00216670769
510.6,-0.071685106,0.00216761204
510.633333,-0.0716128523,0.00216851624
510.666667,-0.0715405684,0.00216962081
510.7,-0.0714682477,0.00217078026
510.733333,-0.0713958884,0.00217178098
510.766667,-0.0713234957,0.00217276698
510.8,-0.0712510701,0.00217382457
510.833333,-0.0711786093,0.00217500117
510.866667,-0.0711061093,0.00217590361
510.9,-0.0710335791,0.0021768059
510.933333,-0.0709610189,0.00217781673
510.966667,-0.0708884251,0.00217903788
511,-0.0708157905,0.00217993942
511.033333,-0.0707431258,0.00218084081
511.066667,-0.0706704311,0.00218180496
511.1,-0.0705977043,0.00218321521
511.133333,-0.0705249304,0.00218415763
511.166667,-0.0704521252,0.00218507832
511.2,-0.0703792892,0.00218599577
511.233333,-0.0703064227,0.0021873056
511.266667,-0.0702335125,0.00218820522
511.3,-0.0701605724,0.00218910468
511.333333,-0.0700876022,0.00219000399
511.366667,-0.0700146021,0.0021913014
511.4,-0.0699415587,0.00219222846
511.433333,-0.0698684844,0.00219315139
511.466667,-0.0697953794,0.00219409787
511.5,-0.0697222428,0.00219548215
511.533333,-0.06964906,0.00219645368
511.566667,-0.0695758449,0.00219735121
511.6,-0.0695025999,0.0021982486
511.633333,-0.0694293249,0.00219945231
511.666667,-0.0693560098,0.00220046833
511.7,-0.0692826609,0.00220136496
511.733333,-0.0692092821,0.00220226143
511.766667,-0.0691358733,0.00220341852
511.8,-0.0690624261,0.00220447893
511.833333,-0.0689889434,0.0022054628
511.866667,-0.068915428,0.00220645708
511.9,-0.0688418794,0.00220758619
511.933333,-0.0687682932,0.00220869077
511.966667,-0.0686946702,0.00220958546
512,-0.0686210174,0.00221047999
512.033333,-0.0685473347,0.00221154396
512.066667,-0.0684736166,0.00221269274
512.1,-0.0683998601,0.00221358651
512.133333,-0.0683260739,0.00221448013
512.166667,-0.0682522579,0.00221549774
512.2,-0.068178408,0.00221677805
512.233333,-0.0681045154,0.00221774328
512.266667,-0.0680305906,0.00221868104
512.3,-0.0679566346,0.00221965226
512.333333,-0.0678826462,0.00222088901
512.366667,-0.0678086165,0.00222178084
512.4,-0.0677345572,0.0022226725
512.433333,-0.0676604681,0.00222359755
512.466667,-0.0675863482,0.00222487822
512.5,-0.0675121856,0.00222576912
512.533333,-0.0674379933,0.00222666323
512.566667,-0.0673637711,0.00222756233
512.6,-0.0672895191,0.00222905607
512.633333,-0.0672152172,0.00222995756
512.666667,-0.0671408853,0.00223084727
512.7,-0.0670665237,0.00223173682
512.733333,-0.0669921325,0.00223299151
512.766667,-0.0669176994,0.00223393713
512.8,-0.0668432349,0.00223482592
512.833333,-0.0667687407,0.00223571454
512.866667,-0.0666942168,0.00223692292
512.9,-0.0666196527,0.00223791259
512.933333,-0.0665450557,0.00223885602
512.966667,-0.0664704271,0.0022398247
513,-0.0663957663,0.00224105395
513.033333,-0.0663210645,0.00224208744
513.066667,-0.0662463283,0.00224297425
513.1,-0.0661715624,0.00224386091
513.133333,-0.0660967671,0.00224497679
513.166667,-0.0660219345,0.00224605413
513.2,-0.0659470661,0.00224694002
513.233333,-0.0658721681,0.00224782575
513.266667,-0.0657972405,0.00224889559
513.3,-0.0657222773,0.00225005289
513.333333,-0.0656472756,0.00225103022
513.366667,-0.0655722412,0.0022519895
513.4,-0.0654971749,0.00225301327
513.433333,-0.0654220745,0.00225417787
513.466667,-0.0653469352,0.00225506179
513.5,-0.0652717665,0.00225594554
513.533333,-0.0651965683,0.00225692346
513.566667,-0.0651213375,0.00225813162
513.6,-0.0650460665,0.00225901459
513.633333,-0.064970766,0.00225989741
513.666667,-0.0648954361,0.00226082957
513.7,-0.0648200751,0.00226223441
513.733333,-0.0647446673,0.00226315011
513.766667,-0.0646692289,0.00226404745
513.8,-0.0645937607,0.00226493384
513.833333,-0.0645182629,0.00226622866
513.866667,-0.0644427219,0.00226710965
513.9,-0.0643671516,0.00226799047
513.933333,-0.0642915519,0.00226887114
513.966667,-0.0642159229,0.00227012954
514,-0.0641402519,0.00227104943
514.033333,-0.0640645503,0.00227195786
514.066667,-0.0639888183,0.00227289114
514.1,-0.0639130553,0.00227422338
514.133333,-0.0638372478,0.00227518674
514.166667,-0.0637614083,0.00227606557
514.2,-0.0636855394,0.00227694424
514.233333,-0.0636096413,0.00227811078
514.266667,-0.0635337043,0.00227911763
514.3,-0.0634577337,0.00227999552
514.333333,-0.0633817338,0.00228087324
514.366667,-0.0633057047,0.00228199408
514.4,-0.0632296383,0.00228304432
514.433333,-0.0631535368,0.00228401439
514.466667,-0.063077403,0.00228498994
514.5,-0.0630012366,0.00228607437
514.533333,-0.0629250342,0.00228716777
514.566667,-0.0628487952,0.00228804365
514.6,-0.0627725271,0.00228891937
514.633333,-0.0626962298,0.00228994893
514.666667,-0.0626198982,0.00229108552
514.7,-0.0625435286,0.00229196045
514.733333,-0.06246713,0.00229283522
514.766667,-0.0623907021,0.00229381935
514.8,-0.0623142415,0.0022950951
514.833333,-0.0622377383,0.0022960347
514.866667,-0.0621612038,0.00229694736
514.9,-0.0620846389,0.00229788603
514.933333,-0.0620080427,0.00229910857
514.966667,-0.0619314058,0.00229998148
515,-0.0618547397,0.00230085423
515.033333,-0.0617780446,0.00230174767
515.066667,-0.0617013196,0.00230301311
515.1,-0.0616245525,0.00230388507
515.133333,-0.0615477564,0.0023047638
515.166667,-0.0614709309,0.00230565216
515.2,-0.0613940758,0.00230709007
515.233333,-0.0613171728,0.00230798429
515.266667,-0.06124024,0.00230885502
515.3,-0.0611632782,0.00230972558
515.333333,-0.0610862873,0.00231094151
515.366667,-0.061009256,0.00231187886
515.4,-0.0609321933,0.00231274863
515.433333,-0.0608551017,0.00231361823
515.466667,-0.0607779811,0.00231478879
515.5,-0.0607008215,0.00231576916
515.533333,-0.0606236292,0.00231669814
515.566667,-0.0605464059,0.00231765008
515.6,-0.0604691509,0.00231883115
515.633333,-0.0603918565,0.00231985433
515.666667,-0.060314528,0.00232072206
515.7,-0.0602371706,0.00232158963
515.733333,-0.0601597843,0.00232266956
515.766667,-0.060082362,0.00232373557
515.8,-0.0600049041,0.00232460234
515.833333,-0.0599274174,0.00232546894
515.866667,-0.0598499018,0.00232650378
515.9,-0.0597723516,0.00232765735
515.933333,-0.0596947631,0.0023286103
515.966667,-0.0596171427,0.00232954263
516,-0.0595394913,0.00233053234
516.033333,-0.0594618069,0.00233168356
516.066667,-0.0593840841,0.00233254828
516.1,-0.0593063325,0.00233341284
516.133333,-0.0592285521,0.00233435765
516.166667,-0.0591507401,0.0023355514
516.2,-0.0590728884,0.00233641516
516.233333,-0.0589950079,0.00233727875
516.266667,-0.0589170986,0.00233817875
516.3,-0.0588391593,0.00233957631
516.333333,-0.0587611735,0.00234046453
516.366667,-0.058683158,0.00234133825
516.4,-0.0586051134,0.00234220058
516.433333,-0.05852704,0.00234346462
516.466667,-0.0584489245,0.00234433347
516.5,-0.0583707801,0.002345195
516.533333,-0.0582926069,0.00234605637
516.566667,-0.058214405,0.00234727536
516.6,-0.0581361625,0.00234818687
516.633333,-0.0580578896,0.00234908011
516.666667,-0.057979587,0.00234999884
516.7,-0.0579012537,0.00235127926
516.733333,-0.0578228777,0.00235223321
516.766667,-0.0577444699,0.00235309268
516.8,-0.0576660335,0.00235395198
516.833333,-0.0575875684,0.00235508101
516.866667,-0.0575090657,0.00235607742
516.9,-0.0574305298,0.00235693591
516.933333,-0.0573519653,0.00235779424
516.966667,-0.0572733721,0.00235887851
517,-0.0571947429,0.00235991729
517.033333,-0.057116079,0.00236087273
517.066667,-0.0570373832,0.00236182836
517.1,-0.0569586556,0.00236286841
517.133333,-0.0568798933,0.0023639493
517.166667,-0.056801095,0.00236480572
517.2,-0.0567222681,0.00236566197
517.233333,-0.0566434127,0.00236665688
517.266667,-0.0565645242,0.00236777993
517.3,-0.0564855982,0.00236863537
517.333333,-0.0564066437,0.00236949064
517.366667,-0.0563276606,0.00237044109
517.4,-0.0562486459,0.00237171053
517.433333,-0.0561695889,0.00237262364
517.466667,-0.0560905015,0.00237351095
517.5,-0.0560113844,0.00237441691
517.533333,-0.0559322372,0.0023756238
517.566667,-0.0558530497,0.00237647716
517.6,-0.0557738338,0.00237733034
517.633333,-0.0556945895,0.00237819204
517.666667,-0.0556153164,0.00237944078
517.7,-0.0555360017,0.00238029315
517.733333,-0.0554566586,0.00238115589
517.766667,-0.0553772868,0.00238203208
517.8,-0.0552978857,0.00238341436
517.833333,-0.0552184386,0.00238430012
517.866667,-0.0551389619,0.00238515121
517.9,-0.0550594568,0.00238600213
517.933333,-0.0549799234,0.00238717895
517.966667,-0.0549003508,0.00238810679
518,-0.0548207472,0.0023889569
518.033333,-0.0547411153,0.00238980683
518.066667,-0.0546614551,0.00239093923
518.1,-0.0545817571,0.00239190906
518.133333,-0.0545020268,0.00239282282
518.166667,-0.0544222661,0.00239375676
518.2,-0.0543424742,0.00239488994
518.233333,-0.0542626445,0.00239590151
518.266667,-0.0541827811,0.00239674951
518.3,-0.0541028895,0.00239759735
518.333333,-0.0540229696,0.00239864107
518.366667,-0.0539430149,0.00239969442
518.4,-0.0538630251,0.00240054143
518.433333,-0.053783007,0.00240138827
518.466667,-0.0537029607,0.00240238787
518.5,-0.0536228811,0.00240353608
518.533333,-0.0535427633,0.00240446371
518.566667,-0.0534626145,0.00240536886
518.6,-0.0533824355,0.00240632432
518.633333,-0.0533022247,0.00240746076
518.666667,-0.053221976,0.00240830566
518.7,-0.0531416992,0.00240915038
518.733333,-0.0530613942,0.00241006192
518.766667,-0.0529810588,0.00241123984
518.8,-0.0529006841,0.00241208373
518.833333,-0.0528202813,0.00241292746
518.866667,-0.0527398504,0.00241379518
518.9,-0.0526593905,0.00241518354
518.933333,-0.0525788844,0.00241604359
518.966667,-0.0524983496,0.00241689341
519,-0.0524177865,0.00241773584
519.033333,-0.0523371953,0.00241895912
519.066667,-0.0522565634,0.00241981944
519.1,-0.0521759027,0.00242066104
519.133333,-0.052095214,0.00242150247
519.166667,-0.0520144973,0.00242268168
519.2,-0.0519337412,0.00242358361
519.233333,-0.0518529551,0.00242446096
519.266667,-0.0517721397,0.00242536381
519.3,-0.0516912943,0.00242659267
519.333333,-0.0516104078,0.00242753597
519.366667,-0.05152949,0.00242837544
519.4,-0.0514485441,0.00242921474
519.433333,-0.0513675703,0.00243030595
519.466667,-0.0512865601,0.00243129065
519.5,-0.0512055171,0.00243212911
519.533333,-0.0511244461,0.00243296741
519.566667,-0.0510433472,0.00243401486
519.6,-0.0509622134,0.00243504862
519.633333,-0.0508810451,0.00243598067
519.666667,-0.0507998457,0.00243690776
519.7,-0.0507186155,0.00243791139
519.733333,-0.0506373518,0.00243897843
519.766667,-0.0505560525,0.00243981475
519.8,-0.0504747253,0.0024406509
519.833333,-0.0503933703,0.00244161098
519.866667,-0.0503119833,0.00244271909
519.9,-0.0502305593,0.00244355441
519.933333,-0.0501491075,0.00244438955
519.966667,-0.0500676278,0.00244530616
520,-0.0499861176,0.00244656751
520.033333,-0.0499045654,0.00244745334
520.066667,-0.0498229836,0.00244831506
520.1,-0.0497413731,0.00244918818
520.133333,-0.0496597335,0.00245037798
520.166667,-0.0495780542,0.00245121115
520.2,-0.0494963472,0.00245204413
520.233333,-0.0494146124,0.00245287695
520.266667,-0.0493328498,0.00245410162
520.3,-0.0492510464,0.00245493672
520.333333,-0.0491692152,0.00245578283
520.366667,-0.0490873558,0.00245664547
520.4,-0.0490054676,0.00245797237
520.433333,-0.0489235352,0.00245884846
520.466667,-0.0488415736,0.00245967929
520.5,-0.0487595842,0.00246050995
520.533333,-0.0486775672,0.00246164732
520.566667,-0.0485955123,0.00246256442
520.6,-0.0485134269,0.00246339423
520.633333,-0.0484313137,0.00246422387
520.666667,-0.0483491729,0.00246531783
520.7,-0.0482669957,0.00246627584
520.733333,-0.0481847865,0.00246717361
520.766667,-0.0481025473,0.00246808832
520.8,-0.0480202777,0.00246917394
520.833333,-0.0479379719,0.00247017262
520.866667,-0.0478556328,0.00247100026
520.9,-0.0477732662,0.00247182772
520.933333,-0.0476908719,0.00247283501
520.966667,-0.0476084441,0.00247387438
521,-0.0475259816,0.002474701
521.033333,-0.0474434916,0.00247552744
521.066667,-0.047360974,0.00247649162
521.1,-0.0472784243,0.00247763282
521.133333,-0.0471958365,0.00247853424
521.166667,-0.0471132187,0.002479412
521.2,-0.0470305716,0.00248033304
521.233333,-0.0469478939,0.00248145332
521.266667,-0.0468651788,0.00248227776
521.3,-0.0467824362,0.00248310202
521.333333,-0.0466996661,0.00248398016
521.366667,-0.0466168668,0.00248514082
521.4,-0.0465340287,0.00248596423
521.433333,-0.0464511633,0.00248678747
521.466667,-0.0463682703,0.00248762281
521.5,-0.0462853496,0.00248900004
521.533333,-0.0462023829,0.00248983128
521.566667,-0.0461193885,0.00249065693
521.6,-0.0460363666,0.00249147883
521.633333,-0.0459533173,0.002492661
521.666667,-0.0458702286,0.00249351159
521.7,-0.0457871116,0.00249433264
521.733333,-0.0457039672,0.00249515351
521.766667,-0.0456207954,0.00249629262
521.8,-0.0455375856,0.00249718374
521.833333,-0.0454543462,0.00249804451
521.866667,-0.045371078,0.00249893018
521.9,-0.0452877803,0.0025001078
521.933333,-0.0452044434,0.00250103919
521.966667,-0.0451210754,0.00250185804
522,-0.0450376802,0.00250267672
522.033333,-0.0449542576,0.00250372987
522.066667,-0.0448708,0.00250470156
522.1,-0.0447873099,0.00250551938
522.133333,-0.0447037926,0.00250633701
522.166667,-0.044620248,0.00250734742
522.2,-0.0445366698,0.00250837521
522.233333,-0.0444530573,0.00250928231
522.266667,-0.0443694145,0.0025101801
522.3,-0.0442857419,0.00251114772
522.333333,-0.0442020369,0.00251219954
522.366667,-0.044118297,0.00251301515
522.4,-0.0440345298,0.00251383058
522.433333,-0.0439507354,0.00251475567
522.466667,-0.0438669102,0.00251584748
522.5,-0.0437830487,0.00251666204
522.533333,-0.0436991599,0.00251747643
522.566667,-0.043615244,0.00251835909
522.6,-0.0435312987,0.00251961052
522.633333,-0.0434473117,0.00252046834
522.666667,-0.0433632961,0.00252130423
522.7,-0.0432792526,0.00252214443
522.733333,-0.0431951812,0.0025233157
522.766667,-0.0431110706,0.00252412805
522.8,-0.043026933,0.00252494023
522.833333,-0.0429427684,0.00252575222
522.866667,-0.0428585766,0.00252693512
522.9,-0.0427743454,0.00252776044
522.933333,-0.0426900868,0.00252858929
522.966667,-0.0426058005,0.00252943702
523,-0.0425214859,0.00253070885
523.033333,-0.0424371289,0.00253157406
523.066667,-0.0423527431,0.00253238401
523.1,-0.0422683303,0.00253319378
523.133333,-0.0421838905,0.00253429143
523.166667,-0.0420994141,0.00253519655
523.2,-0.0420149076,0.00253600546
523.233333,-0.0419303741,0.00253681418
523.266667,-0.0418458136,0.00253786945
523.3,-0.041761218,0.00253881437
523.333333,-0.0416765908,0.00253969537
523.366667,-0.0415919343,0.00254058965
523.4,-0.041507248,0.00254162812
523.433333,-0.041422527,0.00254261258
523.466667,-0.0413377733,0.00254341925
523.5,-0.0412529926,0.00254422574
523.533333,-0.0411681851,0.00254519641
523.566667,-0.0410833452,0.00254622046
523.6,-0.0409984712,0.00254702607
523.633333,-0.0409135704,0.00254783151
523.666667,-0.0408286426,0.00254876012
523.7,-0.040743684,0.00254989259
523.733333,-0.0406586876,0.00255076697
523.766667,-0.040573662,0.00255161714
523.8,-0.0404886081,0.00255250365
523.833333,-0.0404035246,0.00255360637
523.866667,-0.0403184044,0.00255440975
523.9,-0.0402332574,0.00255521294
523.933333,-0.0401480837,0.0025560576
523.966667,-0.0400628817,0.00255719957
524,-0.0399776418,0.00255800189
524.033333,-0.039892375,0.00255880402
524.066667,-0.0398070816,0.00255960695
524.1,-0.0397217613,0.00256097105
524.133333,-0.0396363956,0.0025617729
524.166667,-0.0395510032,0.00256257412
524.2,-0.0394655841,0.00256337488
524.233333,-0.0393801382,0.00256451564
524.266667,-0.0392946544,0.00256535531
524.3,-0.0392091425,0.00256615519
524.333333,-0.039123604,0.00256695489
524.366667,-0.0390380389,0.00256805364
524.4,-0.0389524371,0.00256893271
524.433333,-0.038866806,0.00256977618
524.466667,-0.0387811468,0.00257064341
524.5,-0.0386954587,0.00257177018
524.533333,-0.038609733,0.0025726884
524.566667,-0.0385239767,0.00257348602
524.6,-0.0384381938,0.00257428346
524.633333,-0.0383523844,0.00257529835
524.666667,-0.0382665411,0.00257625574
524.7,-0.0381806659,0.0025770523
524.733333,-0.0380947642,0.00257784867
524.766667,-0.0380088359,0.00257882187
524.8,-0.0379228752,0.0025798421
524.833333,-0.0378368804,0.00258072331
524.866667,-0.0377508563,0.00258159164
524.9,-0.0376648033,0.0025825231
524.933333,-0.0375787192,0.00258355836
524.966667,-0.0374926005,0.00258435265
525,-0.0374064555,0.00258514676
525.033333,-0.0373202839,0.00258603675
525.066667,-0.0372340827,0.00258711086
525.1,-0.0371478456,0.00258790408
525.133333,-0.0370615822,0.00258869711
525.166667,-0.0369752923,0.00258954573
525.2,-0.0368889741,0.00259078539
525.233333,-0.0368026146,0.00259161451
525.266667,-0.0367162274,0.00259242436
525.3,-0.0366298133,0.00259323159
525.333333,-0.0365433722,0.00259438288
525.366667,-0.0364568928,0.00259517382
525.4,-0.036370387,0.00259596458
525.433333,-0.0362838548,0.00259675515
525.466667,-0.0361972963,0.00259789598
525.5,-0.0361106998,0.00259871033
525.533333,-0.0360240761,0.00259952127
525.566667,-0.0359374254,0.00260035277
525.6,-0.035850747,0.0026015699
525.633333,-0.035764028,0.00260242301
525.666667,-0.0356772806,0.00260321148
525.7,-0.0355905068,0.00260399976
525.733333,-0.0355037069,0.00260505746
525.766667,-0.0354168716,0.00260594934
525.8,-0.0353300066,0.00260673674
525.833333,-0.0352431154,0.00260752394
525.866667,-0.0351561979,0.00260854033
525.9,-0.0350692466,0.00260947088
525.933333,-0.0349822642,0.00261033433
525.966667,-0.0348952531,0.00261120701
526,-0.0348082128,0.00261219876
526.033333,-0.0347211396,0.0026131677
526.066667,-0.034634034,0.0026139528
526.1,-0.0345469022,0.00261473772
526.133333,-0.0344597443,0.00261567164
526.166667,-0.0343725552,0.00261667902
526.2,-0.0342853326,0.00261746304
526.233333,-0.0341980838,0.00261824687
526.266667,-0.0341108089,0.00261913981
526.3,-0.0340235043,0.00262026181
526.333333,-0.0339361622,0.00262110836
526.366667,-0.0338487919,0.00262193077
526.4,-0.0337613942,0.00262278269
526.433333,-0.0336739681,0.00262386644
526.466667,-0.0335865059,0.00262464815
526.5,-0.0334990177,0.00262542967
526.533333,-0.0334115033,0.00262624082
526.566667,-0.033323962,0.00262736267
526.6,-0.0332363832,0.0026281433
526.633333,-0.0331487784,0.00262892656
526.666667,-0.0330611476,0.00262971397
526.7,-0.0329734904,0.0026310233
526.733333,-0.0328857897,0.00263181246
526.766667,-0.0327980626,0.00263259168
526.8,-0.0327103095,0.00263337071
526.833333,-0.0326225305,0.0026344698
526.866667,-0.0325347148,0.00263529732
526.9,-0.0324468716,0.00263607545
526.933333,-0.0323590024,0.00263685339
526.966667,-0.0322711073,0.00263791155
527,-0.0321831769,0.00263877733
527.033333,-0.0320952177,0.00263960279
527.066667,-0.0320072309,0.00264045034
527.1,-0.0319192159,0.0026415267
527.133333,-0.031831165,0.00264243047
527.166667,-0.031743084,0.00264320627
527.2,-0.0316549771,0.00264398189
527.233333,-0.0315668444,0.00264495835
527.266667,-0.0314786791,0.00264590014
527.3,-0.0313904824,0.00264667485
527.333333,-0.0313022599,0.00264744937
527.366667,-0.0312140116,0.00264838523
527.4,-0.0311257321,0.00264939627
527.433333,-0.0310374189,0.00265025071
527.466667,-0.0309490772,0.00265108945
527.5,-0.0308607076,0.00265198465
527.533333,-0.0307723081,0.00265300199
527.566667,-0.0306838747,0.00265377437
527.6,-0.0305954155,0.00265454657
527.633333,-0.0305069307,0.00265540139
527.666667,-0.0304184173,0.00265645642
527.7,-0.0303298687,0.0026572277
527.733333,-0.0302412945,0.00265799879
527.766667,-0.0301526945,0.00265881335
527.8,-0.0300640674,0.00266003932
527.833333,-0.0299753994,0.00266083912
527.866667,-0.0298867048,0.00266162272
527.9,-0.029797984,0.00266239698
527.933333,-0.0297092375,0.00266352685
527.966667,-0.0296204532,0.00266429579
528,-0.0295316434,0.00266506455
528.033333,-0.0294428079,0.00266583311
528.066667,-0.0293539468,0.00266693161
528.1,-0.0292650491,0.0026677338
528.133333,-0.0291761246,0.00266852619
528.166667,-0.0290871737,0.00266934014
528.2,-0.0289981957,0.002670503
528.233333,-0.028909179,0.00267134277
528.266667,-0.0288201342,0.00267210918
528.3,-0.0287310639,0.0026728754
528.333333,-0.028641968,0.00267389296
528.366667,-0.0285528383,0.00267477034
528.4,-0.0284636793,0.00267553564
528.433333,-0.0283744947,0.00267630075
528.466667,-0.0282852847,0.0026772781
528.5,-0.0281960421,0.00267819298
528.533333,-0.028106769,0.00267903808
528.566667,-0.0280174677,0.00267988806
528.6,-0.0279281381,0.00268083359
528.633333,-0.027838777,0.00268178569
528.666667,-0.0277493842,0.00268254864
528.7,-0.0276599659,0.00268331139
528.733333,-0.0275705222,0.00268420848
528.766667,-0.0274810486,0.00268519784
528.8,-0.027391542,0.00268595968
528.833333,-0.02730201,0.00268672132
528.866667,-0.0272124526,0.00268757853
528.9,-0.0271228666,0.00268868829
528.933333,-0.0270332437,0.00268950628
528.966667,-0.0269435935,0.00269030077
529,-0.0268539168,0.00269111806
529.033333,-0.0267642129,0.00269218143
529.066667,-0.0266744735,0.0026929409
529.1,-0.0265847088,0.00269370018
529.133333,-0.0264949188,0.00269447782
529.166667,-0.0264051029,0.00269557811
529.2,-0.0263152502,0.00269633647
529.233333,-0.0262253724,0.00269710053
529.266667,-0.026135469,0.00269787276
529.3,-0.0260455399,0.00269912381
529.333333,-0.0259555691,0.00269990079
529.366667,-0.0258655724,0.0027006577
529.4,-0.0257755505,0.00270141441
529.433333,-0.0256855034,0.00270247163
529.466667,-0.025595421,0.0027032858
529.5,-0.0255053115,0.00270404159
529.533333,-0.0254151767,0.00270479718
529.566667,-0.0253250168,0.00270581458
529.6,-0.025234823,0.00270666582
529.633333,-0.0251446008,0.00270747254
529.666667,-0.0250543517,0.00270829922
529.7,-0.0249640751,0.00270932566
529.733333,-0.0248737642,0.00271021371
529.766667,-0.0247834238,0.00271096712
529.8,-0.0246930582,0.00271172034
529.833333,-0.0246026675,0.00271265825
529.866667,-0.0245122456,0.00271358314
529.9,-0.0244217928,0.00271433543
529.933333,-0.024331315,0.00271508752
529.966667,-0.024240812,0.00271598594
530,-0.0241502792,0.00271698613
530.033333,-0.024059713,0.002717813
530.066667,-0.0239691192,0.002718622
530.1,-0.0238784985,0.0027194809
530.133333,-0.0237878491,0.00272047895
530.166667,-0.0236971665,0.00272122885
530.2,-0.0236064589,0.00272197856
530.233333,-0.0235157262,0.0027227982
530.266667,-0.0234249663,0.00272383275
530.3,-0.0233341719,0.00272458152
530.333333,-0.0232433525,0.0027253301
530.366667,-0.0231525082,0.00272611059
530.4,-0.0230616378,0.00272732095
530.433333,-0.0229707271,0.00272809086
530.466667,-0.0228797907,0.00272884803
530.5,-0.0227888291,0.00272959514
530.533333,-0.0226978426,0.00273069055
530.566667,-0.0226068196,0.00273144272
530.6,-0.0225157715,0.0027321889
530.633333,-0.0224246986,0.00273293488
530.666667,-0.0223336007,0.00273399086
530.7,-0.0222424677,0.00273477968
530.733333,-0.0221513084,0.00273555285
530.766667,-0.0220601233,0.002736348
530.8,-0.0219689117,0.00273745707
530.833333,-0.0218776631,0.00273828227
530.866667,-0.021786387,0.00273902605
530.9,-0.0216950862,0.00273976963
530.933333,-0.0216037605,0.00274074691
530.966667,-0.0215124023,0.00274160854
531,-0.0214210153,0.00274235118
531.033333,-0.0213296036,0.00274309362
531.066667,-0.0212381672,0.00274403182
531.1,-0.0211466994,0.00274492974
531.133333,-0.0210552018,0.00274575567
531.166667,-0.0209636766,0.00274658188
531.2,-0.0208721239,0.00274748172
531.233333,-0.0207805411,0.00274841566
531.266667,-0.0206889273,0.00274915589
531.3,-0.0205972888,0.00274989593
531.333333,-0.0205056256,0.00275075612
531.366667,-0.0204139337,0.00275172613
531.4,-0.0203222095,0.00275246522
531.433333,-0.0202304606,0.00275320411
531.466667,-0.0201386872,0.00275402556
531.5,-0.0200468863,0.00275512127
531.533333,-0.019955049,0.00275591004
531.566667,-0.0198631853,0.00275667644
531.6,-0.0197712961,0.00275745912
531.633333,-0.0196793808,0.00275850071
531.666667,-0.0195874307,0.00275923738
531.7,-0.0194954562,0.00275997385
531.733333,-0.019403457,0.00276071801
531.766667,-0.0193114331,0.00276179531
531.8,-0.0192193733,0.00276253084
531.833333,-0.0191272889,0.00276327512
531.866667,-0.0190351797,0.00276403084
531.9,-0.0189430454,0.00276522407
531.933333,-0.0188508712,0.00276598767
531.966667,-0.0187586716,0.00276672172
532,-0.0186664476,0.00276745556
532.033333,-0.0185741991,0.00276847073
532.066667,-0.0184819167,0.00276927032
532.1,-0.0183896077,0.00277000322
532.133333,-0.0182972743,0.00277073592
532.166667,-0.0182049164,0.00277171241
532.2,-0.018112526,0.00277254787
532.233333,-0.0180201077,0.00277333511
532.266667,-0.0179276632,0.00277413977
532.3,-0.0178351919,0.00277511681
532.333333,-0.017742688,0.00277598786
532.366667,-0.0176501551,0.00277671832
532.4,-0.0175575978,0.00277744858
532.433333,-0.0174650162,0.00277834787
532.466667,-0.0173724046,0.00277925455
532.5,-0.0172797628,0.00277998386
532.533333,-0.0171870966,0.00278071297
532.566667,-0.0170944062,0.00278157393
532.6,-0.0170016871,0.00278256157
532.633333,-0.016908935,0.00278336008
532.666667,-0.0168161563,0.00278413924
532.7,-0.0167233517,0.00278496181
532.733333,-0.0166305196,0.00278593922
532.766667,-0.016537655,0.00278666608
532.8,-0.0164447661,0.00278739275
532.833333,-0.016351853,0.00278817722
532.866667,-0.0162589138,0.0027891899
532.9,-0.0161659408,0.00278991561
532.933333,-0.0160729436,0.00279064111
532.966667,-0.0159799222,0.00279138759
533,-0.015886876,0.00279258037
533.033333,-0.01579379,0.0027933199
533.066667,-0.0157006793,0.00279405044
533.1,-0.0156075443,0.00279477445
533.133333,-0.0155143851,0.00279582602
533.166667,-0.0154211909,0.00279656483
533.2,-0.0153279721,0.00279728788
533.233333,-0.0152347292,0.00279801073
533.266667,-0.0151414622,0.00279902403
533.3,-0.0150481614,0.00279979827
533.333333,-0.0149548348,0.00280055156
533.366667,-0.014861483,0.00280132667
533.4,-0.0147681055,0.00280238249
533.433333,-0.0146746927,0.00280319189
533.466667,-0.014581253,0.00280391248
533.5,-0.0144877893,0.00280463287
533.533333,-0.0143943015,0.00280556978
533.566667,-0.0143007825,0.00280641437
533.6,-0.0142072354,0.00280713381
533.633333,-0.0141136642,0.00280785304
533.666667,-0.0140200691,0.00280875201
533.7,-0.0139264441,0.00280963807
533.733333,-0.0138327895,0.00281043751
533.766667,-0.0137391082,0.00281123279
533.8,-0.0136454004,0.00281209378
533.833333,-0.013551664,0.00281300824
533.866667,-0.013457897,0.0028137252
533.9,-0.0133641062,0.00281444196
533.933333,-0.0132702915,0.00281526526
533.966667,-0.0131764493,0.00281621456
534,-0.0130825755,0.00281693035
534.033333,-0.0129886778,0.00281764595
534.066667,-0.0128947563,0.00281843167
534.1,-0.0128008085,0.00281951147
534.133333,-0.0127068248,0.00282027041
534.166667,-0.0126128158,0.00282100859
534.2,-0.0125187822,0.0028217567
534.233333,-0.0124247236,0.00282277511
534.266667,-0.0123306311,0.00282348843
534.3,-0.0122365149,0.00282420154
534.333333,-0.0121423748,0.00282491446
534.366667,-0.012048211,0.00282596306
534.4,-0.0119540122,0.00282667735
534.433333,-0.0118597896,0.00282740126
534.466667,-0.0117655429,0.00282813915
534.5,-0.0116712716,0.00282927511
534.533333,-0.0115769625,0.00283002413
534.566667,-0.0114826283,0.00283073476
534.6,-0.0113882705,0.00283144519
534.633333,-0.011293889,0.00283241821
534.666667,-0.011199475,0.00283320199
534.7,-0.011105035,0.00283391145
534.733333,-0.0110105713,0.0028346207
534.766667,-0.0109160839,0.0028355562
534.8,-0.0108215654,0.00283637462
534.833333,-0.0107270195,0.00283714164
534.866667,-0.0106324482,0.00283792317
534.9,-0.0105378507,0.00283885141
534.933333,-0.0104432223,0.00283970418
534.966667,-0.0103485655,0.00284041114
535,-0.0102538852,0.00284111791
535.033333,-0.0101591812,0.00284197855
535.066667,-0.0100644486,0.00284286571
535.1,-0.00996968642,0.0028435715
535.133333,-0.00987490071,0.00284427708
535.166667,-0.00978009147,0.00284510056
535.2,-0.00968525479,0.00284607394
535.233333,-0.00959038565,0.00284684337
535.266667,-0.00949549088,0.0028475926
535.3,-0.00940057112,0.00284837888
535.333333,-0.00930562516,0.00284933427
535.366667,-0.00921064735,0.00285003756
535.4,-0.0091156461,0.00285074064
535.433333,-0.00902062141,0.00285149
535.466667,-0.00892557174,0.00285247942
535.5,-0.0088304891,0.00285318153
535.533333,-0.00873538305,0.00285388343
535.566667,-0.0086402536,0.00285459598
535.6,-0.0085451004,0.00285576918
535.633333,-0.00844990809,0.00285647789
535.666667,-0.00835469216,0.00285718162
535.7,-0.00825945278,0.00285788199
535.733333,-0.00816419004,0.0028588896
535.766667,-0.00806889372,0.00285961384
535.8,-0.00797357326,0.00286031323
535.833333,-0.00787822949,0.00286101242
535.866667,-0.00778286241,0.00286198293
535.9,-0.00768746298,0.00286274137
535.933333,-0.00759203826,0.0028634741
535.966667,-0.00749658913,0.00286422798
536,-0.00740111486,0.00286523114
536.033333,-0.00730560716,0.00286602349
536.066667,-0.00721007304,0.00286672037
536.1,-0.00711451569,0.00286741704
536.133333,-0.00701893513,0.00286831352
536.166667,-0.00692332467,0.00286913982
536.2,-0.00682768668,0.00286983551
536.233333,-0.0067320255,0.00287053099
536.266667,-0.00663634113,0.00287139072
536.3,-0.00654062811,0.00287226409
536.333333,-0.00644488597,0.00287303543
536.366667,-0.00634911812,0.00287379894
536.4,-0.00625332482,0.00287462188
536.433333,-0.0061575041,0.00287551553
536.466667,-0.00606165358,0.0028762087
536.5,-0.00596577995,0.00287690166
536.533333,-0.00586988323,0.0028776881
536.566667,-0.0057739603,0.00287861533
536.6,-0.00567800645,0.0028793073
536.633333,-0.00558202954,0.00287999906
536.666667,-0.00548602957,0.00288074912
536.7,-0.0053900046,0.00288181114
536.733333,-0.00529394423,0.0028825397
536.766667,-0.00519785957,0.00288324953
536.8,-0.00510175126,0.00288396317
536.833333,-0.00500561915,0.00288495699
536.866667,-0.00490945392,0.00288564643
536.9,-0.0048132657,0.00288633566
536.933333,-0.00471705451,0.00288702469
536.966667,-0.00462082036,0.00288802868
537,-0.00452455274,0.00288872844
537.033333,-0.00442826179,0.00288943137
537.066667,-0.00433194741,0.00289015018
537.1,-0.00423560907,0.00289122946
537.133333,-0.00413923475,0.0028919627
537.166667,-0.004042836,0.00289264939
537.2,-0.00394641435,0.00289333588
537.233333,-0.00384996982,0.00289426666
537.266667,-0.00375349427,0.0028950334
537.3,-0.00365699315,0.0028957189
537.333333,-0.00356046919,0.00289640418
537.366667,-0.00346392238,0.00289729865
537.4,-0.00336734576,0.00289809877
537.433333,-0.00327074247,0.00289884481
537.466667,-0.00317411431,0.00289960215
537.5,-0.0030774609,0.00290048223
537.533333,-0.00298077816,0.00290131542
537.566667,-0.00288406765,0.00290199837
537.6,-0.00278733437,0.00290268111
537.633333,-0.00269057833,0.00290350312
537.666667,-0.0025937949,0.00290436945
537.7,-0.00249698258,0.00290505119
537.733333,-0.00240014754,0.00290573273
537.766667,-0.00230328978,0.00290651878
537.8,-0.00220640582,0.00290747612
537.833333,-0.00210948995,0.00290821583
537.866667,-0.00201254943,0.00290893504
537.9,-0.00191558492,0.00290968509
537.933333,-0.00181859542,0.00291061711
537.966667,-0.00172157485,0.0029112963
538,-0.00162453164,0.00291197528
538.033333,-0.0015274658,0.00291268963
538.066667,-0.00143037614,0.0029136544
538.1,-0.00133325433,0.00291433239
538.133333,-0.00123610992,0.00291501016
538.166667,-0.00113894291,0.00291568891
538.2,-0.00104175328,0.0029168405
538.233333,-0.000944525265,0.00291751801
538.266667,-0.000847274665,0.00291819477
538.3,-0.000750001506,0.00291887098
538.333333,-0.000652705807,0.00291983453
538.366667,-0.000555377989,0.00292054302
538.4,-0.000458026555,0.00292121823
538.433333,-0.000360652614,0.00292189324
538.466667,-0.000263256173,0.0029228209
538.5,-0.00016582881,0.00292356232
538.533333,-6.83767324e-005,0.00292427382
538.566667,2.90990615e-005,0.00292500532
538.6,0.000126599239,0.00292595646
538.633333,0.000224131121,0.00292673052
538.666667,0.000321688805,0.00292740316
538.7,0.00041926891,0.00292807559
538.733333,0.00051687143,0.00292893164
538.766667,0.000614502485,0.00292973837
538.8,0.00071216043,0.0029304098
538.833333,0.000809840757,0.00293108102
538.866667,0.000907543457,0.00293190154
538.9,0.00100527351,0.00293276056
538.933333,0.00110303219,0.00293350305
538.966667,0.00120081563,0.00293423475
539,0.00129862345,0.00293501969
539.033333,0.00139645744,0.00293589121
539.066667,0.00149432048,0.00293656006
539.1,0.00159220582,0.0029372287
539.133333,0.00169011344,0.00293797836
539.166667,0.00178804605,0.00293888218
539.2,0.00188600879,0.00293954981
539.233333,0.00198399379,0.00294021724
539.266667,0.00208200103,0.00294093174
539.3,0.00218003209,0.00294197406
539.333333,0.00227809789,0.00294267176
539.366667,0.00237618695,0.00294335311
539.4,0.00247429872,0.00294403242
539.433333,0.00257243313,0.00294500025
539.466667,0.00267059981,0.0029456653
539.5,0.00276878865,0.00294633014
539.533333,0.00286699965,0.00294699477
539.566667,0.00296523281,0.00294795406
539.6,0.00306349795,0.00294863812
539.633333,0.00316178589,0.00294931946
539.666667,0.00326009653,0.00295001796
539.7,0.00335843047,0.0029510412
539.733333,0.00345679851,0.00295175745
539.766667,0.00355519042,0.00295241969
539.8,0.00365360441,0.00295308173
539.833333,0.00375204047,0.00295397026
539.866667,0.00385050614,0.00295471873
539.9,0.00394899677,0.00295537975
539.933333,0.00404750943,0.00295604056
539.966667,0.00414604411,0.002956894
540,0.00424460725,0.00295767456
540.033333,0.0043431964,0.00295839887
540.066667,0.00444180969,0.00295913099
540.1,0.00454044739,0.00295996358
540.133333,0.00463911284,0.00296077592
540.166667,0.00473780538,0.00296143434
540.2,0.00483651985,0.00296209256
540.233333,0.00493525627,0.00296287599
540.266667,0.00503401881,0.00296372018
540.3,0.00513280948,0.00296437737
540.333333,0.00523162206,0.00296503436
540.366667,0.00533045654,0.00296578307
540.4,0.00542931597,0.00296672258
540.433333,0.00552820672,0.00296743197
540.466667,0.00562712112,0.00296812108
540.5,0.00572605849,0.00296883503
540.533333,0.00582501966,0.00296974231
540.566667,0.00592401107,0.0029703969
540.6,0.0060230243,0.00297105128
540.633333,0.00612205934,0.00297173075
540.666667,0.00622111703,0.00297266949
540.7,0.00632020602,0.00297332285
540.733333,0.00641931678,0.00297397825
540.766667,0.00651844939,0.00297463692
540.8,0.00661760395,0.0029757331
540.833333,0.00671679506,0.00297639289
540.866667,0.00681600815,0.00297704466
540.9,0.00691524297,0.00297769621
540.933333,0.00701449951,0.00297861566
540.966667,0.0071137867,0.00297930721
541,0.00721309694,0.00297995774
541.033333,0.00731242887,0.00298060805
541.066667,0.00741178247,0.00298149285
541.1,0.00751116556,0.00298221603
541.133333,0.00761057276,0.00298290561
541.166667,0.00771000295,0.00298361363
541.2,0.00780945674,0.00298451344
541.233333,0.00790894052,0.00298526796
541.266667,0.00800844945,0.00298591586
541.3,0.00810797998,0.00298656356
541.333333,0.0082075321,0.00298737921
541.366667,0.00830711141,0.0029881651
541.4,0.00840671691,0.00298881178
541.433333,0.00850634397,0.00298945823
541.466667,0.00860599258,0.0029902396
541.5,0.00870566723,0.00299108261
541.533333,0.00880536998,0.00299179554
541.566667,0.0089050965,0.0029924954
541.6,0.00900484635,0.00299324243
541.633333,0.0091046211,0.0029940905
541.666667,0.00920442411,0.00299473455
541.7,0.0093042486,0.00299537838
541.733333,0.00940409454,0.00299609137
541.766667,0.00950396426,0.00299697044
541.8,0.00960386327,0.00299761324
541.833333,0.00970378371,0.00299825583
541.866667,0.00980372557,0.00299893491
541.9,0.00990369007,0.00299995561
541.933333,0.0100036886,0.00300062201
541.966667,0.0101037093,0.00300127478
542,0.0102037518,0.00300191993
542.033333,0.0103038158,0.00300286038
542.066667,0.0104039112,0.00300350055
542.1,0.0105040278,0.0030041405
542.133333,0.0106041659,0.00300478024
542.166667,0.0107043252,0.0030056948
542.2,0.010804515,0.00300636197
542.233333,0.0109047271,0.00300702112
542.266667,0.0110049611,0.0030076981
542.3,0.0111052177,0.00300866601
542.333333,0.0112055066,0.00300936406
542.366667,0.0113058187,0.00301000137
542.4,0.0114061521,0.00301063846
542.433333,0.0115065067,0.00301148476
542.466667,0.0116068896,0.00301221372
542.5,0.0117072967,0.00301284978
542.533333,0.011807725,0.00301348563
542.566667,0.0119081745,0.00301429808
542.6,0.0120086511,0.00301505782
542.633333,0.0121091531,0.00301575963
542.666667,0.0122096784,0.00301646556
542.7,0.0123102272,0.00301725138
542.733333,0.0124108023,0.0030180416
542.766667,0.0125114037,0.00301867501
542.8,0.0126120262,0.0030193082
542.833333,0.0127126698,0.00302005316
542.866667,0.0128133382,0.0030208739
542.9,0.012914034,0.00302150606
542.933333,0.0130147509,0.003022138
542.966667,0.0131154888,0.0030228495
543,0.0132162505,0.00302376937
543.033333,0.0133170428,0.0030244479
543.066667,0.0134178577,0.00302510686
543.1,0.0135186946,0.00302578485
543.133333,0.0136195541,0.00302666604
543.166667,0.013720443,0.00302729555
543.2,0.0138213528,0.00302792483
543.233333,0.0139222836,0.00302856961
543.266667,0.014023236,0.00302948094
543.3,0.0141242187,0.00303010919
543.333333,0.0142252223,0.00303074201
543.366667,0.014326247,0.0030313814
543.4,0.0144272931,0.00303241808
543.433333,0.0145283737,0.00303306104
543.466667,0.0146294757,0.00303368767
543.5,0.0147305986,0.00303431407
543.533333,0.0148317424,0.00303518943
543.566667,0.0149329154,0.00303586283
543.6,0.0150341108,0.0030364882
543.633333,0.0151353271,0.00303711335
543.666667,0.0152365642,0.0030379553
543.7,0.0153378294,0.00303865902
543.733333,0.015439118,0.003039326
543.766667,0.0155404289,0.00304000947
543.8,0.0156417626,0.00304085869
543.833333,0.0157431245,0.00304159241
543.866667,0.0158445109,0.00304221511
543.9,0.0159459181,0.00304283759
543.933333,0.016047346,0.00304361293
543.966667,0.0161487998,0.00304437671
544,0.016250279,0.00304499815
544.033333,0.0163517789,0.00304561937
544.066667,0.0164532996,0.00304636169
544.1,0.016554845,0.00304718697
544.133333,0.0166564179,0.00304786971
544.166667,0.0167580135,0.00304853772
544.2,0.0168596315,0.00304924698
544.233333,0.016961273,0.00305007028
544.266667,0.017062942,0.00305068904
544.3,0.0171646317,0.00305130758
544.333333,0.0172663419,0.00305198407
544.366667,0.0173680747,0.00305283704
544.4,0.017469836,0.00305345453
544.433333,0.0175716178,0.00305407181
544.466667,0.0176734202,0.00305471567
544.5,0.017775244,0.00305571277
544.533333,0.0178771011,0.00305634753
544.566667,0.0179789794,0.00305697161
544.6,0.0180808784,0.00305758725
544.633333,0.018182798,0.00305849005
544.666667,0.0182847477,0.0030591093
544.7,0.018386718,0.00305972389
544.733333,0.0184887088,0.00306033826
544.766667,0.0185907201,0.00306120812
544.8,0.0186927603,0.00306185721
544.833333,0.0187948222,0.00306249354
544.866667,0.0188969053,0.00306314786
544.9,0.0189990103,0.00306406119
544.933333,0.0191011456,0.00306473983
544.966667,0.0192033036,0.00306535173
545,0.019305482,0.00306596341
545.033333,0.0194076808,0.00306676754
545.066667,0.0195099064,0.00306747576
545.1,0.0196121556,0.00306808638
545.133333,0.0197144251,0.00306869679
545.166667,0.019816715,0.00306946835
545.2,0.0199190306,0.00307020602
545.233333,0.0200213708,0.00307088455
545.266667,0.0201237337,0.00307156338
545.3,0.0202261191,0.0030723032
545.333333,0.0203285292,0.00307307
545.366667,0.0204309649,0.00307367793
545.4,0.0205334208,0.00307428564
545.433333,0.020635897,0.00307499226
545.466667,0.0207383967,0.00307578825
545.5,0.020840923,0.00307639491
545.533333,0.0209434695,0.00307700134
545.566667,0.0210460362,0.00307767578
545.6,0.0211486254,0.00307857416
545.633333,0.0212512446,0.00307922136
545.666667,0.0213538853,0.00307985012
545.7,0.0214565469,0.00308049234
545.733333,0.02155923,0.00308134611
545.766667,0.0216619416,0.00308195006
545.8,0.0217646732,0.00308255379
545.833333,0.021867425,0.00308316408
545.866667,0.0219701972,0.00308404664
545.9,0.0220729987,0.00308464931
545.933333,0.0221758204,0.003085259
545.966667,0.0222786623,0.00308587788
546,0.0223815249,0.00308685582
546.033333,0.0224844201,0.00308748078
546.066667,0.0225873361,0.0030880818
546.1,0.0226902722,0.0030886826
546.133333,0.0227932283,0.0030895139
546.166667,0.0228962121,0.00309016797
546.2,0.0229992177,0.00309076771
546.233333,0.0231022433,0.00309136723
546.266667,0.0232052888,0.00309216642
546.3,0.0233083611,0.00309284946
546.333333,0.023411456,0.00309349312
546.366667,0.0235145725,0.00309415104
546.4,0.0236177108,0.00309495044
546.433333,0.0237208759,0.00309566214
546.466667,0.0238240646,0.00309625916
546.5,0.0239272732,0.00309685596
546.533333,0.0240305018,0.00309759111
546.566667,0.0241337548,0.00309833153
546.6,0.0242370325,0.00309892726
546.633333,0.0243403301,0.00309952278
546.666667,0.0244436475,0.00310022621
546.7,0.0245469884,0.00310103204
546.733333,0.0246503561,0.003101684
546.766667,0.0247537456,0.00310232016
546.8,0.0248571563,0.00310299181
546.833333,0.0249605893,0.00310378904
546.866667,0.025064049,0.00310438206
546.9,0.0251675284,0.00310497485
546.933333,0.0252710275,0.00310561504
546.966667,0.025374548,0.00310644058
547,0.025478096,0.00310703231
547.033333,0.0255816638,0.00310762381
547.066667,0.0256852513,0.00310823266
547.1,0.025788859,0.00310920418
547.133333,0.0258924991,0.003109807
547.166667,0.0259961594,0.00311040231
547.2,0.0260998395,0.00311099215
547.233333,0.0262035392,0.003111849
547.266667,0.0263072675,0.00311245034
547.3,0.0264110158,0.00311303911
547.333333,0.0265147838,0.00311362766
547.366667,0.0266185714,0.00311445286
547.4,0.0267223865,0.00311508269
547.433333,0.0268262226,0.00311569558
547.466667,0.0269300791,0.00311632614
547.5,0.0270339566,0.00311718569
547.533333,0.0271378628,0.00311784371
547.566667,0.027241791,0.00311842975
547.6,0.0273457386,0.00311901556
547.633333,0.0274497058,0.00311977762
547.666667,0.0275536984,0.00312046388
547.7,0.0276577138,0.00312104862
547.733333,0.0277617488,0.00312163314
547.766667,0.0278658032,0.00312236393
547.8,0.027969882,0.00312308324
547.833333,0.0280739848,0.00312373265
547.866667,0.0281781092,0.00312437874
547.9,0.0282822552,0.00312507822
547.933333,0.0283864245,0.00312582033
547.966667,0.0284906185,0.00312640233
548,0.0285948319,0.0031269841
548.033333,0.0286990647,0.00312765257
548.066667,0.0288033198,0.00312842252
548.1,0.0289076005,0.00312900322
548.133333,0.0290119006,0.0031295837
548.166667,0.0291162201,0.0031302213
548.2,0.0292205608,0.00313109631
548.233333,0.0293249307,0.00313171177
548.266667,0.0294293211,0.00313231029
548.3,0.0295337314,0.00313291698
548.333333,0.029638162,0.00313374197
548.366667,0.02974262,0.00313431992
548.4,0.0298470974,0.00313489764
548.433333,0.029951594,0.00313547514
548.466667,0.0300561098,0.00313632471
548.5,0.030160654,0.00313690278
548.533333,0.0302652174,0.00313748878
548.566667,0.0303698003,0.00313808596
548.6,0.0304744032,0.00313900599
548.633333,0.0305790367,0.00313961178
548.666667,0.0306836905,0.00314018674
548.7,0.0307883634,0.00314076149
548.733333,0.0308930554,0.00314154883
548.766667,0.0309977737,0.00314218237
548.8,0.0311025131,0.00314275603
548.833333,0.0312072716,0.00314332948
548.866667,0.0313120493,0.00314408602
548.9,0.0314168522,0.00314474716
548.933333,0.0315216771,0.00314536682
548.966667,0.0316265226,0.0031459982
549,0.0317313892,0.00314674862
549.033333,0.0318362809,0.00314743705
549.066667,0.0319411954,0.00314800796
549.1,0.032046129,0.00314857864
549.133333,0.0321510816,0.00314927377
549.166667,0.0322560574,0.00314998955
549.2,0.0323610571,0.00315055914
549.233333,0.0324660757,0.00315112852
549.266667,0.0325711133,0.00315179324
549.3,0.0326761731,0.00315257786
549.333333,0.0327812591,0.00315319852
549.366667,0.0328863657,0.00315380285
549.4,0.0329914924,0.00315443711
549.433333,0.0330966403,0.00315520697
549.466667,0.0332018139,0.00315577379
549.5,0.0333070064,0.0031563404
549.533333,0.0334122177,0.00315694452
549.566667,0.0335174492,0.00315774131
549.6,0.0336227072,0.00315830683
549.633333,0.0337279841,0.00315887213
549.666667,0.0338332799,0.00315944624
549.7,0.0339385947,0.00316039016
549.733333,0.0340439411,0.00316096081
549.766667,0.0341493064,0.00316152727
549.8,0.0342546907,0.00316209087
549.833333,0.0343600937,0.00316290185
549.866667,0.0344655238,0.00316348412
549.9,0.0345709732,0.00316404664
549.933333,0.0346764415,0.00316460893
549.966667,0.0347819284,0.00316538957
550,0.0348874414,0.00316599897
550.033333,0.0349929747,0.00316658778
550.066667,0.0350985276,0.00316719353
550.1,0.0352041008,0.00316800013
550.133333,0.0353097008,0.00316863634
550.166667,0.035415322,0.00316919607
550.2,0.0355209618,0.00316975558
550.233333,0.0356266204,0.00317047573
550.266667,0.0357323029,0.0031711388
550.3,0.0358380075,0.00317169722
550.333333,0.0359437308,0.00317225541
550.366667,0.0360494726,0.00317294562
550.4,0.0361552375,0.0031736458
550.433333,0.0362610256,0.00317426458
550.466667,0.0363668345,0.00317487712
550.5,0.0364726637,0.00317553733
550.533333,0.0365785149,0.0031762535
550.566667,0.0366843901,0.00317680913
550.6,0.0367902837,0.00317736454
550.633333,0.0368961959,0.00317799508
550.666667,0.037002129,0.00317873769
550.7,0.0371080869,0.003179292
550.733333,0.0372140633,0.00317984609
550.766667,0.0373200582,0.00318044709
550.8,0.0374260731,0.00318129686
550.833333,0.0375321163,0.00318188023
550.866667,0.037638179,0.00318244848
550.9,0.0377442606,0.0031830199
550.933333,0.0378503613,0.00318381479
550.966667,0.0379564885,0.0031843663
551,0.038062634,0.0031849176
551.033333,0.0381687979,0.00318546866
551.066667,0.0382749802,0.00318627175
551.1,0.0383811893,0.00318683087
551.133333,0.038487417,0.00318739263
551.166667,0.0385936634,0.00318796696
551.2,0.038699929,0.00318882992
551.233333,0.0388062233,0.00318941537
551.266667,0.0389125371,0.00318996387
551.3,0.0390188693,0.00319051213
551.333333,0.0391252197,0.00319125565
551.366667,0.0392315948,0.00319186746
551.4,0.0393379904,0.00319241463
551.433333,0.0394444043,0.00319296158
551.466667,0.0395508363,0.00319367563
551.5,0.0396572922,0.00319431367
551.533333,0.0397637693,0.0031949086
551.566667,0.0398702662,0.00319551255
551.6,0.0399767833,0.00319621483
551.633333,0.0400833238,0.00319687877
551.666667,0.0401898864,0.00319742313
551.7,0.0402964672,0.00319796727
551.733333,0.0404030661,0.00319862258
551.766667,0.0405096869,0.00319931248
551.8,0.0406163306,0.00319985552
551.833333,0.0407229925,0.00320039832
551.866667,0.0408296724,0.00320102457
551.9,0.0409363732,0.00320178621
551.933333,0.0410430994,0.0032023751
551.966667,0.0411498453,0.00320294762
552,0.0412566102,0.00320354475
552.033333,0.041363395,0.00320428593
552.066667,0.0414702046,0.00320482616
552.1,0.0415770321,0.00320536615
552.133333,0.0416838776,0.00320593449
552.166667,0.0417907421,0.00320670121
552.2,0.0418976322,0.00320724011
552.233333,0.0420045402,0.00320777877
552.266667,0.0421114661,0.00320831844
552.3,0.0422184101,0.00320923273
552.333333,0.0423253845,0.00320977106
552.366667,0.0424323769,0.00321030858
552.4,0.0425393871,0.00321084553
552.433333,0.0426464153,0.00321161076
552.466667,0.042753469,0.00321217281
552.5,0.0428605415,0.00321270865
552.533333,0.0429676317,0.00321324427
552.566667,0.0430747399,0.00321398051
552.6,0.0431818726,0.00321456828
552.633333,0.0432890248,0.0032151324
552.666667,0.0433961959,0.00321571231
552.7,0.0435033863,0.00321646686
552.733333,0.0436106019,0.00321708005
552.766667,0.0437178379,0.00321761307
552.8,0.0438250917,0.00321814586
552.833333,0.0439323632,0.0032188243
552.866667,0.0440396573,0.00321946295
552.9,0.0441469728,0.00321999464
552.933333,0.0442543059,0.00322052609
552.966667,0.0443616568,0.00322117594
553,0.0444690293,0.00322185531
553.033333,0.0445764245,0.0032224429
553.066667,0.0446838393,0.00322302196
553.1,0.0447912733,0.00322364315
553.133333,0.0448987281,0.00322433211
553.166667,0.0450062058,0.00322486096
553.2,0.0451137012,0.00322538959
553.233333,0.0452212142,0.00322598246
553.266667,0.0453287469,0.00322669646
553.3,0.0454363035,0.00322722398
553.333333,0.0455438776,0.00322775127
553.366667,0.0456514693,0.00322831595
553.4,0.0457590799,0.00322913855
553.433333,0.0458667178,0.00322968955
553.466667,0.0459743741,0.00323022752
553.5,0.0460820484,0.00323076399
553.533333,0.0461897405,0.00323152744
553.566667,0.0462974581,0.00323205212
553.6,0.0464051932,0.00323257657
553.633333,0.0465129457,0.00323310079
553.666667,0.0466207157,0.00323385754
553.7,0.046728511,0.00323439655
553.733333,0.0468363242,0.00323493353
553.766667,0.0469441553,0.0032354839
553.8,0.0470520048,0.00323629072
553.833333,0.0471598812,0.00323685466
553.866667,0.0472677763,0.00323737627
553.9,0.0473756888,0.00323789764
553.933333,0.0474836188,0.00323859753
553.966667,0.047591572,0.00323918643
554,0.0476995449,0.0032397067
554.033333,0.0478075351,0.00324022673
554.066667,0.0479155427,0.00324089851
554.1,0.0480235726,0.00324151223
554.133333,0.048131623,0.00324208172
554.166667,0.0482396924,0.00324265737
554.2,0.048347781,0.00324331243
554.233333,0.0484558914,0.00324395064
554.266667,0.0485640231,0.00324446806
554.3,0.048672172,0.00324498525
554.333333,0.0487803382,0.003245601
554.366667,0.0488885249,0.00324626376
554.4,0.0489967337,0.00324677983
554.433333,0.0491049597,0.00324729568
554.466667,0.0492132029,0.00324788372
554.5,0.0493214657,0.00324862056
554.533333,0.049429753,0.00324917729
554.566667,0.049538059,0.00324971805
554.6,0.0496463829,0.00325027834
554.633333,0.0497547255,0.00325098956
554.666667,0.0498630918,0.00325150278
554.7,0.0499714752,0.00325201577
554.733333,0.0500798758,0.00325254863
554.766667,0.0501882941,0.00325328398
554.8,0.0502967369,0.00325379586
554.833333,0.0504051967,0.00325430918
554.866667,0.0505136737,0.00325482488
554.9,0.0506221679,0.00325568376
554.933333,0.0507306906,0.00325619997
554.966667,0.0508392306,0.0032567101
555,0.0509477876,0.00325721999
555.033333,0.0510563616,0.00325793965
555.066667,0.0511649596,0.00325848031
555.1,0.0512735756,0.00325898909
555.133333,0.0513822086,0.00325949763
555.166667,0.0514908585,0.00326018966
555.2,0.0515995315,0.00326075464
555.233333,0.0517082233,0.00326129341
555.266667,0.0518169331,0.00326184654
555.3,0.0519256613,0.00326254996
555.333333,0.052034413,0.00326313894
555.366667,0.0521431843,0.00326364485
555.4,0.0522519725,0.00326415053
555.433333,0.0523607775,0.00326478749
555.466667,0.0524696037,0.00326540052
555.5,0.0525784504,0.00326590507
555.533333,0.0526873139,0.0032664094
555.566667,0.0527961942,0.00326701913
555.6,0.0529050949,0.00326767602
555.633333,0.0530140174,0.0032682319
555.666667,0.0531229585,0.00326877757
555.7,0.0532319177,0.00326936003
555.733333,0.0533408964,0.00327002052
555.766667,0.0534498971,0.0032705222
555.8,0.0535589145,0.00327102366
555.833333,0.0536679486,0.00327157916
555.866667,0.0537770012,0.00327226328
555.9,0.0538860767,0.00327276361
555.933333,0.0539951688,0.00327326371
555.966667,0.0541042776,0.00327379241
556,0.054213404,0.0032745859
556.033333,0.0543225569,0.00327510432
556.066667,0.054431727,0.003275612
556.1,0.0545409141,0.00327611385
556.133333,0.0546501179,0.00327684457
556.166667,0.054759346,0.00327734202
556.2,0.0548685908,0.00327783924
556.233333,0.0549778521,0.00327833623
556.266667,0.0550871299,0.00327904681
556.3,0.0551964315,0.00327956458
556.333333,0.0553057503,0.0032800762
556.366667,0.0554150862,0.00328060156
556.4,0.0555244396,0.00328135319
556.433333,0.055633818,0.00328189446
556.466667,0.0557432145,0.0032823888
556.5,0.0558526275,0.0032828829
556.533333,0.0559620569,0.00328353938
556.566667,0.0560715082,0.00328410419
556.6,0.0561809784,0.00328459717
556.633333,0.0562904649,0.00328508991
556.666667,0.0563999679,0.00328571965
556.7,0.0565094919,0.00328630786
556.733333,0.0566190355,0.00328685119
556.766667,0.0567285972,0.00328739774
556.8,0.0568381771,0.0032880065
556.833333,0.0569477774,0.00328861777
556.866667,0.0570573979,0.00328910786
556.9,0.0571670349,0.00328959772
556.933333,0.0572766881,0.00329017419
556.966667,0.0573863606,0.00329080859
557,0.0574960542,0.00329129731
557.033333,0.0576057641,0.00329178581
557.066667,0.0577154903,0.00329233596
557.1,0.0578252349,0.00329304619
557.133333,0.0579350031,0.00329357042
557.166667,0.0580447887,0.00329407946
557.2,0.0581545914,0.00329460324
557.233333,0.0582644115,0.00329528324
557.266667,0.0583742543,0.00329576907
557.3,0.0584841132,0.00329625467
557.333333,0.0585939884,0.00329675241
557.366667,0.0587038801,0.0032974551
557.4,0.0588137953,0.00329793956
557.433333,0.0589237266,0.0032984274
557.466667,0.0590336742,0.00329892014
557.5,0.0591436382,0.00329971961
557.533333,0.0592536289,0.00330021471
557.566667,0.059363636,0.00330069741
557.6,0.0594736593,0.00330117987
557.633333,0.0595836986,0.00330185417
557.666667,0.0596937604,0.0033023723
557.7,0.0598038395,0.00330285363
557.733333,0.0599139346,0.00330333473
557.766667,0.0600240458,0.00330398278
557.8,0.0601341785,0.0033045238
557.833333,0.0602443293,0.00330503659
557.866667,0.0603544972,0.00330556203
557.9,0.0604646826,0.00330621528
557.933333,0.0605748898,0.00330677887
557.966667,0.0606851157,0.0033072573
558,0.0607953577,0.00330773549
558.033333,0.0609056155,0.00330833124
558.066667,0.0610158932,0.00330891744
558.1,0.0611261905,0.0033093945
558.133333,0.0612365036,0.00330987132
558.166667,0.0613468327,0.00331044124
558.2,0.0614571807,0.00331107392
558.233333,0.0615675498,0.00331159764
558.266667,0.0616779364,0.00331211004
558.3,0.0617883401,0.00331265407
558.333333,0.0618987619,0.00331328486
558.366667,0.0620092047,0.00331375901
558.4,0.0621196634,0.00331423292
558.433333,0.0622301378,0.0033147514
558.466667,0.0623406295,0.00331540437
558.5,0.062451143,0.00331587715
558.533333,0.0625616722,0.00331634969
558.566667,0.0626722172,0.00331684275
558.6,0.0627827786,0.00331760518
558.633333,0.0628933655,0.00331809088
558.666667,0.0630039685,0.00331856826
558.7,0.0631145874,0.00331903902
558.733333,0.0632252221,0.00331972942
558.766667,0.0633358797,0.00332020243
558.8,0.0634465531,0.00332067205
558.833333,0.0635572422,0.00332114143
558.866667,0.0636679469,0.00332180608
558.9,0.0637786738,0.00332230147
558.933333,0.0638894172,0.00332278717
558.966667,0.0640001767,0.00332328651
559,0.064110953,0.00332398395
559.033333,0.0642217524,0.0033245014
559.066667,0.0643325691,0.0033249681
559.1,0.0644434014,0.00332543456
559.133333,0.0645542492,0.00332604789
559.166667,0.0646651175,0.00332658744
559.2,0.0647760037,0.00332705277
559.233333,0.0648869055,0.00332751785
559.266667,0.0649978228,0.00332810584
559.3,0.0651087596,0.00332866735
559.333333,0.0652197152,0.00332918379
559.366667,0.065330688,0.00332970049
559.4,0.065441678,0.00333026393
559.433333,0.0655526868,0.00333084705
559.466667,0.065663715,0.00333130945
559.5,0.0657747587,0.00333177161
559.533333,0.0658858177,0.00333230914
559.566667,0.0659968947,0.00333291394
559.6,0.0661079918,0.00333337496
559.633333,0.0662191043,0.00333383574
559.666667,0.0663302322,0.00333434834
559.7,0.0664413771,0.00333503013
559.733333,0.0665525448,0.0033355216
559.766667,0.0666637289,0.00333599897
559.8,0.0667749288,0.00333648661
559.833333,0.0668861451,0.00333713411
559.866667,0.0669973829,0.0033375922
559.9,0.0671086359,0.00333805005
559.933333,0.0672199043,0.00333851306
559.966667,0.067331188,0.00333918181
560,0.0674424941,0.00333963851
560.033333,0.0675538154,0.00334010037
560.066667,0.0676651521,0.00334056905
560.1,0.0677765044,0.00334131013
560.133333,0.0678878814,0.003341783
560.166667,0.0679992741,0.00334223792
560.2,0.0681106821,0.00334269259
560.233333,0.0682221051,0.00334332178
560.266667,0.0683335492,0.00334381624
560.3,0.0684450097,0.00334426977
560.333333,0.0685564854,0.00334472306
560.366667,0.0686679762,0.00334532741
560.4,0.0687794871,0.00334584332
560.433333,0.0688910152,0.00334632948
560.466667,0.0690025595,0.00334682637
560.5,0.0691141204,0.00334743046
560.533333,0.0692257014,0.00334796748
560.566667,0.0693373003,0.00334841807
560.6,0.0694489143,0.00334886842
560.633333,0.0695605432,0.00334942329
560.666667,0.0696721907,0.00334998147
560.7,0.0697838567,0.00335043067
560.733333,0.0698955377,0.00335087963
560.766667,0.0700072337,0.00335141007
560.8,0.0701189474,0.00335201683
560.833333,0.0702306813,0.003352508
560.866667,0.0703424315,0.00335298724
560.9,0.0704541978,0.00335349321
560.933333,0.0705659809,0.00335409307
560.966667,0.070677784,0.00335453932
561,0.070789602,0.00335498534
561.033333,0.0709014348,0.00335546717
561.066667,0.0710132837,0.00335608776
561.1,0.0711251533,0.00335653262
561.133333,0.0712370377,0.00335697725
561.166667,0.071348937,0.00335743508
561.2,0.0714608515,0.00335816449
561.233333,0.0715727903,0.00335861737
561.266667,0.0716847442,0.00335906446
561.3,0.071796713,0.00335950729
561.333333,0.0719086966,0.00336015062
561.366667,0.0720207016,0.00336060157
561.4,0.0721327217,0.00336104324
561.433333,0.0722447564,0.00336148468
561.466667,0.0723568059,0.00336210366
561.5,0.0724688761,0.00336257554
561.533333,0.0725809619,0.00336303475
561.566667,0.0726930631,0.00336350712
561.6,0.07280518,0.0033641514
561.633333,0.0729173183,0.00336464388
561.666667,0.0730294731,0.0033650826
561.7,0.0731416426,0.00336552108
561.733333,0.0732538266,0.00336609157
561.766667,0.0733660297,0.00336660469
561.8,0.0734782498,0.00336704202
561.833333,0.0735904845,0.0033674791
561.866667,0.0737027338,0.00336802567
561.9,0.0738150014,0.00336856283
561.933333,0.0739272868,0.00336904805
561.966667,0.0740395884,0.00336953081
562,0.0741519061,0.00337005339
562.033333,0.0742642412,0.00337060717
562.066667,0.0743765948,0.00337104154
562.1,0.0744889628,0.00337147566
562.133333,0.0746013453,0.00337197461
562.166667,0.0747137445,0.0033725486
562.2,0.0748261628,0.00337298157
562.233333,0.0749385955,0.0033734143
562.266667,0.0750510427,0.00337388974
562.3,0.0751635056,0.00337454122
562.333333,0.0752759904,0.00337499973
562.366667,0.0753884903,0.00337544551
562.4,0.0755010052,0.00337589741
562.433333,0.0756135351,0.00337651118
562.466667,0.0757260855,0.00337694118
562.5,0.0758386502,0.00337737094
562.533333,0.0759512292,0.00337780046
562.566667,0.0760638226,0.00337843235
562.6,0.076176437,0.00337886178
562.633333,0.0762890657,0.00337929718
562.666667,0.0764017089,0.00337974073
562.7,0.076514367,0.0033804245
562.733333,0.0766270478,0.00338087403
562.766667,0.0767397436,0.00338130082
562.8,0.0768524536,0.00338172737
562.833333,0.0769651779,0.00338231176
562.866667,0.0770779216,0.00338278142
562.9,0.077190681,0.00338320681
562.933333,0.0773034545,0.00338363196
562.966667,0.0774162423,0.00338419293
563,0.0775290487,0.00338468256
563.033333,0.0776418714,0.00338514144
563.066667,0.0777547095,0.00338560899
563.1,0.0778675631,0.00338616496
563.133333,0.0779804353,0.00338667424
563.166667,0.0780933244,0.00338709666
563.2,0.0782062276,0.00338751884
563.233333,0.0783191449,0.00338803317
563.266667,0.0784320794,0.00338856215
563.3,0.0785450315,0.00338898316
563.333333,0.0786579976,0.00338940393
563.366667,0.0787709777,0.00338989528
563.4,0.0788839742,0.00339047436
563.433333,0.07899699,0.00339093267
563.466667,0.0791100211,0.00339137887
563.5,0.0792230671,0.00339184717
563.533333,0.0793361286,0.00339241488
563.566667,0.0794492091,0.00339283292
563.6,0.0795623036,0.00339325071
563.633333,0.0796754119,0.0033936963
563.666667,0.0797885351,0.00339428327
563.7,0.0799016779,0.0033946999
563.733333,0.0800148346,0.00339511629
563.766667,0.0801280051,0.00339553931
563.8,0.0802411898,0.00339623372
563.833333,0.0803543975,0.00339665378
563.866667,0.0804676193,0.0033970706
563.9,0.080580855,0.00339748516
563.933333,0.0806941045,0.00339808171
563.966667,0.0808073739,0.00339850949
564,0.0809206576,0.00339892289
564.033333,0.081033955,0.00339933605
564.066667,0.0811472662,0.00339990968
564.1,0.0812605965,0.00340035693
564.133333,0.0813739418,0.00340078908
564.166667,0.0814873014,0.00340123357
564.2,0.0816006758,0.00340182578
564.233333,0.08171407,0.00340229215
564.266667,0.0818274798,0.00340270256
564.3,0.0819409032,0.00340311273
564.333333,0.0820543403,0.00340364073
564.366667,0.082167795,0.00340412628
564.4,0.0822812659,0.00340453528
564.433333,0.0823947504,0.00340494404
564.466667,0.0825082485,0.00340544956
564.5,0.0826217635,0.00340596157
564.533333,0.0827352955,0.0034064143
564.566667,0.0828488427,0.00340686245
564.6,0.0829624048,0.00340734541
564.633333,0.0830759829,0.00340786866
564.666667,0.0831895786,0.00340827467
564.7,0.0833031877,0.00340868044
564.733333,0.0834168104,0.0034091412
564.766667,0.0835304484,0.00340968319
564.8,0.0836441045,0.00341008779
564.833333,0.0837577741,0.00341049214
564.866667,0.0838714572,0.00341093085
564.9,0.0839851549,0.00341155016
564.933333,0.0840988732,0.00341197556
564.966667,0.0842126058,0.00341238982
565,0.0843263521,0.00341280643
565.033333,0.0844401123,0.00341338523
565.066667,0.0845538918,0.00341378683
565.1,0.0846676847,0.00341418818
565.133333,0.084781491,0.00341458929
565.166667,0.0848953106,0.00341517385
565.2,0.0850091497,0.00341558031
565.233333,0.0851230024,0.00341598874
565.266667,0.0852368687,0.00341640617
565.3,0.0853507489,0.00341703374
565.333333,0.08546465,0.00341745882
565.366667,0.0855785653,0.00341785717
565.4,0.0856924939,0.00341825528
565.433333,0.0858064358,0.00341879521
565.466667,0.0859203956,0.00341923893
565.5,0.0860343702,0.00341963587
565.533333,0.0861483581,0.00342003256
565.566667,0.0862623592,0.00342055051
565.6,0.0863763775,0.00342101274
565.633333,0.0864904113,0.00342144369
565.666667,0.0866044594,0.00342188115
565.7,0.0867185221,0.00342239008
565.733333,0.0868326018,0.00342287047
565.766667,0.0869466975,0.0034232644
565.8,0.0870608063,0.00342365808
565.833333,0.0871749282,0.00342413229
565.866667,0.087289066,0.00342463089
565.9,0.0874032203,0.0034250234
565.933333,0.0875173878,0.00342541567
565.966667,0.0876315683,0.00342586833
566,0.0877457639,0.00342641797
566.033333,0.0878599778,0.00342684317
566.066667,0.0879742059,0.00342725648
566.1,0.0880884478,0.00342768754
566.133333,0.0882027041,0.0034282219
566.166667,0.0883169781,0.0034286114
566.2,0.0884312652,0.00342900066
566.233333,0.0885455652,0.00342941046
566.266667,0.0886598789,0.00342996261
566.3,0.088774211,0.00343035069
566.333333,0.088888556,0.00343073852
566.366667,0.0890029139,0.00343112721
566.4,0.0891172849,0.00343178463
566.433333,0.0892316777,0.00343217193
566.466667,0.0893460834,0.00343255848
566.5,0.089460502,0.00343294448
566.533333,0.0895749335,0.00343349458
566.566667,0.0896893833,0.0034338981
566.6,0.0898038466,0.00343428292
566.633333,0.0899183227,0.00343466749
566.666667,0.0900328116,0.00343519613
566.7,0.0901473181,0.00343561763
566.733333,0.0902618387,0.00343602215
566.766667,0.0903763728,0.00343643792
566.8,0.0904909207,0.00343697916
566.833333,0.0906054867,0.0034374183
566.866667,0.0907200673,0.0034378001
566.9,0.0908346607,0.00343818166
566.933333,0.0909492667,0.00343866756
566.966667,0.091063889,0.00343912439
567,0.0911785264,0.00343950477
567.033333,0.0912931766,0.0034398849
567.066667,0.0914078394,0.00344034977
567.1,0.0915225178,0.00344083499
567.133333,0.0916372123,0.00344125484
567.166667,0.0917519207,0.00344166858
567.2,0.091866643,0.00344211235
567.233333,0.0919813801,0.0034426039
567.266667,0.0920961336,0.00344298125
567.3,0.0922108996,0.00344335836
567.333333,0.0923256782,0.00344378139
567.366667,0.0924404709,0.00344429019
567.4,0.0925552806,0.00344466611
567.433333,0.0926701028,0.00344504179
567.466667,0.0927849375,0.00344544422
567.5,0.0928997857,0.00344602948
567.533333,0.0930146533,0.00344642171
567.566667,0.0931295341,0.00344680454
567.6,0.0932444275,0.00344718632
567.633333,0.0933593338,0.00344772894
567.666667,0.0934742581,0.00344810184
567.7,0.0935891948,0.00344847449
567.733333,0.0937041439,0.00344884689
567.766667,0.0938191055,0.00344938446
567.8,0.093934085,0.00344976686
567.833333,0.0940490772,0.00345014784
567.866667,0.0941640821,0.00345053819
567.9,0.0942791001,0.00345111072
567.933333,0.0943941371,0.00345151024
567.966667,0.0945091874,0.00345187986
568,0.0946242501,0.00345224924
568.033333,0.0947393251,0.00345274509
568.066667,0.0948544166,0.00345316177
568.1,0.094969522,0.00345352996
568.133333,0.0950846396,0.0034538979
568.166667,0.0951997696,0.00345437323
568.2,0.0953149153,0.00345480693
568.233333,0.0954300756,0.00345520929
568.266667,0.0955452492,0.00345561598
568.3,0.0956604364,0.00345607896
568.333333,0.095775639,0.00345652931
568.366667,0.0958908567,0.00345689447
568.4,0.0960060865,0.00345725937
568.433333,0.0961213285,0.00345769388
568.466667,0.0962365849,0.00345816096
568.5,0.096351857,0.00345852468
568.533333,0.0964671411,0.00345888815
568.566667,0.0965824374,0.00345930257
568.6,0.0966977475,0.00345982101
568.633333,0.0968130749,0.0034602129
568.666667,0.0969284153,0.00346059345
568.7,0.0970437684,0.00346098774
568.733333,0.0971591347,0.00346148758
568.766667,0.0972745176,0.00346184826
568.8,0.0973899125,0.0034622087
568.833333,0.0975053195,0.00346258319
568.866667,0.0976207389,0.00346309931
568.9,0.0977361756,0.00346345856
568.933333,0.0978516242,0.00346381868
568.966667,0.0979670848,0.0034641803
569,0.0980825575,0.00346478288
569.033333,0.0981980502,0.00346514442
569.066667,0.0983135551,0.00346550181
569.1,0.0984290718,0.00346585895
569.133333,0.0985446004,0.00346636299
569.166667,0.0986601458,0.00346674116
569.2,0.0987757039,0.00346709711
569.233333,0.0988912738,0.00346745282
569.266667,0.0990068556,0.00346793686
569.3,0.0991224534,0.00346833151
569.333333,0.0992380645,0.00346870782
569.366667,0.0993536881,0.00346909408
569.4,0.0994693246,0.0034695855
569.433333,0.0995849774,0.0034699963
569.466667,0.099700644,0.0034703492
569.5,0.0998163223,0.00347070186
569.533333,0.0999320123,0.0034711461
569.566667,0.100047717,0.00347157308
569.6,0.100163436,0.00347192455
569.633333,0.100279167,0.00347227576
569.666667,0.10039491,0.00347270043
569.7,0.100510666,0.00347315719
569.733333,0.100626438,0.00347354386
569.766667,0.100742223,0.0034739234
569.8,0.10085802,0.00347432844
569.833333,0.100973831,0.00347478714
569.866667,0.101089658,0.00347513555
569.9,0.101205496,0.00347548372
569.933333,0.101321345,0.00347586949
569.966667,0.101437207,0.00347634393
570,0.101553085,0.0034766909
570.033333,0.101668975,0.00347703763
570.066667,0.101784876,0.00347740427
570.1,0.10190079,0.00347795359
570.133333,0.102016722,0.00347831265
570.166667,0.102132665,0.00347866413
570.2,0.102248621,0.00347901161
570.233333,0.102364588,0.00347951685
570.266667,0.102480572,0.00347986077
570.3,0.102596567,0.00348020444
570.333333,0.102712574,0.00348054786
570.366667,0.102828592,0.00348103884
570.4,0.102944627,0.0034813961
570.433333,0.103060673,0.00348174912
570.466667,0.103176732,0.00348211151
570.5,0.103292802,0.00348263018
570.533333,0.10340889,0.00348300306
570.566667,0.10352499,0.00348334367
570.6,0.103641101,0.00348368404
570.633333,0.103757224,0.00348413624
570.666667,0.103873362,0.00348452477
570.7,0.103989513,0.00348486394
570.733333,0.104105675,0.00348520286
570.766667,0.104221848,0.00348563602
570.8,0.104338036,0.00348604006
570.833333,0.104454238,0.00348641317
570.866667,0.104570451,0.00348678847
570.9,0.104686678,0.00348720665
570.933333,0.104802918,0.00348762584
570.966667,0.104919172,0.00348796194
571,0.105035437,0.0034882978
571.033333,0.105151714,0.00348869308
571.066667,0.105268004,0.00348912748
571.1,0.105384308,0.00348946214
571.133333,0.105500623,0.00348979655
571.166667,0.10561695,0.00349017323
571.2,0.105733289,0.00349065867
571.233333,0.105849644,0.00349101713
571.266667,0.105966012,0.00349136509
571.3,0.10608239,0.00349172311
571.333333,0.106198781,0.00349218726
571.366667,0.106315188,0.00349251885
571.4,0.106431605,0.00349285019
571.433333,0.106548033,0.0034931899
571.466667,0.106664473,0.00349366882
571.5,0.106780928,0.00349399896
571.533333,0.106897395,0.00349433126
571.566667,0.107013873,0.00349466673
571.6,0.107130362,0.00349521126
571.633333,0.107246869,0.00349554789
571.666667,0.107363387,0.00349587616
571.7,0.107479916,0.00349620418
571.733333,0.107596456,0.00349666258
571.766667,0.107713012,0.00349701433
571.8,0.107829579,0.00349734115
571.833333,0.107946157,0.00349766772
571.866667,0.108062746,0.0034981076
571.9,0.108179349,0.00349847432
571.933333,0.108295965,0.00349882184
571.966667,0.108412593,0.00349917786
572,0.108529232,0.00349962064
572.033333,0.108645886,0.00350000198
572.066667,0.108762553,0.00350032573
572.1,0.10887923,0.00350064923
572.133333,0.108995918,0.00350105227
572.166667,0.10911262,0.00350144829
572.2,0.109229335,0.00350177059
572.233333,0.109346061,0.00350209263
572.266667,0.109462797,0.00350247759
572.3,0.109579547,0.00350290419
572.333333,0.10969631,0.00350325745
572.366667,0.109813085,0.003503603
572.4,0.109929872,0.00350396981
572.433333,0.110046671,0.00350439451
572.466667,0.110163484,0.00350471373
572.5,0.110280308,0.0035050327
572.533333,0.110397142,0.00350538172
572.566667,0.110513988,0.00350582066
572.6,0.110630849,0.00350613842
572.633333,0.11074772,0.00350645594
572.666667,0.110864602,0.00350678732
572.7,0.110981495,0.00350729881
572.733333,0.111098405,0.00350762476
572.766667,0.111215326,0.003507945
572.8,0.111332257,0.00350826063
572.833333,0.111449199,0.00350872346
572.866667,0.111566157,0.00350904008
572.9,0.111683125,0.00350935452
572.933333,0.111800103,0.0035096687
572.966667,0.111917092,0.00351011352
573,0.112034096,0.00351044458
573.033333,0.112151111,0.00351076915
573.066667,0.112268137,0.00351110272
573.1,0.112385173,0.00351156877
573.133333,0.112502226,0.00351191393
573.166667,0.112619289,0.00351222528
573.2,0.112736364,0.00351253638
573.233333,0.112853448,0.0035129454
573.266667,0.112970546,0.0035133047
573.3,0.113087657,0.0035136146
573.333333,0.113204777,0.00351392424
573.366667,0.113321908,0.0035143157
573.4,0.113439052,0.00351468899
573.433333,0.113556208,0.0035150322
573.466667,0.113673376,0.00351537555
573.5,0.113790555,0.00351575006
573.533333,0.113907747,0.00351613698
573.566667,0.114024951,0.00351644379
573.6,0.114142166,0.00351675035
573.633333,0.114259391,0.00351710691
573.666667,0.114376628,0.00351750752
573.7,0.114493878,0.00351781287
573.733333,0.114611139,0.00351811797
573.766667,0.114728409,0.00351845742
573.8,0.114845691,0.00351890808
573.833333,0.114962988,0.00351923305
573.866667,0.115080296,0.00351954858
573.9,0.115197614,0.00351987087
573.933333,0.115314943,0.00352029818
573.966667,0.115432286,0.00352060044
574,0.11554964,0.00352090244
574.033333,0.115667003,0.00352120791
574.066667,0.115784377,0.00352164847
574.1,0.115901765,0.00352194927
574.133333,0.116019163,0.00352225331
574.166667,0.116136572,0.00352256169
574.2,0.11625399,0.00352304945
574.233333,0.116371425,0.00352336011
574.266667,0.116488871,0.00352365902
574.3,0.116606326,0.00352395768
574.333333,0.116723791,0.0035243709
574.366667,0.11684127,0.00352469516
574.4,0.11695876,0.00352499261
574.433333,0.11707626,0.00352528981
574.466667,0.11719377,0.003525686
574.5,0.117311292,0.00352602371
574.533333,0.117428827,0.00352634186
574.566667,0.117546371,0.00352666696
574.6,0.117663927,0.00352706231
574.633333,0.117781496,0.00352741312
574.666667,0.117899076,0.00352770747
574.7,0.118016666,0.00352800157
574.733333,0.118134266,0.00352836391
574.766667,0.118251878,0.00352872787
574.8,0.118369503,0.00352902076
574.833333,0.118487137,0.0035293134
574.866667,0.118604781,0.00352965916
574.9,0.118722436,0.00353005392
574.933333,0.118840104,0.00353037358
574.966667,0.118957783,0.00353068538
575,0.119075473,0.00353101449
575.033333,0.119193173,0.00353140408
575.066667,0.119310887,0.00353169387
575.1,0.11942861,0.0035319834
575.133333,0.119546343,0.00353229622
575.166667,0.119664086,0.00353269852
575.2,0.119781843,0.00353298684
575.233333,0.119899609,0.00353327492
575.266667,0.120017385,0.00353357159
575.3,0.12013517,0.00353404335
575.333333,0.120252972,0.00353433633
575.366667,0.120370783,0.00353462542
575.4,0.120488604,0.0035349116
575.433333,0.120606434,0.00353532724
575.466667,0.120724279,0.00353561814
575.5,0.120842132,0.00353590311
575.533333,0.120959996,0.00353618782
575.566667,0.121077869,0.00353658696
575.6,0.121195755,0.00353689077
575.633333,0.121313651,0.00353718639
575.666667,0.121431558,0.00353749035
575.7,0.121549474,0.00353790504
575.733333,0.121667404,0.00353822142
575.766667,0.121785345,0.00353850328
575.8,0.121903295,0.00353878489
575.833333,0.122021254,0.00353915122
575.866667,0.122139226,0.00353948022
575.9,0.122257209,0.00353976061
575.933333,0.122375201,0.00354004075
575.966667,0.122493202,0.00354039103
576,0.122611215,0.00354073464
576.033333,0.12272924,0.00354104509
576.066667,0.122847275,0.00354135391
576.1,0.12296532,0.00354168806
576.133333,0.123083376,0.00354204162
576.166667,0.123201444,0.0035423189
576.2,0.123319521,0.00354259593
576.233333,0.123437608,0.00354291432
576.266667,0.123555705,0.00354328003
576.3,0.123673814,0.00354355585
576.333333,0.123791933,0.00354383141
576.366667,0.123910061,0.00354413419
576.4,0.124028198,0.00354454827
576.433333,0.12414635,0.00354483976
576.466667,0.124264511,0.00354512303
576.5,0.124382682,0.00354541016
576.533333,0.124500862,0.0035457995
576.566667,0.124619056,0.0035460722
576.6,0.124737258,0.00354634465
576.633333,0.12485547,0.00354661684
576.666667,0.12497369,0.00354701714
576.7,0.125091924,0.00354728875
576.733333,0.125210167,0.00354756412
576.766667,0.125328419,0.0035478445
576.8,0.125446681,0.00354827681
576.833333,0.125564957,0.00354856046
576.866667,0.125683242,0.00354882979
576.9,0.125801536,0.00354909886
576.933333,0.12591984,0.00354946741
576.966667,0.126038155,0.00354976313
577,0.126156481,0.00355003099
577.033333,0.126274815,0.00355029859
577.066667,0.126393158,0.00355065161
577.1,0.126511513,0.00355095926
577.133333,0.126629879,0.00355124746
577.166667,0.126748254,0.00355154103
577.2,0.126866638,0.00355189018
577.233333,0.126985035,0.00355220938
577.266667,0.127103442,0.00355247412
577.3,0.127221857,0.0035527386
577.333333,0.127340282,0.00355306079
577.366667,0.127458717,0.00355339161
577.4,0.127577164,0.00355365488
577.433333,0.127695619,0.00355391789
577.466667,0.127814083,0.003554225
577.5,0.127932557,0.00355458623
577.533333,0.128051043,0.00355487218
577.566667,0.128169539,0.00355515046
577.6,0.128288044,0.00355544244
577.633333,0.128406559,0.00355579582
577.666667,0.128525085,0.00355605596
577.7,0.12864362,0.00355631585
577.733333,0.128762164,0.00355659304
577.766667,0.128880717,0.00355695759
577.8,0.128999283,0.00355721626
577.833333,0.129117857,0.00355747468
577.866667,0.129236439,0.00355773724
577.9,0.12935503,0.00355816736
577.933333,0.129473636,0.00355842758
577.966667,0.12959225,0.00355868562
578,0.129710873,0.00355894213
578.033333,0.129829504,0.0035593111
578.066667,0.129948148,0.00355957525
578.1,0.130066801,0.00355983053
578.133333,0.130185462,0.00356008557
578.166667,0.130304131,0.00356043954
578.2,0.130422812,0.00356071507
578.233333,0.130541503,0.00356098122
578.266667,0.130660202,0.00356125486
578.3,0.130778911,0.00356161947
578.333333,0.130897631,0.00356190603
578.366667,0.131016362,0.00356215819
578.4,0.1311351,0.00356241009
578.433333,0.131253847,0.00356273429
578.466667,0.131372605,0.00356303192
578.5,0.131491373,0.0035632826
578.533333,0.131610149,0.00356353303
578.566667,0.131728933,0.00356384268
578.6,0.131847728,0.00356415568
578.633333,0.131966533,0.00356443247
578.666667,0.132085348,0.00356470638
578.7,0.132204171,0.00356500142
578.733333,0.132323005,0.00356532054
578.766667,0.132441849,0.00356556809
578.8,0.132560701,0.00356581538
578.833333,0.132679561,0.00356609618
578.866667,0.132798431,0.00356642591
578.9,0.132917312,0.00356667199
578.933333,0.133036201,0.0035669178
578.966667,0.133155098,0.0035671845
579,0.133274005,0.00356756021
579.033333,0.133392923,0.00356781829
579.066667,0.133511851,0.00356806948
579.1,0.133630786,0.00356832204
579.133333,0.13374973,0.00356867233
579.166667,0.133868686,0.00356891526
579.2,0.13398765,0.00356915795
579.233333,0.134106622,0.00356940038
579.266667,0.134225602,0.00356975351
579.3,0.134344594,0.00356999863
579.333333,0.134463594,0.0035702449
579.366667,0.134582602,0.00357049645
579.4,0.134701618,0.00357087465
579.433333,0.134820647,0.00357113027
579.466667,0.134939685,0.00357136981
579.5,0.135058731,0.0035716091
579.533333,0.135177784,0.00357193352
579.566667,0.135296849,0.00357219966
579.6,0.135415922,0.00357243773
579.633333,0.135535003,0.00357267554
579.666667,0.135654093,0.00357298595
579.7,0.135773192,0.00357326248
579.733333,0.135892301,0.00357352016
579.766667,0.136011418,0.00357378164
579.8,0.136130544,0.00357408585
579.833333,0.13624968,0.00357437239
579.866667,0.136368826,0.00357460732
579.9,0.13648798,0.00357484199
579.933333,0.136607141,0.0035751246
579.966667,0.136726312,0.00357542123
580,0.136845493,0.00357565467
580.033333,0.136964681,0.00357588786
580.066667,0.137083877,0.00357615691
580.1,0.137203083,0.00357648291
580.133333,0.137322299,0.00357673509
580.166667,0.137441523,0.00357698011
580.2,0.137560756,0.00357723555
580.233333,0.137679997,0.00357755164
580.266667,0.137799249,0.00357778195
580.3,0.137918508,0.00357801199
580.333333,0.138037775,0.00357825418
580.366667,0.13815705,0.00357857989
580.4,0.138276336,0.00357880871
580.433333,0.13839563,0.00357903728
580.466667,0.138514931,0.00357926635
580.5,0.13863424,0.00357965293
580.533333,0.138753562,0.00357988066
580.566667,0.138872891,0.00358010778
580.6,0.138992228,0.00358033442
580.633333,0.139111573,0.00358065726
580.666667,0.139230928,0.00358089364
580.7,0.139350291,0.00358111906
580.733333,0.139469662,0.00358133931
580.766667,0.13958904,0.00352815068
580.8,0.139706645,0.00344876518
580.833333,0.139821604,0.00334686016
580.866667,0.139933166,0.00320896357
580.9,0.140040131,0.00310933684
580.933333,0.140143776,0.00301814439
580.966667,0.14024438,0.00292905731
581,0.140342016,0.00281260147
581.033333,0.140435769,0.00272115176
581.066667,0.140526474,0.00264141966
581.1,0.140614521,0.00256351879
581.133333,0.140699972,0.00246526262
581.166667,0.140782147,0.00238149306
581.2,0.140861531,0.00231178855
581.233333,0.14093859,0.00224368164
581.266667,0.14101338,0.00216092355
581.3,0.14108541,0.0020843342
581.333333,0.141154888,0.002023421
581.366667,0.141222336,0.00196390103
581.4,0.141287799,0.00189430859
581.433333,0.141350943,0.00182440312
581.466667,0.141411756,0.0017711288
581.5,0.141470794,0.00171907068
581.533333,0.141528096,0.0016606535
581.566667,0.141583451,0.00159695183
581.6,0.141636683,0.00155037765
581.633333,0.141688362,0.00150486452
581.666667,0.141738524,0.00145592154
581.7,0.141787055,0.00139798573
581.733333,0.141833654,0.00135728274
581.766667,0.141878897,0.00131749901
581.8,0.141922814,0.00127657894
581.833333,0.141965366,0.00122390917
581.866667,0.142006163,0.00118831306
581.9,0.142045774,0.00115352451
581.933333,0.142084225,0.00111939178
581.966667,0.142121538,0.00107159291
582,0.142157257,0.00104047348
582.033333,0.14219194,0.00101006156
582.066667,0.142225609,0.000980354934
582.1,0.142258287,0.000939694276
582.133333,0.14228961,0.000911173634
582.166667,0.142319983,0.000884581857
582.2,0.142349469,0.000858602288
582.233333,0.142378089,0.000824205336
582.266667,0.142405562,0.000798003836
582.3,0.142432163,0.000774755185
582.333333,0.142457988,0.000752040532
582.366667,0.142483056,0.000723008843
582.4,0.142507156,0.000698988623
582.433333,0.142530456,0.000678678719
582.466667,0.142553078,0.000658839303
582.5,0.14257504,0.000634380856
582.533333,0.142596186,0.000612402312
582.566667,0.142616599,0.000594630861
582.6,0.14263642,0.000577266057
582.633333,0.142655662,0.000556676739
582.666667,0.142674218,0.000536602983
582.7,0.142692105,0.000521065303
582.733333,0.142709474,0.000505882355
582.766667,0.142726336,0.000488586229
582.8,0.142742623,0.000470295429
582.833333,0.142758299,0.000456729371
582.866667,0.142773524,0.000443467162
582.9,0.142788306,0.000428963612
582.933333,0.142802605,0.000412297168
582.966667,0.142816348,0.000400419331
583,0.142829695,0.000388811566
583.033333,0.142842655,0.0003766752
583.066667,0.142855211,0.000361521649
583.1,0.142867262,0.000351136319
583.133333,0.142878967,0.000340986614
583.166667,0.142890333,0.000330853112
583.2,0.142901361,0.000317133407
583.233333,0.142911932,0.000308055598
583.266667,0.142922201,0.000299181401
583.3,0.142932174,0.000290510554
583.333333,0.142941857,0.000278489576
583.366667,0.14295114,0.000270319935
583.4,0.142960151,0.000262559171
583.433333,0.142968903,0.000254976893
583.466667,0.142977402,0.000244810754
583.5,0.142985562,0.000237297691
583.533333,0.142993472,0.000230520157
583.566667,0.143001156,0.000223904218
583.6,0.14300862,0.00021533782
583.633333,0.143015798,0.000208442943
583.666667,0.143022746,0.000202507921
583.7,0.143029496,0.000196708901
583.733333,0.143036053,0.000189466536
583.766667,0.143042369,0.000183152464
583.8,0.143048474,0.000177962276
583.833333,0.143054406,0.000172890643
583.866667,0.143060169,0.000166791178
583.9,0.143065729,0.000161021601
583.933333,0.143071096,0.000156503495
583.966667,0.143076313,0.000152087172
584,0.143081382,0.000146957834
584.033333,0.143086281,0.000141689154
584.066667,0.143091004,0.000137719035
584.1,0.143095595,0.000133839266
584.133333,0.143100056,0.000129534311
584.166667,0.143104374,0.000124733097
584.2,0.143108531,0.000121260631
584.233333,0.143112573,0.000117866985
584.266667,0.143116502,0.000114260418
584.3,0.143120311,0.000109916816
584.333333,0.143123975,0.000106889869
584.366667,0.143127538,0.000103926458
584.4,0.143131002,0.000100910691
584.433333,0.143134366,9.69391571e-005
584.466667,0.143137597,9.42819726e-005
584.5,0.14314074,9.16847457e-005
584.533333,0.143143796,8.91472118e-005
584.566667,0.143146768,8.55862464e-005
584.6,0.14314962,8.32393153e-005
584.633333,0.143152395,8.09703834e-005
584.666667,0.143155094,7.87574074e-005
584.7,0.143157719,7.57730218e-005
584.733333,0.143160245,7.36109544e-005
584.766667,0.143162699,7.16221598e-005
584.8,0.143165086,6.96788891e-005
584.833333,0.143167409,6.71295732e-005
584.866667,0.143169647,6.514308e-005
584.9,0.143171818,6.34028071e-005
584.933333,0.143173931,6.17021185e-005
584.966667,0.143175988,5.95491308e-005
585,0.143177973,5.77271349e-005
585.033333,0.143179897,5.62190723e-005
585.066667,0.143181771,5.47488085e-005
585.1,0.143183596,5.2939045e-005
585.133333,0.143185361,5.12702084e-005
585.166667,0.14318707,4.9936586e-005
585.2,0.143188734,4.86332266e-005
585.233333,0.143190356,4.71038317e-005
585.266667,0.143191926,4.55784954e-005
585.3,0.143193445,4.44108874e-005
585.333333,0.143194925,4.32696469e-005
585.366667,0.143196368,4.1983629e-005
585.4,0.143197767,4.06047212e-005
585.433333,0.143199121,3.95973557e-005
585.466667,0.14320044,3.86078979e-005
585.5,0.143201727,3.75277666e-005
585.533333,0.143202978,3.62578346e-005
585.566667,0.143204187,3.5362042e-005
585.6,0.143205366,3.44863651e-005
585.633333,0.143206515,3.35816801e-005
585.666667,0.143207635,3.24251309e-005
585.7,0.143208715,3.16402672e-005
585.733333,0.14320977,3.08729684e-005
585.766667,0.143210799,3.0116473e-005
585.8,0.143211803,2.91008403e-005
585.833333,0.143212773,2.84135955e-005
585.866667,0.14321372,2.77409798e-005
585.9,0.143214645,2.70831878e-005
585.933333,0.143215548,2.61787496e-005
585.966667,0.14321642,2.5549441e-005
586,0.143217272,2.4959489e-005
586.033333,0.143218104,2.43827523e-005
586.066667,0.143218917,2.36159061e-005
586.1,0.143219704,2.30357938e-005
586.133333,0.143220472,2.25267671e-005
586.166667,0.143221223,2.2034167e-005
586.2,0.143221957,2.13995054e-005
586.233333,0.14322267,2.08650794e-005
586.266667,0.143223366,2.04105557e-005
586.3,0.143224046,1.99662045e-005
586.333333,0.143224712,1.94163482e-005
586.366667,0.143225359,1.8925584e-005
586.4,0.14322599,1.85265433e-005
586.433333,0.143226607,1.81363017e-005
586.466667,0.143227212,1.76714627e-005
586.5,0.143227801,1.72248442e-005
586.533333,0.143228375,1.68914406e-005
586.566667,0.143228938,1.65634996e-005
586.6,0.14322949,1.61703636e-005
586.633333,0.143230029,1.57568934e-005
586.666667,0.143230555,1.54484569e-005
586.7,0.14323107,1.51468004e-005
586.733333,0.143231574,1.48155734e-005
586.766667,0.143232068,1.44368749e-005
586.8,0.14323255,1.4165499e-005
586.833333,0.143233022,1.3900038e-005
586.866667,0.143233485,1.36210082e-005
586.9,0.143233939,1.32977093e-005
586.933333,0.143234382,1.30662719e-005
586.966667,0.143234818,1.28359815e-005
587,0.143235246,1.26007366e-005
587.033333,0.143235666,1.22831489e-005
587.066667,0.143236075,1.20723776e-005
587.1,0.143236478,1.18660686e-005
587.133333,0.143236873,1.16641968e-005
587.166667,0.143237262,1.13824792e-005
587.2,0.143237641,1.11920556e-005
587.233333,0.143238014,1.10135455e-005
587.266667,0.143238382,1.08425911e-005
587.3,0.143238743,1.06251264e-005
587.333333,0.143239097,1.04476639e-005
587.366667,0.143239445,1.02863409e-005
587.4,0.143239788,1.0128471e-005
587.433333,0.143240126,9.92280188e-006
587.466667,0.143240457,9.75841075e-006
587.5,0.143240782,9.61576266e-006
587.533333,0.143241103,9.4760162e-006
587.566667,0.143241418,9.30035974e-006
587.6,0.143241728,9.14784545e-006
587.633333,0.143242033,9.03496252e-006
587.666667,0.143242334,8.92667538e-006
587.7,0.143242632,8.78007966e-006
587.733333,0.143242925,8.6380443e-006
587.766667,0.143243213,8.52554582e-006
587.8,0.143243497,8.41536407e-006
587.833333,0.143243777,8.28707422e-006
587.866667,0.143244054,8.15549048e-006
587.9,0.143244325,8.05544424e-006
587.933333,0.143244594,7.95739626e-006
587.966667,0.143244859,7.84780945e-006
588,0.143245121,7.73844151e-006
588.033333,0.143245379,7.66093577e-006
588.066667,0.143245634,7.58082148e-006
588.1,0.143245887,7.4866871e-006
588.133333,0.143246136,7.37288975e-006
588.166667,0.143246382,7.29306904e-006
588.2,0.143246625,7.21479559e-006
588.233333,0.143246866,7.13464368e-006
588.266667,0.143247104,7.0288285e-006
588.3,0.143247338,6.95734171e-006
588.333333,0.14324757,6.88739258e-006
588.366667,0.143247799,6.81907836e-006
588.4,0.143248027,6.75171956e-006
588.433333,0.143248252,6.68676652e-006
588.466667,0.143248475,6.62331787e-006
588.5,0.143248695,6.56107283e-006
588.533333,0.143248914,6.47567004e-006
588.566667,0.14324913,6.41441991e-006
588.6,0.143249344,6.3574186e-006
588.633333,0.143249556,6.30137156e-006
588.666667,0.143249766,6.22690823e-006
588.7,0.143249973,6.16882014e-006
588.733333,0.143250179,6.1250097e-006
588.766667,0.143250383,6.08588311e-006
588.8,0.143250586,6.03137168e-006
588.833333,0.143250787,5.97570352e-006
588.866667,0.143250986,5.9286515e-006
588.9,0.143251184,5.88242093e-006
588.933333,0.14325138,5.82535407e-006
588.966667,0.143251574,5.77267205e-006
589,0.143251766,5.7298899e-006
589.033333,0.143251957,5.68777088e-006
589.066667,0.143252147,5.63774348e-006
589.1,0.143252335,5.59195169e-006
589.133333,0.143252521,5.56633359e-006
589.166667,0.143252707,5.53892142e-006
589.2,0.143252892,5.49446218e-006
589.233333,0.143253075,5.44608809e-006
589.266667,0.143253256,5.41004524e-006
589.3,0.143253437,5.37456823e-006
589.333333,0.143253616,5.33575479e-006
589.366667,0.143253794,5.2895111e-006
589.4,0.14325397,5.2563205e-006
589.433333,0.143254145,5.22362624e-006
589.466667,0.143254319,5.18940934e-006
589.5,0.143254492,5.165405e-006
589.533333,0.143254664,5.13972962e-006
589.566667,0.143254836,5.11163457e-006
589.6,0.143255006,5.08098193e-006
589.633333,0.143255175,5.03802736e-006
589.666667,0.143255343,5.00939101e-006
589.7,0.14325551,4.98109038e-006
589.733333,0.143255676,4.95312058e-006
589.766667,0.143255841,4.91367362e-006
589.8,0.143256005,4.8859688e-006
589.833333,0.143256168,4.8630237e-006
589.866667,0.14325633,4.84359008e-006
589.9,0.143256492,4.82481172e-006
589.933333,0.143256653,4.7971071e-006
589.966667,0.143256812,4.7720022e-006
590,0.143256972,4.74721562e-006
590.033333,0.14325713,4.7147615e-006
590.066667,0.143257287,4.68777126e-006
590.1,0.143257443,4.66423319e-006
590.133333,0.143257599,4.64088639e-006
590.166667,0.143257753,4.61141716e-006
590.2,0.143257907,4.58477967e-006
590.233333,0.14325806,4.57410669e-006
590.266667,0.143258212,4.56465057e-006
590.3,0.143258364,4.53929399e-006
590.333333,0.143258516,4.51244141e-006
590.366667,0.143258666,4.49111862e-006
590.4,0.143258816,4.47002636e-006
590.433333,0.143258965,4.44540216e-006
590.466667,0.143259113,4.41892644e-006
590.5,0.14325926,4.3986411e-006
590.533333,0.143259407,4.37854348e-006
590.566667,0.143259553,4.35604817e-006
590.6,0.143259698,4.34104139e-006
590.633333,0.143259843,4.33012879e-006
590.666667,0.143259987,4.31591806e-006
590.7,0.143260131,4.29489679e-006
590.733333,0.143260274,4.26838281e-006
590.766667,0.143260417,4.24963635e-006
590.8,0.143260558,4.23104448e-006
590.833333,0.143260699,4.21201236e-006
590.866667,0.14326084,4.18556949e-006
590.9,0.143260979,4.16753647e-006
590.933333,0.143261118,4.1502119e-006
590.966667,0.143261256,4.13386279e-006
591,0.143261394,4.13029656e-006
591.033333,0.143261532,4.11216692e-006
591.066667,0.143261669,4.09451279e-006
591.1,0.143261805,4.07700541e-006
591.133333,0.143261941,4.05274743e-006
591.166667,0.143262076,4.03458155e-006
591.2,0.143262211,4.01762912e-006
591.233333,0.143262345,4.00072852e-006
591.266667,0.143262478,3.97804509e-006
591.3,0.143262611,3.95957575e-006
591.333333,0.143262743,3.94971323e-006
591.366667,0.143262874,3.94268713e-006
591.4,0.143263006,3.92832054e-006
591.433333,0.143263137,3.90908259e-006
591.466667,0.143263267,3.89279777e-006
591.5,0.143263397,3.87662815e-006
591.533333,0.143263526,3.85656432e-006
591.566667,0.143263655,3.83719187e-006
591.6,0.143263783,3.82135438e-006
591.633333,0.14326391,3.80558243e-006
591.666667,0.143264037,3.78678593e-006
591.7,0.143264163,3.77145942e-006
591.733333,0.143264289,3.76587387e-006
591.766667,0.143264414,3.75815725e-006
591.8,0.14326454,3.74010492e-006
591.833333,0.143264664,3.71964108e-006
591.866667,0.143264788,3.70431897e-006
591.9,0.143264912,3.68908959e-006
591.933333,0.143265035,3.67243154e-006
591.966667,0.143265157,3.65163461e-006
592,0.143265279,3.6366201e-006
592.033333,0.1432654,3.6216905e-006
592.066667,0.143265521,3.60609889e-006
592.1,0.143265641,3.6014639e-006
592.133333,0.143265761,3.58966711e-006
592.166667,0.143265881,3.57613605e-006
592.2,0.143266,3.56118679e-006
592.233333,0.143266119,3.53938822e-006
592.266667,0.143266236,3.52475476e-006
592.3,0.143266354,3.51014694e-006
592.333333,0.143266471,3.49556394e-006
592.366667,0.143266588,3.47483821e-006
592.4,0.143266703,3.45970898e-006
592.433333,0.143266819,3.44838377e-006
592.466667,0.143266934,3.43962961e-006
592.5,0.143267048,3.43129328e-006
592.533333,0.143267163,3.41526522e-006
592.566667,0.143267276,3.40079617e-006
592.6,0.14326739,3.38640043e-006
592.633333,0.143267503,3.36750846e-006
592.666667,0.143267615,3.3512029e-006
592.7,0.143267727,3.33699957e-006
592.733333,0.143267838,3.32280174e-006
592.766667,0.143267949,3.3048754e-006
592.8,0.143268059,3.28808322e-006
592.833333,0.143268168,3.28319664e-006
592.866667,0.143268278,3.27859422e-006
592.9,0.143268387,3.26175199e-006
592.933333,0.143268496,3.24402783e-006
592.966667,0.143268604,3.22998011e-006
593,0.143268712,3.215996e-006
593.033333,0.143268819,3.1997192e-006
593.066667,0.143268926,3.18159013e-006
593.1,0.143269032,3.16772293e-006
593.133333,0.143269137,3.15390475e-006
593.166667,0.143269242,3.13850977e-006
593.2,0.143269347,3.12900148e-006
593.233333,0.143269451,3.12087842e-006
593.266667,0.143269555,3.11030923e-006
593.3,0.143269659,3.09540093e-006
593.333333,0.143269762,3.07597482e-006
593.366667,0.143269865,3.06225252e-006
593.4,0.143269967,3.04856991e-006
593.433333,0.143270068,3.0346687e-006
593.466667,0.143270169,3.01474558e-006
593.5,0.14327027,3.00116875e-006
593.533333,0.14327037,2.98835618e-006
593.566667,0.14327047,2.97656383e-006
593.6,0.143270569,2.97172165e-006
593.633333,0.143270668,2.95750138e-006
593.666667,0.143270766,2.94377974e-006
593.7,0.143270865,2.93011396e-006
593.733333,0.143270962,2.91122219e-006
593.766667,0.143271059,2.89663873e-006
593.8,0.143271156,2.8831451e-006
593.833333,0.143271252,2.8696456e-006
593.866667,0.143271348,2.85161098e-006
593.9,0.143271443,2.8364856e-006
593.933333,0.143271537,2.82819801e-006
593.966667,0.143271632,2.82168398e-006
594,0.143271726,2.80841168e-006
594.033333,0.143271819,2.79236493e-006
594.066667,0.143271912,2.77888049e-006
594.1,0.143272005,2.76544662e-006
594.133333,0.143272097,2.74887737e-006
594.166667,0.143272189,2.73242219e-006
594.2,0.14327228,2.71908491e-006
594.233333,0.14327237,2.70577166e-006
594.266667,0.143272461,2.69001749e-006
594.3,0.14327255,2.67676737e-006
594.333333,0.14327264,2.67002429e-006
594.366667,0.143272729,2.6615796e-006
594.4,0.143272817,2.64625988e-006
594.433333,0.143272905,2.6284097e-006
594.466667,0.143272993,2.6151261e-006
594.5,0.14327308,2.60188827e-006
594.533333,0.143273167,2.5875431e-006
594.566667,0.143273253,2.56918126e-006
594.6,0.143273339,2.55601293e-006
594.633333,0.143273424,2.54288854e-006
594.666667,0.143273509,2.52932376e-006
594.7,0.143273593,2.52234201e-006
594.733333,0.143273677,2.51063906e-006
594.766667,0.143273761,2.4980311e-006
594.8,0.143273844,2.48475318e-006
594.833333,0.143273927,2.4654747e-006
594.866667,0.143274009,2.45218891e-006
594.9,0.143274091,2.43908278e-006
594.933333,0.143274172,2.42598114e-006
594.966667,0.143274253,2.40751881e-006
595,0.143274333,2.39367945e-006
595.033333,0.143274413,2.382999e-006
595.066667,0.143274493,2.37404801e-006
595.1,0.143274572,2.36302351e-006
595.133333,0.14327465,2.34830302e-006
595.166667,0.143274729,2.33515059e-006
595.2,0.143274807,2.32204093e-006
595.233333,0.143274884,2.30496445e-006
595.266667,0.143274961,2.28983829e-006
595.3,0.143275037,2.27682957e-006
595.333333,0.143275113,2.26382491e-006
595.366667,0.143275188,2.24753762e-006
595.4,0.143275263,2.23204724e-006
595.433333,0.143275338,2.2251963e-006
595.466667,0.143275412,2.21817319e-006
595.5,0.143275486,2.20230676e-006
595.533333,0.143275559,2.18576544e-006
595.566667,0.143275632,2.17276871e-006
595.6,0.143275705,2.15981117e-006
595.633333,0.143275777,2.14487515e-006
595.666667,0.143275848,2.12785718e-006
595.7,0.143275919,2.11497002e-006
595.733333,0.14327599,2.10211513e-006
595.766667,0.14327606,2.08794233e-006
595.8,0.143276129,2.07661329e-006
595.833333,0.143276198,2.06688236e-006
595.866667,0.143276267,2.05568412e-006
595.9,0.143276336,2.04196517e-006
595.933333,0.143276404,2.0236322e-006
595.966667,0.143276471,2.01077809e-006
596,0.143276538,1.99794696e-006
596.033333,0.143276605,1.98507206e-006
596.066667,0.143276671,1.96622698e-006
596.1,0.143276737,1.95347399e-006
596.133333,0.143276802,1.94137588e-006
596.166667,0.143276867,1.93008228e-006
596.2,0.143276931,1.91995477e-006
596.233333,0.143276995,1.90643346e-006
596.266667,0.143277058,1.89354178e-006
596.3,0.143277122,1.88068675e-006
596.333333,0.143277184,1.86305231e-006
596.366667,0.143277246,1.84909833e-006
596.4,0.143277308,1.83635809e-006
596.433333,0.143277369,1.82361813e-006
596.466667,0.14327743,1.80676039e-006
596.5,0.14327749,1.79227079e-006
596.533333,0.14327755,1.78278748e-006
596.566667,0.143277609,1.77418073e-006
596.6,0.143277668,1.75977528e-006
596.633333,0.143277727,1.74444314e-006
596.666667,0.143277785,1.73168835e-006
596.7,0.143277843,1.71896713e-006
596.733333,0.1432779,1.70342447e-006
596.766667,0.143277957,1.68763276e-006
596.8,0.143278013,1.67498947e-006
596.833333,0.143278069,1.66236683e-006
596.866667,0.143278125,1.64757857e-006
596.9,0.14327818,1.63368711e-006
596.933333,0.143278234,1.62443097e-006
596.966667,0.143278288,1.61415535e-006
597,0.143278342,1.59982238e-006
597.033333,0.143278395,1.5827096e-006
597.066667,0.143278448,1.57008321e-006
597.1,0.1432785,1.55748728e-006
597.133333,0.143278552,1.54399293e-006
597.166667,0.143278604,1.52637211e-006
597.2,0.143278655,1.51384404e-006
597.233333,0.143278705,1.50134561e-006
597.266667,0.143278755,1.48858399e-006
597.3,0.143278805,1.47689716e-006
597.333333,0.143278854,1.46476789e-006
597.366667,0.143278903,1.45234371e-006
597.4,0.143278951,1.43972596e-006
597.433333,0.143278999,1.42154185e-006
597.466667,0.143279047,1.40869566e-006
597.5,0.143279094,1.39619649e-006
597.533333,0.14327914,1.38370574e-006
597.566667,0.143279186,1.36629051e-006
597.6,0.143279232,1.3529116e-006
597.633333,0.143279277,1.34175582e-006
597.666667,0.143279322,1.33142071e-006
597.7,0.143279366,1.31744656e-006
597.733333,0.14327941,1.3032756e-006
597.766667,0.143279453,1.29075357e-006
597.8,0.143279496,1.27825973e-006
597.833333,0.143279539,1.26212973e-006
597.866667,0.143279581,1.24749733e-006
597.9,0.143279623,1.23508838e-006
597.933333,0.143279664,1.22269147e-006
597.966667,0.143279705,1.20730971e-006
598,0.143279745,1.19246746e-006
598.033333,0.143279784,1.18265629e-006
598.066667,0.143279824,1.17261902e-006
598.1,0.143279863,1.15770035e-006
598.133333,0.143279902,1.1417677e-006
598.166667,0.14327994,1.12936557e-006
598.2,0.143279977,1.11698882e-006
598.233333,0.143280015,1.10287319e-006
598.266667,0.143280051,1.08645461e-006
598.3,0.143280088,1.07415114e-006
598.333333,0.143280123,1.06187043e-006
598.366667,0.143280159,1.04848215e-006
598.4,0.143280194,1.03411692e-006
598.433333,0.143280228,1.02283195e-006
598.466667,0.143280262,1.01102235e-006
598.5,0.143280296,9.98123336e-007
598.533333,0.143280329,9.80456947e-007
598.566667,0.143280362,9.68168206e-007
598.6,0.143280394,9.55896682e-007
598.633333,0.143280426,9.43641703e-007
598.666667,0.143280457,9.25700945e-007
598.7,0.143280488,9.13402151e-007
598.733333,0.143280519,9.01492373e-007
598.766667,0.143280549,8.89895813e-007
598.8,0.143280578,8.74953727e-007
598.833333,0.143280608,8.61911396e-007
598.866667,0.143280636,8.49624918e-007
598.9,0.143280665,8.37361226e-007
598.933333,0.143280693,8.20676639e-007
598.966667,0.14328072,8.071502e-007
599,0.143280747,7.94974067e-007
599.033333,0.143280773,7.82809647e-007
599.066667,0.143280799,7.66867678e-007
599.1,0.143280825,7.52830685e-007
599.133333,0.14328085,7.41560988e-007
599.166667,0.143280875,7.30448254e-007
599.2,0.143280899,7.15372167e-007
599.233333,0.143280923,7.0059079e-007
599.266667,0.143280946,6.88417498e-007
599.3,0.143280969,6.76264355e-007
599.333333,0.143280992,6.61561087e-007
599.366667,0.143281014,6.46293783e-007
599.4,0.143281035,6.34218617e-007
599.433333,0.143281057,6.22160765e-007
599.466667,0.143281077,6.08179704e-007
599.5,0.143281098,5.92838758e-007
599.533333,0.143281117,5.81226962e-007
599.566667,0.143281137,5.69434841e-007
599.6,0.143281156,5.55952225e-007
599.633333,0.143281174,5.39458815e-007
599.666667,0.143281192,5.2739266e-007
599.7,0.14328121,5.15343999e-007
599.733333,0.143281227,5.02586411e-007
599.766667,0.143281244,4.85612988e-007
599.8,0.14328126,4.73641637e-007
599.833333,0.143281276,4.6168713e-007
599.866667,0.143281291,4.49632092e-007
599.9,0.143281306,4.3231816e-007
599.933333,0.143281321,4.20266268e-007
599.966667,0.143281335,4.10486322e-007
600,0.143281348,4.10486322e-007
