Time,Position,Velocity
0,0,0.575958653
0.0333333333,0.019206085,0.576398362
0.0666666667,0.0384253468,0.576727901
0.1,0.057652057,0.57683137
0.133333333,0.0768773045,0.576648857
0.166666667,0.0960921678,0.576218175
0.2,0.115289784,0.575638268
0.233333333,0.134468124,0.575046242
0.266666667,0.153627953,0.574591192
0.3,0.172776583,0.574348905
0.333333333,0.191921142,0.574354947
0.366666667,0.211069431,0.574554392
0.4,0.230225821,0.574830867
0.433333333,0.249390702,0.575062339
0.466666667,0.268560963,0.575126333
0.5,0.287729508,0.574967109
0.533333333,0.30688944,0.574601833
0.566666667,0.326035048,0.574094864
0.6,0.345161973,0.573559316
0.633333333,0.36427288,0.573114761
0.666666667,0.383371921,0.572838161
0.7,0.402464971,0.572768786
0.733333333,0.421558833,0.572872596
0.766666667,0.440657488,0.573058751
0.8,0.459762565,0.573223271
0.833333333,0.478871136,0.57328208
0.866666667,0.497978876,0.573161625
0.9,0.517079558,0.572863882
0.933333333,0.536167668,0.572440877
0.966666667,0.555241785,0.571981942
1,0.574300949,0.571583031
1.03333333,0.593349106,0.571310985
1.06666667,0.612390814,0.571213579
1.1,0.63143189,0.571264638
1.13333333,0.650476113,0.571403571
1.16666667,0.669525572,0.571544
1.2,0.688578288,0.57160886
1.23333333,0.707631078,0.571542962
1.26666667,0.726679362,0.571332234
1.3,0.745718691,0.57100755
1.33333333,0.76474557,0.570640209
1.36666667,0.783761064,0.570310329
1.4,0.802767802,0.570069145
1.43333333,0.821768222,0.569979577
1.46666667,0.84076793,0.570013887
1.5,0.859770399,0.570136024
1.53333333,0.878777081,0.570276027
1.56666667,0.897787967,0.570361575
1.6,0.916800164,0.570356957
1.63333333,0.93580998,0.570225116
1.66666667,0.954813659,0.569997353
1.7,0.973809028,0.569723113
1.73333333,0.992795769,0.569462897
1.76666667,1.01177442,0.569282486
1.8,1.03074906,0.569202971
1.83333333,1.04972297,0.569236577
1.86666667,1.06869942,0.569350722
1.9,1.08767986,0.569491501
1.93333333,1.10666495,0.569598729
1.96666667,1.12565229,0.569632722
2,1.14463921,0.569572752
2.03333333,1.1636223,0.56942033
2.06666667,1.18259958,0.569222185
2.1,1.20157052,0.569025445
2.13333333,1.22053569,0.568875653
2.16666667,1.23949701,0.568813268
2.2,1.25845767,0.568837169
2.23333333,1.27742062,0.568935002
2.26666667,1.29638731,0.569060882
2.3,1.31535785,0.569170085
2.33333333,1.33433112,0.569224688
2.36666667,1.353305,0.569203045
2.4,1.37227662,0.569099403
2.43333333,1.3912439,0.568946664
2.46666667,1.41020601,0.568784625
2.5,1.42916329,0.568651997
2.53333333,1.44811714,0.568577943
2.56666667,1.46706968,0.568575781
2.6,1.48602334,0.5686394
2.63333333,1.50497961,0.568731757
2.66666667,1.52393879,0.568816844
2.7,1.54290012,0.568861618
2.73333333,1.56186197,0.568844732
2.76666667,1.58082203,0.568758373
2.8,1.59977819,0.568621277
2.83333333,1.61872957,0.568467071
2.86666667,1.63767614,0.568328127
2.9,1.65661884,0.568230893
2.93333333,1.6755592,0.568188966
2.96666667,1.69449908,0.568203774
3,1.71343999,0.568247968
3.03333333,1.73238235,0.568292025
3.06666667,1.75132572,0.568307751
3.1,1.77026885,0.568275028
3.13333333,1.78920998,0.568185629
3.16666667,1.80814711,0.568046684
3.2,1.82707935,0.567886499
3.23333333,1.84600619,0.567732503
3.26666667,1.86492873,0.567606848
3.3,1.88384751,0.567531736
3.33333333,1.90276462,0.567498999
3.36666667,1.92168118,0.567495645
3.4,1.94059772,0.567497235
3.43333333,1.95951402,0.567480669
3.46666667,1.97842916,0.567427145
3.5,1.99734176,0.567329009
3.53333333,2.01625044,0.567191679
3.56666667,2.03515417,0.567031628
3.6,2.05405255,0.56687114
3.63333333,2.07294593,0.566731526
3.66666667,2.09183524,0.566626862
3.7,2.11072169,0.5665601
3.73333333,2.1296064,0.566522624
3.76666667,2.14848999,0.566496359
3.8,2.16737259,0.566461167
3.83333333,2.18625383,0.566405106
3.86666667,2.20513244,0.566312234
3.9,2.22400741,0.566186542
3.93333333,2.24287753,0.566039552
3.96666667,2.26174319,0.565889714
4,2.2806042,0.56575126
4.03333333,2.29946091,0.565639853
4.06666667,2.31831432,0.565563728
4.1,2.33716563,0.565518
4.13333333,2.35601577,0.565488179
4.16666667,2.37486482,0.56545812
4.2,2.39371256,0.565411407
4.23333333,2.41255833,0.565339999
4.26666667,2.43140131,0.565243484
4.3,2.45024084,0.565128573
4.33333333,2.46907652,0.565007141
4.36666667,2.48790834,0.564893194
4.4,2.50673671,0.564799311
4.43333333,2.52556235,0.564734059
4.46666667,2.54438616,0.564698696
4.5,2.56320913,0.56468043
4.53333333,2.58203157,0.56466663
4.56666667,2.60085341,0.564645101
4.6,2.61967426,0.564607057
4.63333333,2.63849366,0.564549689
4.66666667,2.65731071,0.564473418
4.7,2.67612526,0.564388865
4.73333333,2.69493684,0.564308552
4.76666667,2.71374601,0.564244226
4.8,2.73255346,0.564202874
4.83333333,2.7513599,0.564187386
4.86666667,2.77016615,0.564188385
4.9,2.78897257,0.564197504
4.93333333,2.80777925,0.564202593
4.96666667,2.82658586,0.564194934
5,2.84539193,0.564170686
5.03333333,2.86419696,0.564131383
5.06666667,2.88300044,0.564083731
5.1,2.90180272,0.564034668
5.13333333,2.92060308,0.563998772
5.16666667,2.93940275,0.563978717
5.2,2.95820202,0.56397337
5.23333333,2.97700133,0.563986107
5.26666667,2.99580133,0.564007092
5.3,3.01460185,0.564026541
5.33333333,3.03340288,0.56404113
5.36666667,3.05220416,0.564037053
5.4,3.07100504,0.564020913
5.43333333,3.08980539,0.563995826
5.46666667,3.10860476,0.56396453
5.5,3.12740306,0.563939246
5.53333333,3.14620083,0.563922911
5.56666667,3.16499821,0.563917359
5.6,3.18379573,0.563929494
5.63333333,3.20259372,0.56394684
5.66666667,3.22139219,0.563965862
5.7,3.24019127,0.563980223
5.73333333,3.25899059,0.56398068
5.76666667,3.27778973,0.563970443
5.8,3.29658852,0.563949498
5.83333333,3.31538615,0.563918615
5.86666667,3.3341829,0.563889151
5.9,3.3529789,0.563863287
5.93333333,3.37177408,0.563846696
5.96666667,3.39056888,0.563841512
6,3.40936363,0.563841576
6.03333333,3.42815838,0.56384536
6.06666667,3.44695321,0.563844588
6.1,3.46574788,0.563836105
6.13333333,3.48454206,0.563815853
6.16666667,3.5033354,0.563784335
6.2,3.52212762,0.563744486
6.23333333,3.54091837,0.563700619
6.26666667,3.55970772,0.563658668
6.3,3.57849578,0.563622758
6.33333333,3.59728275,0.563595213
6.36666667,3.61606888,0.563574763
6.4,3.6348544,0.563557185
6.43333333,3.65363932,0.563537756
6.46666667,3.67242344,0.56351142
6.5,3.69120656,0.563476021
6.53333333,3.70998833,0.563430983
6.56666667,3.72876838,0.563378262
6.6,3.74754688,0.563322181
6.63333333,3.76632347,0.56326596
6.66666667,3.78509797,0.56321555
6.7,3.80387104,0.563171393
6.73333333,3.82264284,0.563132897
6.76666667,3.8414135,0.563098803
6.8,3.86018286,0.563065817
6.83333333,3.87895098,0.563028748
6.86666667,3.89771786,0.562986009
6.9,3.91648334,0.562936983
6.93333333,3.9352472,0.562881659
6.96666667,3.95400867,0.562822205
7,3.97276833,0.56276399
7.03333333,3.99152628,0.562709289
7.06666667,4.0102826,0.562659882
7.1,4.02903724,0.562617997
7.13333333,4.04779046,0.562581932
7.16666667,4.0665426,0.562547939
7.2,4.08529368,0.562513849
7.23333333,4.1040437,0.562477529
7.26666667,4.1227921,0.56243563
7.3,4.14153907,0.562389914
7.33333333,4.16028462,0.562342317
7.36666667,4.17902871,0.562294746
7.4,4.19777121,0.562250132
7.43333333,4.21651211,0.562212477
7.46666667,4.23525198,0.562180998
7.5,4.25399096,0.562155047
7.53333333,4.27272919,0.562133551
7.56666667,4.29146662,0.562114433
7.6,4.31020337,0.562094167
7.63333333,4.32893946,0.562071727
7.66666667,4.34767482,0.562046862
7.7,4.36640936,0.562019817
7.73333333,4.3851429,0.561992719
7.76666667,4.40387558,0.561968307
7.8,4.42260753,0.561948785
7.83333333,4.44133892,0.561935424
7.86666667,4.46006997,0.561928071
7.9,4.47880085,0.561925149
7.93333333,4.49753169,0.561924911
7.96666667,4.51626252,0.561924837
8,4.53499332,0.561923166
8.03333333,4.55372403,0.561919348
8.06666667,4.57245459,0.561913781
8.1,4.59118494,0.561908036
8.13333333,4.60991514,0.561904149
8.16666667,4.62864527,0.561903683
8.2,4.64737548,0.561907838
8.23333333,4.66610583,0.561915763
8.26666667,4.68483665,0.561928939
8.3,4.70356789,0.561943518
8.33333333,4.72229954,0.561958572
8.36666667,4.7410317,0.561972732
8.4,4.75976437,0.561984222
8.43333333,4.77849733,0.561994088
8.46666667,4.79723056,0.562002658
8.5,4.81596415,0.562011122
8.53333333,4.83469806,0.562021526
8.56666667,4.85343231,0.56203411
8.6,4.87216696,0.562049469
8.63333333,4.89090237,0.562068329
8.66666667,4.90963833,0.562088064
8.7,4.92837485,0.562108012
8.73333333,4.9471121,0.562126617
8.76666667,4.96584997,0.562142292
8.8,4.98458824,0.562155706
8.83333333,5.00332689,0.562166919
8.86666667,5.02206598,0.562176207
8.9,5.04080537,0.562185711
8.93333333,5.05954504,0.562195872
8.96666667,5.07828506,0.562207448
9,5.0970256,0.562220782
9.03333333,5.11576653,0.5622345
9.06666667,5.13450784,0.562248131
9.1,5.15324966,0.562260021
9.13333333,5.17199183,0.562269063
9.16666667,5.19073422,0.562275609
9.2,5.20947678,0.562279476
9.23333333,5.22821945,0.562280516
9.26666667,5.24696213,0.562280475
9.3,5.26570481,0.562280355
9.33333333,5.2844475,0.562280746
9.36666667,5.30319021,0.562281981
9.4,5.32193297,0.562283741
9.43333333,5.34067579,0.562285148
9.46666667,5.35941863,0.562285199
9.5,5.37816143,0.562283065
9.53333333,5.39690413,0.562278284
9.56666667,5.41564662,0.562270883
9.6,5.43438883,0.562261361
9.63333333,5.45313068,0.562250514
9.66666667,5.47187217,0.562239478
9.7,5.4906133,0.562228913
9.73333333,5.50935408,0.562219161
9.76666667,5.52809459,0.562209952
9.8,5.5468348,0.562201097
9.83333333,5.56557463,0.562191541
9.86666667,5.58431416,0.562180801
9.9,5.60305334,0.562168677
9.93333333,5.62179211,0.562154829
9.96666667,5.64053027,0.56213933
10,5.65926797,0.562123394
10.0333333,5.67800519,0.562107478
10.0666667,5.6967419,0.562092194
10.1,5.71547802,0.562078515
10.1333333,5.73421375,0.56206599
10.1666667,5.75294912,0.562054417
10.2,5.77168412,0.562043559
10.2333333,5.79041867,0.562032675
10.2666667,5.80915289,0.562021354
10.3,5.82788677,0.562009564
10.3333333,5.84662026,0.561997285
10.3666667,5.86535324,0.561985096
10.4,5.88408588,0.561973679
10.4333333,5.90281819,0.561963378
10.4666667,5.92155019,0.561954677
10.5,5.94028188,0.561948486
10.5333333,5.95901342,0.561943858
10.5666667,5.97774484,0.56194055
10.6,5.99647616,0.561938326
10.6333333,6.01520741,0.561936806
10.6666667,6.03393861,0.561935553
10.7,6.05266979,0.561934633
10.7333333,6.07140094,0.561934169
10.7666667,6.09013209,0.561935075
10.8,6.10886331,0.561937485
10.8333333,6.12759462,0.5619415
10.8666667,6.14632611,0.561947883
10.9,6.16505784,0.561956406
10.9333333,6.18378989,0.561966794
10.9666667,6.20252231,0.561978627
11,6.22125514,0.561991462
11.0333333,6.23998841,0.562004964
11.0666667,6.25872213,0.562019
11.1,6.27745633,0.562033674
11.1333333,6.29619106,0.562049321
11.1666667,6.31492633,0.562066301
11.2,6.33366219,0.562084943
11.2333333,6.35239871,0.562105418
11.2666667,6.37113594,0.562127688
11.3,6.38987402,0.562151623
11.3333333,6.40861283,0.562176548
11.3666667,6.42735241,0.562202231
11.4,6.44609285,0.562228404
11.4333333,6.46483435,0.56225484
11.4666667,6.48357666,0.562281496
11.5,6.50231979,0.562308498
11.5333333,6.52106375,0.562335995
11.5666667,6.53980883,0.562364478
11.6,6.55855488,0.562393973
11.6333333,6.57730186,0.562424323
11.6666667,6.59604977,0.562455418
11.7,6.61479874,0.562487106
11.7333333,6.63354897,0.562518949
11.7666667,6.65230017,0.562550581
11.8,6.67105233,0.56258187
11.8333333,6.68980544,0.562612724
11.8666667,6.70855979,0.562643054
11.9,6.72731514,0.562673178
11.9333333,6.74607141,0.562703269
11.9666667,6.7648286,0.562733431
12,6.78358683,0.562763767
12.0333333,6.80234625,0.56279419
12.0666667,6.8211066,0.562824437
12.1,6.83986786,0.562854309
12.1333333,6.85863003,0.562883599
12.1666667,6.87739338,0.562911764
12.2,6.89615762,0.562938939
12.2333333,6.91492268,0.562965235
12.2666667,6.93368853,0.562990732
12.3,6.95245528,0.563015486
12.3333333,6.97122295,0.563039697
12.3666667,6.98999136,0.563063555
12.4,7.00876046,0.563087074
12.4333333,7.02753041,0.563110079
12.4666667,7.04630112,0.56313243
12.5,7.06507256,0.563153931
12.5333333,7.0838447,0.563174422
12.5666667,7.10261751,0.563193828
12.6,7.12139094,0.563212181
12.6333333,7.14016497,0.563229609
12.6666667,7.15893957,0.563246301
12.7,7.17771472,0.563262453
12.7333333,7.1964904,0.563278219
12.7666667,7.2152666,0.563293672
12.8,7.23404333,0.563308774
12.8333333,7.2528205,0.563323511
12.8666667,7.27159815,0.563337737
12.9,7.29037634,0.56335121
12.9333333,7.30915499,0.563363981
12.9666667,7.32793395,0.563376298
13,7.34671334,0.563388016
13.0333333,7.36549318,0.563399381
13.0666667,7.38427332,0.563410641
13.1,7.40305383,0.563421874
13.1333333,7.42183481,0.563433294
13.1666667,7.44061609,0.563444844
13.2,7.45939773,0.563456558
13.2333333,7.47817988,0.563468396
13.2666667,7.49696235,0.563480255
13.3,7.51574515,0.563492121
13.3333333,7.5345285,0.563504022
13.3666667,7.55331216,0.563516048
13.4,7.57209614,0.56352821
13.4333333,7.59088073,0.56354098
13.4666667,7.60966566,0.563554247
13.5,7.62845093,0.563568018
13.5333333,7.64723687,0.563582853
13.5666667,7.66602325,0.563598333
13.6,7.68481003,0.563614389
13.6333333,7.70359753,0.563631337
13.6666667,7.72238557,0.563648854
13.7,7.74117407,0.563666851
13.7333333,7.75996333,0.563685638
13.7666667,7.77875324,0.56370519
13.8,7.79754366,0.563725386
13.8333333,7.81633488,0.563746673
13.8666667,7.8351269,0.563769124
13.9,7.85391947,0.563792379
13.9333333,7.87271291,0.563816853
13.9666667,7.89150721,0.563842438
14,7.91030246,0.56386911
14.0333333,7.9290986,0.563896664
14.0666667,7.94789565,0.563925055
14.1,7.96669364,0.563954256
14.1333333,7.98549259,0.563984261
14.1666667,8.00429253,0.56401508
14.2,8.02309348,0.564046768
14.2333333,8.04189565,0.564079537
14.2666667,8.06069892,0.564113302
14.3,8.07950332,0.564148008
14.3333333,8.09830886,0.564183596
14.3666667,8.11711557,0.564219983
14.4,8.13592347,0.564257075
14.4333333,8.15473259,0.564294786
14.4666667,8.17354303,0.564333083
14.5,8.19235502,0.564372023
14.5333333,8.21116811,0.564411418
14.5666667,8.22998229,0.56445128
14.6,8.2487981,0.564491847
14.6333333,8.26761531,0.564533016
14.6666667,8.28643368,0.564574645
14.7,8.30525335,0.564616761
14.7333333,8.32407487,0.564659394
14.7666667,8.34289758,0.564702251
14.8,8.36172149,0.564745294
14.8333333,8.38054716,0.564788488
14.8666667,8.39937429,0.564831737
14.9,8.41820263,0.564875024
14.9333333,8.43703235,0.564918349
14.9666667,8.45586393,0.564961735
15,8.47469672,0.565005157
15.0333333,8.49353072,0.565048606
15.0666667,8.51236653,0.565092039
15.1,8.53120378,0.565135362
15.1333333,8.55004223,0.565178538
15.1666667,8.56888208,0.565221487
15.2,8.58772373,0.565264011
15.2333333,8.60656657,0.565306214
15.2666667,8.62541058,0.565348089
15.3,8.64425635,0.565389462
15.3333333,8.66310345,0.565430472
15.3666667,8.6819517,0.565471176
15.4,8.70080129,0.565511528
15.4333333,8.71965255,0.565551419
15.4666667,8.73850482,0.565590998
15.5,8.75735848,0.565630114
15.5333333,8.77621343,0.565668745
15.5666667,8.79506963,0.565706852
15.6,8.81392708,0.565744408
15.6333333,8.8327859,0.565781346
15.6666667,8.85164594,0.565817748
15.7,8.87050717,0.565853663
15.7333333,8.88936957,0.565889133
15.7666667,8.90823313,0.565924192
15.8,8.92709784,0.565958863
15.8333333,8.94596368,0.565993154
15.8666667,8.96483064,0.566027062
15.9,8.98369871,0.566060575
15.9333333,9.00256794,0.566093661
15.9666667,9.02143833,0.566126314
16,9.04030978,0.566158591
16.0333333,9.0591824,0.566190507
16.0666667,9.07805587,0.566222199
16.1,9.09693034,0.566253656
16.1333333,9.11580616,0.566284905
16.1666667,9.13468285,0.566316062
16.2,9.15356041,0.566347142
16.2333333,9.17243925,0.566378143
16.2666667,9.19131913,0.566409099
16.3,9.21019987,0.566440027
16.3333333,9.2290816,0.566470931
16.3666667,9.24796465,0.566501855
16.4,9.26684857,0.56653284
16.4333333,9.28573336,0.566563907
16.4666667,9.30461943,0.566595179
16.5,9.32350655,0.566626702
16.5333333,9.34239456,0.566658466
16.5666667,9.36128359,0.566690533
16.6,9.380174,0.566723062
16.6333333,9.39906532,0.56675591
16.6666667,9.41795757,0.566789081
16.7,9.43685119,0.566822745
16.7333333,9.45574595,0.566856839
16.7666667,9.47464167,0.566891314
16.8,9.49353849,0.56692624
16.8333333,9.51243683,0.566961854
16.8666667,9.53133617,0.566997959
16.9,9.55023653,0.567034569
16.9333333,9.5691384,0.567071963
16.9666667,9.58804155,0.567110019
17,9.60694577,0.567148626
17.0333333,9.62585122,0.567187858
17.0666667,9.64475838,0.567227924
17.1,9.66366655,0.567268475
17.1333333,9.68257618,0.56730972
17.1666667,9.70148719,0.567351616
17.2,9.72039961,0.567394175
17.2333333,9.73931345,0.567437412
17.2666667,9.75822873,0.567481337
17.3,9.77714548,0.567525954
17.3333333,9.79606373,0.567571257
17.3666667,9.81498349,0.567617227
17.4,9.83390488,0.567663877
17.4333333,9.85282784,0.567711139
17.4666667,9.87175238,0.567758979
17.5,9.89067852,0.567807372
17.5333333,9.90960627,0.567856298
17.5666667,9.92853579,0.567905782
17.6,9.94746677,0.567955716
17.6333333,9.96639929,0.568006108
17.6666667,9.9853337,0.56805704
17.7,10.00427,0.568108451
17.7333333,10.0232078,0.568160237
17.7666667,10.0421472,0.568212371
17.8,10.0610883,0.568264822
17.8333333,10.0800316,0.568317637
17.8666667,10.0989765,0.568370669
17.9,10.117923,0.568423893
17.9333333,10.1368712,0.568477289
17.9666667,10.1558213,0.568530858
18,10.1747734,0.56858457
18.0333333,10.1937272,0.568638376
18.0666667,10.2126826,0.568692253
18.1,10.2316397,0.568746178
18.1333333,10.250599,0.568800108
18.1666667,10.26956,0.568853993
18.2,10.2885227,0.568907804
18.2333333,10.307487,0.568961514
18.2666667,10.3264532,0.569015076
18.3,10.3454215,0.569068439
18.3333333,10.3643914,0.569121625
18.3666667,10.3833629,0.569174623
18.4,10.402336,0.569227421
18.4333333,10.4213113,0.569279934
18.4666667,10.4402883,0.569332192
18.5,10.4592669,0.569384195
18.5333333,10.4782471,0.569435927
18.5666667,10.4972291,0.569487341
18.6,10.516213,0.569538355
18.6333333,10.5351985,0.569589048
18.6666667,10.5541856,0.569639416
18.7,10.5731742,0.569689457
18.7333333,10.5921648,0.569739084
18.7666667,10.6111571,0.569788361
18.8,10.6301508,0.569837327
18.8333333,10.6491461,0.569885988
18.8666667,10.668143,0.569934326
18.9,10.6871418,0.569982268
18.9333333,10.706142,0.570029915
18.9666667,10.7251438,0.570077271
19,10.744147,0.570124344
19.0333333,10.7631519,0.570171079
19.0666667,10.7821586,0.57021753
19.1,10.8011666,0.570263754
19.1333333,10.8201761,0.570309769
19.1666667,10.839187,0.570355591
19.2,10.8581998,0.570401196
19.2333333,10.877214,0.570446668
19.2666667,10.8962296,0.570492022
19.3,10.9152466,0.570537274
19.3333333,10.9342653,0.570582426
19.3666667,10.9532856,0.570627513
19.4,10.9723073,0.57067257
19.4333333,10.9913304,0.570717618
19.4666667,11.0103548,0.570762678
19.5,11.0293812,0.570807811
19.5333333,11.048409,0.570853035
19.5666667,11.0674382,0.570898372
19.6,11.0864687,0.570943842
19.6333333,11.1055009,0.570989498
19.6666667,11.1245348,0.571035382
19.7,11.1435701,0.571081476
19.7333333,11.1626069,0.571127795
19.7666667,11.1816451,0.571174356
19.8,11.2006851,0.571221278
19.8333333,11.2197268,0.571268516
19.8666667,11.2387698,0.571316073
19.9,11.2578143,0.571363969
19.9333333,11.2768605,0.571412268
19.9666667,11.2959086,0.571461051
20,11.3149582,0.571510233
20.0333333,11.3340093,0.571559822
20.0666667,11.3530619,0.571609827
20.1,11.3721165,0.571660387
20.1333333,11.3911729,0.571711422
20.1666667,11.4102308,0.5717629
20.2,11.4292903,0.571814827
20.2333333,11.4483515,0.57186725
20.2666667,11.4674149,0.57192028
20.3,11.4864798,0.571973778
20.3333333,11.5055465,0.572027746
20.3666667,11.5246148,0.572082183
20.4,11.5436852,0.572137208
20.4333333,11.5627575,0.572192748
20.4666667,11.5818315,0.572248734
20.5,11.6009073,0.572305159
20.5333333,11.6199849,0.572362036
20.5666667,11.6390648,0.572419474
20.6,11.6581465,0.572477317
20.6333333,11.67723,0.572535555
20.6666667,11.6963153,0.57259418
20.7,11.7154028,0.572653259
20.7333333,11.7344925,0.572712746
20.7666667,11.7535839,0.572772564
20.8,11.7726772,0.572832696
20.8333333,11.7917724,0.572893127
20.8666667,11.8108701,0.57295393
20.9,11.8299697,0.573014972
20.9333333,11.8490712,0.573076236
20.9666667,11.8681745,0.573137707
21,11.8872801,0.573199397
21.0333333,11.906388,0.573261276
21.0666667,11.9254978,0.57332329
21.1,11.9446095,0.573385421
21.1333333,11.9637231,0.573447652
21.1666667,11.9828393,0.573509977
21.2,12.0019575,0.573572341
21.2333333,12.0210776,0.573634724
21.2666667,12.0401996,0.573697107
21.3,12.0593238,0.573759467
21.3333333,12.0784504,0.573821769
21.3666667,12.0975789,0.573884004
21.4,12.1167093,0.57394616
21.4333333,12.1358416,0.574008222
21.4666667,12.1549764,0.574070135
21.5,12.1741133,0.574131905
21.5333333,12.193252,0.574193529
21.5666667,12.2123927,0.574254995
21.6,12.2315354,0.57431627
21.6333333,12.2506805,0.574377304
21.6666667,12.2698275,0.574438138
21.7,12.2889764,0.574498767
21.7333333,12.3081271,0.574559185
21.7666667,12.3272802,0.574619324
21.8,12.3464354,0.574679219
21.8333333,12.3655924,0.574738891
21.8666667,12.3847512,0.57479834
21.9,12.4039119,0.574857548
21.9333333,12.4230751,0.574916461
21.9666667,12.44224,0.574975151
22,12.4614068,0.575033622
22.0333333,12.4805753,0.575091876
22.0666667,12.4997461,0.575149869
22.1,12.5189189,0.575207635
22.1333333,12.5380934,0.575265211
22.1666667,12.5572698,0.575322608
22.2,12.5764479,0.575379829
22.2333333,12.5956285,0.57543684
22.2666667,12.6148107,0.575493714
22.3,12.6339948,0.575550461
22.3333333,12.6531805,0.575607092
22.3666667,12.6723684,0.575663602
22.4,12.6915583,0.575720017
22.4333333,12.7107499,0.57577637
22.4666667,12.7299433,0.575832674
22.5,12.7491384,0.575888944
22.5333333,12.7683359,0.5759452
22.5666667,12.7875351,0.576001473
22.6,12.8067361,0.576057776
22.6333333,12.8259388,0.576114125
22.6666667,12.8451435,0.576170549
22.7,12.8643503,0.576227081
22.7333333,12.8835589,0.576283721
22.7666667,12.9027692,0.576340482
22.8,12.9219812,0.576397379
22.8333333,12.9411956,0.576454488
22.8666667,12.9604119,0.576511786
22.9,12.9796299,0.576569279
22.9333333,12.9988496,0.57662698
22.9666667,13.0180714,0.576684934
23,13.0372954,0.576743196
23.0333333,13.0565213,0.576801717
23.0666667,13.0757489,0.576860506
23.1,13.0949783,0.576919573
23.1333333,13.1142101,0.576979019
23.1666667,13.1334439,0.577038795
23.2,13.1526795,0.577098881
23.2333333,13.171917,0.577159286
23.2666667,13.1911565,0.577220045
23.3,13.2103984,0.577281237
23.3333333,13.2296423,0.577342767
23.3666667,13.248888,0.57740464
23.4,13.2681356,0.577466855
23.4333333,13.2873856,0.577529508
23.4666667,13.3066379,0.577592547
23.5,13.325892,0.577655928
23.5333333,13.3451481,0.577719649
23.5666667,13.3644063,0.577783724
23.6,13.3836671,0.577848243
23.6333333,13.4029299,0.577913085
23.6666667,13.4221947,0.577978246
23.7,13.4414615,0.57804372
23.7333333,13.4607308,0.578109567
23.7666667,13.4800024,0.578175753
23.8,13.4992761,0.578242218
23.8333333,13.5185518,0.578308954
23.8666667,13.5378296,0.578375953
23.9,13.5571102,0.578443288
23.9333333,13.5763929,0.578510847
23.9666667,13.5956777,0.57857862
24,13.6149645,0.578646595
24.0333333,13.6342539,0.578714792
24.0666667,13.6535458,0.578783189
24.1,13.6728397,0.578851736
24.1333333,13.6921358,0.57892042
24.1666667,13.711434,0.578989228
24.2,13.730735,0.579058176
24.2333333,13.7500383,0.579127208
24.2666667,13.7693437,0.579196307
24.3,13.7886511,0.579265459
24.3333333,13.8079611,0.579334656
24.3666667,13.8272736,0.579403874
24.4,13.8465883,0.579473093
24.4333333,13.8659051,0.579542301
24.4666667,13.8852241,0.579611486
24.5,13.9045458,0.579680619
24.5333333,13.9238698,0.579749691
24.5666667,13.943196,0.579818695
24.6,13.9625242,0.579887621
24.6333333,13.9818548,0.579956448
24.6666667,14.0011881,0.580025143
24.7,14.0205235,0.580093723
24.7333333,14.039861,0.580162182
24.7666667,14.0592006,0.580230513
24.8,14.0785429,0.58029867
24.8333333,14.0978875,0.580366668
24.8666667,14.1172342,0.580434519
24.9,14.136583,0.580502218
24.9333333,14.155934,0.580569753
24.9666667,14.1752877,0.580637081
25,14.1946435,0.580704251
25.0333333,14.2140014,0.580771263
25.0666667,14.2333613,0.580838117
25.1,14.2527237,0.580904776
25.1333333,14.2720885,0.580971262
25.1666667,14.2914554,0.5810376
25.2,14.3108242,0.581103795
25.2333333,14.3301952,0.581169845
25.2666667,14.3495689,0.581235719
25.3,14.3689447,0.581301471
25.3333333,14.3883224,0.581367108
25.3666667,14.4077022,0.581432637
25.4,14.4270844,0.581498048
25.4333333,14.446469,0.581563358
25.4666667,14.4658555,0.581628594
25.5,14.4852441,0.581693766
25.5333333,14.5046347,0.581758882
25.5666667,14.524028,0.581823943
25.6,14.5434234,0.581888982
25.6333333,14.5628207,0.581954008
25.6666667,14.5822201,0.582019033
25.7,14.6016218,0.582084071
25.7333333,14.6210259,0.582149145
25.7666667,14.640432,0.582214263
25.8,14.6598401,0.582279435
25.8333333,14.6792502,0.582344671
25.8666667,14.698663,0.582410018
25.9,14.7180779,0.582475469
25.9333333,14.7374949,0.582541029
25.9666667,14.7569138,0.58260671
26,14.776335,0.582672541
26.0333333,14.7957588,0.582738558
26.0666667,14.8151846,0.582804737
26.1,14.8346124,0.582871085
26.1333333,14.8540423,0.582937611
26.1666667,14.8734748,0.583004385
26.2,14.8929096,0.583071378
26.2333333,14.9123464,0.58313858
26.2666667,14.9317853,0.583205998
26.3,14.9512265,0.583273659
26.3333333,14.9706704,0.58334162
26.3666667,14.9901163,0.583409819
26.4,15.0095644,0.583478258
26.4333333,15.0290145,0.583546943
26.4666667,15.0484674,0.583615943
26.5,15.0679226,0.583685224
26.5333333,15.0873799,0.583754758
26.5666667,15.1068394,0.583824545
26.6,15.1263012,0.583894598
26.6333333,15.1457658,0.583964988
26.6666667,15.1652326,0.584035627
26.7,15.1847016,0.584106512
26.7333333,15.2041727,0.584177641
26.7666667,15.2236465,0.584249066
26.8,15.2431229,0.58432076
26.8333333,15.2626015,0.584392682
26.8666667,15.2820823,0.584464826
26.9,15.3015654,0.584537188
26.9333333,15.3210515,0.584609834
26.9666667,15.3405399,0.584682675
27,15.3600304,0.584755703
27.0333333,15.3795233,0.584828911
27.0666667,15.3990188,0.584902321
27.1,15.418517,0.58497592
27.1333333,15.4380175,0.585049663
27.1666667,15.4575202,0.585123542
27.2,15.4770253,0.585197549
27.2333333,15.4965334,0.58527171
27.2666667,15.5160438,0.58534597
27.3,15.5355566,0.585420318
27.3333333,15.5550716,0.585494744
27.3666667,15.5745893,0.585569246
27.4,15.5941098,0.585643811
27.4333333,15.6136325,0.585718413
27.4666667,15.6331576,0.585793044
27.5,15.652685,0.585867695
27.5333333,15.6722154,0.585942354
27.5666667,15.6917482,0.586017005
27.6,15.7112833,0.586091639
27.6333333,15.7308208,0.586166247
27.6666667,15.7503607,0.586240817
27.7,15.7699036,0.586315328
27.7333333,15.7894488,0.586389783
27.7666667,15.8089963,0.586464174
27.8,15.828546,0.586538498
27.8333333,15.8480987,0.586612722
27.8666667,15.8676539,0.586686852
27.9,15.8872114,0.586760892
27.9333333,15.9067711,0.586834838
27.9666667,15.9263333,0.586908679
28,15.9458984,0.586982385
28.0333333,15.9654659,0.587055984
28.0666667,15.9850355,0.587129476
28.1,16.0046075,0.587202859
28.1333333,16.0241822,0.587276104
28.1666667,16.0437595,0.587349224
28.2,16.0633391,0.587422235
28.2333333,16.0829209,0.587495139
28.2666667,16.102505,0.587567933
28.3,16.1220921,0.587640588
28.3333333,16.1416815,0.587713145
28.3666667,16.161273,0.587785608
28.4,16.1808669,0.58785798
28.4333333,16.2004634,0.587930248
28.4666667,16.2200625,0.588002425
28.5,16.2396638,0.588074531
28.5333333,16.2592673,0.588146572
28.5666667,16.2788731,0.588218553
28.6,16.2984819,0.588290465
28.6333333,16.3180929,0.588362338
28.6666667,16.3377062,0.588434179
28.7,16.3573216,0.588505996
28.7333333,16.3769396,0.588577794
28.7666667,16.3965603,0.588649588
28.8,16.4161832,0.588721388
28.8333333,16.4358084,0.588793203
28.8666667,16.4554357,0.588865039
28.9,16.475066,0.588936922
28.9333333,16.4946986,0.589008853
28.9666667,16.5143334,0.589080839
29,16.5339704,0.589152888
29.0333333,16.5536099,0.589225018
29.0666667,16.5732522,0.589297255
29.1,16.5928968,0.589369585
29.1333333,16.6125435,0.589442017
29.1666667,16.6321925,0.589514556
29.2,16.6518444,0.589587251
29.2333333,16.6714987,0.589660083
29.2666667,16.6911553,0.589733051
29.3,16.710814,0.589806158
29.3333333,16.7304753,0.589879427
29.3666667,16.7501395,0.589952895
29.4,16.7698059,0.590026524
29.4333333,16.7894746,0.590100318
29.4666667,16.8091455,0.590174281
29.5,16.8288194,0.590248464
29.5333333,16.8484958,0.590322846
29.5666667,16.8681745,0.590397407
29.6,16.8878555,0.59047215
29.6333333,16.9075389,0.590547087
29.6666667,16.9272253,0.59062227
29.7,16.9469141,0.590697638
29.7333333,16.9666052,0.59077319
29.7666667,16.9862987,0.590848925
29.8,17.005995,0.590924886
29.8333333,17.025694,0.591001055
29.8666667,17.0453953,0.5910774
29.9,17.065099,0.59115392
29.9333333,17.0848051,0.591230614
29.9666667,17.1045144,0.591307535
30,17.1242261,0.591384616
30.0333333,17.1439401,0.591461853
30.0666667,17.1636566,0.59153924
30.1,17.1833758,0.5916168
30.1333333,17.2030979,0.591694523
30.1666667,17.2228225,0.591772374
30.2,17.2425493,0.591850348
30.2333333,17.2622786,0.59192844
30.2666667,17.2820112,0.592006678
30.3,17.3017463,0.592085016
30.3333333,17.3214837,0.592163443
30.3666667,17.3412235,0.592241954
30.4,17.3609662,0.592320552
30.4333333,17.3807118,0.592399228
30.4666667,17.4004598,0.592477959
30.5,17.4202103,0.592556739
30.5333333,17.4399631,0.592635559
30.5666667,17.4597192,0.59271442
30.6,17.4794779,0.592793303
30.6333333,17.499239,0.592872198
30.6666667,17.5190025,0.592951101
30.7,17.5387687,0.593030002
30.7333333,17.5585379,0.59310889
30.7666667,17.5783097,0.593187759
30.8,17.5980838,0.593266605
30.8333333,17.6178603,0.593345421
30.8666667,17.63764,0.593424189
30.9,17.6574223,0.593502909
30.9333333,17.6772071,0.59358158
30.9666667,17.6969943,0.593660198
31,17.716784,0.593738755
31.0333333,17.7365769,0.59381723
31.0666667,17.7563723,0.593895639
31.1,17.77617,0.593973979
31.1333333,17.7959702,0.594052248
31.1666667,17.8157733,0.594130425
31.2,17.8355792,0.594208518
31.2333333,17.8553875,0.594286534
31.2666667,17.8751981,0.594364474
31.3,17.8950113,0.594442335
31.3333333,17.9148277,0.594520095
31.3666667,17.9346464,0.59459778
31.4,17.9544676,0.594675392
31.4333333,17.9742911,0.594752933
31.4666667,17.9941176,0.594830392
31.5,18.0139468,0.594907774
31.5333333,18.0337784,0.594985095
31.5666667,18.0536123,0.595062359
31.6,18.0734487,0.595139568
31.6333333,18.0932883,0.595216709
31.6666667,18.1131303,0.595293808
31.7,18.1329747,0.59537087
31.7333333,18.1528214,0.595447898
31.7666667,18.1726709,0.595524894
31.8,18.1925233,0.595601867
31.8333333,18.212378,0.595678827
31.8666667,18.2322351,0.595755779
31.9,18.2520946,0.59583273
31.9333333,18.2719573,0.595909689
31.9666667,18.2918224,0.595986664
32,18.3116899,0.596063661
32.0333333,18.3315597,0.596140684
32.0666667,18.3514322,0.596217745
32.1,18.3713077,0.596294859
32.1333333,18.3911856,0.596372024
32.1666667,18.4110659,0.596449245
32.2,18.4309485,0.596526526
32.2333333,18.4508342,0.596603897
32.2666667,18.4707225,0.596681352
32.3,18.4906131,0.596758888
32.3333333,18.5105062,0.596836511
32.3666667,18.5304019,0.596914235
32.4,18.5503006,0.596992088
32.4333333,18.5702017,0.597070045
32.4666667,18.5901053,0.59714811
32.5,18.6100112,0.597226287
32.5333333,18.6299202,0.597304612
32.5666667,18.6498319,0.597383072
32.6,18.669746,0.597461656
32.6333333,18.6896625,0.597540367
32.6666667,18.7095816,0.597619212
32.7,18.7295039,0.597698232
32.7333333,18.7494286,0.597777384
32.7666667,18.7693557,0.597856669
32.8,18.7892853,0.597936088
32.8333333,18.8092179,0.598015672
32.8666667,18.8291534,0.598095411
32.9,18.8490913,0.598175282
32.9333333,18.8690316,0.598255285
32.9666667,18.8889744,0.598335421
33,18.9089207,0.598415733
33.0333333,18.9288693,0.598496169
33.0666667,18.9488205,0.598576728
33.1,18.9687741,0.598657408
33.1333333,18.9887307,0.598738227
33.1666667,19.0086903,0.59881918
33.2,19.0286523,0.59890024
33.2333333,19.0486169,0.598981404
33.2666667,19.0685839,0.599062668
33.3,19.0885544,0.599144061
33.3333333,19.1085274,0.599225542
33.3666667,19.1285029,0.599307106
33.4,19.1484809,0.599388748
33.4333333,19.1684618,0.599470474
33.4666667,19.1884458,0.599552281
33.5,19.2084323,0.599634145
33.5333333,19.2284214,0.599716063
33.5666667,19.2484129,0.59979803
33.6,19.2684078,0.599880051
33.6333333,19.2884054,0.599962108
33.6666667,19.3084055,0.600044193
33.7,19.3284081,0.600126301
33.7333333,19.3484135,0.600208429
33.7666667,19.3684221,0.60029057
33.8,19.3884333,0.600372714
33.8333333,19.408447,0.600454858
33.8666667,19.4284632,0.600536996
33.9,19.4484826,0.600619121
33.9333333,19.4685049,0.600701226
33.9666667,19.4885296,0.60078331
34,19.5085569,0.600865368
34.0333333,19.5285869,0.600947396
34.0666667,19.5486201,0.601029379
34.1,19.568656,0.601111325
34.1333333,19.5886943,0.60119323
34.1666667,19.6087351,0.601275093
34.2,19.6287791,0.601356898
34.2333333,19.6488259,0.601438649
34.2666667,19.6688753,0.601520351
34.3,19.6889271,0.601602001
34.3333333,19.7089816,0.601683597
34.3666667,19.7290394,0.601765123
34.4,19.7490997,0.601846595
34.4333333,19.7691626,0.601928015
34.4666667,19.7892279,0.602009382
34.5,19.8092963,0.602090686
34.5333333,19.8293676,0.602171931
34.5666667,19.8494414,0.602253127
34.6,19.8695177,0.602334277
34.6333333,19.8895965,0.602415381
34.6666667,19.9096787,0.602496426
34.7,19.9297634,0.602577433
34.7333333,19.9498507,0.602658403
34.7666667,19.9699404,0.602739341
34.8,19.990033,0.602820242
34.8333333,20.0101286,0.602901114
34.8666667,20.0302267,0.602981965
34.9,20.0503273,0.603062799
34.9333333,20.0704304,0.603143619
34.9666667,20.0905369,0.603224428
35,20.1106459,0.603305234
35.0333333,20.1307574,0.603386043
35.0666667,20.1508713,0.603466857
35.1,20.1709881,0.603547684
35.1333333,20.1911081,0.603628531
35.1666667,20.2112304,0.603709401
35.2,20.2313553,0.603790298
35.2333333,20.2514827,0.603871225
35.2666667,20.2716133,0.603952199
35.3,20.2917466,0.604033219
35.3333333,20.3118824,0.604114285
35.3666667,20.3320206,0.604195402
35.4,20.3521617,0.604276579
35.4333333,20.3723059,0.604357833
35.4666667,20.3924526,0.604439151
35.5,20.4126018,0.604520537
35.5333333,20.4327536,0.604601994
35.5666667,20.4529085,0.604683547
35.6,20.4730662,0.604765188
35.6333333,20.4932264,0.60484691
35.6666667,20.5133891,0.604928717
35.7,20.5335545,0.605010615
35.7333333,20.5537233,0.605092632
35.7666667,20.5738945,0.60517474
35.8,20.5940683,0.60525694
35.8333333,20.6142446,0.605339234
35.8666667,20.634424,0.605421646
35.9,20.6546064,0.605504167
35.9333333,20.6747913,0.605586785
35.9666667,20.6949787,0.605669498
36,20.7151687,0.60575231
36.0333333,20.7353622,0.605835252
36.0666667,20.7555583,0.605918288
36.1,20.7757569,0.606001416
36.1333333,20.795958,0.606084637
36.1666667,20.8161622,0.606167966
36.2,20.8363695,0.606251399
36.2333333,20.8565793,0.606334917
36.2666667,20.8767917,0.606418518
36.3,20.8970067,0.6065022
36.3333333,20.9172252,0.606585988
36.3666667,20.9374463,0.60666985
36.4,20.95767,0.606753783
36.4333333,20.9778963,0.606837783
36.4666667,20.9981255,0.606921856
36.5,21.0183579,0.607006002
36.5333333,21.038593,0.607090202
36.5666667,21.0588306,0.607174454
36.6,21.0790708,0.607258753
36.6333333,21.0993144,0.607343108
36.6666667,21.1195608,0.607427503
36.7,21.1398098,0.607511931
36.7333333,21.1600613,0.607596388
36.7666667,21.1803158,0.607680874
36.8,21.2005736,0.607765386
36.8333333,21.2208339,0.607849912
36.8666667,21.2410969,0.607934451
36.9,21.2613624,0.608018998
36.9333333,21.2816313,0.608103549
36.9666667,21.3019031,0.6081881
37,21.3221774,0.608272645
37.0333333,21.3424544,0.608357183
37.0666667,21.3627341,0.60844171
37.1,21.3830173,0.608526216
37.1333333,21.403303,0.608610704
37.1666667,21.4235914,0.608695171
37.2,21.4438823,0.608779615
37.2333333,21.4641765,0.608864027
37.2666667,21.4844736,0.608948406
37.3,21.5047733,0.609032754
37.3333333,21.5250756,0.60911707
37.3666667,21.5453806,0.609201352
37.4,21.5656891,0.609285586
37.4333333,21.5860002,0.609369785
37.4666667,21.6063138,0.609453947
37.5,21.62663,0.609538072
37.5333333,21.6469494,0.609622152
37.5666667,21.6672718,0.609706188
37.6,21.6875968,0.609790188
37.6333333,21.7079244,0.609874151
37.6666667,21.7282545,0.609958079
37.7,21.7485883,0.61004196
37.7333333,21.7689246,0.610125808
37.7666667,21.7892634,0.610209625
37.8,21.8096049,0.610293413
37.8333333,21.8299494,0.610377167
37.8666667,21.850297,0.610460892
37.9,21.8706471,0.610544594
37.9333333,21.8909998,0.610628277
37.9666667,21.9113551,0.610711941
38,21.9317139,0.610795585
38.0333333,21.9520754,0.610879218
38.0666667,21.9724394,0.610962843
38.1,21.9928059,0.611046463
38.1333333,22.0131754,0.61113008
38.1666667,22.0335481,0.6112137
38.2,22.0539234,0.611297325
38.2333333,22.0743013,0.611380959
38.2666667,22.0946817,0.611464605
38.3,22.1150655,0.611548272
38.3333333,22.135452,0.61163196
38.3666667,22.1558411,0.611715671
38.4,22.1762328,0.611799408
38.4333333,22.1966273,0.611883178
38.4666667,22.2170252,0.611966991
38.5,22.2374256,0.612050841
38.5333333,22.2578286,0.61213473
38.5666667,22.2782341,0.612218662
38.6,22.298643,0.612302652
38.6333333,22.3190547,0.612386696
38.6666667,22.339469,0.612470792
38.7,22.3598859,0.612554941
38.7333333,22.3803055,0.612639149
38.7666667,22.4007286,0.612723434
38.8,22.4211543,0.612807779
38.8333333,22.4415825,0.612892187
38.8666667,22.4620134,0.612976657
38.9,22.4824474,0.613061207
38.9333333,22.5028845,0.613145833
38.9666667,22.5233241,0.613230526
39,22.5437663,0.613315285
39.0333333,22.5642113,0.613400115
39.0666667,22.5846597,0.613485036
39.1,22.6051108,0.613570026
39.1333333,22.6255645,0.613655084
39.1666667,22.6460208,0.613740208
39.2,22.6664802,0.613825413
39.2333333,22.6869428,0.613910696
39.2666667,22.7074079,0.613996043
39.3,22.7278755,0.614081448
39.3333333,22.7483464,0.614166933
39.3666667,22.7688203,0.614252488
39.4,22.7892969,0.614338102
39.4333333,22.809776,0.614423776
39.4666667,22.8302579,0.61450951
39.5,22.8507434,0.61459532
39.5333333,22.8712315,0.614681183
39.5666667,22.8917222,0.614767098
39.6,22.9122156,0.614853063
39.6333333,22.9327122,0.614939088
39.6666667,22.9532119,0.615025165
39.7,22.9737142,0.615111285
39.7333333,22.9942191,0.615197447
39.7666667,23.0147268,0.615283648
39.8,23.0352381,0.615369898
39.8333333,23.055752,0.615456181
39.8666667,23.0762686,0.615542494
39.9,23.0967878,0.615628835
39.9333333,23.1173102,0.615715207
39.9666667,23.1378358,0.615801605
40,23.158364,0.615888022
40.0333333,23.1788949,0.615974457
40.0666667,23.1994284,0.616060907
40.1,23.2199656,0.616147373
40.1333333,23.2405055,0.61623385
40.1666667,23.261048,0.616320334
40.2,23.2815932,0.616406824
40.2333333,23.3021414,0.616493319
40.2666667,23.322693,0.616579816
40.3,23.3432471,0.616666311
40.3333333,23.363804,0.616752806
40.3666667,23.3843635,0.616839297
40.4,23.4049265,0.616925782
40.4333333,23.4254924,0.617012261
40.4666667,23.4460609,0.617098733
40.5,23.466632,0.617185198
40.5333333,23.4872061,0.617271654
40.5666667,23.5077836,0.617358099
40.6,23.5283638,0.617444536
40.6333333,23.5489466,0.617530963
40.6666667,23.5695321,0.617617382
40.7,23.5901209,0.617703791
40.7333333,23.6107127,0.61779019
40.7666667,23.6313072,0.617876582
40.8,23.6519043,0.617962968
40.8333333,23.6725043,0.618049348
40.8666667,23.6931077,0.618135722
40.9,23.7137138,0.618222094
40.9333333,23.7343225,0.618308464
40.9666667,23.7549339,0.618394835
41,23.7755487,0.618481207
41.0333333,23.7961664,0.618567585
41.0666667,23.8167868,0.618653969
41.1,23.8374098,0.61874036
41.1333333,23.8580356,0.618826762
41.1666667,23.878665,0.61891318
41.2,23.899297,0.618999615
41.2333333,23.9199317,0.619086067
41.2666667,23.9405691,0.619172538
41.3,23.9612096,0.619259037
41.3333333,23.9818533,0.619345565
41.3666667,24.0024997,0.619432123
41.4,24.0231487,0.61951871
41.4333333,24.0438003,0.61960533
41.4666667,24.0644557,0.619692
41.5,24.0851137,0.619778709
41.5333333,24.1057744,0.619865459
41.5666667,24.1264378,0.619952252
41.6,24.1471042,0.620039099
41.6333333,24.167774,0.620126005
41.6666667,24.1884463,0.620212962
41.7,24.2091214,0.620299973
41.7333333,24.2297991,0.620387038
41.7666667,24.2504805,0.620474181
41.8,24.2711646,0.620561385
41.8333333,24.2918514,0.620648651
41.8666667,24.3125409,0.62073598
41.9,24.3332334,0.62082338
41.9333333,24.3539293,0.620910864
41.9666667,24.3746279,0.620998415
42,24.3953292,0.621086034
42.0333333,24.4160332,0.621173722
42.0666667,24.4367407,0.621261501
42.1,24.4574511,0.621349357
42.1333333,24.4781642,0.621437284
42.1666667,24.49888,0.621525282
42.2,24.5195987,0.621613358
42.2333333,24.540321,0.621701528
42.2666667,24.561046,0.621789768
42.3,24.5817737,0.621878079
42.3333333,24.6025041,0.621966461
42.3666667,24.6232379,0.622054932
42.4,24.6439748,0.622143479
42.4333333,24.6647144,0.622232095
42.4666667,24.6854568,0.622320779
42.5,24.706202,0.622409531
42.5333333,24.7269508,0.62249837
42.5666667,24.7477024,0.622587272
42.6,24.7684567,0.622676235
42.6333333,24.7892138,0.622765258
42.6666667,24.8099741,0.622854352
42.7,24.8307377,0.622943512
42.7333333,24.851504,0.623032725
42.7666667,24.8722731,0.62312199
42.8,24.8930449,0.623211307
42.8333333,24.9138205,0.623300689
42.8666667,24.9345989,0.623390117
42.9,24.95538,0.623479587
42.9333333,24.9761638,0.6235691
42.9666667,24.996951,0.623658659
43,25.0177414,0.623748261
43.0333333,25.0385346,0.623837898
43.0666667,25.0593305,0.623927566
43.1,25.0801291,0.624017265
43.1333333,25.1009316,0.624107002
43.1666667,25.1217368,0.624196765
43.2,25.1425449,0.624286551
43.2333333,25.1633556,0.624376359
43.2666667,25.1841696,0.624466189
43.3,25.204987,0.624556041
43.3333333,25.2258071,0.624645909
43.3666667,25.24663,0.624735791
43.4,25.2674556,0.624825685
43.4333333,25.2882849,0.624915594
43.4666667,25.3091171,0.625005513
43.5,25.3299522,0.625095441
43.5333333,25.3507899,0.625185375
43.5666667,25.3716307,0.625275317
43.6,25.3924751,0.625365266
43.6333333,25.4133222,0.625455219
43.6666667,25.4341721,0.625545176
43.7,25.4550248,0.625635136
43.7333333,25.475881,0.6257251
43.7666667,25.4967402,0.625815068
43.8,25.5176022,0.625905038
43.8333333,25.538467,0.625995011
43.8666667,25.5593347,0.626084987
43.9,25.5802061,0.626174967
43.9333333,25.6010802,0.626264952
43.9666667,25.6219571,0.62635494
44,25.6428368,0.626444934
44.0333333,25.6637199,0.626534934
44.0666667,25.6846062,0.626624943
44.1,25.7054952,0.626714959
44.1333333,25.726387,0.626804984
44.1666667,25.7472817,0.626895019
44.2,25.7681801,0.62698507
44.2333333,25.7890812,0.627075133
44.2666667,25.8099852,0.627165211
44.3,25.8308919,0.627255304
44.3333333,25.8518019,0.627345418
44.3666667,25.8727152,0.627435555
44.4,25.8936313,0.627525713
44.4333333,25.9145501,0.627615893
44.4666667,25.9354718,0.627706096
44.5,25.9563972,0.627796336
44.5333333,25.9773254,0.627886603
44.5666667,25.9982565,0.6279769
44.6,26.0191902,0.628067228
44.6333333,26.0401273,0.628157594
44.6666667,26.0610677,0.628248003
44.7,26.0820109,0.628338449
44.7333333,26.1029568,0.628428932
44.7666667,26.1239056,0.628519455
44.8,26.1448581,0.628610033
44.8333333,26.1658135,0.628700656
44.8666667,26.1867716,0.628791323
44.9,26.2077326,0.628882036
44.9333333,26.2286967,0.628972801
44.9666667,26.2496643,0.629063627
45,26.2706347,0.629154502
45.0333333,26.2916079,0.629245427
45.0666667,26.3125839,0.629336403
45.1,26.3335635,0.629427447
45.1333333,26.3545462,0.629518549
45.1666667,26.3755317,0.629609703
45.2,26.3965199,0.629700911
45.2333333,26.4175113,0.629792178
45.2666667,26.4385062,0.629883515
45.3,26.459504,0.629974908
45.3333333,26.4805046,0.630066354
45.3666667,26.501508,0.630157855
45.4,26.5225149,0.630249425
45.4333333,26.543525,0.630341056
45.4666667,26.5645379,0.63043274
45.5,26.5855537,0.630524478
45.5333333,26.6065724,0.630616271
45.5666667,26.6275948,0.630708133
45.6,26.6486201,0.630800045
45.6333333,26.6696482,0.630892008
45.6666667,26.6906792,0.63098402
45.7,26.7117136,0.631076092
45.7333333,26.7327513,0.631168217
45.7666667,26.7537918,0.631260388
45.8,26.7748352,0.631352603
45.8333333,26.7958814,0.631444862
45.8666667,26.8169315,0.631537179
45.9,26.8379845,0.631629535
45.9333333,26.8590403,0.631721929
45.9666667,26.8800989,0.631814361
46,26.9011609,0.631906835
46.0333333,26.9222263,0.631999349
46.0666667,26.9432946,0.632091896
46.1,26.9643657,0.632184473
46.1333333,26.9854396,0.632277079
46.1666667,27.0065174,0.632369723
46.2,27.0275982,0.632462393
46.2333333,27.0486818,0.632555087
46.2666667,27.0697682,0.632647804
46.3,27.0908579,0.632740545
46.3333333,27.1119511,0.632833311
46.3666667,27.1330472,0.632926094
46.4,27.1541462,0.633018895
46.4333333,27.1752479,0.633111711
46.4666667,27.1963535,0.633204546
46.5,27.2174621,0.633297394
46.5333333,27.2385736,0.633390254
46.5666667,27.2596878,0.633483125
46.6,27.2808053,0.633576007
46.6333333,27.3019264,0.633668901
46.6666667,27.3230504,0.633761802
46.7,27.3441772,0.633854711
46.7333333,27.3653069,0.633947627
46.7666667,27.3864402,0.634040551
46.8,27.4075767,0.634133481
46.8333333,27.4287161,0.634226416
46.8666667,27.4498582,0.634319356
46.9,27.4710035,0.634412302
46.9333333,27.4921525,0.634505255
46.9666667,27.5133044,0.634598212
47,27.5344591,0.634691174
47.0333333,27.5556167,0.634784142
47.0666667,27.5767778,0.634877117
47.1,27.5979422,0.634970098
47.1333333,27.6191095,0.635063086
47.1666667,27.6402796,0.635156081
47.2,27.6614526,0.635249084
47.2333333,27.6826296,0.635342098
47.2666667,27.7038094,0.635435121
47.3,27.724992,0.635528155
47.3333333,27.7461775,0.635621199
47.3666667,27.7673665,0.635714258
47.4,27.7885588,0.635807331
47.4333333,27.809754,0.635900419
47.4666667,27.830952,0.635993522
47.5,27.8521529,0.636086641
47.5333333,27.8733578,0.636179784
47.5666667,27.8945655,0.636272945
47.6,27.9157761,0.636366127
47.6333333,27.9369896,0.636459329
47.6666667,27.9582064,0.636552558
47.7,27.9794267,0.636645814
47.7333333,28.0006499,0.636739096
47.7666667,28.0218759,0.636832404
47.8,28.0431048,0.636925738
47.8333333,28.0643376,0.637019111
47.8666667,28.0855733,0.637112514
47.9,28.1068119,0.637205948
47.9333333,28.1280534,0.637299413
47.9666667,28.1492981,0.637392916
48,28.1705465,0.63748646
48.0333333,28.1917977,0.63758004
48.0666667,28.2130518,0.637673654
48.1,28.2343087,0.637767305
48.1333333,28.2555695,0.637861004
48.1666667,28.2768333,0.637954745
48.2,28.2981,0.638048523
48.2333333,28.3193696,0.638142341
48.2666667,28.3406424,0.638236201
48.3,28.3619188,0.638330113
48.3333333,28.3831982,0.638424065
48.3666667,28.4044805,0.638518058
48.4,28.4257656,0.638612091
48.4333333,28.4470544,0.638706176
48.4666667,28.4683465,0.638800306
48.5,28.4896414,0.638894477
48.5333333,28.5109392,0.638988688
48.5666667,28.5322401,0.639082941
48.6,28.5535448,0.639177248
48.6333333,28.5748525,0.639271595
48.6666667,28.596163,0.63936598
48.7,28.6174764,0.639460404
48.7333333,28.6387934,0.639554875
48.7666667,28.6601138,0.639649389
48.8,28.6814371,0.63974394
48.8333333,28.7027632,0.639838526
48.8666667,28.7240924,0.639933148
48.9,28.7454255,0.640027817
48.9333333,28.7667615,0.640122519
48.9666667,28.7881004,0.640217254
49,28.8094423,0.640312019
49.0333333,28.8307876,0.640406821
49.0666667,28.8521364,0.640501658
49.1,28.8734881,0.640596522
49.1333333,28.8948427,0.640691414
49.1666667,28.9162002,0.640786331
49.2,28.9375618,0.640881283
49.2333333,28.9589263,0.640976258
49.2666667,28.9802937,0.641071255
49.3,29.001664,0.641166274
49.3333333,29.0230377,0.641261316
49.3666667,29.044415,0.641356382
49.4,29.0657952,0.641451465
49.4333333,29.0871784,0.641546565
49.4666667,29.1085644,0.641641681
49.5,29.1299544,0.641736817
49.5333333,29.1513474,0.641831968
49.5666667,29.1727434,0.641927131
49.6,29.1941423,0.642022307
49.6333333,29.2155445,0.642117495
49.6666667,29.2369503,0.642212696
49.7,29.2583591,0.642307906
49.7333333,29.2797708,0.642403126
49.7666667,29.3011855,0.642498354
49.8,29.3226039,0.642593592
49.8333333,29.3440255,0.642688838
49.8666667,29.3654501,0.642784091
49.9,29.3868776,0.64287935
49.9333333,29.4083082,0.642974616
49.9666667,29.4297427,0.64306989
50,29.4511801,0.643165169
50.0333333,29.4726204,0.643260454
50.0666667,29.4940636,0.643355744
50.1,29.5155105,0.643451041
50.1333333,29.5369608,0.643546345
50.1666667,29.558414,0.643641655
50.2,29.57987,0.643736971
50.2333333,29.6013292,0.643832293
50.2666667,29.6227923,0.643927624
50.3,29.6442583,0.644022962
50.3333333,29.6657272,0.644118307
50.3666667,29.6871991,0.644213661
50.4,29.7086745,0.644309025
50.4333333,29.7301534,0.644404399
50.4666667,29.7516352,0.644499784
50.5,29.7731199,0.644595178
50.5333333,29.7946075,0.644690584
50.5666667,29.8160993,0.644786006
50.6,29.8375939,0.644881441
50.6333333,29.8590915,0.644976889
50.6666667,29.880592,0.645072351
50.7,29.902096,0.645167831
50.7333333,29.9236035,0.64526333
50.7666667,29.9451139,0.645358846
50.8,29.9666273,0.64545438
50.8333333,29.9881436,0.645549931
50.8666667,30.0096639,0.645645509
50.9,30.0311872,0.645741108
50.9333333,30.0527135,0.645836728
50.9666667,30.0742427,0.645932369
51,30.0957752,0.646028036
51.0333333,30.1173115,0.646123732
51.0666667,30.1388506,0.646219452
51.1,30.1603927,0.646315197
51.1333333,30.1819378,0.646410968
51.1666667,30.2034867,0.646506772
51.2,30.2250387,0.646602605
51.2333333,30.2465937,0.646698466
51.2666667,30.2681517,0.646794354
51.3,30.2897129,0.646890274
51.3333333,30.3112779,0.64698623
51.3666667,30.3328458,0.647082215
51.4,30.3544167,0.64717823
51.4333333,30.3759905,0.647274274
51.4666667,30.3975681,0.647370356
51.5,30.419149,0.647466471
51.5333333,30.4407329,0.647562617
51.5666667,30.4623196,0.647658793
51.6,30.4839096,0.647755001
51.6333333,30.5055034,0.647851248
51.6666667,30.5271002,0.647947526
51.7,30.5487,0.648043833
51.7333333,30.5703027,0.64814017
51.7666667,30.5919091,0.648236543
51.8,30.6135189,0.64833295
51.8333333,30.6351316,0.648429385
51.8666667,30.6567473,0.648525848
51.9,30.678366,0.64862234
51.9333333,30.6999888,0.648718869
51.9666667,30.7216146,0.648815424
52,30.7432433,0.648912006
52.0333333,30.764875,0.649008613
52.0666667,30.7865102,0.649105249
52.1,30.808149,0.649201915
52.1333333,30.8297908,0.649298603
52.1666667,30.8514355,0.649395315
52.2,30.8730831,0.649492048
52.2333333,30.8947349,0.649588811
52.2666667,30.9163897,0.649685594
52.3,30.9380474,0.649782396
52.3333333,30.9597082,0.649879218
52.3666667,30.9813723,0.64997606
52.4,31.0030402,0.650072923
52.4333333,31.024711,0.650169803
52.4666667,31.0463848,0.650266698
52.5,31.0680615,0.650363608
52.5333333,31.0897422,0.650460538
52.5666667,31.1114261,0.65055748
52.6,31.133113,0.650654436
52.6333333,31.1548028,0.650751403
52.6666667,31.1764959,0.650848383
52.7,31.1981929,0.650945377
52.7333333,31.2198928,0.65104238
52.7666667,31.2415957,0.651139393
52.8,31.2633015,0.651236414
52.8333333,31.2850113,0.651333446
52.8666667,31.3067243,0.651430487
52.9,31.3284402,0.651527535
52.9333333,31.3501592,0.65162459
52.9666667,31.3718814,0.651721652
53,31.3936074,0.651818722
53.0333333,31.4153365,0.651915799
53.0666667,31.4370685,0.652012881
53.1,31.4588035,0.652109969
53.1333333,31.4805423,0.652207064
53.1666667,31.5022844,0.652304165
53.2,31.5240296,0.652401271
53.2333333,31.5457777,0.652498383
53.2666667,31.5675289,0.652595501
53.3,31.5892841,0.652692626
53.3333333,31.6110423,0.652789757
53.3666667,31.6328035,0.652886894
53.4,31.6545677,0.652984037
53.4333333,31.6763355,0.653081188
53.4666667,31.6981068,0.653178347
53.5,31.7198811,0.653275513
53.5333333,31.7416583,0.653372686
53.5666667,31.7634386,0.653469867
53.6,31.785223,0.65356706
53.6333333,31.8070104,0.653664262
53.6666667,31.8288008,0.653761473
53.7,31.8505941,0.653858693
53.7333333,31.872391,0.653955926
53.7666667,31.8941915,0.654053172
53.8,31.915995,0.654150429
53.8333333,31.9378014,0.654247698
53.8666667,31.9596109,0.65434498
53.9,31.9814244,0.65444228
53.9333333,32.0032409,0.654539593
53.9666667,32.0250605,0.654636922
54,32.0468831,0.654734265
54.0333333,32.068709,0.654831625
54.0666667,32.0905388,0.654929006
54.1,32.1123714,0.655026403
54.1333333,32.1342071,0.655123817
54.1666667,32.1560458,0.655221249
54.2,32.1778884,0.655318705
54.2333333,32.1997343,0.655416181
54.2666667,32.2215831,0.655513676
54.3,32.2434349,0.65561119
54.3333333,32.26529,0.655708727
54.3666667,32.287149,0.655806289
54.4,32.3090109,0.655903873
54.4333333,32.3308759,0.656001477
54.4666667,32.3527439,0.656099103
54.5,32.3746157,0.656196756
54.5333333,32.3964908,0.656294433
54.5666667,32.4183689,0.656392132
54.6,32.44025,0.656489853
54.6333333,32.4621344,0.656587598
54.6666667,32.4840227,0.656685372
54.7,32.505914,0.656783169
54.7333333,32.5278083,0.656880987
54.7666667,32.5497056,0.656978828
54.8,32.5716066,0.657076697
54.8333333,32.5935111,0.65717459
54.8666667,32.6154186,0.657272505
54.9,32.6373291,0.657370442
54.9333333,32.6592427,0.657468401
54.9666667,32.6811603,0.657566389
55,32.703081,0.657664397
55.0333333,32.7250047,0.657762426
55.0666667,32.7469315,0.657860475
55.1,32.7688618,0.657958547
55.1333333,32.7907957,0.658056643
55.1666667,32.8127326,0.658154757
55.2,32.8346726,0.65825289
55.2333333,32.8566155,0.658351041
55.2666667,32.8785626,0.658449216
55.3,32.9005128,0.658547408
55.3333333,32.9224659,0.658645616
55.3666667,32.9444221,0.65874384
55.4,32.9663818,0.658842082
55.4333333,32.9883452,0.658940342
55.4666667,33.0103116,0.659038616
55.5,33.032281,0.659136904
55.5333333,33.0542535,0.659235205
55.5666667,33.07623,0.659333523
55.6,33.0982096,0.659431853
55.6333333,33.1201923,0.659530194
55.6666667,33.142178,0.659628547
55.7,33.1641671,0.659726911
55.7333333,33.18616,0.659825288
55.7666667,33.2081559,0.659923674
55.8,33.2301549,0.660022069
55.8333333,33.2521569,0.660120473
55.8666667,33.2741628,0.660218887
55.9,33.296172,0.660317309
55.9333333,33.3181842,0.660415739
55.9666667,33.3401994,0.660514175
56,33.3622179,0.660612618
56.0333333,33.3842404,0.66071107
56.0666667,33.4062659,0.660809528
56.1,33.4282944,0.660907991
56.1333333,33.4503259,0.66100646
56.1666667,33.4723613,0.661104936
56.2,33.4944,0.661203417
56.2333333,33.5164418,0.661301903
56.2666667,33.5384866,0.661400395
56.3,33.5605346,0.661498892
56.3333333,33.5825866,0.661597395
56.3666667,33.6046417,0.661695903
56.4,33.6266998,0.661794416
56.4333333,33.6487609,0.661892934
56.4666667,33.6708257,0.661991459
56.5,33.692894,0.662089989
56.5333333,33.7149654,0.662188525
56.5666667,33.7370398,0.662287067
56.6,33.7591172,0.662385614
56.6333333,33.7811988,0.66248417
56.6666667,33.8032835,0.662582732
56.7,33.8253711,0.662681301
56.7333333,33.8474618,0.662779876
56.7666667,33.8695561,0.66287846
56.8,33.891654,0.662977053
56.8333333,33.913755,0.663075654
56.8666667,33.935859,0.663174264
56.9,33.957966,0.663272882
56.9333333,33.9800771,0.663371512
56.9666667,34.0021914,0.663470151
57,34.0243087,0.663568801
57.0333333,34.046429,0.663667461
57.0666667,34.0685527,0.663766133
57.1,34.0906803,0.663864818
57.1333333,34.1128109,0.663963515
57.1666667,34.1349445,0.664062224
57.2,34.1570811,0.664160945
57.2333333,34.1792217,0.664259682
57.2666667,34.2013656,0.664358433
57.3,34.2235125,0.664457198
57.3333333,34.2456625,0.664555976
57.3666667,34.2678158,0.66465477
57.4,34.289973,0.664753581
57.4333333,34.3121332,0.664852408
57.4666667,34.3342965,0.664951249
57.5,34.3564628,0.665050105
57.5333333,34.378633,0.665148981
57.5666667,34.4008065,0.665247874
57.6,34.4229831,0.665346783
57.6333333,34.4451627,0.665445708
57.6666667,34.4673456,0.665544649
57.7,34.4895325,0.665643612
57.7333333,34.5117224,0.665742592
57.7666667,34.5339154,0.665841587
57.8,34.5561114,0.665940599
57.8333333,34.5783112,0.666039631
57.8666667,34.6005145,0.666138682
57.9,34.6227208,0.666237749
57.9333333,34.6449301,0.666336833
57.9666667,34.6671426,0.666435933
58,34.6893592,0.666535054
58.0333333,34.7115789,0.666634192
58.0666667,34.7338016,0.666733345
58.1,34.7560274,0.666832514
58.1333333,34.7782568,0.666931701
58.1666667,34.8004898,0.667030905
58.2,34.8227259,0.667130125
58.2333333,34.8449651,0.667229359
58.2666667,34.8672072,0.667328607
58.3,34.8894536,0.667427875
58.3333333,34.9117031,0.667527156
58.3666667,34.9339556,0.667626451
58.4,34.9562111,0.667725758
58.4333333,34.9784703,0.66782508
58.4666667,35.0007331,0.667924417
58.5,35.022999,0.668023765
58.5333333,35.0452679,0.668123125
58.5666667,35.0675399,0.668222497
58.6,35.089816,0.668321882
58.6333333,35.1120953,0.668421278
58.6666667,35.1343776,0.668520684
58.7,35.156663,0.668620099
58.7333333,35.1789519,0.668719525
58.7666667,35.2012446,0.668818962
58.8,35.2235403,0.668918407
58.8333333,35.2458391,0.66901786
58.8666667,35.2681409,0.669117321
58.9,35.2904468,0.669216791
58.9333333,35.3127559,0.669316269
58.9666667,35.3350681,0.669415753
59,35.3573834,0.669515244
59.0333333,35.3797019,0.669614742
59.0666667,35.4020245,0.669714247
59.1,35.4243501,0.669813757
59.1333333,35.4466788,0.669913273
59.1666667,35.4690105,0.670012794
59.2,35.4913461,0.670112321
59.2333333,35.5136851,0.670211854
59.2666667,35.5360272,0.670311391
59.3,35.5583723,0.670410933
59.3333333,35.5807207,0.670510479
59.3666667,35.6030731,0.670610032
59.4,35.6254286,0.670709588
59.4333333,35.6477872,0.670809149
59.4666667,35.6701488,0.670908713
59.5,35.6925141,0.671008283
59.5333333,35.714883,0.671107858
59.5666667,35.737255,0.671207437
59.6,35.75963,0.671307021
59.6333333,35.7820082,0.671406609
59.6666667,35.8043905,0.671506203
59.7,35.8267759,0.671605802
59.7333333,35.8491643,0.671705406
59.7666667,35.8715559,0.671805014
59.8,35.893951,0.671904629
59.8333333,35.9163498,0.67200425
59.8666667,35.9387517,0.672103877
59.9,35.9611566,0.672203509
59.9333333,35.9835646,0.672303148
59.9666667,36.0059768,0.672402795
60,36.0283921,0.672502448
60.0333333,36.0508105,0.672602109
60.0666667,36.0732319,0.672701776
60.1,36.0956568,0.672801451
60.1333333,36.1180856,0.672901136
60.1666667,36.1405174,0.673000829
60.2,36.1629523,0.67310053
60.2333333,36.1853902,0.673200239
60.2666667,36.2078322,0.673299959
60.3,36.2302774,0.673399689
60.3333333,36.2527257,0.673499428
60.3666667,36.2751771,0.673599177
60.4,36.2976318,0.673698936
60.4333333,36.3200905,0.673798708
60.4666667,36.3425523,0.67389849
60.5,36.3650171,0.673998282
60.5333333,36.387485,0.674098085
60.5666667,36.4099568,0.674197901
60.6,36.432432,0.67429773
60.6333333,36.4549103,0.674397569
60.6666667,36.4773916,0.67449742
60.7,36.4998762,0.674597283
60.7333333,36.5223649,0.674697162
60.7666667,36.5448566,0.674797051
60.8,36.5673514,0.674896953
60.8333333,36.5898492,0.674996866
60.8666667,36.6123509,0.675096794
60.9,36.6348561,0.675196736
60.9333333,36.6573644,0.67529669
60.9666667,36.6798757,0.675396655
61,36.7023902,0.675496633
61.0333333,36.7249089,0.675596627
61.0666667,36.7474306,0.675696632
61.1,36.7699554,0.67579665
61.1333333,36.7924833,0.675896679
61.1666667,36.8150149,0.675996722
61.2,36.8375501,0.676096778
61.2333333,36.8600884,0.676196846
61.2666667,36.8826298,0.676296924
61.3,36.9051742,0.676397014
61.3333333,36.9277229,0.676497119
61.3666667,36.9502747,0.676597234
61.4,36.9728295,0.676697359
61.4333333,36.9953874,0.676797495
61.4666667,37.017949,0.676897643
61.5,37.0405142,0.676997802
61.5333333,37.0630826,0.677097971
61.5666667,37.085654,0.677198148
61.6,37.1082285,0.677298335
61.6333333,37.1308072,0.677398534
61.6666667,37.153389,0.677498741
61.7,37.175974,0.677598957
61.7333333,37.198562,0.67769918
61.7666667,37.2211534,0.677799412
61.8,37.2437488,0.677899653
61.8333333,37.2663473,0.677999902
61.8666667,37.2889488,0.678100157
61.9,37.3115534,0.678200419
61.9333333,37.334162,0.678300689
61.9666667,37.356774,0.678400965
62,37.379389,0.678501248
62.0333333,37.4020071,0.678601536
62.0666667,37.4246286,0.678701829
62.1,37.447254,0.67880213
62.1333333,37.4698826,0.678902435
62.1666667,37.4925142,0.679002745
62.2,37.5151489,0.67910306
62.2333333,37.5377876,0.67920338
62.2666667,37.5604296,0.679303705
62.3,37.5830748,0.679404034
62.3333333,37.605723,0.679504367
62.3666667,37.6283745,0.679604704
62.4,37.6510301,0.679705046
62.4333333,37.6736888,0.679805392
62.4666667,37.6963505,0.679905741
62.5,37.7190154,0.680006094
62.5333333,37.741684,0.680106451
62.5666667,37.7643562,0.680206812
62.6,37.7870315,0.680307176
62.6333333,37.8097098,0.680407544
62.6666667,37.8323913,0.680507915
62.7,37.855077,0.680608291
62.7333333,37.8777659,0.680708671
62.7666667,37.9004578,0.680809054
62.8,37.9231527,0.680909441
62.8333333,37.9458514,0.681009832
62.8666667,37.9685537,0.681110228
62.9,37.9912591,0.681210628
62.9333333,38.0139676,0.681311032
62.9666667,38.0366792,0.68141144
63,38.059395,0.681511854
63.0333333,38.082114,0.681612273
63.0666667,38.104836,0.681712696
63.1,38.1275611,0.681813124
63.1333333,38.1502898,0.681913558
63.1666667,38.1730223,0.682013998
63.2,38.1957579,0.682114444
63.2333333,38.2184965,0.682214895
63.2666667,38.2412383,0.682315351
63.3,38.2639841,0.682415815
63.3333333,38.2867332,0.682516286
63.3666667,38.3094854,0.682616763
63.4,38.3322407,0.682717247
63.4333333,38.3549994,0.682817737
63.4666667,38.3777621,0.682918237
63.5,38.4005279,0.683018743
63.5333333,38.4232967,0.683119256
63.5666667,38.4460686,0.683219777
63.6,38.4688445,0.683320307
63.6333333,38.4916238,0.683420846
63.6666667,38.5144062,0.683521392
63.7,38.5371916,0.683621946
63.7333333,38.5599804,0.683722509
63.7666667,38.5827733,0.683823082
63.8,38.6055692,0.683923663
63.8333333,38.6283682,0.684024253
63.8666667,38.6511703,0.684124851
63.9,38.6739763,0.684225459
63.9333333,38.6967858,0.684326077
63.9666667,38.7195984,0.684426704
64,38.742414,0.684527339
64.0333333,38.7652329,0.684627983
64.0666667,38.788056,0.684728639
64.1,38.8108821,0.684829303
64.1333333,38.8337114,0.684929976
64.1666667,38.8565437,0.685030657
64.2,38.8793798,0.685131349
64.2333333,38.9022195,0.68523205
64.2666667,38.9250623,0.68533276
64.3,38.9479082,0.685433479
64.3333333,38.9707572,0.685534205
64.3666667,38.9936105,0.685634943
64.4,39.0164668,0.685735689
64.4333333,39.0393263,0.685836442
64.4666667,39.0621889,0.685937204
64.5,39.0850551,0.686037974
64.5333333,39.1079251,0.686138754
64.5666667,39.1307981,0.686239541
64.6,39.1536743,0.686340335
64.6333333,39.1765535,0.686441136
64.6666667,39.1994369,0.686541946
64.7,39.2223236,0.686642764
64.7333333,39.2452133,0.686743587
64.7666667,39.2681062,0.686844418
64.8,39.2910025,0.686945255
64.8333333,39.3139027,0.687046099
64.8666667,39.3368061,0.68714695
64.9,39.3597125,0.687247805
64.9333333,39.382622,0.687348667
64.9666667,39.4055356,0.687449535
65,39.4284525,0.687550409
65.0333333,39.4513726,0.687651287
65.0666667,39.4742957,0.68775217
65.1,39.4972222,0.687853058
65.1333333,39.5201527,0.687953952
65.1666667,39.5430863,0.68805485
65.2,39.5660231,0.688155751
65.2333333,39.5889629,0.688256657
65.2666667,39.6119066,0.688357568
65.3,39.6348539,0.688458482
65.3333333,39.6578042,0.6885594
65.3666667,39.6807576,0.688660321
65.4,39.7037143,0.688761246
65.4333333,39.7266751,0.688862175
65.4666667,39.749639,0.688963107
65.5,39.772606,0.689064042
65.5333333,39.7955762,0.689164979
65.5666667,39.8185501,0.689265921
65.6,39.8415276,0.689366865
65.6333333,39.8645083,0.689467812
65.6666667,39.887492,0.689568762
65.7,39.9104789,0.689669715
65.7333333,39.93347,0.689770671
65.7666667,39.9564642,0.68987163
65.8,39.9794616,0.689972592
65.8333333,40.002462,0.690073557
65.8666667,40.0254661,0.690174525
65.9,40.048474,0.690275496
65.9333333,40.0714849,0.69037647
65.9666667,40.0944989,0.690477446
66,40.1175161,0.690578426
66.0333333,40.1405375,0.69067941
66.0666667,40.163562,0.690780397
66.1,40.1865897,0.690881388
66.1333333,40.2096204,0.690982381
66.1666667,40.2326547,0.691083379
66.2,40.2556929,0.691184381
66.2333333,40.2787342,0.691285386
66.2666667,40.3017785,0.691386395
66.3,40.324826,0.691487408
66.3333333,40.3478776,0.691588426
66.3666667,40.3709325,0.691689449
66.4,40.3939905,0.691790476
66.4333333,40.4170515,0.691891507
66.4666667,40.4401161,0.691992542
66.5,40.4631846,0.692093584
66.5333333,40.4862562,0.692194631
66.5666667,40.5093309,0.692295682
66.6,40.5324087,0.692396738
66.6333333,40.5554905,0.692497801
66.6666667,40.5785757,0.692598869
66.7,40.601664,0.692699942
66.7333333,40.6247554,0.692801021
66.7666667,40.6478502,0.692902106
66.8,40.6709491,0.693003198
66.8333333,40.694051,0.693104296
66.8666667,40.717156,0.693205399
66.9,40.7402642,0.693306508
66.9333333,40.7633762,0.693407625
66.9666667,40.7864918,0.693508748
67,40.8096105,0.693609877
67.0333333,40.8327323,0.693711012
67.0666667,40.8558573,0.693812154
67.1,40.8789865,0.693913303
67.1333333,40.9021188,0.694014459
67.1666667,40.9252542,0.694115621
67.2,40.9483927,0.694216789
67.2333333,40.971535,0.694317964
67.2666667,40.994681,0.694419146
67.3,41.01783,0.694520335
67.3333333,41.0409822,0.69462153
67.3666667,41.0641374,0.69472273
67.4,41.087297,0.694823939
67.4333333,41.1104597,0.694925154
67.4666667,41.1336255,0.695026375
67.5,41.1567944,0.695127601
67.5333333,41.179967,0.695228834
67.5666667,41.2031433,0.695330074
67.6,41.2263228,0.695431319
67.6333333,41.2495053,0.69553257
67.6666667,41.272691,0.695633826
67.7,41.2958808,0.69573509
67.7333333,41.3190739,0.695836358
67.7666667,41.3422701,0.695937632
67.8,41.3654694,0.69603891
67.8333333,41.3886723,0.696140194
67.8666667,41.411879,0.696241484
67.9,41.4350889,0.696342778
67.9333333,41.4583018,0.696444076
67.9666667,41.4815179,0.696545379
68,41.504738,0.696646688
68.0333333,41.5279616,0.696748
68.0666667,41.5511882,0.696849317
68.1,41.5744179,0.696950637
68.1333333,41.597651,0.697051961
68.1666667,41.6208882,0.69715329
68.2,41.6441285,0.697254622
68.2333333,41.6673719,0.697355957
68.2666667,41.6906183,0.697457296
68.3,41.7138688,0.697558638
68.3333333,41.7371227,0.697659984
68.3666667,41.7603798,0.697761333
68.4,41.7836399,0.697862684
68.4333333,41.8069034,0.697964038
68.4666667,41.830171,0.698065395
68.5,41.8534417,0.698166755
68.5333333,41.8767155,0.698268118
68.5666667,41.8999924,0.698369482
68.6,41.9232732,0.69847085
68.6333333,41.9465575,0.69857222
68.6666667,41.969845,0.698673592
68.7,41.9931356,0.698774966
68.7333333,42.0164294,0.698876342
68.7666667,42.0397274,0.698977722
68.8,42.0630285,0.699079103
68.8333333,42.0863328,0.699180486
68.8666667,42.1096402,0.699281871
68.9,42.1329512,0.699383259
68.9333333,42.156266,0.699484649
68.9666667,42.179584,0.699586041
69,42.202905,0.699687435
69.0333333,42.2262291,0.699788832
69.0666667,42.2495576,0.699890231
69.1,42.2728891,0.699991632
69.1333333,42.2962238,0.700093036
69.1666667,42.3195616,0.700194441
69.2,42.3429031,0.70029585
69.2333333,42.3662483,0.700397261
69.2666667,42.3895967,0.700498675
69.3,42.4129482,0.700600091
69.3333333,42.4363027,0.700701509
69.3666667,42.4596615,0.700802932
69.4,42.4830235,0.700904357
69.4333333,42.5063887,0.701005784
69.4666667,42.5297569,0.701107215
69.5,42.5531287,0.701208649
69.5333333,42.5765044,0.701310087
69.5666667,42.5998832,0.701411528
69.6,42.6232651,0.701512972
69.6333333,42.6466502,0.701614419
69.6666667,42.6700393,0.70171587
69.7,42.6934318,0.701817326
69.7333333,42.7168274,0.701918784
69.7666667,42.7402261,0.702020247
69.8,42.7636282,0.702121713
69.8333333,42.7870343,0.702223184
69.8666667,42.8104436,0.702324659
69.9,42.833856,0.702426138
69.9333333,42.8572715,0.702527621
69.9666667,42.880691,0.702629108
70,42.9041139,0.7027306
70.0333333,42.92754,0.702832097
70.0666667,42.9509692,0.702933597
70.1,42.9744016,0.703035102
70.1333333,42.9978383,0.703136612
70.1666667,43.021278,0.703238127
70.2,43.0447209,0.703339645
70.2333333,43.0681669,0.703441168
70.2666667,43.0916167,0.703542696
70.3,43.1150701,0.70364423
70.3333333,43.1385267,0.703745767
70.3666667,43.1619864,0.703847309
70.4,43.1854491,0.703948855
70.4333333,43.2089163,0.704050407
70.4666667,43.2323865,0.704151963
70.5,43.2558599,0.704253523
70.5333333,43.2793364,0.704355087
70.5666667,43.3028165,0.704456656
70.6,43.3263005,0.70455823
70.6333333,43.3497875,0.704659809
70.6666667,43.3732777,0.704761391
70.7,43.396771,0.704862977
70.7333333,43.4202685,0.704964568
70.7666667,43.4437692,0.705066163
70.8,43.4672731,0.705167762
70.8333333,43.4907801,0.705269364
70.8666667,43.5142906,0.705370971
70.9,43.537805,0.705472582
70.9333333,43.5613226,0.705574196
70.9666667,43.5848433,0.705675814
71,43.6083671,0.705777434
71.0333333,43.631895,0.705879059
71.0666667,43.6554262,0.705980688
71.1,43.6789606,0.706082319
71.1333333,43.7024981,0.706183953
71.1666667,43.726039,0.70628559
71.2,43.749584,0.706387231
71.2333333,43.7731321,0.706488874
71.2666667,43.7966833,0.70659052
71.3,43.8202376,0.706692169
71.3333333,43.8437959,0.70679382
71.3666667,43.8673576,0.706895474
71.4,43.8909225,0.70699713
71.4333333,43.9144906,0.707098788
71.4666667,43.9380619,0.707200449
71.5,43.9616374,0.707302112
71.5333333,43.985216,0.707403777
71.5666667,44.0087977,0.707505443
71.6,44.0323825,0.707607112
71.6333333,44.0559712,0.707708783
71.6666667,44.0795635,0.707810456
71.7,44.1031589,0.70791213
71.7333333,44.1267575,0.708013806
71.7666667,44.1503592,0.708115484
71.8,44.1739652,0.708217163
71.8333333,44.1975743,0.708318845
71.8666667,44.2211866,0.708420527
71.9,44.244802,0.708522211
71.9333333,44.2684211,0.708623897
71.9666667,44.2920439,0.708725585
72,44.3156698,0.708827274
72.0333333,44.3392989,0.708928964
72.0666667,44.3629311,0.709030656
72.1,44.3865676,0.70913235
72.1333333,44.4102073,0.709234045
72.1666667,44.43385,0.709335742
72.2,44.4574959,0.70943744
72.2333333,44.4811455,0.70953914
72.2666667,44.5047988,0.709640842
72.3,44.5284553,0.709742545
72.3333333,44.5521149,0.70984425
72.3666667,44.5757777,0.709945957
72.4,44.5994446,0.710047666
72.4333333,44.6231148,0.710149377
72.4666667,44.6467881,0.710251089
72.5,44.6704645,0.710352803
72.5333333,44.6941445,0.71045452
72.5666667,44.7178284,0.710556239
72.6,44.7415154,0.71065796
72.6333333,44.7652055,0.710759682
72.6666667,44.7888988,0.710861407
72.7,44.8125961,0.710963135
72.7333333,44.8362969,0.711064865
72.7666667,44.8600007,0.711166597
72.8,44.8837077,0.711268332
72.8333333,44.9074181,0.711370069
72.8666667,44.9311325,0.71147181
72.9,44.9548501,0.711573552
72.9333333,44.9785708,0.711675298
72.9666667,45.0022946,0.711777045
73,45.0260224,0.711878796
73.0333333,45.0497537,0.71198055
73.0666667,45.0734881,0.712082307
73.1,45.0972256,0.712184066
73.1333333,45.1209664,0.712285829
73.1666667,45.1447114,0.712387595
73.2,45.1684595,0.712489363
73.2333333,45.1922108,0.712591135
73.2666667,45.2159652,0.712692909
73.3,45.2397234,0.712794687
73.3333333,45.2634852,0.712896469
73.3666667,45.2872502,0.712998253
73.4,45.3110183,0.71310004
73.4333333,45.3347895,0.71320183
73.4666667,45.3585651,0.713303624
73.5,45.3823437,0.713405421
73.5333333,45.4061256,0.71350722
73.5666667,45.4299105,0.713609023
73.6,45.4536991,0.713710829
73.6333333,45.4774915,0.713812638
73.6666667,45.5012871,0.713914451
73.7,45.5250857,0.714016266
73.7333333,45.5488875,0.714118083
73.7666667,45.5726935,0.714219905
73.8,45.5965028,0.714321729
73.8333333,45.6203152,0.714423556
73.8666667,45.6441307,0.714525385
73.9,45.6679498,0.714627217
73.9333333,45.6917728,0.714729053
73.9666667,45.7155989,0.714830891
74,45.7394281,0.714932731
74.0333333,45.7632605,0.715034574
74.0666667,45.787097,0.715136419
74.1,45.8109368,0.715238267
74.1333333,45.8347798,0.715340117
74.1666667,45.8586258,0.71544197
74.2,45.8824754,0.715543824
74.2333333,45.9063289,0.715645682
74.2666667,45.9301856,0.715747541
74.3,45.9540455,0.715849402
74.3333333,45.9779084,0.715951264
74.3666667,46.0017753,0.716053129
74.4,46.0256458,0.716154996
74.4333333,46.0495193,0.716256865
74.4666667,46.073396,0.716358735
74.5,46.097276,0.716460607
74.5333333,46.1211601,0.71656248
74.5666667,46.1450474,0.716664355
74.6,46.1689378,0.716766232
74.6333333,46.1928314,0.71686811
74.6666667,46.2167288,0.716969989
74.7,46.2406298,0.71707187
74.7333333,46.2645339,0.717173752
74.7666667,46.2884412,0.717275635
74.8,46.3123516,0.717377519
74.8333333,46.3362664,0.717479405
74.8666667,46.3601843,0.717581292
74.9,46.3841053,0.717683179
74.9333333,46.4080294,0.717785068
74.9666667,46.4319573,0.717886958
75,46.4558889,0.717988849
75.0333333,46.4798236,0.718090741
75.0666667,46.5037614,0.718192634
75.1,46.5277024,0.718294528
75.1333333,46.5516477,0.718396424
75.1666667,46.5755962,0.71849832
75.2,46.5995478,0.718600217
75.2333333,46.6235025,0.718702115
75.2666667,46.6474609,0.718804014
75.3,46.6714231,0.718905914
75.3333333,46.6953884,0.719007816
75.3666667,46.7193568,0.719109718
75.4,46.7433284,0.719211621
75.4333333,46.7673042,0.719313526
75.4666667,46.7912832,0.719415432
75.5,46.8152654,0.719517339
75.5333333,46.8392507,0.719619246
75.5666667,46.8632396,0.719721156
75.6,46.8872324,0.719823066
75.6333333,46.9112283,0.719924978
75.6666667,46.9352273,0.720026891
75.7,46.9592295,0.720128805
75.7333333,46.9832358,0.720230721
75.7666667,47.0072454,0.720332639
75.8,47.0312582,0.720434557
75.8333333,47.0552741,0.720536478
75.8666667,47.0792935,0.720638399
75.9,47.1033168,0.720740323
75.9333333,47.1273434,0.720842248
75.9666667,47.151373,0.720944174
76,47.1754058,0.721046103
76.0333333,47.1994425,0.721148033
76.0666667,47.2234828,0.721249965
76.1,47.2475262,0.721351899
76.1333333,47.2715727,0.721453834
76.1666667,47.2956225,0.721555771
76.2,47.3196765,0.721657711
76.2333333,47.3437337,0.721759652
76.2666667,47.3677939,0.721861595
76.3,47.3918573,0.72196354
76.3333333,47.4159245,0.722065487
76.3666667,47.4399954,0.722167436
76.4,47.4640694,0.722269387
76.4333333,47.4881465,0.72237134
76.4666667,47.5122268,0.722473295
76.5,47.5363114,0.722575252
76.5333333,47.5603992,0.722677212
76.5666667,47.58449,0.722779173
76.6,47.6085841,0.722881136
76.6333333,47.6326818,0.722983101
76.6666667,47.6567832,0.723085069
76.7,47.6808879,0.723187038
76.7333333,47.7049956,0.723289009
76.7666667,47.7291065,0.723390982
76.8,47.7532216,0.723492958
76.8333333,47.77734,0.723594935
76.8666667,47.8014615,0.723696914
76.9,47.8255861,0.723798895
76.9333333,47.8497143,0.723900878
76.9666667,47.8738464,0.724002863
77,47.8979816,0.724104849
77.0333333,47.92212,0.724206838
77.0666667,47.9462615,0.724308828
77.1,47.9704071,0.72441082
77.1333333,47.9945561,0.724512813
77.1666667,48.0187082,0.724614808
77.2,48.0428635,0.724716805
77.2333333,48.0670222,0.724818803
77.2666667,48.0911849,0.724920802
77.3,48.1153508,0.725022804
77.3333333,48.1395198,0.725124806
77.3666667,48.1636919,0.72522681
77.4,48.187868,0.725328815
77.4333333,48.2120477,0.725430822
77.4666667,48.2362304,0.725532829
77.5,48.2604163,0.725634838
77.5333333,48.2846055,0.725736848
77.5666667,48.3087989,0.725838859
77.6,48.3329953,0.725940871
77.6333333,48.357195,0.726042884
77.6666667,48.3813977,0.726144898
77.7,48.4056044,0.726246914
77.7333333,48.4298146,0.72634893
77.7666667,48.454028,0.726450946
77.8,48.4782445,0.726552964
77.8333333,48.5024642,0.726654982
77.8666667,48.5266882,0.726757002
77.9,48.5509153,0.726859022
77.9333333,48.5751456,0.726961042
77.9666667,48.599379,0.727063063
78,48.6236161,0.727165085
78.0333333,48.647857,0.727267108
78.0666667,48.672101,0.727369131
78.1,48.6963481,0.727471155
78.1333333,48.7205984,0.72757318
78.1666667,48.744853,0.727675205
78.2,48.7691107,0.72777723
78.2333333,48.7933716,0.727879257
78.2666667,48.8176357,0.727981283
78.3,48.8419033,0.728083311
78.3333333,48.8661748,0.728185339
78.3666667,48.8904495,0.728287367
78.4,48.9147272,0.728389396
78.4333333,48.9390081,0.728491426
78.4666667,48.9632933,0.728593456
78.5,48.9875816,0.728695487
78.5333333,49.0118732,0.728797518
78.5666667,49.0361678,0.72889955
78.6,49.060466,0.729001583
78.6333333,49.0847682,0.729103616
78.6666667,49.1090734,0.72920565
78.7,49.1333818,0.729307685
78.7333333,49.1576934,0.72940972
78.7666667,49.182009,0.729511757
78.8,49.206328,0.729613794
78.8333333,49.2306502,0.729715832
78.8666667,49.2549755,0.72981787
78.9,49.2793042,0.729919909
78.9333333,49.303637,0.73002195
78.9666667,49.3279729,0.730123991
79,49.3523119,0.730226033
79.0333333,49.3766541,0.730328076
79.0666667,49.4010002,0.73043012
79.1,49.4253499,0.730532165
79.1333333,49.4497027,0.730634211
79.1666667,49.4740586,0.730736258
79.2,49.4984179,0.730838306
79.2333333,49.5227813,0.730940356
79.2666667,49.5471478,0.731042406
79.3,49.5715175,0.731144457
79.3333333,49.5958903,0.73124651
79.3666667,49.620267,0.731348563
79.4,49.6446473,0.731450618
79.4333333,49.6690307,0.731552674
79.4666667,49.6934173,0.731654732
79.5,49.7178071,0.73175679
79.5333333,49.7422011,0.73185885
79.5666667,49.7665983,0.731960911
79.6,49.7909986,0.732062973
79.6333333,49.8154021,0.732165036
79.6666667,49.8398093,0.7322671
79.7,49.8642202,0.732369166
79.7333333,49.8886343,0.732471233
79.7666667,49.9130516,0.732573301
79.8,49.9374719,0.732675371
79.8333333,49.9618965,0.732777441
79.8666667,49.9863244,0.732879513
79.9,50.0107553,0.732981586
79.9333333,50.0351895,0.73308366
79.9666667,50.0596272,0.733185736
80,50.0840688,0.733287812
80.0333333,50.1085135,0.73338989
80.0666667,50.1329614,0.733491969
80.1,50.1574124,0.733594048
80.1333333,50.1818675,0.733696129
80.1666667,50.206326,0.733798211
80.2,50.2307876,0.733900294
80.2333333,50.2552524,0.734002378
80.2666667,50.2797206,0.734104463
80.3,50.3041929,0.734206549
80.3333333,50.3286683,0.734308635
80.3666667,50.3531468,0.734410723
80.4,50.3776285,0.734512811
80.4333333,50.4021141,0.734614901
80.4666667,50.4266033,0.734716991
80.5,50.4510956,0.734819081
80.5333333,50.475591,0.734921173
80.5666667,50.5000897,0.735023265
80.6,50.5245927,0.735125358
80.6333333,50.5490987,0.735227451
80.6666667,50.5736079,0.735329546
80.7,50.5981202,0.73543164
80.7333333,50.6226364,0.735533735
80.7666667,50.6471562,0.735635831
80.8,50.6716791,0.735737927
80.8333333,50.6962052,0.735840024
80.8666667,50.7207345,0.735942121
80.9,50.7452681,0.736044219
80.9333333,50.7698048,0.736146317
80.9666667,50.7943446,0.736248415
81,50.8188875,0.736350514
81.0333333,50.8434343,0.736452613
81.0666667,50.8679848,0.736554712
81.1,50.8925383,0.736656811
81.1333333,50.9170951,0.736758911
81.1666667,50.9416549,0.736861011
81.2,50.9662191,0.736963112
81.2333333,50.9907865,0.737065212
81.2666667,51.015357,0.737167313
81.3,51.0399306,0.737269414
81.3333333,51.0645079,0.737371516
81.3666667,51.089089,0.737473617
81.4,51.1136732,0.737575719
81.4333333,51.1382606,0.737677821
81.4666667,51.1628511,0.737779923
81.5,51.1874459,0.737882026
81.5333333,51.2120439,0.737984128
81.5666667,51.236645,0.738086231
81.6,51.2612493,0.738188334
81.6333333,51.2858571,0.738290437
81.6666667,51.3104689,0.738392541
81.7,51.3350838,0.738494645
81.7333333,51.3597018,0.738596749
81.7666667,51.384323,0.738698853
81.8,51.4089483,0.738800958
81.8333333,51.4335769,0.738903062
81.8666667,51.4582087,0.739005168
81.9,51.4828437,0.739107273
81.9333333,51.507482,0.739209379
81.9666667,51.5321245,0.739311485
82,51.55677,0.739413592
82.0333333,51.5814187,0.739515699
82.0666667,51.6060705,0.739617806
82.1,51.6307264,0.739719914
82.1333333,51.6553857,0.739822022
82.1666667,51.6800481,0.739924131
82.2,51.7047137,0.74002624
82.2333333,51.7293826,0.74012835
82.2666667,51.7540557,0.74023046
82.3,51.7787319,0.740332571
82.3333333,51.8034113,0.740434682
82.3666667,51.8280938,0.740536794
82.4,51.8527801,0.740638906
82.4333333,51.8774701,0.740741019
82.4666667,51.9021632,0.740843132
82.5,51.9268595,0.740945246
82.5333333,51.9515589,0.741047361
82.5666667,51.9762627,0.741149476
82.6,52.0009696,0.741251592
82.6333333,52.0256796,0.741353708
82.6666667,52.0503927,0.741455825
82.7,52.0751096,0.741557943
82.7333333,52.0998303,0.741660061
82.7666667,52.124554,0.74176218
82.8,52.149281,0.7418643
82.8333333,52.174011,0.74196642
82.8666667,52.1987453,0.742068541
82.9,52.2234829,0.742170662
82.9333333,52.2482236,0.742272785
82.9666667,52.2729674,0.742374907
83,52.2977148,0.74247703
83.0333333,52.3224661,0.742579154
83.0666667,52.3472206,0.742681279
83.1,52.3719781,0.742783404
83.1333333,52.3967389,0.74288553
83.1666667,52.4215037,0.742987656
83.2,52.4462719,0.743089783
83.2333333,52.4710433,0.74319191
83.2666667,52.4958178,0.743294038
83.3,52.5205957,0.743396166
83.3333333,52.5453777,0.743498295
83.3666667,52.5701628,0.743600424
83.4,52.5949511,0.743702554
83.4333333,52.6197424,0.743804684
83.4666667,52.6445379,0.743906814
83.5,52.6693367,0.744008945
83.5333333,52.6941387,0.744111077
83.5666667,52.7189439,0.744213208
83.6,52.7437524,0.74431534
83.6333333,52.768565,0.744417472
83.6666667,52.7933808,0.744519605
83.7,52.8181997,0.744621738
83.7333333,52.8430218,0.744723871
83.7666667,52.8678477,0.744826004
83.8,52.8926773,0.744928137
83.8333333,52.91751,0.745030271
83.8666667,52.9423458,0.745132405
83.9,52.9671848,0.745234539
83.9333333,52.9920281,0.745336673
83.9666667,53.0168746,0.745438807
84,53.0417242,0.745540941
84.0333333,53.0665769,0.745643076
84.0666667,53.0914334,0.74574521
84.1,53.1162936,0.745847345
84.1333333,53.1411569,0.745949479
84.1666667,53.1660234,0.746051614
84.2,53.190893,0.746153748
84.2333333,53.215767,0.746255883
84.2666667,53.2406441,0.746358017
84.3,53.2655243,0.746460151
84.3333333,53.2904077,0.746562286
84.3666667,53.3152948,0.74666442
84.4,53.3401857,0.746766555
84.4333333,53.3650797,0.746868689
84.4666667,53.3899768,0.746970823
84.5,53.4148771,0.747072957
84.5333333,53.4397816,0.747175091
84.5666667,53.4646894,0.747277225
84.6,53.4896003,0.747379359
84.6333333,53.5145143,0.747481493
84.6666667,53.5394319,0.747583627
84.7,53.5643535,0.747685761
84.7333333,53.5892782,0.747787894
84.7666667,53.614206,0.747890028
84.8,53.6391369,0.747992162
84.8333333,53.664072,0.748094295
84.8666667,53.6890104,0.748196429
84.9,53.713952,0.748298562
84.9333333,53.7388967,0.748400696
84.9666667,53.7638448,0.748502829
85,53.7887971,0.748604963
85.0333333,53.8137524,0.748707096
85.0666667,53.8387109,0.74880923
85.1,53.8636725,0.748911363
85.1333333,53.8886381,0.749013497
85.1666667,53.9136072,0.74911563
85.2,53.9385795,0.749217764
85.2333333,53.9635548,0.749319898
85.2666667,53.9885335,0.749422031
85.3,54.0135164,0.749524165
85.3333333,54.0385024,0.749626299
85.3666667,54.0634916,0.749728433
85.4,54.0884838,0.749830567
85.4333333,54.11348,0.749932702
85.4666667,54.1384798,0.750034836
85.5,54.1634827,0.750136971
85.5333333,54.1884887,0.750239106
85.5666667,54.213498,0.75034124
85.6,54.2385115,0.750443376
85.6333333,54.2635282,0.750545511
85.6666667,54.288548,0.750647646
85.7,54.3135709,0.750749782
85.7333333,54.3385976,0.750851918
85.7666667,54.3636281,0.750954054
85.8,54.3886617,0.75105619
85.8333333,54.4136984,0.751158326
85.8666667,54.4387382,0.751260463
85.9,54.4637824,0.751362599
85.9333333,54.4888297,0.751464736
85.9666667,54.5138802,0.751566874
86,54.5389338,0.751669011
86.0333333,54.563991,0.751771149
86.0666667,54.5890521,0.751873286
86.1,54.6141164,0.751975424
86.1333333,54.6391838,0.752077562
86.1666667,54.6642543,0.752179701
86.2,54.689329,0.752281839
86.2333333,54.714407,0.752383978
86.2666667,54.7394882,0.752486116
86.3,54.7645724,0.752588255
86.3333333,54.7896602,0.752690394
86.3666667,54.814752,0.752792534
86.4,54.8398469,0.752894673
86.4333333,54.864945,0.752996812
86.4666667,54.8900462,0.753098952
86.5,54.9151514,0.753201091
86.5333333,54.9402601,0.753303231
86.5666667,54.9653719,0.753405371
86.6,54.9904868,0.75350751
86.6333333,55.0156052,0.75360965
86.6666667,55.0407276,0.75371179
86.7,55.0658532,0.75381393
86.7333333,55.0909819,0.753916069
86.7666667,55.1161138,0.754018209
86.8,55.1412496,0.754120349
86.8333333,55.1663889,0.754222488
86.8666667,55.1915314,0.754324628
86.9,55.216677,0.754426767
86.9333333,55.2418259,0.754528907
86.9666667,55.266979,0.754631046
87,55.2921353,0.754733185
87.0333333,55.3172947,0.754835324
87.0666667,55.3424572,0.754937463
87.1,55.3676235,0.755039602
87.1333333,55.3927935,0.75514174
87.1666667,55.4179667,0.755243879
87.2,55.443143,0.755346017
87.2333333,55.4683224,0.755448155
87.2666667,55.4935062,0.755550292
87.3,55.5186931,0.75565243
87.3333333,55.5438832,0.755754567
87.3666667,55.5690764,0.755856704
87.4,55.5942732,0.755958841
87.4333333,55.6194739,0.756060978
87.4666667,55.6446777,0.756163114
87.5,55.6698847,0.75626525
87.5333333,55.6950948,0.756367386
87.5666667,55.7203091,0.756469521
87.6,55.7455267,0.756571656
87.6333333,55.7707474,0.756673791
87.6666667,55.7959713,0.756775926
87.7,55.8211987,0.75687806
87.7333333,55.8464301,0.756980194
87.7666667,55.8716646,0.757082328
87.8,55.8969022,0.757184462
87.8333333,55.9221429,0.757286595
87.8666667,55.9473878,0.757388728
87.9,55.9726361,0.757490861
87.9333333,55.9978875,0.757592993
87.9666667,56.023142,0.757695125
88,56.0484,0.757797257
88.0333333,56.073662,0.757899389
88.0666667,56.0989271,0.75800152
88.1,56.1241954,0.758103652
88.1333333,56.1494669,0.758205783
88.1666667,56.1747423,0.758307913
88.2,56.2000212,0.758410044
88.2333333,56.2253033,0.758512174
88.2666667,56.2505884,0.758614304
88.3,56.275877,0.758716434
88.3333333,56.3011696,0.758818563
88.3666667,56.3264655,0.758920693
88.4,56.3517644,0.759022822
88.4333333,56.3770665,0.759124951
88.4666667,56.4023725,0.75922708
88.5,56.4276821,0.759329209
88.5333333,56.4529948,0.759431337
88.5666667,56.4783107,0.759533466
88.6,56.5036297,0.759635594
88.6333333,56.5289531,0.759737722
88.6666667,56.5542795,0.75983985
88.7,56.5796092,0.759941978
88.7333333,56.6049419,0.760044105
88.7666667,56.6302784,0.760146233
88.8,56.6556187,0.76024836
88.8333333,56.6809621,0.760350488
88.8666667,56.7063086,0.760452615
88.9,56.7316583,0.760554742
88.9333333,56.7570122,0.760656869
88.9666667,56.7823694,0.760758996
89,56.8077297,0.760861122
89.0333333,56.8330931,0.760963249
89.0666667,56.8584601,0.761065375
89.1,56.883831,0.761167502
89.1333333,56.9092051,0.761269628
89.1666667,56.9345823,0.761371754
89.2,56.9599626,0.76147388
89.2333333,56.9853471,0.761576006
89.2666667,57.0107349,0.761678132
89.3,57.0361259,0.761780257
89.3333333,57.06152,0.761882383
89.3666667,57.0869176,0.761984508
89.4,57.1123191,0.762086633
89.4333333,57.1377239,0.762188758
89.4666667,57.1631317,0.762290883
89.5,57.1885427,0.762393008
89.5333333,57.2139577,0.762495133
89.5666667,57.2393762,0.762597257
89.6,57.2647978,0.762699381
89.6333333,57.2902226,0.762801505
89.6666667,57.3156507,0.762903629
89.7,57.341083,0.763005752
89.7333333,57.3665184,0.763107876
89.7666667,57.3919569,0.763209999
89.8,57.4173985,0.763312122
89.8333333,57.4428441,0.763414244
89.8666667,57.4682932,0.763516367
89.9,57.4937455,0.763618489
89.9333333,57.5192009,0.763720611
89.9666667,57.5446596,0.763822732
90,57.5701225,0.763924864
90.0333333,57.5955886,0.764027064
90.0666667,57.6210578,0.764129352
90.1,57.6465301,0.764231741
90.1333333,57.6720062,0.764334245
90.1666667,57.6974861,0.76443685
90.2,57.7229691,0.764539539
90.2333333,57.7484552,0.764642311
90.2666667,57.7739446,0.764745166
90.3,57.7994383,0.764848141
90.3333333,57.8249351,0.764951208
90.3666667,57.8504352,0.765054368
90.4,57.8759384,0.765157622
90.4333333,57.9014453,0.765260986
90.4666667,57.9269561,0.765364459
90.5,57.95247,0.765468016
90.5333333,57.9779872,0.765571655
90.5666667,58.0035075,0.765675372
90.6,58.0290321,0.765779191
90.6333333,58.0545601,0.765883089
90.6666667,58.0800912,0.765987067
90.7,58.1056255,0.766091126
90.7333333,58.1311635,0.766195281
90.7666667,58.1567055,0.766299545
90.8,58.1822507,0.766403895
90.8333333,58.207799,0.76650833
90.8666667,58.2333506,0.766612848
90.9,58.2589064,0.766717469
90.9333333,58.2844657,0.766822171
90.9666667,58.3100282,0.766926949
91,58.3355938,0.767031801
91.0333333,58.3611631,0.767136736
91.0666667,58.3867365,0.767241774
91.1,58.4123131,0.767346896
91.1333333,58.437893,0.767452101
91.1666667,58.463476,0.767557392
91.2,58.4890632,0.767662792
91.2333333,58.5146541,0.767768284
91.2666667,58.5402481,0.767873857
91.3,58.5658454,0.76797951
91.3333333,58.5914461,0.768085245
91.3666667,58.6170512,0.768191084
91.4,58.6426595,0.768297002
91.4333333,58.6682711,0.768403003
91.4666667,58.6938859,0.768509087
91.5,58.7195047,0.768615277
91.5333333,58.7451273,0.76872157
91.5666667,58.7707532,0.76882795
91.6,58.7963824,0.768934418
91.6333333,58.8220148,0.769040974
91.6666667,58.8476518,0.769147644
91.7,58.873292,0.769254398
91.7333333,58.8989355,0.769361234
91.7666667,58.9245823,0.769468154
91.8,58.9502331,0.769575175
91.8333333,58.9758877,0.769682301
91.8666667,59.0015457,0.769789516
91.9,59.0272069,0.769896821
91.9333333,59.0528714,0.770004216
91.9666667,59.0785405,0.770111736
92,59.1042129,0.770219346
92.0333333,59.1298886,0.770327044
92.0666667,59.1555676,0.770434827
92.1,59.1812505,0.77054271
92.1333333,59.2069375,0.770650699
92.1666667,59.2326277,0.770758773
92.2,59.2583213,0.770866936
92.2333333,59.2840182,0.770975187
92.2666667,59.3097195,0.771083558
92.3,59.3354244,0.771192024
92.3333333,59.3611326,0.771300579
92.3666667,59.3868441,0.771409223
92.4,59.4125594,0.771517964
92.4333333,59.4382789,0.771626814
92.4666667,59.4640017,0.771735747
92.5,59.4897279,0.771844764
92.5333333,59.5154574,0.771953865
92.5666667,59.5411913,0.772063074
92.6,59.5669289,0.772172376
92.6333333,59.5926698,0.772281763
92.6666667,59.618414,0.772391235
92.7,59.6441619,0.772500799
92.7333333,59.6699142,0.772610472
92.7666667,59.6956699,0.772720226
92.8,59.721429,0.772830059
92.8333333,59.7471914,0.772939972
92.8666667,59.772958,0.773049982
92.9,59.7987285,0.77316008
92.9333333,59.8245024,0.773270254
92.9666667,59.8502797,0.773380506
93,59.8760605,0.773490838
93.0333333,59.9018458,0.773601274
93.0666667,59.9276346,0.773711787
93.1,59.9534267,0.773822374
93.1333333,59.9792222,0.773933036
93.1666667,60.0050219,0.774043787
93.2,60.0308256,0.77415462
93.2333333,60.0566326,0.774265523
93.2666667,60.0824431,0.774376496
93.3,60.108257,0.774487538
93.3333333,60.1340756,0.774598675
93.3666667,60.1598976,0.774709882
93.4,60.1857231,0.774821157
93.4333333,60.211552,0.7749325
93.4666667,60.2373849,0.775043924
93.5,60.2632219,0.775155428
93.5333333,60.2890624,0.775266998
93.5666667,60.3149063,0.775378632
93.6,60.3407536,0.77549033
93.6333333,60.3666056,0.775602113
93.6666667,60.3924611,0.775713961
93.7,60.41832,0.775825872
93.7333333,60.4441824,0.775937845
93.7666667,60.4700487,0.776049891
93.8,60.4959194,0.776162015
93.8333333,60.5217934,0.776274202
93.8666667,60.5476709,0.776386451
93.9,60.5735519,0.776498761
93.9333333,60.5994374,0.776611152
93.9666667,60.6253266,0.776723608
94,60.6512192,0.776836123
94.0333333,60.6771153,0.776948698
94.0666667,60.7030152,0.77706134
94.1,60.7289196,0.77717406
94.1333333,60.7548274,0.77728684
94.1666667,60.7807387,0.777399682
94.2,60.8066535,0.777512586
94.2333333,60.8325727,0.777625567
94.2666667,60.8584958,0.777738617
94.3,60.8844223,0.777851727
94.3333333,60.9103523,0.777964898
94.3666667,60.936286,0.778078133
94.4,60.9622243,0.778191449
94.4333333,60.9881661,0.778304825
94.4666667,61.0141113,0.778418263
94.5,61.0400601,0.778531763
94.5333333,61.0660132,0.778645341
94.5666667,61.0919702,0.77875899
94.6,61.1179308,0.778872703
94.6333333,61.1438949,0.778986479
94.6666667,61.1698625,0.779100319
94.7,61.195835,0.779214245
94.7333333,61.2218109,0.779328233
94.7666667,61.2477903,0.779442285
94.8,61.2737732,0.7795564
94.8333333,61.2997604,0.779670591
94.8666667,61.3257517,0.779784858
94.9,61.3517465,0.77989919
94.9333333,61.3777448,0.780013587
94.9666667,61.4037466,0.780128049
95,61.4297533,0.780242601
95.0333333,61.4557636,0.780357218
95.0666667,61.4817773,0.7804719
95.1,61.5077946,0.780586646
95.1333333,61.533816,0.780701468
95.1666667,61.5598417,0.780816369
95.2,61.5858709,0.780931335
95.2333333,61.6119037,0.781046366
95.2666667,61.63794,0.781161462
95.3,61.663981,0.781276645
95.3333333,61.6900258,0.781391897
95.3666667,61.7160741,0.781507214
95.4,61.7421259,0.781622596
95.4333333,61.7681817,0.781738051
95.4666667,61.794242,0.781853586
95.5,61.8203059,0.781969186
95.5333333,61.8463733,0.782084848
95.5666667,61.8724442,0.782200575
95.6,61.8985198,0.782316383
95.6333333,61.9245992,0.782432261
95.6666667,61.9506823,0.782548201
95.7,61.9767688,0.782664204
95.7333333,62.0028593,0.782780275
95.7666667,62.0289543,0.782896427
95.8,62.055053,0.783012639
95.8333333,62.0811552,0.783128913
95.8666667,62.107261,0.783245246
95.9,62.1333713,0.783361655
95.9333333,62.1594857,0.783478131
95.9666667,62.1856036,0.783594666
96,62.2117251,0.78371126
96.0333333,62.2378503,0.783827914
96.0666667,62.2639803,0.783944647
96.1,62.290114,0.784061436
96.1333333,62.3162512,0.784178282
96.1666667,62.342392,0.784295185
96.2,62.3685372,0.784412155
96.2333333,62.3946866,0.78452919
96.2666667,62.4208396,0.784646278
96.3,62.4469962,0.784763421
96.3333333,62.4731564,0.784880617
96.3666667,62.4993216,0.784997887
96.4,62.5254904,0.785115209
96.4333333,62.5516627,0.785232584
96.4666667,62.5778387,0.78535001
96.5,62.604019,0.785467498
96.5333333,62.6302036,0.785585046
96.5666667,62.6563918,0.785702645
96.6,62.6825837,0.785820293
96.6333333,62.7087791,0.785937991
96.6666667,62.7349795,0.786055755
96.7,62.7611836,0.78617357
96.7333333,62.7873913,0.786291432
96.7666667,62.8136026,0.786409343
96.8,62.839818,0.786527308
96.8333333,62.866038,0.786645333
96.8666667,62.8922616,0.786763405
96.9,62.9184889,0.786881524
96.9333333,62.9447197,0.78699969
96.9666667,62.9709554,0.787117916
97,62.9971949,0.787236193
97.0333333,63.0234381,0.787354515
97.0666667,63.0496849,0.787472883
97.1,63.0759357,0.787591302
97.1333333,63.1021912,0.787709779
97.1666667,63.1284503,0.787828302
97.2,63.1547131,0.787946871
97.2333333,63.1809795,0.788065485
97.2666667,63.2072505,0.788184158
97.3,63.2335257,0.788302881
97.3333333,63.2598044,0.78842165
97.3666667,63.2860868,0.788540464
97.4,63.3123731,0.788659326
97.4333333,63.3386642,0.788778249
97.4666667,63.364959,0.788897217
97.5,63.3912575,0.789016231
97.5333333,63.4175595,0.78913529
97.5666667,63.4438662,0.789254407
97.6,63.470177,0.789373576
97.6333333,63.4964915,0.789492792
97.6666667,63.5228096,0.789612053
97.7,63.5491315,0.789731363
97.7333333,63.5754585,0.789850735
97.7666667,63.601789,0.789970154
97.8,63.6281233,0.790089619
97.8333333,63.6544612,0.790209131
97.8666667,63.6808035,0.7903287
97.9,63.7071502,0.790448324
97.9333333,63.7335005,0.790567995
97.9666667,63.7598545,0.790687713
98,63.7862122,0.790807479
98.0333333,63.812575,0.79092731
98.0666667,63.8389415,0.791047189
98.1,63.8653117,0.791167116
98.1333333,63.8916856,0.79128709
98.1666667,63.9180637,0.79140712
98.2,63.9444464,0.791527208
98.2333333,63.9708327,0.791647343
98.2666667,63.9972228,0.791767527
98.3,64.0236165,0.791887758
98.3333333,64.0500152,0.792008053
98.3666667,64.0764177,0.792128398
98.4,64.102824,0.792248791
98.4333333,64.1292339,0.792369231
98.4666667,64.1556481,0.792489725
98.5,64.1820669,0.792610279
98.5333333,64.2084894,0.79273088
98.5666667,64.2349156,0.792851528
98.6,64.2613455,0.792972224
98.6333333,64.2877802,0.79309298
98.6666667,64.314219,0.793213787
98.7,64.3406614,0.793334641
98.7333333,64.3671076,0.793455541
98.7666667,64.3935578,0.793576491
98.8,64.4200129,0.793697501
98.8333333,64.4464717,0.793818557
98.8666667,64.4729342,0.793939658
98.9,64.4994004,0.794060805
98.9333333,64.5258713,0.794182008
98.9666667,64.5523464,0.794303261
99,64.5788252,0.794424558
99.0333333,64.6053078,0.794545899
99.0666667,64.6317942,0.794667286
99.1,64.6582857,0.794788731
99.1333333,64.6847809,0.79491022
99.1666667,64.7112798,0.79503175
99.2,64.7377825,0.795153324
99.2333333,64.7642897,0.795274948
99.2666667,64.7908013,0.795396621
99.3,64.8173166,0.795518335
99.3333333,64.8438356,0.795640091
99.3666667,64.8703585,0.795761887
99.4,64.8968864,0.795883738
99.4333333,64.9234182,0.79600563
99.4666667,64.9499536,0.796127561
99.5,64.9764929,0.796249531
99.5333333,65.0030365,0.796371547
99.5666667,65.0295847,0.79649361
99.6,65.0561366,0.79661571
99.6333333,65.0826923,0.796737849
99.6666667,65.1092517,0.796860025
99.7,65.1358162,0.796982252
99.7333333,65.1623846,0.797104517
99.7666667,65.1889567,0.797226819
99.8,65.2155326,0.797349157
99.8333333,65.2421128,0.797471536
99.8666667,65.2686977,0.797593961
99.9,65.2952864,0.79771642
99.9333333,65.3218787,0.797838916
99.9666667,65.3484749,0.797961447
100,65.375076,0.798084024
100.033333,65.4016812,0.798206638
100.066667,65.4282901,0.798329287
100.1,65.4549028,0.79845197
100.133333,65.4815196,0.798574692
100.166667,65.5081413,0.798697458
100.2,65.5347668,0.798820258
100.233333,65.561396,0.798943092
100.266667,65.588029,0.79906596
100.3,65.6146668,0.799188871
100.333333,65.6413089,0.799311821
100.366667,65.6679547,0.799434803
100.4,65.6946042,0.79955782
100.433333,65.7212578,0.799680873
100.466667,65.7479164,0.79980397
100.5,65.7745788,0.799927101
100.533333,65.801245,0.800050266
100.566667,65.8279149,0.800173465
100.6,65.8545896,0.800296705
100.633333,65.8812685,0.800419985
100.666667,65.9079513,0.800543298
100.7,65.9346379,0.800666645
100.733333,65.9613283,0.800790027
100.766667,65.9880239,0.800913456
100.8,66.0147233,0.801036918
100.833333,66.0414265,0.801160414
100.866667,66.0681335,0.801283945
100.9,66.0948451,0.801407517
100.933333,66.1215611,0.801531129
100.966667,66.148281,0.801654776
101,66.1750046,0.801778457
101.033333,66.201732,0.801902172
101.066667,66.2284647,0.802025935
101.1,66.2552013,0.802149734
101.133333,66.2819416,0.802273566
101.166667,66.3086857,0.802397433
101.2,66.3354343,0.802521341
101.233333,66.3621875,0.802645291
101.266667,66.3889445,0.802769276
101.3,66.4157053,0.802893296
101.333333,66.44247,0.803017351
101.366667,66.4692397,0.803141452
101.4,66.4960135,0.803265589
101.433333,66.522791,0.803389762
101.466667,66.5495724,0.803513969
101.5,66.5763581,0.803638215
101.533333,66.6031485,0.803762505
101.566667,66.6299428,0.803886829
101.6,66.656741,0.804011188
101.633333,66.6835429,0.804135581
101.666667,66.7103498,0.80426002
101.7,66.7371609,0.804384495
101.733333,66.7639758,0.804509005
101.766667,66.7907945,0.804633548
101.8,66.8176174,0.804758129
101.833333,66.8444452,0.804882754
101.866667,66.8712769,0.805007412
101.9,66.8981124,0.805132103
101.933333,66.9249518,0.805256828
101.966667,66.9517959,0.805381595
102,66.9786444,0.805506399
102.033333,67.0054968,0.805631236
102.066667,67.0323529,0.805756105
102.1,67.0592131,0.805881009
102.133333,67.0860784,0.806005955
102.166667,67.1129476,0.806130934
102.2,67.1398206,0.806255944
102.233333,67.1666974,0.806380986
102.266667,67.193579,0.806506066
102.3,67.220465,0.806631182
102.333333,67.2473548,0.806756329
102.366667,67.2742485,0.806881506
102.4,67.3011461,0.807006715
102.433333,67.328049,0.807131965
102.466667,67.3549557,0.807257244
102.5,67.3818663,0.807382553
102.533333,67.4087807,0.807507892
102.566667,67.4356997,0.807633265
102.6,67.4626234,0.807758673
102.633333,67.4895508,0.807884109
102.666667,67.5164822,0.808009574
102.7,67.5434174,0.808135068
102.733333,67.5703578,0.808260599
102.766667,67.5973022,0.808386159
102.8,67.6242504,0.808511746
102.833333,67.6512025,0.808637361
102.866667,67.6781591,0.808763007
102.9,67.7051204,0.808888686
102.933333,67.7320856,0.809014392
102.966667,67.7590546,0.809140125
103,67.7860275,0.809265884
103.033333,67.8130055,0.809391678
103.066667,67.8399877,0.8095175
103.1,67.8669737,0.809643348
103.133333,67.8939635,0.809769221
103.166667,67.9209577,0.809895123
103.2,67.9479568,0.810021058
103.233333,67.9749597,0.810147018
103.266667,68.0019666,0.810273004
103.3,68.0289773,0.810399014
103.333333,68.0559929,0.810525057
103.366667,68.0830129,0.810651128
103.4,68.1100367,0.810777224
103.433333,68.1370644,0.810903345
103.466667,68.1640962,0.811029493
103.5,68.1911332,0.811155673
103.533333,68.218174,0.811281878
103.566667,68.2452187,0.811408108
103.6,68.2722673,0.811534363
103.633333,68.2993207,0.811660649
103.666667,68.3263785,0.811786963
103.7,68.3534402,0.811913301
103.733333,68.3805058,0.812039665
103.766667,68.4075754,0.812166054
103.8,68.4346503,0.812292477
103.833333,68.4617291,0.812418924
103.866667,68.4888117,0.812545396
103.9,68.5158982,0.812671893
103.933333,68.5429894,0.812798421
103.966667,68.5700852,0.812924977
104,68.5971849,0.813051558
104.033333,68.6242885,0.813178165
104.066667,68.651396,0.813304796
104.1,68.6785088,0.813431462
104.133333,68.7056256,0.813558153
104.166667,68.7327462,0.813684869
104.2,68.7598708,0.81381161
104.233333,68.7869998,0.81393838
104.266667,68.8141337,0.814065181
104.3,68.8412714,0.814192008
104.333333,68.868413,0.814318859
104.366667,68.8955586,0.814445735
104.4,68.9227093,0.814572645
104.433333,68.9498642,0.814699582
104.466667,68.9770229,0.814826543
104.5,69.0041855,0.81495353
104.533333,69.0313526,0.815080545
104.566667,69.0585245,0.815207591
104.6,69.0857004,0.815334663
104.633333,69.1128801,0.81546176
104.666667,69.1400638,0.815588881
104.7,69.1672525,0.815716035
104.733333,69.1944455,0.815843217
104.766667,69.2216424,0.815970422
104.8,69.2488432,0.816097653
104.833333,69.2760483,0.816224911
104.866667,69.3032584,0.8163522
104.9,69.3304724,0.816479514
104.933333,69.3576904,0.816606853
104.966667,69.3849122,0.816734215
105,69.4121391,0.816861609
105.033333,69.4393703,0.816989029
105.066667,69.4666054,0.817116474
105.1,69.4938444,0.817243942
105.133333,69.5210876,0.817371435
105.166667,69.548336,0.81749896
105.2,69.5755883,0.817626508
105.233333,69.6028445,0.81775408
105.266667,69.6301046,0.817881674
105.3,69.6573696,0.818009297
105.333333,69.6846391,0.818136947
105.366667,69.7119125,0.818264619
105.4,69.7391899,0.818392314
105.433333,69.7664712,0.818520032
105.466667,69.7937579,0.81864778
105.5,69.8210485,0.81877555
105.533333,69.8483431,0.818903342
105.566667,69.8756416,0.819031156
105.6,69.9029447,0.819158995
105.633333,69.9302526,0.81928686
105.666667,69.9575644,0.819414747
105.7,69.9848801,0.819542654
105.733333,70.0121998,0.819670583
105.766667,70.0395248,0.819798539
105.8,70.0668538,0.819926517
105.833333,70.0941868,0.820054515
105.866667,70.1215236,0.820182534
105.9,70.1488651,0.820310575
105.933333,70.1762114,0.820438642
105.966667,70.2035616,0.820566728
106,70.2309157,0.820694834
106.033333,70.2582738,0.820822959
106.066667,70.2856371,0.820951111
106.1,70.3130046,0.821079283
106.133333,70.340376,0.821207474
106.166667,70.3677514,0.821335684
106.2,70.3951311,0.821463915
106.233333,70.4225159,0.82159217
106.266667,70.4499046,0.821720444
106.3,70.4772973,0.821848737
106.333333,70.5046938,0.821977049
106.366667,70.5320955,0.822105384
106.4,70.5595015,0.822233739
106.433333,70.5869115,0.822362113
106.466667,70.6143253,0.822490505
106.5,70.6417435,0.822618917
106.533333,70.6691668,0.822747353
106.566667,70.696594,0.822875807
106.6,70.7240252,0.823004279
106.633333,70.7514603,0.823132769
106.666667,70.7789004,0.823261281
106.7,70.806345,0.823389815
106.733333,70.8337935,0.823518366
106.766667,70.861246,0.823646935
106.8,70.8887025,0.823775522
106.833333,70.9161644,0.823904134
106.866667,70.9436303,0.824032764
106.9,70.9711,0.824161412
106.933333,70.9985738,0.824290077
106.966667,71.0260523,0.824418765
107,71.0535355,0.824547473
107.033333,71.0810227,0.8246762
107.066667,71.1085137,0.824804944
107.1,71.1360088,0.824933706
107.133333,71.1635093,0.825062493
107.166667,71.1910138,0.825191298
107.2,71.2185223,0.825320122
107.233333,71.2460347,0.825448963
107.266667,71.2735517,0.825577825
107.3,71.3010736,0.825706709
107.333333,71.3285994,0.825835611
107.366667,71.3561292,0.825964531
107.4,71.3836629,0.826093469
107.433333,71.411202,0.826222431
107.466667,71.4387452,0.826351412
107.5,71.4662923,0.826480411
107.533333,71.4938434,0.826609428
107.566667,71.5213991,0.826738465
107.6,71.5489596,0.826867525
107.633333,71.5765242,0.826996603
107.666667,71.6040927,0.827125698
107.7,71.6316652,0.827254812
107.733333,71.6592428,0.827383949
107.766667,71.6868248,0.827513105
107.8,71.7144107,0.827642279
107.833333,71.7420006,0.827771471
107.866667,71.7695948,0.827900683
107.9,71.7971942,0.828029917
107.933333,71.8247975,0.828159168
107.966667,71.8524048,0.828288438
108,71.8800161,0.828417725
108.033333,71.9076324,0.828547034
108.066667,71.9352532,0.828676362
108.1,71.9628779,0.828805708
108.133333,71.9905066,0.828935071
108.166667,72.0181395,0.829064452
108.2,72.0457777,0.829193856
108.233333,72.0734198,0.829323277
108.266667,72.101066,0.829452714
108.3,72.1287161,0.829582169
108.333333,72.1563711,0.829711644
108.366667,72.1840307,0.829841138
108.4,72.2116943,0.829970649
108.433333,72.2393619,0.830100176
108.466667,72.2670335,0.83022972
108.5,72.2947106,0.830359286
108.533333,72.3223916,0.830488868
108.566667,72.3500767,0.830618466
108.6,72.3777657,0.830748079
108.633333,72.4054594,0.830877712
108.666667,72.4331579,0.831007363
108.7,72.4608604,0.83113703
108.733333,72.4885669,0.831266712
108.766667,72.5162774,0.83139641
108.8,72.5439933,0.831526128
108.833333,72.5717133,0.831655861
108.866667,72.5994373,0.83178561
108.9,72.6271652,0.831915373
108.933333,72.6548978,0.832045153
108.966667,72.6826352,0.832174952
109,72.7103767,0.832304765
109.033333,72.7381221,0.832434592
109.066667,72.7658716,0.832564433
109.1,72.7936263,0.832694294
109.133333,72.8213853,0.832824169
109.166667,72.8491482,0.832954059
109.2,72.8769151,0.833083962
109.233333,72.9046865,0.833213881
109.266667,72.932463,0.833343817
109.3,72.9602434,0.833473767
109.333333,72.9880279,0.833603731
109.366667,73.0158163,0.833733708
109.4,73.0436099,0.833863702
109.433333,73.0714079,0.833993712
109.466667,73.0992099,0.834123734
109.5,73.1270158,0.83425377
109.533333,73.1548261,0.83438382
109.566667,73.1826416,0.834513887
109.6,73.2104611,0.834643968
109.633333,73.2382846,0.834774061
109.666667,73.266112,0.834904168
109.7,73.2939445,0.835034291
109.733333,73.3217816,0.835164428
109.766667,73.3496226,0.835294579
109.8,73.3774676,0.835424742
109.833333,73.4053168,0.835554919
109.866667,73.4331714,0.835685113
109.9,73.4610299,0.83581532
109.933333,73.4888925,0.835945539
109.966667,73.5167591,0.836075772
110,73.5446305,0.83620602
110.033333,73.5725066,0.836336283
110.066667,73.6003867,0.836466559
110.1,73.6282709,0.836596848
110.133333,73.656159,0.836727149
110.166667,73.6840527,0.836857468
110.2,73.7119504,0.8369878
110.233333,73.7398521,0.837118144
110.266667,73.7677577,0.837248502
110.3,73.7956681,0.837378874
110.333333,73.8235834,0.837509262
110.366667,73.8515027,0.837639662
110.4,73.8794259,0.837770076
110.433333,73.9073532,0.837900502
110.466667,73.9352859,0.838030945
110.5,73.9632227,0.838161401
110.533333,73.9911636,0.838291871
110.566667,74.0191084,0.838422352
110.6,74.0470578,0.838552849
110.633333,74.0750122,0.838683361
110.666667,74.1029707,0.838813886
110.7,74.1309331,0.838944423
110.733333,74.1588996,0.839074974
110.766667,74.1868713,0.839205541
110.8,74.2148473,0.839336121
110.833333,74.2428273,0.839466714
110.866667,74.2708114,0.83959732
110.9,74.2987998,0.839727939
110.933333,74.3267935,0.839858575
110.966667,74.3547911,0.839989223
111,74.3827928,0.840119883
111.033333,74.4107984,0.840250556
111.066667,74.4388092,0.840381245
111.1,74.4668245,0.840511948
111.133333,74.4948437,0.840642662
111.166667,74.522867,0.840773389
111.2,74.5508945,0.840904129
111.233333,74.5789274,0.841034886
111.266667,74.6069643,0.841165654
111.3,74.6350052,0.841296434
111.333333,74.6630501,0.841427226
111.366667,74.6911,0.841558033
111.4,74.7191545,0.841688854
111.433333,74.7472131,0.841819686
111.466667,74.7752756,0.84195053
111.5,74.8033423,0.842081386
111.533333,74.8314144,0.842212258
111.566667,74.8594906,0.842343142
111.6,74.8875708,0.842474037
111.633333,74.915655,0.842604943
111.666667,74.943744,0.842735862
111.7,74.9718378,0.842866795
111.733333,74.9999357,0.84299774
111.766667,75.0280375,0.843128695
111.8,75.0561434,0.843259661
111.833333,75.0842548,0.843390642
111.866667,75.1123703,0.843521634
111.9,75.1404898,0.843652637
111.933333,75.1686133,0.843783651
111.966667,75.1967415,0.843914676
112,75.2248747,0.844045715
112.033333,75.2530118,0.844176764
112.066667,75.281153,0.844307824
112.1,75.3092982,0.844438894
112.133333,75.3374488,0.844569977
112.166667,75.3656037,0.844701071
112.2,75.3937625,0.844832175
112.233333,75.4219254,0.844963289
112.266667,75.4500928,0.845094415
112.3,75.4782653,0.845225553
112.333333,75.5064418,0.8453567
112.366667,75.5346224,0.845487858
112.4,75.562807,0.845619025
112.433333,75.5909968,0.845750204
112.466667,75.619191,0.845881394
112.5,75.6473892,0.846012594
112.533333,75.6755915,0.846143803
112.566667,75.7037981,0.846275022
112.6,75.73201,0.846406254
112.633333,75.7602259,0.846537494
112.666667,75.7884459,0.846668745
112.7,75.8166699,0.846800004
112.733333,75.8448989,0.846931275
112.766667,75.8731325,0.847062556
112.8,75.9013702,0.847193847
112.833333,75.9296119,0.847325147
112.866667,75.9578577,0.847456456
112.9,75.9861091,0.847587777
112.933333,76.0143644,0.847719108
112.966667,76.0426238,0.847850448
113,76.0708872,0.847981796
113.033333,76.0991555,0.848113156
113.066667,76.1274286,0.848244526
113.1,76.1557056,0.848375905
113.133333,76.1839868,0.848507293
113.166667,76.2122719,0.84863869
113.2,76.2405627,0.848770099
113.233333,76.2688575,0.848901518
113.266667,76.2971563,0.849032945
113.3,76.3254592,0.849164381
113.333333,76.3537668,0.849295828
113.366667,76.3820793,0.849427285
113.4,76.4103958,0.849558751
113.433333,76.4387164,0.849690227
113.466667,76.467041,0.849821711
113.5,76.4953711,0.849953207
113.533333,76.5237054,0.850084712
113.566667,76.5520437,0.850216226
113.6,76.580386,0.850347749
113.633333,76.608733,0.850479282
113.666667,76.637085,0.850610826
113.7,76.665441,0.850742379
113.733333,76.6938011,0.850873941
113.766667,76.7221652,0.851005512
113.8,76.7505346,0.851137094
113.833333,76.7789083,0.851268686
113.866667,76.8072862,0.851400286
113.9,76.835668,0.851531895
113.933333,76.8640543,0.851663514
113.966667,76.8924458,0.851795144
114,76.9208413,0.851926783
114.033333,76.9492409,0.85205843
114.066667,76.9776445,0.852190086
114.1,77.0060533,0.852321753
114.133333,77.0344666,0.85245343
114.166667,77.062884,0.852585115
114.2,77.0913053,0.852716809
114.233333,77.119731,0.852848511
114.266667,77.148162,0.852980225
114.3,77.1765971,0.853111948
114.333333,77.2050363,0.853243679
114.366667,77.2334794,0.853375418
114.4,77.2619276,0.853507168
114.433333,77.2903804,0.853638927
114.466667,77.3188373,0.853770694
114.5,77.3472983,0.85390247
114.533333,77.3757633,0.854034254
114.566667,77.4042339,0.854166049
114.6,77.4327086,0.854297852
114.633333,77.4611873,0.854429663
114.666667,77.48967,0.854561482
114.7,77.5181576,0.854693311
114.733333,77.54665,0.854825149
114.766667,77.5751465,0.854956995
114.8,77.603647,0.855088848
114.833333,77.6321515,0.85522071
114.866667,77.6606617,0.855352581
114.9,77.6891759,0.855484461
114.933333,77.7176942,0.855616348
114.966667,77.7462165,0.855748243
115,77.7747435,0.855880146
115.033333,77.8032756,0.856012058
115.066667,77.8318116,0.856143978
115.1,77.8603517,0.856275905
115.133333,77.8888959,0.856407839
115.166667,77.9174455,0.856539783
115.2,77.9459993,0.856671734
115.233333,77.9745572,0.856803693
115.266667,78.0031191,0.856935658
115.3,78.0316856,0.857067631
115.333333,78.0602573,0.857199613
115.366667,78.0888329,0.857331602
115.4,78.1174127,0.857463598
115.433333,78.1459965,0.857595601
115.466667,78.1745855,0.857727612
115.5,78.203179,0.857859631
115.533333,78.2317765,0.857991656
115.566667,78.2603781,0.858123688
115.6,78.288984,0.858255727
115.633333,78.3175953,0.858387775
115.666667,78.3462106,0.858519829
115.7,78.37483,0.85865189
115.733333,78.4034534,0.858783957
115.766667,78.432082,0.858916032
115.8,78.4607151,0.859048115
115.833333,78.4893523,0.859180204
115.866667,78.5179935,0.859312299
115.9,78.546639,0.859444401
115.933333,78.5752899,0.859576511
115.966667,78.6039449,0.859708627
116,78.6326039,0.85984075
116.033333,78.661267,0.859972879
116.066667,78.6899351,0.860105016
116.1,78.7186079,0.86023716
116.133333,78.7472847,0.86036931
116.166667,78.7759656,0.860501466
116.2,78.8046506,0.860633628
116.233333,78.8333412,0.860765799
116.266667,78.8620359,0.860897976
116.3,78.8907346,0.861030159
116.333333,78.9194373,0.861162349
116.366667,78.9481449,0.861294545
116.4,78.9768574,0.861426749
116.433333,79.0055739,0.861558959
116.466667,79.0342945,0.861691175
116.5,79.0630192,0.861823397
116.533333,79.0917493,0.861955627
116.566667,79.1204837,0.862087863
116.6,79.1492221,0.862220106
116.633333,79.1779646,0.862352355
116.666667,79.2067117,0.86248461
116.7,79.2354639,0.862616873
116.733333,79.2642201,0.862749142
116.766667,79.2929804,0.862881417
116.8,79.3217448,0.863013698
116.833333,79.3505145,0.863145987
116.866667,79.3792886,0.863278282
116.9,79.4080667,0.863410583
116.933333,79.4368489,0.86354289
116.966667,79.4656356,0.863675204
117,79.4944275,0.863807526
117.033333,79.5232235,0.863939853
117.066667,79.5520235,0.864072186
117.1,79.5808276,0.864204525
117.133333,79.6096369,0.864336872
117.166667,79.6384507,0.864469225
117.2,79.6672686,0.864601584
117.233333,79.6960905,0.864733949
117.266667,79.7249168,0.864866319
117.3,79.7537484,0.864998698
117.333333,79.7825841,0.865131082
117.366667,79.8114239,0.865263472
117.4,79.8402677,0.865395868
117.433333,79.8691166,0.865528271
117.466667,79.8979702,0.86566068
117.5,79.9268278,0.865793095
117.533333,79.9556895,0.865925516
117.566667,79.9845553,0.866057942
117.6,80.0134267,0.866190376
117.633333,80.0423022,0.866322815
117.666667,80.0711817,0.86645526
117.7,80.1000653,0.86658771
117.733333,80.1289538,0.866720167
117.766667,80.1578471,0.86685263
117.8,80.1867445,0.866985099
117.833333,80.2156459,0.867117573
117.866667,80.2445515,0.867250052
117.9,80.2734626,0.867382538
117.933333,80.3023778,0.86751503
117.966667,80.3312971,0.867647527
118,80.3602205,0.867780028
118.033333,80.3891486,0.867912536
118.066667,80.4180817,0.86804505
118.1,80.4470189,0.868177569
118.133333,80.4759601,0.868310094
118.166667,80.5049054,0.868442623
118.2,80.5338562,0.868575158
118.233333,80.5628112,0.868707699
118.266667,80.5917703,0.868840244
118.3,80.6207335,0.868972795
118.333333,80.6497012,0.86910535
118.366667,80.6786741,0.869237912
118.4,80.7076511,0.869370479
118.433333,80.7366321,0.86950305
118.466667,80.7656172,0.869635625
118.5,80.7946076,0.869768207
118.533333,80.8236025,0.869900794
118.566667,80.8526014,0.870033385
118.6,80.8816043,0.870165981
118.633333,80.9106117,0.870298581
118.666667,80.9396244,0.870431188
118.7,80.9686412,0.870563799
118.733333,80.9976621,0.870696414
118.766667,81.026687,0.870829033
118.8,81.055717,0.870961659
118.833333,81.0847517,0.871094289
118.866667,81.1137904,0.871226923
118.9,81.1428332,0.871359561
118.933333,81.1718803,0.871492204
118.966667,81.2009328,0.871624853
119,81.2299894,0.871757506
119.033333,81.2590501,0.871890163
119.066667,81.2881148,0.872022824
119.1,81.3171846,0.872155491
119.133333,81.346259,0.872288162
119.166667,81.3753376,0.872420837
119.2,81.4044202,0.872553517
119.233333,81.4335069,0.8726862
119.266667,81.4625993,0.87281889
119.3,81.4916958,0.872951583
119.333333,81.5207963,0.873084281
119.366667,81.5499008,0.873216982
119.4,81.5790103,0.873349688
119.433333,81.6081246,0.8734824
119.466667,81.637243,0.873615115
119.5,81.6663655,0.873747834
119.533333,81.695492,0.873880557
119.566667,81.7246241,0.874013286
119.6,81.7537604,0.874146019
119.633333,81.7829007,0.874278756
119.666667,81.8120452,0.874411497
119.7,81.8411943,0.874544242
119.733333,81.8703485,0.874676992
119.766667,81.8995067,0.874809747
119.8,81.928669,0.874942505
119.833333,81.9578354,0.875075267
119.866667,81.9870072,0.875208034
119.9,82.0161834,0.875340806
119.933333,82.0453636,0.875473582
119.966667,82.0745479,0.875606361
120,82.1037367,0.875739145
120.033333,82.1329308,0.875871934
120.066667,82.1621289,0.876004726
120.1,82.1913311,0.876137523
120.133333,82.2205373,0.876270323
120.166667,82.2497488,0.876403129
120.2,82.2789649,0.876535938
120.233333,82.308185,0.876668752
120.266667,82.3374091,0.876801569
120.3,82.3666377,0.87693439
120.333333,82.3958716,0.877067217
120.366667,82.4251096,0.877200047
120.4,82.4543517,0.877332881
120.433333,82.4835978,0.877465719
120.466667,82.512849,0.877598561
120.5,82.5421049,0.877731408
120.533333,82.5713649,0.877864258
120.566667,82.600629,0.877997112
120.6,82.6298972,0.87812997
120.633333,82.659171,0.878262832
120.666667,82.6884489,0.878395699
120.7,82.7177309,0.878528569
120.733333,82.7470169,0.878661442
120.766667,82.7763079,0.87879432
120.8,82.8056037,0.878927202
120.833333,82.8349036,0.879060088
120.866667,82.8642075,0.879192977
120.9,82.8935156,0.879325869
120.933333,82.9228292,0.879458767
120.966667,82.952147,0.879591667
121,82.9814689,0.879724571
121.033333,83.0107948,0.879857479
121.066667,83.0401255,0.87999039
121.1,83.0694612,0.880123306
121.133333,83.098801,0.880256225
121.166667,83.1281449,0.880389147
121.2,83.1574928,0.880522072
121.233333,83.1868462,0.880655002
121.266667,83.2162039,0.880787935
121.3,83.2455657,0.880920871
121.333333,83.2749316,0.88105381
121.366667,83.304302,0.881186753
121.4,83.3336776,0.8813197
121.433333,83.3630573,0.88145265
121.466667,83.3924411,0.881585603
121.5,83.421829,0.881718559
121.533333,83.4512222,0.881851519
121.566667,83.4806198,0.881984482
121.6,83.5100215,0.882117448
121.633333,83.5394273,0.882250417
121.666667,83.5688375,0.882383389
121.7,83.598253,0.882516365
121.733333,83.6276726,0.882649344
121.766667,83.6570963,0.882782326
121.8,83.6865241,0.88291531
121.833333,83.7159571,0.883048298
121.866667,83.7453946,0.88318129
121.9,83.7748362,0.883314284
121.933333,83.804282,0.88344728
121.966667,83.8337319,0.88358028
122,83.8631874,0.883713283
122.033333,83.892647,0.883846289
122.066667,83.9221106,0.883979298
122.1,83.9515783,0.884112309
122.133333,83.9810511,0.884245324
122.166667,84.0105285,0.884378342
122.2,84.0400101,0.884511362
122.233333,84.0694957,0.884644385
122.266667,84.0989855,0.884777411
122.3,84.1284809,0.88491044
122.333333,84.1579804,0.885043472
122.366667,84.187484,0.885176507
122.4,84.2169917,0.885309544
122.433333,84.2465042,0.885442584
122.466667,84.2760216,0.885575627
122.5,84.3055431,0.885708673
122.533333,84.3350687,0.885841721
122.566667,84.3645984,0.885974772
122.6,84.3941336,0.886107826
122.633333,84.4236731,0.886240883
122.666667,84.4532166,0.886373942
122.7,84.4827642,0.886507004
122.733333,84.5123165,0.886640069
122.766667,84.5418739,0.886773137
122.8,84.5714353,0.886906207
122.833333,84.6010009,0.88703928
122.866667,84.6305705,0.887172355
122.9,84.6601456,0.887305434
122.933333,84.689725,0.887438515
122.966667,84.7193084,0.887571598
123,84.748896,0.887704685
123.033333,84.7784881,0.887837773
123.066667,84.8080854,0.887970865
123.1,84.8376869,0.88810396
123.133333,84.8672924,0.888237056
123.166667,84.896902,0.888370155
123.2,84.9265168,0.888503258
123.233333,84.9561362,0.888636363
123.266667,84.9857596,0.88876947
123.3,85.0153871,0.88890258
123.333333,85.045019,0.889035692
123.366667,85.0746563,0.889168807
123.4,85.1042977,0.889301925
123.433333,85.1339432,0.889435045
123.466667,85.1635928,0.889568167
123.5,85.1932474,0.889701292
123.533333,85.2229068,0.88983442
123.566667,85.2525702,0.889967551
123.6,85.2822377,0.890100683
123.633333,85.3119094,0.890233818
123.666667,85.3415867,0.890366956
123.7,85.371268,0.890500096
123.733333,85.4009535,0.890633238
123.766667,85.430643,0.890766383
123.8,85.4603375,0.89089953
123.833333,85.4900368,0.89103268
123.866667,85.5197402,0.891165832
123.9,85.5494477,0.891298986
123.933333,85.5791592,0.891432143
123.966667,85.6088765,0.891565302
124,85.6385978,0.891698464
124.033333,85.6683232,0.891831627
124.066667,85.6980527,0.891964793
124.1,85.727787,0.892097961
124.133333,85.7575263,0.892231132
124.166667,85.7872697,0.892364304
124.2,85.8170172,0.892497479
124.233333,85.8467687,0.892630656
124.266667,85.8765258,0.892763835
124.3,85.9062871,0.892897016
124.333333,85.9360525,0.8930302
124.366667,85.965822,0.893163385
124.4,85.9955961,0.893296572
124.433333,86.0253754,0.893429762
124.466667,86.0551588,0.893562954
124.5,86.0849462,0.893696148
124.533333,86.1147378,0.893829343
124.566667,86.1445347,0.893962541
124.6,86.174336,0.894095741
124.633333,86.2041414,0.894228942
124.666667,86.2339509,0.894362146
124.7,86.2637649,0.894495351
124.733333,86.2935841,0.894628559
124.766667,86.3234075,0.894761768
124.8,86.353235,0.894894979
124.833333,86.3830665,0.895028192
124.866667,86.4129032,0.895161407
124.9,86.4427445,0.895294624
124.933333,86.4725899,0.895427842
124.966667,86.5024394,0.895561062
125,86.5322932,0.895694284
125.033333,86.5621525,0.895827508
125.066667,86.5920159,0.895960734
125.1,86.6218833,0.896093961
125.133333,86.6517549,0.89622719
125.166667,86.6816314,0.896360421
125.2,86.7115127,0.896493653
125.233333,86.7413982,0.896626888
125.266667,86.7712877,0.896760123
125.3,86.8011813,0.896893361
125.333333,86.8310806,0.8970266
125.366667,86.8609839,0.897159841
125.4,86.8908914,0.897293083
125.433333,86.9208029,0.897426327
125.466667,86.9507194,0.897559573
125.5,86.9806407,0.897692821
125.533333,87.0105661,0.89782607
125.566667,87.0404956,0.89795932
125.6,87.0704292,0.898092572
125.633333,87.1003684,0.898225826
125.666667,87.1303118,0.898359081
125.7,87.1602592,0.898492338
125.733333,87.1902108,0.898625596
125.766667,87.2201671,0.898758856
125.8,87.2501284,0.898892118
125.833333,87.2800938,0.899025381
125.866667,87.3100633,0.899158646
125.9,87.340037,0.899291912
125.933333,87.370016,0.89942518
125.966667,87.3999994,0.899558449
126,87.4299869,0.89969172
126.033333,87.4599784,0.899824992
126.066667,87.4899746,0.899958266
126.1,87.5199759,0.900091542
126.133333,87.5499814,0.900224818
126.166667,87.5799909,0.900358097
126.2,87.6100045,0.900491376
126.233333,87.6400234,0.900624658
126.266667,87.6700468,0.900757941
126.3,87.7000743,0.900891225
126.333333,87.7301059,0.90102451
126.366667,87.7601419,0.901157797
126.4,87.7901833,0.901291086
126.433333,87.8202287,0.901424376
126.466667,87.8502783,0.901557668
126.5,87.8803319,0.90169096
126.533333,87.9103907,0.901824255
126.566667,87.9404541,0.901957551
126.6,87.9705216,0.902090848
126.633333,88.0005933,0.902224146
126.666667,88.0306691,0.902357446
126.7,88.0607505,0.902490747
126.733333,88.090836,0.90262405
126.766667,88.1209256,0.902757354
126.8,88.1510192,0.902890659
126.833333,88.1811179,0.903023966
126.866667,88.2112213,0.903157274
126.9,88.2413289,0.903290583
126.933333,88.2714405,0.903423894
126.966667,88.3015562,0.903557206
127,88.3316776,0.903690519
127.033333,88.3618032,0.903823834
127.066667,88.3919328,0.903957149
127.1,88.4220665,0.904090466
127.133333,88.452205,0.904223785
127.166667,88.4823484,0.904357104
127.2,88.512496,0.904490425
127.233333,88.5426477,0.904623747
127.266667,88.5728034,0.90475707
127.3,88.6029647,0.904890394
127.333333,88.6331303,0.90502372
127.366667,88.6632999,0.905157046
127.4,88.6934736,0.905290374
127.433333,88.723652,0.905423703
127.466667,88.7538355,0.905557033
127.5,88.7840231,0.905690364
127.533333,88.8142148,0.905823696
127.566667,88.8444106,0.905957029
127.6,88.8746118,0.906090363
127.633333,88.9048174,0.906223699
127.666667,88.935027,0.906357035
127.7,88.9652408,0.906490373
127.733333,88.9954591,0.906623711
127.766667,89.0256826,0.90675705
127.8,89.0559103,0.906890391
127.833333,89.086142,0.907023732
127.866667,89.1163778,0.907157075
127.9,89.1466189,0.907290418
127.933333,89.1768645,0.907423762
127.966667,89.2071142,0.907557108
128,89.237368,0.907690454
128.033333,89.2676261,0.907823801
128.066667,89.2978897,0.907957149
128.1,89.3281574,0.908090498
128.133333,89.3584292,0.908223847
128.166667,89.388705,0.908357198
128.2,89.4189859,0.908490549
128.233333,89.4492716,0.908623902
128.266667,89.4795613,0.908757255
128.3,89.5098552,0.908890609
128.333333,89.5401532,0.909023964
128.366667,89.5704568,0.909157319
128.4,89.6007646,0.909290676
128.433333,89.6310764,0.909424033
128.466667,89.6613923,0.909557391
128.5,89.6917131,0.90969075
128.533333,89.7220388,0.90982411
128.566667,89.7523686,0.909957471
128.6,89.7827024,0.910090832
128.633333,89.8130404,0.910224194
128.666667,89.843384,0.910357556
128.7,89.8737318,0.91049092
128.733333,89.9040836,0.910624284
128.766667,89.9344396,0.910757649
128.8,89.9648003,0.910891015
128.833333,89.995166,0.911024382
128.866667,90.0255359,0.911157749
128.9,90.0559098,0.911291117
128.933333,90.0862878,0.911424485
128.966667,90.1166713,0.911557855
129,90.1470591,0.911691225
129.033333,90.177451,0.911824596
129.066667,90.207847,0.911957967
129.1,90.2382476,0.91209134
129.133333,90.2686533,0.912224713
129.166667,90.2990632,0.912358086
129.2,90.3294772,0.91249146
129.233333,90.3598953,0.912624835
129.266667,90.3903186,0.912758211
129.3,90.4207465,0.912891587
129.333333,90.4511784,0.913024964
129.366667,90.4816145,0.913158342
129.4,90.5120549,0.91329172
129.433333,90.5425008,0.913425099
129.466667,90.5729507,0.913558479
129.5,90.6034047,0.913691859
129.533333,90.6338628,0.91382524
129.566667,90.6643261,0.913958622
129.6,90.694794,0.914092004
129.633333,90.725266,0.914225387
129.666667,90.7557421,0.91435877
129.7,90.7862224,0.914492154
129.733333,90.8167083,0.914625539
129.766667,90.8471983,0.914758924
129.8,90.8776924,0.91489231
129.833333,90.9081906,0.915025696
129.866667,90.9386937,0.915159083
129.9,90.9692017,0.915292471
129.933333,90.9997137,0.915425859
129.966667,91.0302299,0.915559247
130,91.0607501,0.915692637
130.033333,91.091276,0.915826026
130.066667,91.1218061,0.915959417
130.1,91.1523402,0.916092808
130.133333,91.1828784,0.916226199
130.166667,91.2134214,0.916359591
130.2,91.2439694,0.916492983
130.233333,91.2745215,0.916626376
130.266667,91.3050777,0.91675977
130.3,91.335638,0.916893163
130.333333,91.3662039,0.917026558
130.366667,91.3967739,0.917159953
130.4,91.4273481,0.917293348
130.433333,91.4579264,0.917426744
130.466667,91.4885093,0.91756014
130.5,91.5190974,0.917693536
130.533333,91.5496895,0.917826933
130.566667,91.5802858,0.917960331
130.6,91.6108861,0.918093729
130.633333,91.6414919,0.918227127
130.666667,91.672102,0.918360526
130.7,91.7027162,0.918493925
130.733333,91.7333346,0.918627324
130.766667,91.7639574,0.918760724
130.8,91.7945855,0.918894124
130.833333,91.8252177,0.919027524
130.866667,91.855854,0.919160925
130.9,91.8864944,0.919294326
130.933333,91.91714,0.919427728
130.966667,91.9477902,0.919561129
131,91.9784445,0.919694532
131.033333,92.0091029,0.919827934
131.066667,92.0397656,0.919961337
131.1,92.0704338,0.92009474
131.133333,92.1011061,0.920228143
131.166667,92.1317824,0.920361546
131.2,92.1624629,0.92049495
131.233333,92.1931484,0.920628354
131.266667,92.2238386,0.920761759
131.3,92.254533,0.920895163
131.333333,92.2852314,0.921028568
131.366667,92.315934,0.921161973
131.4,92.3466423,0.921295378
131.433333,92.3773546,0.921428784
131.466667,92.408071,0.921562189
131.5,92.4387915,0.921695595
131.533333,92.4695169,0.921829001
131.566667,92.5002472,0.921962408
131.6,92.5309816,0.922095814
131.633333,92.5617201,0.922229221
131.666667,92.5924627,0.922362628
131.7,92.6232109,0.922496035
131.733333,92.6539633,0.922629442
131.766667,92.6847198,0.922762849
131.8,92.7154804,0.922896257
131.833333,92.7462457,0.923029664
131.866667,92.777016,0.923163072
131.9,92.8077905,0.92329648
131.933333,92.838569,0.923429889
131.966667,92.8693517,0.923563297
132,92.9001398,0.923696705
132.033333,92.9309322,0.923830114
132.066667,92.9617288,0.923963523
132.1,92.9925294,0.924096932
132.133333,93.0233346,0.924230341
132.166667,93.054145,0.92436375
132.2,93.0849595,0.924497159
132.233333,93.1157782,0.924630568
132.266667,93.1466009,0.924763978
132.3,93.1774289,0.924897387
132.333333,93.2082614,0.925030797
132.366667,93.2390979,0.925164207
132.4,93.2699386,0.925297617
132.433333,93.3007837,0.925431027
132.466667,93.3316342,0.925564437
132.5,93.3624888,0.925697847
132.533333,93.3933475,0.925831257
132.566667,93.4242102,0.925964668
132.6,93.4550781,0.926098078
132.633333,93.4859507,0.926231489
132.666667,93.5168273,0.926364899
132.7,93.5477081,0.92649831
132.733333,93.5785931,0.926631721
132.766667,93.6094836,0.926765132
132.8,93.6403782,0.926898543
132.833333,93.671277,0.927031954
132.866667,93.7021798,0.927165365
132.9,93.7330876,0.927298776
132.933333,93.7640002,0.927432187
132.966667,93.7949169,0.927565598
133,93.8258377,0.927699009
133.033333,93.8567626,0.92783242
133.066667,93.8876932,0.927965831
133.1,93.9186279,0.928099242
133.133333,93.9495667,0.928232654
133.166667,93.9805096,0.928366065
133.2,94.0114573,0.928499476
133.233333,94.0424099,0.928632887
133.266667,94.0733667,0.928766299
133.3,94.1043276,0.92889971
133.333333,94.1352925,0.929033121
133.366667,94.166263,0.929166532
133.4,94.1972378,0.929299943
133.433333,94.2282166,0.929433355
133.466667,94.2591996,0.929566766
133.5,94.2901872,0.929700177
133.533333,94.3211799,0.929833588
133.566667,94.3521767,0.929966999
133.6,94.3831776,0.93010041
133.633333,94.4141826,0.93023382
133.666667,94.445193,0.930367231
133.7,94.4762078,0.930500642
133.733333,94.5072267,0.930634052
133.766667,94.5382497,0.930767463
133.8,94.5692772,0.930900873
133.833333,94.60031,0.931034284
133.866667,94.6313469,0.931167694
133.9,94.6623879,0.931301104
133.933333,94.693433,0.931434514
133.966667,94.7244833,0.931567924
134,94.7555381,0.931701333
134.033333,94.7865971,0.931834743
134.066667,94.8176601,0.931968152
134.1,94.8487275,0.932101562
134.133333,94.8798004,0.932234971
134.166667,94.9108773,0.93236838
134.2,94.9419584,0.932501789
134.233333,94.9730435,0.932635197
134.266667,95.0041337,0.932768606
134.3,95.0352286,0.932902014
134.333333,95.0663276,0.933035422
134.366667,95.0974307,0.93316883
134.4,95.128538,0.933302238
134.433333,95.1596509,0.933435646
134.466667,95.1907679,0.933569053
134.5,95.221889,0.93370246
134.533333,95.2530142,0.933835867
134.566667,95.2841443,0.933969274
134.6,95.3152793,0.934102681
134.633333,95.3464184,0.934236087
134.666667,95.3775615,0.934369493
134.7,95.4087088,0.934502899
134.733333,95.4398617,0.934636305
134.766667,95.4710187,0.93476971
134.8,95.5021799,0.934903115
134.833333,95.5333451,0.93503652
134.866667,95.5645151,0.935169925
134.9,95.5956902,0.93530333
134.933333,95.6268693,0.935436734
134.966667,95.6580525,0.935570138
135,95.6892398,0.935703542
135.033333,95.7204326,0.935836945
135.066667,95.7516297,0.935970348
135.1,95.7828309,0.936103751
135.133333,95.8140362,0.936237154
135.166667,95.8452461,0.936370556
135.2,95.8764612,0.936503959
135.233333,95.9076804,0.936637361
135.266667,95.9389037,0.936770762
135.3,95.9701311,0.936904164
135.333333,96.0013637,0.937037565
135.366667,96.0326009,0.937170965
135.4,96.0638422,0.937304366
135.433333,96.0950875,0.937437766
135.466667,96.1263373,0.937571166
135.5,96.1575925,0.937704566
135.533333,96.1888517,0.937837965
135.566667,96.220115,0.937971364
135.6,96.2513825,0.938104763
135.633333,96.2826551,0.938238161
135.666667,96.3139323,0.93837156
135.7,96.3452136,0.938504957
135.733333,96.376499,0.938638355
135.766667,96.4077887,0.938771752
135.8,96.4390839,0.938905149
135.833333,96.4703832,0.939038546
135.866667,96.5016866,0.939171942
135.9,96.5329941,0.939305338
135.933333,96.5643065,0.939438734
135.966667,96.5956238,0.939572129
136,96.6269452,0.939705524
136.033333,96.6582706,0.939838919
136.066667,96.6896002,0.939972313
136.1,96.7209355,0.940105707
136.133333,96.7522748,0.940239101
136.166667,96.7836183,0.940372494
136.2,96.8149658,0.940505887
136.233333,96.8463182,0.94063928
136.266667,96.8776755,0.940772672
136.3,96.9090369,0.940906064
136.333333,96.9404024,0.941039455
136.366667,96.971772,0.941172847
136.4,97.0031472,0.941306237
136.433333,97.0345266,0.941439628
136.466667,97.0659101,0.941573018
136.5,97.0972977,0.941706408
136.533333,97.12869,0.941839797
136.566667,97.1600873,0.941973186
136.6,97.1914888,0.942106574
136.633333,97.2228944,0.942239963
136.666667,97.2543041,0.94237335
136.7,97.2857191,0.942506738
136.733333,97.3171386,0.942640125
136.766667,97.3485621,0.942773511
136.8,97.3799898,0.942906897
136.833333,97.4114219,0.943040283
136.866667,97.4428593,0.943173668
136.9,97.4743009,0.943307053
136.933333,97.5057465,0.943440438
136.966667,97.5371962,0.943573822
137,97.5686512,0.943707205
137.033333,97.6001107,0.943840588
137.066667,97.6315743,0.943973971
137.1,97.6630419,0.944107354
137.133333,97.694514,0.944240735
137.166667,97.7259915,0.944374117
137.2,97.7574731,0.944507498
137.233333,97.7889587,0.944640878
137.266667,97.8204485,0.944774258
137.3,97.8519433,0.944907638
137.333333,97.8834429,0.945041017
137.366667,97.9149465,0.945174395
137.4,97.9464543,0.945307773
137.433333,97.9779662,0.945441151
137.466667,98.0094837,0.945574528
137.5,98.0410054,0.945707905
137.533333,98.0725311,0.945841281
137.566667,98.1040609,0.945974657
137.6,98.1355956,0.946108032
137.633333,98.1671352,0.946241407
137.666667,98.1986789,0.946374781
137.7,98.2302267,0.946508155
137.733333,98.2617786,0.946641528
137.766667,98.2933361,0.9467749
137.8,98.3248978,0.946908273
137.833333,98.3564635,0.947041644
137.866667,98.3880334,0.947175015
137.9,98.419608,0.947308386
137.933333,98.4511877,0.947441756
137.966667,98.4827714,0.947575126
138,98.5143592,0.947708495
138.033333,98.5459512,0.947841864
138.066667,98.5775486,0.947975232
138.1,98.6091503,0.948108599
138.133333,98.6407561,0.948241966
138.166667,98.672366,0.948375332
138.2,98.7039805,0.948508698
138.233333,98.7356002,0.948642064
138.266667,98.767224,0.948775429
138.3,98.7988519,0.948908793
138.333333,98.8304838,0.949042157
138.366667,98.8621211,0.94917552
138.4,98.8937629,0.949308882
138.433333,98.9254088,0.949442245
138.466667,98.9570587,0.949575606
138.5,98.9887131,0.949708967
138.533333,99.0203728,0.949842328
138.566667,99.0520367,0.949975688
138.6,99.0837046,0.950109047
138.633333,99.1153766,0.950242406
138.666667,99.1470538,0.950375764
138.7,99.1787356,0.950509122
138.733333,99.2104215,0.950642479
138.766667,99.2421115,0.950775835
138.8,99.2738057,0.950909191
138.833333,99.3055055,0.951042547
138.866667,99.3372094,0.951175902
138.9,99.3689174,0.951309256
138.933333,99.4006294,0.95144261
138.966667,99.4323465,0.951575963
139,99.4640683,0.951709315
139.033333,99.4957943,0.951842667
139.066667,99.5275243,0.951976019
139.1,99.5592585,0.95210937
139.133333,99.5909983,0.95224272
139.166667,99.6227422,0.95237607
139.2,99.6544902,0.952509419
139.233333,99.6862423,0.952642767
139.266667,99.7179992,0.952776115
139.3,99.7497611,0.952909462
139.333333,99.7815271,0.953042809
139.366667,99.8132972,0.953176155
139.4,99.8450713,0.953309501
139.433333,99.8768511,0.953442846
139.466667,99.908635,0.95357619
139.5,99.9404231,0.953709534
139.533333,99.9722152,0.953842877
139.566667,100.004012,0.953976219
139.6,100.035814,0.954109561
139.633333,100.06762,0.954242902
139.666667,100.09943,0.954376243
139.7,100.131244,0.954509583
139.733333,100.163064,0.954642922
139.766667,100.194888,0.954776261
139.8,100.226716,0.954909599
139.833333,100.258548,0.955042937
139.866667,100.290385,0.955176274
139.9,100.322227,0.95530961
139.933333,100.354073,0.955442946
139.966667,100.385923,0.955576281
140,100.417777,0.955709615
140.033333,100.449637,0.955842949
140.066667,100.481501,0.955976282
140.1,100.513369,0.956109614
140.133333,100.545241,0.956242946
140.166667,100.577118,0.956376277
140.2,100.609,0.956509607
140.233333,100.640886,0.956642937
140.266667,100.672776,0.956776266
140.3,100.70467,0.956909595
140.333333,100.73657,0.957042922
140.366667,100.768474,0.957176249
140.4,100.800382,0.957309576
140.433333,100.832294,0.957442902
140.466667,100.86421,0.957576227
140.5,100.896132,0.957709551
140.533333,100.928059,0.957842875
140.566667,100.959989,0.957976198
140.6,100.991923,0.95810952
140.633333,101.023862,0.958242842
140.666667,101.055806,0.958376163
140.7,101.087755,0.958509483
140.733333,101.119707,0.958642803
140.766667,101.151663,0.958776122
140.8,101.183625,0.95890944
140.833333,101.215591,0.959042758
140.866667,101.247562,0.959176075
140.9,101.279536,0.959309391
140.933333,101.311515,0.959442706
140.966667,101.343499,0.959576021
141,101.375487,0.959709335
141.033333,101.40748,0.959842649
141.066667,101.439476,0.959975961
141.1,101.471478,0.960109273
141.133333,101.503484,0.960242584
141.166667,101.535494,0.960375895
141.2,101.567509,0.960509205
141.233333,101.599528,0.960642514
141.266667,101.631552,0.960775822
141.3,101.66358,0.96090913
141.333333,101.695613,0.961042437
141.366667,101.727649,0.961175743
141.4,101.759691,0.961309049
141.433333,101.791737,0.961442353
141.466667,101.823787,0.961575657
141.5,101.855842,0.961708961
141.533333,101.8879,0.961842264
141.566667,101.919965,0.961975565
141.6,101.952033,0.962108866
141.633333,101.984105,0.962242167
141.666667,102.016182,0.962375467
141.7,102.048263,0.962508766
141.733333,102.08035,0.962642064
141.766667,102.11244,0.962775361
141.8,102.144534,0.962908658
141.833333,102.176633,0.963041954
141.866667,102.208737,0.96317525
141.9,102.240846,0.963308544
141.933333,102.272958,0.963441838
141.966667,102.305074,0.963575131
142,102.337196,0.963708424
142.033333,102.369322,0.963841715
142.066667,102.401452,0.963975006
142.1,102.433587,0.964108296
142.133333,102.465725,0.964241586
142.166667,102.49787,0.964374874
142.2,102.530018,0.964508162
142.233333,102.56217,0.96464145
142.266667,102.594327,0.964774736
142.3,102.626488,0.964908022
142.333333,102.658655,0.965041307
142.366667,102.690825,0.965174591
142.4,102.722999,0.965307874
142.433333,102.755178,0.965441157
142.466667,102.787362,0.965574439
142.5,102.81955,0.96570772
142.533333,102.851743,0.965841
142.566667,102.883939,0.96597428
142.6,102.916141,0.966107559
142.633333,102.948347,0.966240837
142.666667,102.980557,0.966374114
142.7,103.012772,0.966507391
142.733333,103.04499,0.966640667
142.766667,103.077214,0.966773942
142.8,103.109443,0.966907216
142.833333,103.141675,0.96704049
142.866667,103.173912,0.967173762
142.9,103.206153,0.967307034
142.933333,103.238399,0.967440305
142.966667,103.270649,0.967573576
143,103.302904,0.967706845
143.033333,103.335162,0.967840114
143.066667,103.367426,0.967973382
143.1,103.399695,0.96810665
143.133333,103.431967,0.968239916
143.166667,103.464244,0.968373182
143.2,103.496525,0.968506447
143.233333,103.528811,0.968639711
143.266667,103.561101,0.968772974
143.3,103.593396,0.968906237
143.333333,103.625694,0.969039499
143.366667,103.657998,0.969172759
143.4,103.690307,0.96930602
143.433333,103.722619,0.969439279
143.466667,103.754936,0.969572538
143.5,103.787256,0.969705795
143.533333,103.819583,0.969839052
143.566667,103.851913,0.969972308
143.6,103.884248,0.970105564
143.633333,103.916586,0.970238818
143.666667,103.94893,0.970372072
143.7,103.981278,0.970505325
143.733333,104.013631,0.970638577
143.766667,104.045987,0.970771828
143.8,104.078348,0.970905079
143.833333,104.110714,0.971038328
143.866667,104.143085,0.971171577
143.9,104.175459,0.971304825
143.933333,104.207838,0.971438073
143.966667,104.240221,0.971571319
144,104.27261,0.971704565
144.033333,104.305002,0.971837809
144.066667,104.337399,0.971971053
144.1,104.369799,0.972104296
144.133333,104.402206,0.972237539
144.166667,104.434616,0.97237078
144.2,104.467031,0.972504021
144.233333,104.499449,0.972637261
144.266667,104.531873,0.9727705
144.3,104.564301,0.972903738
144.333333,104.596733,0.973036975
144.366667,104.62917,0.973170212
144.4,104.661611,0.973303447
144.433333,104.694057,0.973436682
144.466667,104.726507,0.973569916
144.5,104.758962,0.973703149
144.533333,104.79142,0.973836382
144.566667,104.823883,0.973969613
144.6,104.856352,0.974102844
144.633333,104.888824,0.974236074
144.666667,104.921301,0.974369303
144.7,104.953782,0.974502531
144.733333,104.986268,0.974635758
144.766667,105.018758,0.974768985
144.8,105.051253,0.97490221
144.833333,105.083751,0.975035435
144.866667,105.116254,0.975168659
144.9,105.148763,0.975301882
144.933333,105.181275,0.975435105
144.966667,105.213792,0.975568326
145,105.246312,0.975701547
145.033333,105.278838,0.975834767
145.066667,105.311369,0.975967985
145.1,105.343903,0.976101204
145.133333,105.376442,0.976234421
145.166667,105.408985,0.976367637
145.2,105.441533,0.976500853
145.233333,105.474085,0.976634067
145.266667,105.506642,0.976767281
145.3,105.539203,0.976900494
145.333333,105.571768,0.977033706
145.366667,105.604339,0.977166918
145.4,105.636913,0.977300128
145.433333,105.669492,0.977433338
145.466667,105.702075,0.977566547
145.5,105.734663,0.977699754
145.533333,105.767255,0.977832961
145.566667,105.799852,0.977966168
145.6,105.832453,0.978099373
145.633333,105.865058,0.978232577
145.666667,105.897669,0.978365781
145.7,105.930283,0.978498984
145.733333,105.962902,0.978632186
145.766667,105.995525,0.978765387
145.8,106.028153,0.978898587
145.833333,106.060785,0.979031786
145.866667,106.093422,0.979164985
145.9,106.126062,0.979298182
145.933333,106.158708,0.979431379
145.966667,106.191358,0.979564575
146,106.224013,0.97969777
146.033333,106.256671,0.979830964
146.066667,106.289334,0.979964157
146.1,106.322002,0.98009735
146.133333,106.354675,0.980230541
146.166667,106.387351,0.980363732
146.2,106.420032,0.980496922
146.233333,106.452717,0.98063011
146.266667,106.485407,0.980763298
146.3,106.518102,0.980896486
146.333333,106.5508,0.981029672
146.366667,106.583503,0.981162857
146.4,106.616211,0.981296042
146.433333,106.648923,0.981429225
146.466667,106.68164,0.981562408
146.5,106.714361,0.98169559
146.533333,106.747086,0.981828771
146.566667,106.779816,0.981961951
146.6,106.812551,0.98209513
146.633333,106.845289,0.982228309
146.666667,106.878032,0.982361486
146.7,106.91078,0.982494663
146.733333,106.943532,0.982627839
146.766667,106.976289,0.982761014
146.8,107.009049,0.982894188
146.833333,107.041814,0.983027361
146.866667,107.074584,0.983160533
146.9,107.107359,0.983293704
146.933333,107.140137,0.983426874
146.966667,107.17292,0.983560044
147,107.205708,0.983693213
147.033333,107.2385,0.98382638
147.066667,107.271297,0.983959547
147.1,107.304097,0.984092713
147.133333,107.336902,0.984225878
147.166667,107.369712,0.984359042
147.2,107.402527,0.984492205
147.233333,107.435345,0.984625368
147.266667,107.468168,0.984758529
147.3,107.500995,0.98489169
147.333333,107.533828,0.98502485
147.366667,107.566664,0.985158008
147.4,107.599505,0.985291166
147.433333,107.63235,0.985424323
147.466667,107.6652,0.985557479
147.5,107.698054,0.985690635
147.533333,107.730913,0.985823789
147.566667,107.763775,0.985956942
147.6,107.796643,0.986090095
147.633333,107.829515,0.986223246
147.666667,107.862391,0.986356397
147.7,107.895272,0.986489547
147.733333,107.928157,0.986622696
147.766667,107.961047,0.986755844
147.8,107.993941,0.986888991
147.833333,108.02684,0.987022137
147.866667,108.059742,0.987155282
147.9,108.092649,0.987288427
147.933333,108.125562,0.98742157
147.966667,108.158478,0.987554713
148,108.191399,0.987687854
148.033333,108.224323,0.987820995
148.066667,108.257253,0.987954135
148.1,108.290188,0.988087274
148.133333,108.323126,0.988220412
148.166667,108.356069,0.988353549
148.2,108.389015,0.988486686
148.233333,108.421968,0.988619821
148.266667,108.454924,0.988752955
148.3,108.487885,0.988886089
148.333333,108.520849,0.989019221
148.366667,108.553819,0.989152353
148.4,108.586793,0.989285484
148.433333,108.619772,0.989418614
148.466667,108.652754,0.989551743
148.5,108.685741,0.989684871
148.533333,108.718733,0.989817998
148.566667,108.75173,0.989951124
148.6,108.78473,0.990084249
148.633333,108.817735,0.990217374
148.666667,108.850744,0.990350497
148.7,108.883759,0.99048362
148.733333,108.916777,0.990616742
148.766667,108.9498,0.990749862
148.8,108.982826,0.990882982
148.833333,109.015859,0.991016101
148.866667,109.048895,0.991149219
148.9,109.081935,0.991282336
148.933333,109.11498,0.991415453
148.966667,109.148029,0.991548568
149,109.181084,0.991681682
149.033333,109.214142,0.991814796
149.066667,109.247204,0.991947908
149.1,109.280271,0.99208102
149.133333,109.313343,0.992214131
149.166667,109.346419,0.99234724
149.2,109.3795,0.992480349
149.233333,109.412584,0.992613457
149.266667,109.445673,0.992746564
149.3,109.478768,0.99287967
149.333333,109.511866,0.993012775
149.366667,109.544969,0.99314588
149.4,109.578075,0.993278983
149.433333,109.611187,0.993412085
149.466667,109.644303,0.993545187
149.5,109.677424,0.993678287
149.533333,109.710548,0.993811387
149.566667,109.743677,0.993944486
149.6,109.776811,0.994077584
149.633333,109.80995,0.994210681
149.666667,109.843092,0.994343776
149.7,109.876239,0.994476872
149.733333,109.90939,0.994609966
149.766667,109.942546,0.994743059
149.8,109.975707,0.994876151
149.833333,110.008871,0.995009242
149.866667,110.04204,0.995142333
149.9,110.075214,0.995275422
149.933333,110.108392,0.995408511
149.966667,110.141575,0.995541598
150,110.174761,0.995674685
150.033333,110.207953,0.995807771
150.066667,110.241149,0.995940856
150.1,110.274349,0.996073939
150.133333,110.307554,0.996207022
150.166667,110.340762,0.996340105
150.2,110.373976,0.996473186
150.233333,110.407195,0.996606266
150.266667,110.440417,0.996739345
150.3,110.473644,0.996872423
150.333333,110.506875,0.997005501
150.366667,110.540111,0.997138577
150.4,110.573351,0.997271652
150.433333,110.606596,0.997404727
150.466667,110.639844,0.997537801
150.5,110.673098,0.997670873
150.533333,110.706356,0.997803945
150.566667,110.739619,0.997937016
150.6,110.772885,0.998070086
150.633333,110.806156,0.998203155
150.666667,110.839432,0.998336223
150.7,110.872712,0.99846929
150.733333,110.905997,0.998602356
150.766667,110.939285,0.998735421
150.8,110.972579,0.998868486
150.833333,111.005877,0.999001549
150.866667,111.039179,0.999134611
150.9,111.072486,0.999267673
150.933333,111.105796,0.999400734
150.966667,111.139113,0.999533793
151,111.172432,0.999666852
151.033333,111.205757,0.99979991
151.066667,111.239086,0.999932966
151.1,111.272419,1.00006602
151.133333,111.305757,1.00019908
151.166667,111.339099,1.00033213
151.2,111.372446,1.00046519
151.233333,111.405797,1.00059824
151.266667,111.439152,1.00073129
151.3,111.472512,1.00086434
151.333333,111.505876,1.00099739
151.366667,111.539246,1.00113044
151.4,111.572619,1.00126349
151.433333,111.605996,1.00139654
151.466667,111.639378,1.00152959
151.5,111.672765,1.00166263
151.533333,111.706156,1.00179568
151.566667,111.739551,1.00192873
151.6,111.772951,1.00206177
151.633333,111.806355,1.00219482
151.666667,111.839764,1.00232786
151.7,111.873177,1.00246091
151.733333,111.906595,1.00259395
151.766667,111.940016,1.00272699
151.8,111.973443,1.00286004
151.833333,112.006874,1.00299308
151.866667,112.04031,1.00312612
151.9,112.073749,1.00325916
151.933333,112.107193,1.00339221
151.966667,112.140642,1.00352525
152,112.174095,1.00365829
152.033333,112.207553,1.00379133
152.066667,112.241014,1.00392437
152.1,112.274481,1.00405741
152.133333,112.307952,1.00419045
152.166667,112.341427,1.00432349
152.2,112.374906,1.00445653
152.233333,112.40839,1.00458957
152.266667,112.441879,1.00472261
152.3,112.475372,1.00485565
152.333333,112.50887,1.00498869
152.366667,112.542371,1.00512173
152.4,112.575878,1.00525477
152.433333,112.609389,1.00538781
152.466667,112.642904,1.00552085
152.5,112.676423,1.00565389
152.533333,112.709947,1.00578693
152.566667,112.743476,1.00591997
152.6,112.777009,1.00605301
152.633333,112.810546,1.00618605
152.666667,112.844087,1.00631909
152.7,112.877634,1.00645213
152.733333,112.911185,1.00658517
152.766667,112.94474,1.00671821
152.8,112.978299,1.00685126
152.833333,113.011863,1.0069843
152.866667,113.045431,1.00711734
152.9,113.079004,1.00725038
152.933333,113.112581,1.00738343
152.966667,113.146162,1.00751647
153,113.179749,1.00764951
153.033333,113.21334,1.00778256
153.066667,113.246935,1.0079156
153.1,113.280534,1.00804865
153.133333,113.314137,1.00818169
153.166667,113.347746,1.00831474
153.2,113.381359,1.00844778
153.233333,113.414976,1.00858083
153.266667,113.448597,1.00871388
153.3,113.482223,1.00884693
153.333333,113.515854,1.00897998
153.366667,113.549489,1.00911303
153.4,113.583128,1.00924608
153.433333,113.616771,1.00937913
153.466667,113.65042,1.00951218
153.5,113.684073,1.00964524
153.533333,113.71773,1.00977829
153.566667,113.751391,1.00991134
153.6,113.785057,1.0100444
153.633333,113.818728,1.01017746
153.666667,113.852403,1.01031051
153.7,113.886081,1.01044357
153.733333,113.919765,1.01057663
153.766667,113.953453,1.01070969
153.8,113.987146,1.01084275
153.833333,114.020843,1.01097581
153.866667,114.054544,1.01110888
153.9,114.08825,1.01124194
153.933333,114.121961,1.01137501
153.966667,114.155675,1.01150807
154,114.189394,1.01164114
154.033333,114.223117,1.01177421
154.066667,114.256846,1.01190728
154.1,114.290579,1.01204035
154.133333,114.324315,1.01217342
154.166667,114.358056,1.01230649
154.2,114.391802,1.01243957
154.233333,114.425553,1.01257265
154.266667,114.459307,1.01270572
154.3,114.493066,1.0128388
154.333333,114.526829,1.01297188
154.366667,114.560598,1.01310496
154.4,114.59437,1.01323804
154.433333,114.628147,1.01337113
154.466667,114.661928,1.01350421
154.5,114.695714,1.0136373
154.533333,114.729504,1.01377039
154.566667,114.763299,1.01390348
154.6,114.797098,1.01403657
154.633333,114.8309,1.01416966
154.666667,114.864709,1.01430276
154.7,114.898521,1.01443585
154.733333,114.932338,1.01456895
154.766667,114.966159,1.01470205
154.8,114.999984,1.01483515
154.833333,115.033815,1.01496825
154.866667,115.06765,1.01510135
154.9,115.101488,1.01523446
154.933333,115.135331,1.01536756
154.966667,115.169179,1.01550067
155,115.203032,1.01563378
155.033333,115.236889,1.01576689
155.066667,115.270749,1.01590001
155.1,115.304614,1.01603312
155.133333,115.338485,1.01616624
155.166667,115.37236,1.01629936
155.2,115.406238,1.01643248
155.233333,115.440121,1.0165656
155.266667,115.474009,1.01669872
155.3,115.507902,1.01683185
155.333333,115.541798,1.01696497
155.366667,115.575699,1.0170981
155.4,115.609604,1.01723123
155.433333,115.643515,1.01736437
155.466667,115.677429,1.0174975
155.5,115.711348,1.01763064
155.533333,115.745271,1.01776377
155.566667,115.779198,1.01789691
155.6,115.813131,1.01803006
155.633333,115.847068,1.0181632
155.666667,115.881008,1.01829635
155.7,115.914953,1.0184295
155.733333,115.948904,1.01856265
155.766667,115.982858,1.0186958
155.8,116.016817,1.01882895
155.833333,116.05078,1.01896211
155.866667,116.084747,1.01909527
155.9,116.11872,1.01922843
155.933333,116.152696,1.01936159
155.966667,116.186677,1.01949475
156,116.220662,1.01962792
156.033333,116.254652,1.01976109
156.066667,116.288647,1.01989426
156.1,116.322645,1.02002743
156.133333,116.356648,1.02016061
156.166667,116.390655,1.02029379
156.2,116.424668,1.02042697
156.233333,116.458685,1.02056015
156.266667,116.492705,1.02069333
156.3,116.52673,1.02082652
156.333333,116.56076,1.02095971
156.366667,116.594795,1.0210929
156.4,116.628833,1.02122609
156.433333,116.662876,1.02135929
156.466667,116.696923,1.02149249
156.5,116.730976,1.02162569
156.533333,116.765032,1.02175889
156.566667,116.799093,1.0218921
156.6,116.833158,1.02202531
156.633333,116.867228,1.02215852
156.666667,116.901302,1.02229173
156.7,116.935381,1.02242495
156.733333,116.969464,1.02255816
156.766667,117.003551,1.02269138
156.8,117.037643,1.02282461
156.833333,117.07174,1.02295783
156.866667,117.105841,1.02309106
156.9,117.139945,1.02322429
156.933333,117.174055,1.02335752
156.966667,117.20817,1.02349076
157,117.242288,1.023624
157.033333,117.276411,1.02375724
157.066667,117.310538,1.02389048
157.1,117.344671,1.02402373
157.133333,117.378807,1.02415698
157.166667,117.412948,1.02429023
157.2,117.447093,1.02442349
157.233333,117.481242,1.02455675
157.266667,117.515397,1.02469001
157.3,117.549555,1.02482327
157.333333,117.583718,1.02495653
157.366667,117.617885,1.0250898
157.4,117.652057,1.02522307
157.433333,117.686234,1.02535635
157.466667,117.720415,1.02548963
157.5,117.7546,1.02562291
157.533333,117.788789,1.02575619
157.566667,117.822984,1.02588947
157.6,117.857182,1.02602276
157.633333,117.891385,1.02615605
157.666667,117.925592,1.02628935
157.7,117.959804,1.02642265
157.733333,117.994021,1.02655595
157.766667,118.028242,1.02668925
157.8,118.062466,1.02682255
157.833333,118.096696,1.02695586
157.866667,118.13093,1.02708918
157.9,118.165169,1.02722249
157.933333,118.199412,1.02735581
157.966667,118.233659,1.02748913
158,118.267911,1.02762245
158.033333,118.302168,1.02775578
158.066667,118.336428,1.02788911
158.1,118.370693,1.02802244
158.133333,118.404963,1.02815578
158.166667,118.439237,1.02828912
158.2,118.473516,1.02842246
158.233333,118.507799,1.02855581
158.266667,118.542086,1.02868916
158.3,118.576378,1.02882251
158.333333,118.610674,1.02895586
158.366667,118.644975,1.02908922
158.4,118.67928,1.02922258
158.433333,118.713589,1.02935595
158.466667,118.747904,1.02948931
158.5,118.782223,1.02962269
158.533333,118.816546,1.02975606
158.566667,118.850872,1.02988944
158.6,118.885204,1.03002282
158.633333,118.919541,1.0301562
158.666667,118.953882,1.03028959
158.7,118.988227,1.03042298
158.733333,119.022576,1.03055637
158.766667,119.056931,1.03068977
158.8,119.09129,1.03082317
158.833333,119.125652,1.03095657
158.866667,119.160019,1.03108998
158.9,119.194391,1.03122339
158.933333,119.228768,1.0313568
158.966667,119.263149,1.03149022
159,119.297534,1.03162364
159.033333,119.331923,1.03175706
159.066667,119.366318,1.03189049
159.1,119.400717,1.03202392
159.133333,119.43512,1.03215735
159.166667,119.469527,1.03229079
159.2,119.503938,1.03242423
159.233333,119.538355,1.03255768
159.266667,119.572776,1.03269112
159.3,119.607201,1.03282457
159.333333,119.64163,1.03295803
159.366667,119.676065,1.03309149
159.4,119.710504,1.03322495
159.433333,119.744947,1.03335841
159.466667,119.779394,1.03349188
159.5,119.813846,1.03362535
159.533333,119.848303,1.03375883
159.566667,119.882764,1.03389231
159.6,119.917229,1.03402579
159.633333,119.951698,1.03415928
159.666667,119.986172,1.03429277
159.7,120.020652,1.03442626
159.733333,120.055135,1.03455976
159.766667,120.089622,1.03469326
159.8,120.124113,1.03482677
159.833333,120.15861,1.03496027
159.866667,120.193112,1.03509379
159.9,120.227617,1.0352273
159.933333,120.262126,1.03536082
159.966667,120.29664,1.03549434
160,120.33116,1.03562787
160.033333,120.365683,1.0357614
160.066667,120.40021,1.03589494
160.1,120.434742,1.03602847
160.133333,120.469279,1.03616202
160.166667,120.50382,1.03629556
160.2,120.538365,1.03642911
160.233333,120.572915,1.03656266
160.266667,120.607469,1.03669622
160.3,120.642028,1.03682978
160.333333,120.676592,1.03696335
160.366667,120.711159,1.03709691
160.4,120.74573,1.03723049
160.433333,120.780308,1.03736406
160.466667,120.814889,1.03749764
160.5,120.849474,1.03763123
160.533333,120.884064,1.03776481
160.566667,120.918658,1.03789841
160.6,120.953257,1.038032
160.633333,120.987861,1.0381656
160.666667,121.022468,1.0382992
160.7,121.05708,1.03843281
160.733333,121.091697,1.03856642
160.766667,121.126319,1.03870004
160.8,121.160944,1.03883366
160.833333,121.195574,1.03896728
160.866667,121.230208,1.03910091
160.9,121.264847,1.03923454
160.933333,121.299491,1.03936817
160.966667,121.334139,1.03950181
161,121.36879,1.03963545
161.033333,121.403447,1.0397691
161.066667,121.438109,1.03990275
161.1,121.472775,1.04003641
161.133333,121.507444,1.04017007
161.166667,121.542119,1.04030373
161.2,121.576798,1.0404374
161.233333,121.611482,1.04057107
161.266667,121.64617,1.04070474
161.3,121.680861,1.04083842
161.333333,121.715559,1.04097211
161.366667,121.75026,1.0411058
161.4,121.784966,1.04123949
161.433333,121.819676,1.04137318
161.466667,121.85439,1.04150688
161.5,121.88911,1.04164059
161.533333,121.923834,1.0417743
161.566667,121.958562,1.04190801
161.6,121.993294,1.04204172
161.633333,122.028031,1.04217544
161.666667,122.062772,1.04230917
161.7,122.097518,1.0424429
161.733333,122.132268,1.04257663
161.766667,122.167023,1.04271037
161.8,122.201782,1.04284411
161.833333,122.236546,1.04297786
161.866667,122.271314,1.04311161
161.9,122.306087,1.04324536
161.933333,122.340864,1.04337912
161.966667,122.375646,1.04351288
162,122.410432,1.04364665
162.033333,122.445222,1.04378042
162.066667,122.480016,1.0439142
162.1,122.514816,1.04404798
162.133333,122.54962,1.04418176
162.166667,122.584429,1.04431555
162.2,122.619241,1.04444934
162.233333,122.654058,1.04458314
162.266667,122.68888,1.04471694
162.3,122.723706,1.04485074
162.333333,122.758537,1.04498455
162.366667,122.793371,1.04511837
162.4,122.828211,1.04525219
162.433333,122.863055,1.04538601
162.466667,122.897904,1.04551984
162.5,122.932756,1.04565367
162.533333,122.967613,1.0457875
162.566667,123.002476,1.04592135
162.6,123.037342,1.04605519
162.633333,123.072213,1.04618904
162.666667,123.107088,1.04632289
162.7,123.141967,1.04645675
162.733333,123.176852,1.04659061
162.766667,123.211741,1.04672448
162.8,123.246633,1.04685835
162.833333,123.28153,1.04699223
162.866667,123.316433,1.04712611
162.9,123.35134,1.04725999
162.933333,123.38625,1.04739388
162.966667,123.421165,1.04752777
163,123.456085,1.04766167
163.033333,123.49101,1.04779558
163.066667,123.525939,1.04792948
163.1,123.560872,1.04806339
163.133333,123.595809,1.04819731
163.166667,123.630751,1.04833123
163.2,123.665698,1.04846516
163.233333,123.700649,1.04859909
163.266667,123.735604,1.04873302
163.3,123.770564,1.04886696
163.333333,123.805529,1.0490009
163.366667,123.840498,1.04913485
163.4,123.875471,1.0492688
163.433333,123.910449,1.04940276
163.466667,123.945432,1.04953672
163.5,123.980419,1.04967069
163.533333,124.01541,1.04980466
163.566667,124.050405,1.04993863
163.6,124.085405,1.05007261
163.633333,124.12041,1.0502066
163.666667,124.15542,1.05034059
163.7,124.190433,1.05047458
163.733333,124.22545,1.05060858
163.766667,124.260473,1.05074258
163.8,124.295501,1.05087659
163.833333,124.330532,1.05101061
163.866667,124.365568,1.05114462
163.9,124.400608,1.05127864
163.933333,124.435653,1.05141267
163.966667,124.470703,1.0515467
164,124.505756,1.05168074
164.033333,124.540814,1.05181478
164.066667,124.575877,1.05194882
164.1,124.610945,1.05208287
164.133333,124.646016,1.05221693
164.166667,124.681092,1.05235099
164.2,124.716172,1.05248505
164.233333,124.751258,1.05261912
164.266667,124.786348,1.05275319
164.3,124.821442,1.05288727
164.333333,124.85654,1.05302136
164.366667,124.891643,1.05315544
164.4,124.92675,1.05328954
164.433333,124.961862,1.05342363
164.466667,124.996978,1.05355774
164.5,125.032099,1.05369184
164.533333,125.067225,1.05382595
164.566667,125.102355,1.05396007
164.6,125.137489,1.05409419
164.633333,125.172627,1.05422832
164.666667,125.20777,1.05436245
164.7,125.242918,1.05449659
164.733333,125.278071,1.05463073
164.766667,125.313227,1.05476487
164.8,125.348387,1.05489902
164.833333,125.383553,1.05503318
164.866667,125.418724,1.05516734
164.9,125.453898,1.0553015
164.933333,125.489077,1.05543567
164.966667,125.52426,1.05556984
165,125.559448,1.05570402
165.033333,125.594641,1.05583821
165.066667,125.629837,1.0559724
165.1,125.665038,1.05610659
165.133333,125.700245,1.05624079
165.166667,125.735455,1.05637499
165.2,125.77067,1.0565092
165.233333,125.805889,1.05664341
165.266667,125.841112,1.05677763
165.3,125.876341,1.05691185
165.333333,125.911574,1.05704608
165.366667,125.94681,1.05718031
165.4,125.982051,1.05731455
165.433333,126.017298,1.05744879
165.466667,126.052549,1.05758304
165.5,126.087804,1.0577173
165.533333,126.123063,1.05785155
165.566667,126.158327,1.05798581
165.6,126.193595,1.05812008
165.633333,126.228869,1.05825435
165.666667,126.264146,1.05838863
165.7,126.299427,1.05852291
165.733333,126.334714,1.0586572
165.766667,126.370005,1.05879149
165.8,126.4053,1.05892579
165.833333,126.4406,1.05906009
165.866667,126.475903,1.0591944
165.9,126.511213,1.05932871
165.933333,126.546526,1.05946303
165.966667,126.581844,1.05959735
166,126.617165,1.05973168
166.033333,126.652492,1.05986601
166.066667,126.687824,1.06000035
166.1,126.723159,1.06013469
166.133333,126.758499,1.06026904
166.166667,126.793843,1.06040339
166.2,126.829193,1.06053774
166.233333,126.864546,1.06067211
166.266667,126.899904,1.06080647
166.3,126.935266,1.06094085
166.333333,126.970633,1.06107522
166.366667,127.006005,1.06120961
166.4,127.041381,1.06134399
166.433333,127.076761,1.06147839
166.466667,127.112145,1.06161278
166.5,127.147535,1.06174719
166.533333,127.182929,1.06188159
166.566667,127.218328,1.06201601
166.6,127.25373,1.06215043
166.633333,127.289137,1.06228485
166.666667,127.324549,1.06241928
166.7,127.359966,1.06255371
166.733333,127.395386,1.06268815
166.766667,127.430811,1.06282259
166.8,127.466241,1.06295704
166.833333,127.501675,1.06309149
166.866667,127.537114,1.06322595
166.9,127.572557,1.06336042
166.933333,127.608004,1.06349489
166.966667,127.643457,1.06362936
167,127.678913,1.06376384
167.033333,127.714374,1.06389832
167.066667,127.749839,1.06403281
167.1,127.78531,1.06416731
167.133333,127.820784,1.06430181
167.166667,127.856263,1.06443631
167.2,127.891746,1.06457082
167.233333,127.927234,1.06470534
167.266667,127.962727,1.06483986
167.3,127.998224,1.06497439
167.333333,128.033725,1.06510892
167.366667,128.069231,1.06524345
167.4,128.104741,1.06537799
167.433333,128.140257,1.06551254
167.466667,128.175776,1.06564709
167.5,128.211299,1.06578165
167.533333,128.246827,1.06591621
167.566667,128.282361,1.06605078
167.6,128.317898,1.06618535
167.633333,128.35344,1.06631993
167.666667,128.388985,1.06645451
167.7,128.424536,1.0665891
167.733333,128.460092,1.06672369
167.766667,128.495652,1.06685829
167.8,128.531216,1.06699289
167.833333,128.566784,1.0671275
167.866667,128.602357,1.06726212
167.9,128.637935,1.06739674
167.933333,128.673517,1.06753136
167.966667,128.709104,1.06766599
168,128.744695,1.06780063
168.033333,128.780291,1.06793527
168.066667,128.815891,1.06806991
168.1,128.851495,1.06820456
168.133333,128.887104,1.06833922
168.166667,128.922718,1.06847388
168.2,128.958336,1.06860855
168.233333,128.993959,1.06874322
168.266667,129.029585,1.0688779
168.3,129.065217,1.06901258
168.333333,129.100853,1.06914727
168.366667,129.136494,1.06928196
168.4,129.172138,1.06941666
168.433333,129.207787,1.06955136
168.466667,129.243442,1.06968607
168.5,129.2791,1.06982078
168.533333,129.314763,1.0699555
168.566667,129.35043,1.07009023
168.6,129.386102,1.07022496
168.633333,129.421779,1.07035969
168.666667,129.45746,1.07049443
168.7,129.493145,1.07062918
168.733333,129.528835,1.07076393
168.766667,129.564529,1.07089869
168.8,129.600229,1.07103345
168.833333,129.635932,1.07116822
168.866667,129.671639,1.07130299
168.9,129.707351,1.07143776
168.933333,129.743069,1.07157255
168.966667,129.77879,1.07170734
169,129.814516,1.07184213
169.033333,129.850246,1.07197693
169.066667,129.885981,1.07211173
169.1,129.921721,1.07224654
169.133333,129.957464,1.07238136
169.166667,129.993212,1.07251618
169.2,130.028965,1.072651
169.233333,130.064723,1.07278584
169.266667,130.100485,1.07292067
169.3,130.136251,1.07305551
169.333333,130.172021,1.07319036
169.366667,130.207796,1.07332521
169.4,130.243577,1.07346007
169.433333,130.279361,1.07359494
169.466667,130.315149,1.0737298
169.5,130.350942,1.07386468
169.533333,130.38674,1.07399956
169.566667,130.422543,1.07413444
169.6,130.458349,1.07426933
169.633333,130.49416,1.07440423
169.666667,130.529976,1.07453913
169.7,130.565797,1.07467404
169.733333,130.601621,1.07480895
169.766667,130.63745,1.07494386
169.8,130.673284,1.07507879
169.833333,130.709122,1.07521371
169.866667,130.744965,1.07534865
169.9,130.780812,1.07548359
169.933333,130.816664,1.07561853
169.966667,130.85252,1.07575348
170,130.888381,1.07588843
170.033333,130.924246,1.0760234
170.066667,130.960116,1.07615836
170.1,130.995989,1.07629333
170.133333,131.031868,1.07642831
170.166667,131.067752,1.07656329
170.2,131.10364,1.07669828
170.233333,131.139532,1.07683327
170.266667,131.175428,1.07696827
170.3,131.21133,1.07710327
170.333333,131.247236,1.07723828
170.366667,131.283146,1.0773733
170.4,131.31906,1.07750831
170.433333,131.354979,1.07764334
170.466667,131.390903,1.07777837
170.5,131.426831,1.07791341
170.533333,131.462764,1.07804845
170.566667,131.498701,1.0781835
170.6,131.534643,1.07831855
170.633333,131.570589,1.07845361
170.666667,131.60654,1.07858867
170.7,131.642495,1.07872374
170.733333,131.678454,1.07885881
170.766667,131.714419,1.07899389
170.8,131.750388,1.07912898
170.833333,131.786361,1.07926407
170.866667,131.822338,1.07939916
170.9,131.858321,1.07953427
170.933333,131.894308,1.07966937
170.966667,131.930299,1.07980449
171,131.966294,1.0799396
171.033333,132.002294,1.08007473
171.066667,132.0383,1.08020986
171.1,132.074309,1.08034499
171.133333,132.110322,1.08048013
171.166667,132.14634,1.08061528
171.2,132.182363,1.08075043
171.233333,132.218391,1.08088558
171.266667,132.254423,1.08102074
171.3,132.290459,1.08115591
171.333333,132.326499,1.08129108
171.366667,132.362545,1.08142626
171.4,132.398595,1.08156145
171.433333,132.434649,1.08169663
171.466667,132.470707,1.08183183
171.5,132.506771,1.08196703
171.533333,132.542839,1.08210223
171.566667,132.578911,1.08223745
171.6,132.614988,1.08237266
171.633333,132.651069,1.08250788
171.666667,132.687155,1.08264311
171.7,132.723246,1.08277834
171.733333,132.759341,1.08291358
171.766667,132.795439,1.08304883
171.8,132.831544,1.08318408
171.833333,132.867652,1.08331933
171.866667,132.903765,1.08345459
171.9,132.939882,1.08358986
171.933333,132.976004,1.08372513
171.966667,133.012131,1.08386041
172,133.048262,1.08399569
172.033333,133.084397,1.08413098
172.066667,133.120537,1.08426627
172.1,133.156681,1.08440157
172.133333,133.192831,1.08453687
172.166667,133.228984,1.08467218
172.2,133.265142,1.0848075
172.233333,133.301304,1.08494282
172.266667,133.337472,1.08507814
172.3,133.373643,1.08521348
172.333333,133.409819,1.08534881
172.366667,133.445999,1.08548416
172.4,133.482184,1.0856195
172.433333,133.518374,1.08575486
172.466667,133.554569,1.08589022
172.5,133.590767,1.08602558
172.533333,133.626969,1.08616095
172.566667,133.663178,1.08629633
172.6,133.69939,1.08643171
172.633333,133.735607,1.0865671
172.666667,133.771827,1.08670249
172.7,133.808053,1.08683789
172.733333,133.844284,1.08697329
172.766667,133.880518,1.0871087
172.8,133.916757,1.08724412
172.833333,133.953001,1.08737954
172.866667,133.989249,1.08751496
172.9,134.025502,1.08765039
172.933333,134.06176,1.08778583
172.966667,134.098021,1.08792127
173,134.134287,1.08805672
173.033333,134.170558,1.08819217
173.066667,134.206834,1.08832763
173.1,134.243114,1.0884631
173.133333,134.279397,1.08859857
173.166667,134.315687,1.08873404
173.2,134.35198,1.08886952
173.233333,134.388278,1.08900501
173.266667,134.42458,1.0891405
173.3,134.460887,1.089276
173.333333,134.497199,1.0894115
173.366667,134.533515,1.08954701
173.4,134.569835,1.08968253
173.433333,134.60616,1.08981804
173.466667,134.64249,1.08995357
173.5,134.678824,1.0900891
173.533333,134.715163,1.09022464
173.566667,134.751505,1.09036018
173.6,134.787853,1.09049573
173.633333,134.824205,1.09063128
173.666667,134.860562,1.09076684
173.7,134.896923,1.0909024
173.733333,134.933288,1.09103797
173.766667,134.969659,1.09117355
173.8,135.006034,1.09130913
173.833333,135.042413,1.09144471
173.866667,135.078797,1.09158031
173.9,135.115184,1.0917159
173.933333,135.151578,1.09185151
173.966667,135.187975,1.09198711
174,135.224377,1.09212273
174.033333,135.260783,1.09225835
174.066667,135.297194,1.09239397
174.1,135.33361,1.0925296
174.133333,135.37003,1.09266524
174.166667,135.406454,1.09280088
174.2,135.442882,1.09293653
174.233333,135.479316,1.09307218
174.266667,135.515754,1.09320784
174.3,135.552197,1.0933435
174.333333,135.588644,1.09347917
174.366667,135.625095,1.09361484
174.4,135.661552,1.09375053
174.433333,135.698012,1.09388621
174.466667,135.734477,1.0940219
174.5,135.770946,1.0941576
174.533333,135.807421,1.0942933
174.566667,135.8439,1.09442901
174.6,135.880383,1.09456472
174.633333,135.916871,1.09470044
174.666667,135.953363,1.09483617
174.7,135.98986,1.0949719
174.733333,136.026361,1.09510763
174.766667,136.062867,1.09524337
174.8,136.099377,1.09537912
174.833333,136.135892,1.09551487
174.866667,136.172412,1.09565063
174.9,136.208936,1.09578639
174.933333,136.245464,1.09592216
174.966667,136.281997,1.09605794
175,136.318535,1.09619372
175.033333,136.355077,1.0963295
175.066667,136.391623,1.09646529
175.1,136.428174,1.09660109
175.133333,136.46473,1.09673689
175.166667,136.50129,1.0968727
175.2,136.537855,1.09700851
175.233333,136.574424,1.09714433
175.266667,136.610997,1.09728016
175.3,136.647576,1.09741599
175.333333,136.684159,1.09755182
175.366667,136.720746,1.09768766
175.4,136.757338,1.09782351
175.433333,136.793934,1.09795936
175.466667,136.830535,1.09809522
175.5,136.867141,1.09823108
175.533333,136.903751,1.09836695
175.566667,136.940365,1.09850282
175.6,136.976984,1.0986387
175.633333,137.013608,1.09877459
175.666667,137.050236,1.09891048
175.7,137.086868,1.09904637
175.733333,137.123505,1.09918228
175.766667,137.160147,1.09931818
175.8,137.196794,1.0994541
175.833333,137.233444,1.09959001
175.866667,137.270099,1.09972594
175.9,137.306759,1.09986187
175.933333,137.343424,1.0999978
175.966667,137.380093,1.10013374
176,137.416766,1.10026969
176.033333,137.453443,1.10040564
176.066667,137.490126,1.1005416
176.1,137.526813,1.10067756
176.133333,137.563505,1.10081353
176.166667,137.6002,1.1009495
176.2,137.636901,1.10108548
176.233333,137.673607,1.10122147
176.266667,137.710316,1.10135746
176.3,137.74703,1.10149345
176.333333,137.783749,1.10162945
176.366667,137.820472,1.10176546
176.4,137.8572,1.10190147
176.433333,137.893932,1.10203749
176.466667,137.930669,1.10217351
176.5,137.96741,1.10230954
176.533333,138.004157,1.10244557
176.566667,138.040907,1.10258161
176.6,138.077662,1.10271766
176.633333,138.114421,1.10285371
176.666667,138.151186,1.10298977
176.7,138.187954,1.10312583
176.733333,138.224727,1.10326189
176.766667,138.261505,1.10339797
176.8,138.298287,1.10353404
176.833333,138.335074,1.10367013
176.866667,138.371865,1.10380622
176.9,138.408661,1.10394231
176.933333,138.445461,1.10407841
176.966667,138.482266,1.10421452
177,138.519076,1.10435063
177.033333,138.55589,1.10448675
177.066667,138.592708,1.10462287
177.1,138.629531,1.104759
177.133333,138.666359,1.10489513
177.166667,138.703191,1.10503127
177.2,138.740027,1.10516741
177.233333,138.776868,1.10530356
177.266667,138.813714,1.10543972
177.3,138.850565,1.10557588
177.333333,138.88742,1.10571204
177.366667,138.924278,1.10584821
177.4,138.961142,1.10598439
177.433333,138.998011,1.10612057
177.466667,139.034884,1.10625676
177.5,139.071762,1.10639296
177.533333,139.108643,1.10652915
177.566667,139.14553,1.10666536
177.6,139.182421,1.10680157
177.633333,139.219317,1.10693779
177.666667,139.256217,1.10707401
177.7,139.293121,1.10721023
177.733333,139.330031,1.10734646
177.766667,139.366945,1.1074827
177.8,139.403863,1.10761894
177.833333,139.440786,1.10775519
177.866667,139.477713,1.10789145
177.9,139.514646,1.10802771
177.933333,139.551582,1.10816397
177.966667,139.588523,1.10830024
178,139.625468,1.10843651
178.033333,139.662419,1.1085728
178.066667,139.699374,1.10870908
178.1,139.736333,1.10884537
178.133333,139.773296,1.10898167
178.166667,139.810265,1.10911797
178.2,139.847238,1.10925428
178.233333,139.884216,1.1093906
178.266667,139.921197,1.10952692
178.3,139.958183,1.10966324
178.333333,139.995175,1.10979957
178.366667,140.032171,1.10993591
178.4,140.069171,1.11007225
178.433333,140.106175,1.11020859
178.466667,140.143184,1.11034494
178.5,140.180198,1.1104813
178.533333,140.217217,1.11061766
178.566667,140.254239,1.11075403
178.6,140.291266,1.11089041
178.633333,140.328299,1.11102679
178.666667,140.365335,1.11116317
178.7,140.402376,1.11129956
178.733333,140.439422,1.11143595
178.766667,140.476472,1.11157235
178.8,140.513527,1.11170876
178.833333,140.550586,1.11184517
178.866667,140.58765,1.11198159
178.9,140.624717,1.11211801
178.933333,140.661791,1.11225444
178.966667,140.698869,1.11239087
179,140.73595,1.11252731
179.033333,140.773037,1.11266376
179.066667,140.810127,1.1128002
179.1,140.847224,1.11293666
179.133333,140.884324,1.11307312
179.166667,140.921428,1.11320959
179.2,140.958537,1.11334606
179.233333,140.995651,1.11348253
179.266667,141.03277,1.11361901
179.3,141.069893,1.1137555
179.333333,141.10702,1.11389199
179.366667,141.144152,1.11402849
179.4,141.181289,1.114165
179.433333,141.21843,1.1143015
179.466667,141.255576,1.11443802
179.5,141.292725,1.11457454
179.533333,141.32988,1.11471106
179.566667,141.36704,1.11484759
179.6,141.404204,1.11498413
179.633333,141.441372,1.11512067
179.666667,141.478544,1.11525721
179.7,141.515723,1.11539377
179.733333,141.552905,1.11553032
179.766667,141.590091,1.11566689
179.8,141.627282,1.11580345
179.833333,141.664478,1.11594003
179.866667,141.701679,1.11607661
179.9,141.738883,1.11621319
179.933333,141.776093,1.11634978
179.966667,141.813306,1.11648637
180,141.850525,1.11662297
180.033333,141.887748,1.11675958
180.066667,141.924976,1.11689619
180.1,141.962208,1.11703281
180.133333,141.999444,1.11716943
180.166667,142.036686,1.11730605
180.2,142.073932,1.11744269
180.233333,142.111182,1.11757932
180.266667,142.148436,1.11771596
180.3,142.185696,1.11785261
180.333333,142.222961,1.11798927
180.366667,142.260229,1.11812593
180.4,142.297502,1.11826259
180.433333,142.334779,1.11839926
180.466667,142.372062,1.11853593
180.5,142.409349,1.11867261
180.533333,142.44664,1.1188093
180.566667,142.483936,1.11894599
180.6,142.521237,1.11908268
180.633333,142.558542,1.11921939
180.666667,142.595851,1.11935609
180.7,142.633165,1.1194928
180.733333,142.670484,1.11962952
180.766667,142.707807,1.11976624
180.8,142.745135,1.11990297
180.833333,142.782468,1.1200397
180.866667,142.819804,1.12017644
180.9,142.857146,1.12031319
180.933333,142.894492,1.12044993
180.966667,142.931843,1.12058669
181,142.969198,1.12072345
181.033333,143.006557,1.12086021
181.066667,143.043922,1.12099698
181.1,143.081291,1.12113376
181.133333,143.118664,1.12127054
181.166667,143.156042,1.12140732
181.2,143.193424,1.12154411
181.233333,143.230812,1.12168091
181.266667,143.268204,1.12181771
181.3,143.305599,1.12195452
181.333333,143.343,1.12209133
181.366667,143.380406,1.12222815
181.4,143.417816,1.12236497
181.433333,143.45523,1.1225018
181.466667,143.492649,1.12263863
181.5,143.530072,1.12277547
181.533333,143.567501,1.12291231
181.566667,143.604934,1.12304916
181.6,143.642371,1.12318602
181.633333,143.679812,1.12332287
181.666667,143.717259,1.12345974
181.7,143.75471,1.12359661
181.733333,143.792165,1.12373348
181.766667,143.829625,1.12387036
181.8,143.86709,1.12400725
181.833333,143.904559,1.12414414
181.866667,143.942033,1.12428104
181.9,143.979511,1.12441794
181.933333,144.016993,1.12455484
181.966667,144.054481,1.12469175
182,144.091974,1.12482867
182.033333,144.12947,1.12496559
182.066667,144.166971,1.12510252
182.1,144.204477,1.12523945
182.133333,144.241987,1.12537639
182.166667,144.279502,1.12551333
182.2,144.317021,1.12565028
182.233333,144.354545,1.12578723
182.266667,144.392074,1.12592419
182.3,144.429607,1.12606115
182.333333,144.467145,1.12619812
182.366667,144.504687,1.12633509
182.4,144.542233,1.12647207
182.433333,144.579785,1.12660906
182.466667,144.617341,1.12674605
182.5,144.654901,1.12688304
182.533333,144.692466,1.12702004
182.566667,144.730036,1.12715704
182.6,144.76761,1.12729405
182.633333,144.805189,1.12743107
182.666667,144.842772,1.12756809
182.7,144.88036,1.12770511
182.733333,144.917953,1.12784214
182.766667,144.95555,1.12797918
182.8,144.993151,1.12811622
182.833333,145.030757,1.12825326
182.866667,145.068368,1.12839031
182.9,145.105984,1.12852737
182.933333,145.143604,1.12866443
182.966667,145.181228,1.1288015
183,145.218856,1.12893857
183.033333,145.25649,1.12907564
183.066667,145.294129,1.12921272
183.1,145.331771,1.12934981
183.133333,145.369418,1.1294869
183.166667,145.40707,1.129624
183.2,145.444727,1.1297611
183.233333,145.482388,1.12989821
183.266667,145.520053,1.13003532
183.3,145.557723,1.13017243
183.333333,145.595398,1.13030956
183.366667,145.633078,1.13044668
183.4,145.670761,1.13058382
183.433333,145.708449,1.13072095
183.466667,145.746142,1.1308581
183.5,145.78384,1.13099524
183.533333,145.821543,1.1311324
183.566667,145.859249,1.13126955
183.6,145.89696,1.13140671
183.633333,145.934676,1.13154388
183.666667,145.972397,1.13168106
183.7,146.010122,1.13181823
183.733333,146.047851,1.13195541
183.766667,146.085585,1.1320926
183.8,146.123324,1.1322298
183.833333,146.161067,1.13236699
183.866667,146.198815,1.1325042
183.9,146.236567,1.1326414
183.933333,146.274324,1.13277862
183.966667,146.312086,1.13291583
184,146.349852,1.13305306
184.033333,146.387623,1.13319028
184.066667,146.425398,1.13332752
184.1,146.463178,1.13346475
184.133333,146.500963,1.133602
184.166667,146.538752,1.13373925
184.2,146.576545,1.1338765
184.233333,146.614343,1.13401376
184.266667,146.652146,1.13415102
184.3,146.689954,1.13428829
184.333333,146.727765,1.13442556
184.366667,146.765581,1.13456284
184.4,146.803403,1.13470012
184.433333,146.841229,1.13483741
184.466667,146.879059,1.1349747
184.5,146.916893,1.135112
184.533333,146.954732,1.1352493
184.566667,146.992577,1.13538661
184.6,147.030425,1.13552392
184.633333,147.068278,1.13566123
184.666667,147.106135,1.13579856
184.7,147.143998,1.13593588
184.733333,147.181865,1.13607322
184.766667,147.219737,1.13621055
184.8,147.257612,1.13634789
184.833333,147.295493,1.13648524
184.866667,147.333378,1.13662259
184.9,147.371268,1.13675995
184.933333,147.409162,1.13689731
184.966667,147.44706,1.13703468
185,147.484964,1.13717205
185.033333,147.522873,1.13730942
185.066667,147.560785,1.1374468
185.1,147.598702,1.13758419
185.133333,147.636624,1.13772158
185.166667,147.67455,1.13785898
185.2,147.712481,1.13799638
185.233333,147.750417,1.13813378
185.266667,147.788356,1.13827119
185.3,147.826301,1.13840861
185.333333,147.864251,1.13854603
185.366667,147.902205,1.13868345
185.4,147.940163,1.13882088
185.433333,147.978125,1.13895832
185.466667,148.016094,1.13909576
185.5,148.054066,1.1392332
185.533333,148.092042,1.13937065
185.566667,148.130023,1.1395081
185.6,148.168009,1.13964556
185.633333,148.206,1.13978303
185.666667,148.243995,1.13992049
185.7,148.281995,1.14005797
185.733333,148.319998,1.14019544
185.766667,148.358008,1.14033293
185.8,148.396021,1.14047042
185.833333,148.434039,1.14060791
185.866667,148.472061,1.1407454
185.9,148.510089,1.14088291
185.933333,148.548121,1.14102041
185.966667,148.586157,1.14115792
186,148.624198,1.14129544
186.033333,148.662243,1.14143296
186.066667,148.700293,1.14157049
186.1,148.738348,1.14170802
186.133333,148.776407,1.14184555
186.166667,148.814471,1.14198309
186.2,148.852539,1.14212064
186.233333,148.890612,1.14225819
186.266667,148.92869,1.14239574
186.3,148.966772,1.1425333
186.333333,149.004858,1.14267086
186.366667,149.04295,1.14280843
186.4,149.081046,1.14294601
186.433333,149.119147,1.14308358
186.466667,149.157251,1.14322117
186.5,149.195361,1.14335875
186.533333,149.233476,1.14349635
186.566667,149.271595,1.14363394
186.6,149.309718,1.14377155
186.633333,149.347845,1.14390915
186.666667,149.385978,1.14404676
186.7,149.424116,1.14418438
186.733333,149.462258,1.144322
186.766667,149.500403,1.14445962
186.8,149.538554,1.14459725
186.833333,149.57671,1.14473489
186.866667,149.614871,1.14487253
186.9,149.653035,1.14501017
186.933333,149.691204,1.14514782
186.966667,149.729378,1.14528547
187,149.767557,1.14542313
187.033333,149.80574,1.14556079
187.066667,149.843927,1.14569846
187.1,149.882119,1.14583613
187.133333,149.920317,1.1459738
187.166667,149.958518,1.14611149
187.2,149.996724,1.14624917
187.233333,150.034934,1.14638686
187.266667,150.073149,1.14652455
187.3,150.11137,1.14666225
187.333333,150.149594,1.14679996
187.366667,150.187823,1.14693767
187.4,150.226056,1.14707538
187.433333,150.264295,1.1472131
187.466667,150.302537,1.14735082
187.5,150.340785,1.14748855
187.533333,150.379036,1.14762628
187.566667,150.417293,1.14776401
187.6,150.455554,1.14790175
187.633333,150.49382,1.1480395
187.666667,150.53209,1.14817725
187.7,150.570364,1.148315
187.733333,150.608644,1.14845276
187.766667,150.646929,1.14859052
187.8,150.685217,1.14872829
187.833333,150.72351,1.14886606
187.866667,150.761808,1.14900384
187.9,150.800111,1.14914162
187.933333,150.838418,1.14927941
187.966667,150.876729,1.1494172
188,150.915045,1.14955499
188.033333,150.953366,1.14969279
188.066667,150.991692,1.14983059
188.1,151.030022,1.1499684
188.133333,151.068356,1.15010622
188.166667,151.106695,1.15024403
188.2,151.145039,1.15038185
188.233333,151.183388,1.15051968
188.266667,151.22174,1.15065751
188.3,151.260097,1.15079535
188.333333,151.29846,1.15093319
188.366667,151.336827,1.15107103
188.4,151.375198,1.15120888
188.433333,151.413574,1.15134673
188.466667,151.451954,1.15148459
188.5,151.49034,1.15162245
188.533333,151.52873,1.15176032
188.566667,151.567124,1.15189819
188.6,151.605522,1.15203606
188.633333,151.643926,1.15217394
188.666667,151.682334,1.15231183
188.7,151.720747,1.15244972
188.733333,151.759164,1.15258761
188.766667,151.797586,1.1527255
188.8,151.836013,1.15286341
188.833333,151.874444,1.15300131
188.866667,151.912879,1.15313922
188.9,151.951319,1.15327714
188.933333,151.989764,1.15341506
188.966667,152.028214,1.15355298
189,152.066668,1.15369091
189.033333,152.105127,1.15382884
189.066667,152.143589,1.15396678
189.1,152.182058,1.15410472
189.133333,152.220531,1.15424266
189.166667,152.259007,1.15438061
189.2,152.297489,1.15451857
189.233333,152.335975,1.15465652
189.266667,152.374466,1.15479449
189.3,152.412962,1.15493245
189.333333,152.451462,1.15507042
189.366667,152.489966,1.1552084
189.4,152.528475,1.15534638
189.433333,152.56699,1.15548436
189.466667,152.605508,1.15562235
189.5,152.644031,1.15576034
189.533333,152.682558,1.15589834
189.566667,152.721091,1.15603634
189.6,152.759628,1.15617435
189.633333,152.798169,1.15631236
189.666667,152.836714,1.15645037
189.7,152.875266,1.15658839
189.733333,152.913821,1.15672641
189.766667,152.952381,1.15686444
189.8,152.990945,1.15700247
189.833333,153.029514,1.1571405
189.866667,153.068088,1.15727854
189.9,153.106666,1.15741659
189.933333,153.145249,1.15755464
189.966667,153.183836,1.15769269
190,153.222428,1.15783074
190.033333,153.261025,1.1579688
190.066667,153.299627,1.15810687
190.1,153.338232,1.15824494
190.133333,153.376842,1.15838301
190.166667,153.415458,1.15852109
190.2,153.454078,1.15865917
190.233333,153.492702,1.15879725
190.266667,153.53133,1.15893534
190.3,153.569964,1.15907344
190.333333,153.608602,1.15921154
190.366667,153.647245,1.15934964
190.4,153.685892,1.15948774
190.433333,153.724544,1.15962585
190.466667,153.763201,1.15976397
190.5,153.801862,1.15990209
190.533333,153.840528,1.16004021
190.566667,153.879197,1.16017834
190.6,153.917872,1.16031647
190.633333,153.956552,1.1604546
190.666667,153.995237,1.16059274
190.7,154.033925,1.16073089
190.733333,154.072618,1.16086903
190.766667,154.111316,1.16100718
190.8,154.150019,1.16114534
190.833333,154.188726,1.1612835
190.866667,154.227437,1.16142166
190.9,154.266154,1.16155983
190.933333,154.304875,1.161698
190.966667,154.343601,1.16183618
191,154.382331,1.16197436
191.033333,154.421065,1.16211254
191.066667,154.459805,1.16225073
191.1,154.498549,1.16238892
191.133333,154.537298,1.16252712
191.166667,154.57605,1.16266532
191.2,154.614808,1.16280352
191.233333,154.653571,1.16294173
191.266667,154.692338,1.16307994
191.3,154.73111,1.16321816
191.333333,154.769885,1.16335638
191.366667,154.808667,1.1634946
191.4,154.847452,1.16363283
191.433333,154.886242,1.16377106
191.466667,154.925037,1.1639093
191.5,154.963836,1.16404754
191.533333,155.00264,1.16418578
191.566667,155.041449,1.16432403
191.6,155.080262,1.16446228
191.633333,155.119079,1.16460053
191.666667,155.157902,1.16473879
191.7,155.196729,1.16487706
191.733333,155.23556,1.16501532
191.766667,155.274396,1.1651536
191.8,155.313237,1.16529187
191.833333,155.352083,1.16543015
191.866667,155.390933,1.16556843
191.9,155.429787,1.16570672
191.933333,155.468646,1.16584501
191.966667,155.50751,1.1659833
192,155.546379,1.1661216
192.033333,155.585252,1.1662599
192.066667,155.624129,1.16639821
192.1,155.663011,1.16653652
192.133333,155.701898,1.16667483
192.166667,155.74079,1.16681315
192.2,155.779686,1.16695147
192.233333,155.818586,1.1670898
192.266667,155.857491,1.16722813
192.3,155.896402,1.16736646
192.333333,155.935316,1.1675048
192.366667,155.974235,1.16764314
192.4,156.013158,1.16778148
192.433333,156.052087,1.16791983
192.466667,156.091021,1.16805818
192.5,156.129958,1.16819654
192.533333,156.1689,1.1683349
192.566667,156.207847,1.16847326
192.6,156.246798,1.16861163
192.633333,156.285755,1.16875
192.666667,156.324715,1.16888837
192.7,156.36368,1.16902675
192.733333,156.40265,1.16916513
192.766667,156.441625,1.16930352
192.8,156.480604,1.16944191
192.833333,156.519587,1.1695803
192.866667,156.558575,1.1697187
192.9,156.597569,1.1698571
192.933333,156.636566,1.1699955
192.966667,156.675568,1.17013391
193,156.714575,1.17027232
193.033333,156.753586,1.17041073
193.066667,156.792603,1.17054915
193.1,156.831623,1.17068758
193.133333,156.870648,1.170826
193.166667,156.909678,1.17096443
193.2,156.948713,1.17110287
193.233333,156.987752,1.1712413
193.266667,157.026795,1.17137974
193.3,157.065843,1.17151819
193.333333,157.104896,1.17165664
193.366667,157.143954,1.17179509
193.4,157.183017,1.17193354
193.433333,157.222083,1.172072
193.466667,157.261154,1.17221046
193.5,157.30023,1.17234893
193.533333,157.339311,1.1724874
193.566667,157.378396,1.17262587
193.6,157.417486,1.17276435
193.633333,157.45658,1.17290283
193.666667,157.49568,1.17304131
193.7,157.534784,1.1731798
193.733333,157.573892,1.17331829
193.766667,157.613004,1.17345679
193.8,157.652122,1.17359528
193.833333,157.691244,1.17373379
193.866667,157.730371,1.17387229
193.9,157.769502,1.1740108
193.933333,157.808638,1.17414931
193.966667,157.847779,1.17428783
194,157.886924,1.17442635
194.033333,157.926074,1.17456487
194.066667,157.965228,1.17470339
194.1,158.004388,1.17484192
194.133333,158.043552,1.17498046
194.166667,158.08272,1.17511899
194.2,158.121892,1.17525753
194.233333,158.16107,1.17539608
194.266667,158.200252,1.17553462
194.3,158.239439,1.17567317
194.333333,158.278631,1.17581173
194.366667,158.317826,1.17595028
194.4,158.357027,1.17608885
194.433333,158.396233,1.17622741
194.466667,158.435443,1.17636598
194.5,158.474657,1.17650455
194.533333,158.513876,1.17664312
194.566667,158.5531,1.1767817
194.6,158.592328,1.17692028
194.633333,158.631561,1.17705886
194.666667,158.670798,1.17719745
194.7,158.710041,1.17733604
194.733333,158.749288,1.17747464
194.766667,158.788539,1.17761323
194.8,158.827795,1.17775183
194.833333,158.867055,1.17789044
194.866667,158.906321,1.17802905
194.9,158.945592,1.17816766
194.933333,158.984866,1.17830627
194.966667,159.024145,1.17844489
195,159.063429,1.17858351
195.033333,159.102717,1.17872213
195.066667,159.142011,1.17886076
195.1,159.181308,1.17899939
195.133333,159.22061,1.17913803
195.166667,159.259917,1.17927666
195.2,159.299229,1.1794153
195.233333,159.338545,1.17955395
195.266667,159.377865,1.17969259
195.3,159.417191,1.17983124
195.333333,159.456521,1.1799699
195.366667,159.495856,1.18010855
195.4,159.535195,1.18024721
195.433333,159.574538,1.18038588
195.466667,159.613887,1.18052454
195.5,159.653241,1.18066321
195.533333,159.692598,1.18080189
195.566667,159.73196,1.18094056
195.6,159.771327,1.18107924
195.633333,159.810699,1.18121792
195.666667,159.850076,1.18135661
195.7,159.889456,1.1814953
195.733333,159.928841,1.18163399
195.766667,159.968232,1.18177268
195.8,160.007627,1.18191138
195.833333,160.047026,1.18205008
195.866667,160.08643,1.18218879
195.9,160.125838,1.18232749
195.933333,160.165252,1.1824662
195.966667,160.20467,1.18260492
196,160.244092,1.18274363
196.033333,160.283519,1.18288235
196.066667,160.322951,1.18302107
196.1,160.362388,1.1831598
196.133333,160.401829,1.18329853
196.166667,160.441274,1.18343726
196.2,160.480724,1.183576
196.233333,160.520179,1.18371473
196.266667,160.559639,1.18385347
196.3,160.599103,1.18399222
196.333333,160.638571,1.18413097
196.366667,160.678044,1.18426972
196.4,160.717523,1.18440847
196.433333,160.757005,1.18454722
196.466667,160.796492,1.18468598
196.5,160.835984,1.18482474
196.533333,160.875481,1.18496351
196.566667,160.914982,1.18510228
196.6,160.954488,1.18524105
196.633333,160.993998,1.18537982
196.666667,161.033513,1.1855186
196.7,161.073033,1.18565738
196.733333,161.112557,1.18579616
196.766667,161.152085,1.18593495
196.8,161.191618,1.18607373
196.833333,161.231157,1.18621253
196.866667,161.2707,1.18635132
196.9,161.310247,1.18649012
196.933333,161.349799,1.18662892
196.966667,161.389355,1.18676772
197,161.428917,1.18690653
197.033333,161.468483,1.18704534
197.066667,161.508053,1.18718415
197.1,161.547628,1.18732296
197.133333,161.587208,1.18746178
197.166667,161.626793,1.1876006
197.2,161.666382,1.18773942
197.233333,161.705975,1.18787825
197.266667,161.745573,1.18801707
197.3,161.785177,1.18815591
197.333333,161.824784,1.18829474
197.366667,161.864396,1.18843358
197.4,161.904012,1.18857242
197.433333,161.943634,1.18871126
197.466667,161.98326,1.1888501
197.5,162.022891,1.18898895
197.533333,162.062526,1.1891278
197.566667,162.102166,1.18926666
197.6,162.141811,1.18940551
197.633333,162.18146,1.18954437
197.666667,162.221114,1.18968323
197.7,162.260772,1.1898221
197.733333,162.300435,1.18996096
197.766667,162.340103,1.19009983
197.8,162.379775,1.19023871
197.833333,162.419452,1.19037758
197.866667,162.459133,1.19051646
197.9,162.49882,1.19065534
197.933333,162.538511,1.19079422
197.966667,162.578206,1.19093311
198,162.617906,1.191072
198.033333,162.657611,1.19121089
198.066667,162.69732,1.19134978
198.1,162.737034,1.19148868
198.133333,162.776753,1.19162758
198.166667,162.816475,1.19176648
198.2,162.856204,1.19190538
198.233333,162.895937,1.19204429
198.266667,162.935674,1.1921832
198.3,162.975415,1.19232211
198.333333,163.015161,1.19246103
198.366667,163.054913,1.19259994
198.4,163.094669,1.19273886
198.433333,163.134429,1.19287779
198.466667,163.174193,1.19301671
198.5,163.213963,1.19315564
198.533333,163.253737,1.19329457
198.566667,163.293516,1.1934335
198.6,163.333299,1.19357244
198.633333,163.373087,1.19371137
198.666667,163.41288,1.19385031
198.7,163.452678,1.19398926
198.733333,163.492479,1.1941282
198.766667,163.532285,1.19426715
198.8,163.572097,1.1944061
198.833333,163.611913,1.19454505
198.866667,163.651734,1.194684
198.9,163.691558,1.19482296
198.933333,163.731388,1.19496192
198.966667,163.771223,1.19510088
199,163.811062,1.19523985
199.033333,163.850906,1.19537881
199.066667,163.890753,1.19551778
199.1,163.930607,1.19565675
199.133333,163.970464,1.19579573
199.166667,164.010327,1.1959347
199.2,164.050193,1.19607368
199.233333,164.090064,1.19621266
199.266667,164.129941,1.19635165
199.3,164.169822,1.19649063
199.333333,164.209707,1.19662962
199.366667,164.249596,1.19676861
199.4,164.289491,1.19690761
199.433333,164.329391,1.1970466
199.466667,164.369295,1.1971856
199.5,164.409203,1.1973246
199.533333,164.449116,1.1974636
199.566667,164.489034,1.1976026
199.6,164.528957,1.19774161
199.633333,164.568883,1.19788062
199.666667,164.608815,1.19801963
199.7,164.648751,1.19815864
199.733333,164.688692,1.19829766
199.766667,164.728638,1.19843668
199.8,164.768588,1.1985757
199.833333,164.808542,1.19871472
199.866667,164.848502,1.19885374
199.9,164.888467,1.19899277
199.933333,164.928435,1.1991318
199.966667,164.968408,1.19927083
200,165.008386,1.19940986
200.033333,165.048369,1.1995489
200.066667,165.088357,1.19968794
200.1,165.128348,1.19982698
200.133333,165.168344,1.19996602
200.166667,165.208346,1.20010506
200.2,165.248352,1.20024411
200.233333,165.288363,1.20038316
200.266667,165.328377,1.20052221
200.3,165.368397,1.20066126
200.333333,165.408422,1.20080031
200.366667,165.448451,1.20093937
200.4,165.488484,1.20107843
200.433333,165.528522,1.20121749
200.466667,165.568565,1.20135655
200.5,165.608613,1.20149562
200.533333,165.648665,1.20163469
200.566667,165.688722,1.20177375
200.6,165.728783,1.20191283
200.633333,165.768849,1.2020519
200.666667,165.80892,1.20219097
200.7,165.848996,1.20233005
200.733333,165.889075,1.20246913
200.766667,165.92916,1.20260821
200.8,165.96925,1.20274729
200.833333,166.009343,1.20288638
200.866667,166.049442,1.20302547
200.9,166.089544,1.20316456
200.933333,166.129653,1.20330365
200.966667,166.169765,1.20344274
201,166.209882,1.20358183
201.033333,166.250004,1.20372093
201.066667,166.29013,1.20386003
201.1,166.330261,1.20399913
201.133333,166.370397,1.20413823
201.166667,166.410537,1.20427734
201.2,166.450681,1.20441644
201.233333,166.490832,1.20455555
201.266667,166.530986,1.20469466
201.3,166.571145,1.20483377
201.333333,166.611308,1.20497289
201.366667,166.651476,1.205112
201.4,166.691649,1.20525112
201.433333,166.731826,1.20539024
201.466667,166.772008,1.20552936
201.5,166.812194,1.20566848
201.533333,166.852386,1.20580761
201.566667,166.892582,1.20594673
201.6,166.932783,1.20608586
201.633333,166.972987,1.20622499
201.666667,167.013197,1.20636412
201.7,167.053412,1.20650326
201.733333,167.093631,1.20664239
201.766667,167.133855,1.20678153
201.8,167.174083,1.20692067
201.833333,167.214316,1.20705981
201.866667,167.254554,1.20719895
201.9,167.294796,1.20733809
201.933333,167.335043,1.20747724
201.966667,167.375294,1.20761639
202,167.415551,1.20775554
202.033333,167.455812,1.20789469
202.066667,167.496077,1.20803384
202.1,167.536347,1.20817299
202.133333,167.576622,1.20831215
202.166667,167.616902,1.2084513
202.2,167.657186,1.20859046
202.233333,167.697474,1.20872962
202.266667,167.737767,1.20886879
202.3,167.778065,1.20900795
202.333333,167.818368,1.20914711
202.366667,167.858675,1.20928628
202.4,167.898987,1.20942545
202.433333,167.939303,1.20956462
202.466667,167.979625,1.20970379
202.5,168.019951,1.20984296
202.533333,168.060281,1.20998214
202.566667,168.100615,1.21012131
202.6,168.140956,1.21026049
202.633333,168.1813,1.21039967
202.666667,168.221649,1.21053885
202.7,168.262002,1.21067803
202.733333,168.30236,1.21081722
202.766667,168.342724,1.2109564
202.8,168.383091,1.21109559
202.833333,168.423463,1.21123478
202.866667,168.46384,1.21137397
202.9,168.504222,1.21151316
202.933333,168.544608,1.21165235
202.966667,168.584999,1.21179154
203,168.625393,1.21193074
203.033333,168.665793,1.21206994
203.066667,168.706199,1.21220913
203.1,168.746608,1.21234833
203.133333,168.787022,1.21248753
203.166667,168.82744,1.21262674
203.2,168.867863,1.21276594
203.233333,168.908292,1.21290514
203.266667,168.948724,1.21304435
203.3,168.989161,1.21318356
203.333333,169.029602,1.21332277
203.366667,169.070049,1.21346198
203.4,169.1105,1.21360119
203.433333,169.150956,1.2137404
203.466667,169.191416,1.21387962
203.5,169.231881,1.21401883
203.533333,169.272351,1.21415805
203.566667,169.312825,1.21429727
203.6,169.353304,1.21443648
203.633333,169.393787,1.21457571
203.666667,169.434276,1.21471493
203.7,169.474769,1.21485415
203.733333,169.515266,1.21499337
203.766667,169.555768,1.2151326
203.8,169.596275,1.21527183
203.833333,169.636786,1.21541105
203.866667,169.677302,1.21555028
203.9,169.717823,1.21568951
203.933333,169.758348,1.21582874
203.966667,169.798878,1.21596798
204,169.839413,1.21610721
204.033333,169.879952,1.21624644
204.066667,169.920495,1.21638568
204.1,169.961044,1.21652492
204.133333,170.001598,1.21666416
204.166667,170.042155,1.21680339
204.2,170.082718,1.21694263
204.233333,170.123284,1.21708188
204.266667,170.163856,1.21722112
204.3,170.204433,1.21736036
204.333333,170.245014,1.21749961
204.366667,170.285599,1.21763885
204.4,170.326189,1.2177781
204.433333,170.366785,1.21791735
204.466667,170.407384,1.21805659
204.5,170.447988,1.21819584
204.533333,170.488597,1.21833508
204.566667,170.529211,1.21847433
204.6,170.569829,1.21861357
204.633333,170.610452,1.21875281
204.666667,170.651079,1.21889205
204.7,170.691711,1.21903129
204.733333,170.732348,1.21917053
204.766667,170.772989,1.21930976
204.8,170.813635,1.219449
204.833333,170.854285,1.21958823
204.866667,170.894941,1.21972746
204.9,170.935601,1.21986669
204.933333,170.976266,1.22000592
204.966667,171.016934,1.22014515
205,171.057608,1.22028438
205.033333,171.098287,1.22042361
205.066667,171.13897,1.22056284
205.1,171.179658,1.22070206
205.133333,171.22035,1.22084129
205.166667,171.261047,1.22098051
205.2,171.301749,1.22111974
205.233333,171.342455,1.22125896
205.266667,171.383166,1.22139818
205.3,171.423881,1.2215374
205.333333,171.464602,1.22167662
205.366667,171.505327,1.22181584
205.4,171.546056,1.22195506
205.433333,171.58679,1.22209427
205.466667,171.627529,1.22223349
205.5,171.668273,1.2223727
205.533333,171.709021,1.22251192
205.566667,171.749773,1.22265113
205.6,171.79053,1.22279034
205.633333,171.831293,1.22292955
205.666667,171.87206,1.22306876
205.7,171.912831,1.22320797
205.733333,171.953606,1.22334718
205.766667,171.994387,1.22348638
205.8,172.035173,1.22362559
205.833333,172.075963,1.22376479
205.866667,172.116757,1.22390399
205.9,172.157555,1.22404319
205.933333,172.19836,1.22418239
205.966667,172.239168,1.22432159
206,172.279981,1.22446078
206.033333,172.320799,1.22459998
206.066667,172.361621,1.22473917
206.1,172.402448,1.22487836
206.133333,172.44328,1.22501755
206.166667,172.484116,1.22515674
206.2,172.524956,1.22529593
206.233333,172.565802,1.22543511
206.266667,172.606653,1.22557429
206.3,172.647507,1.22571347
206.333333,172.688366,1.22585265
206.366667,172.72923,1.22599183
206.4,172.7701,1.226131
206.433333,172.810973,1.22627018
206.466667,172.851851,1.22640935
206.5,172.892733,1.22654852
206.533333,172.933621,1.22668768
206.566667,172.974513,1.22682685
206.6,173.015409,1.22696601
206.633333,173.05631,1.22710517
206.666667,173.097216,1.22724433
206.7,173.138127,1.22738349
206.733333,173.179042,1.22752264
206.766667,173.219962,1.22766179
206.8,173.260885,1.22780095
206.833333,173.301815,1.22794009
206.866667,173.342749,1.22807924
206.9,173.383687,1.22821839
206.933333,173.42463,1.22835753
206.966667,173.465577,1.22849667
207,173.50653,1.22863581
207.033333,173.547487,1.22877495
207.066667,173.588448,1.22891408
207.1,173.629414,1.22905321
207.133333,173.670385,1.22919235
207.166667,173.71136,1.22933147
207.2,173.75234,1.2294706
207.233333,173.793325,1.22960973
207.266667,173.834314,1.22974885
207.3,173.875308,1.22988797
207.333333,173.916307,1.23002709
207.366667,173.95731,1.23016621
207.4,173.998317,1.23030533
207.433333,174.03933,1.23044445
207.466667,174.080348,1.23058356
207.5,174.121369,1.23072267
207.533333,174.162396,1.23086178
207.566667,174.203426,1.23100089
207.6,174.244462,1.23114
207.633333,174.285503,1.2312791
207.666667,174.326548,1.23141821
207.7,174.367597,1.23155731
207.733333,174.408651,1.23169641
207.766667,174.44971,1.23183551
207.8,174.490774,1.23197461
207.833333,174.531842,1.23211371
207.866667,174.572914,1.23225281
207.9,174.613992,1.2323919
207.933333,174.655074,1.23253099
207.966667,174.696161,1.23267009
208,174.737252,1.23280918
208.033333,174.778348,1.23294827
208.066667,174.819449,1.23308735
208.1,174.860554,1.23322644
208.133333,174.901664,1.23336553
208.166667,174.942778,1.23350461
208.2,174.983897,1.2336437
208.233333,175.025021,1.23378278
208.266667,175.06615,1.23392186
208.3,175.107283,1.23406094
208.333333,175.14842,1.23420002
208.366667,175.189563,1.23433909
208.4,175.23071,1.23447817
208.433333,175.271861,1.23461724
208.466667,175.313017,1.23475632
208.5,175.354178,1.23489539
208.533333,175.395344,1.23503446
208.566667,175.436514,1.23517353
208.6,175.477689,1.2353126
208.633333,175.518868,1.23545167
208.666667,175.560052,1.23559073
208.7,175.601241,1.2357298
208.733333,175.642434,1.23586886
208.766667,175.683632,1.23600792
208.8,175.724834,1.23614698
208.833333,175.766042,1.23628604
208.866667,175.807254,1.2364251
208.9,175.84847,1.23656415
208.933333,175.889691,1.23670321
208.966667,175.930917,1.23684226
209,175.972148,1.23698131
209.033333,176.013383,1.23712036
209.066667,176.054622,1.23725941
209.1,176.095866,1.23739846
209.133333,176.137116,1.2375375
209.166667,176.178369,1.23767654
209.2,176.219627,1.23781559
209.233333,176.260889,1.23795463
209.266667,176.302158,1.23809366
209.3,176.34343,1.2382327
209.333333,176.384707,1.23837174
209.366667,176.425988,1.23851077
209.4,176.467273,1.2386498
209.433333,176.508565,1.23878883
209.466667,176.54986,1.23892786
209.5,176.59116,1.23906688
209.533333,176.632464,1.2392059
209.566667,176.673773,1.23934493
209.6,176.715087,1.23948395
209.633333,176.756406,1.23962296
209.666667,176.797728,1.23976198
209.7,176.839056,1.23990099
209.733333,176.880389,1.24004001
209.766667,176.921726,1.24017902
209.8,176.963067,1.24031802
209.833333,177.004413,1.24045703
209.866667,177.045764,1.24059603
209.9,177.08712,1.24073504
209.933333,177.12848,1.24087404
209.966667,177.169845,1.24101303
210,177.211214,1.24115203
210.033333,177.252588,1.24129102
210.066667,177.293967,1.24143002
210.1,177.335351,1.24156901
210.133333,177.376738,1.24170799
210.166667,177.418131,1.24184698
210.2,177.459528,1.24198596
210.233333,177.50093,1.24212495
210.266667,177.542336,1.24226393
210.3,177.583747,1.24240291
210.333333,177.625163,1.24254188
210.366667,177.666584,1.24268086
210.4,177.708009,1.24281983
210.433333,177.749438,1.2429588
210.466667,177.790872,1.24309777
210.5,177.832312,1.24323673
210.533333,177.873755,1.2433757
210.566667,177.915203,1.24351466
210.6,177.956655,1.24365362
210.633333,177.998114,1.24379258
210.666667,178.039576,1.24393154
210.7,178.081042,1.24407049
210.733333,178.122513,1.24420945
210.766667,178.163989,1.2443484
210.8,178.20547,1.24448735
210.833333,178.246956,1.24462629
210.866667,178.288445,1.24476524
210.9,178.329939,1.24490418
210.933333,178.371439,1.24504313
210.966667,178.412943,1.24518207
211,178.454451,1.24532101
211.033333,178.495964,1.24545994
211.066667,178.537481,1.24559888
211.1,178.579004,1.24573781
211.133333,178.620531,1.24587674
211.166667,178.662062,1.24601567
211.2,178.703598,1.2461546
211.233333,178.745139,1.24629352
211.266667,178.786685,1.24643245
211.3,178.828235,1.24657137
211.333333,178.869789,1.24671029
211.366667,178.911348,1.24684921
211.4,178.952913,1.24698813
211.433333,178.994482,1.24712704
211.466667,179.036055,1.24726595
211.5,179.077632,1.24740487
211.533333,179.119215,1.24754378
211.566667,179.160802,1.24768268
211.6,179.202394,1.24782159
211.633333,179.24399,1.24796049
211.666667,179.285591,1.2480994
211.7,179.327197,1.2482383
211.733333,179.368807,1.24837719
211.766667,179.410422,1.24851609
211.8,179.452041,1.24865498
211.833333,179.493665,1.24879388
211.866667,179.535295,1.24893277
211.9,179.576928,1.24907166
211.933333,179.618566,1.24921054
211.966667,179.660208,1.24934943
212,179.701856,1.24948831
212.033333,179.743508,1.24962719
212.066667,179.785164,1.24976607
212.1,179.826825,1.24990495
212.133333,179.868491,1.25004382
212.166667,179.910162,1.25018269
212.2,179.951837,1.25032156
212.233333,179.993516,1.25046043
212.266667,180.0352,1.2505993
212.3,180.07689,1.25073816
212.333333,180.118584,1.25087702
212.366667,180.160282,1.25101588
212.4,180.201984,1.25115474
212.433333,180.243692,1.25129359
212.466667,180.285404,1.25143244
212.5,180.327121,1.25157129
212.533333,180.368842,1.25171014
212.566667,180.410567,1.25184899
212.6,180.452299,1.25198783
212.633333,180.494034,1.25212667
212.666667,180.535774,1.25226551
212.7,180.577518,1.25240435
212.733333,180.619267,1.25254318
212.766667,180.661021,1.25268201
212.8,180.70278,1.25282084
212.833333,180.744543,1.25295967
212.866667,180.78631,1.2530985
212.9,180.828082,1.25323732
212.933333,180.86986,1.25337614
212.966667,180.911641,1.25351495
213,180.953427,1.25365377
213.033333,180.995217,1.25379258
213.066667,181.037013,1.25393139
213.1,181.078813,1.2540702
213.133333,181.120618,1.254209
213.166667,181.162427,1.25434781
213.2,181.204241,1.25448661
213.233333,181.24606,1.2546254
213.266667,181.287883,1.2547642
213.3,181.32971,1.25490299
213.333333,181.371542,1.25504178
213.366667,181.41338,1.25518057
213.4,181.455222,1.25531936
213.433333,181.497068,1.25545814
213.466667,181.538919,1.25559692
213.5,181.580774,1.2557357
213.533333,181.622635,1.25587447
213.566667,181.6645,1.25601324
213.6,181.706369,1.25615201
213.633333,181.748242,1.25629078
213.666667,181.790122,1.25642955
213.7,181.832005,1.25656831
213.733333,181.873893,1.25670707
213.766667,181.915785,1.25684583
213.8,181.957682,1.25698458
213.833333,181.999584,1.25712333
213.866667,182.041491,1.25726208
213.9,182.083402,1.25740083
213.933333,182.125317,1.25753958
213.966667,182.167238,1.25767832
214,182.209163,1.25781706
214.033333,182.251092,1.2579558
214.066667,182.293026,1.25809453
214.1,182.334965,1.25823326
214.133333,182.376909,1.25837199
214.166667,182.418857,1.25851072
214.2,182.460809,1.25864945
214.233333,182.502766,1.25878817
214.266667,182.544728,1.25892689
214.3,182.586695,1.2590656
214.333333,182.628666,1.25920432
214.366667,182.670642,1.25934303
214.4,182.712622,1.25948174
214.433333,182.754608,1.25962045
214.466667,182.796597,1.25975915
214.5,182.838591,1.25989785
214.533333,182.88059,1.26003655
214.566667,182.922594,1.26017525
214.6,182.964602,1.26031394
214.633333,183.006615,1.26045263
214.666667,183.048632,1.26059132
214.7,183.090654,1.26073001
214.733333,183.132681,1.26086869
214.766667,183.174712,1.26100737
214.8,183.216748,1.26114605
214.833333,183.258788,1.26128472
214.866667,183.300833,1.26142339
214.9,183.342884,1.26156206
214.933333,183.384938,1.26170073
214.966667,183.426997,1.26183939
215,183.46906,1.26197806
215.033333,183.511129,1.26211671
215.066667,183.553202,1.26225537
215.1,183.595279,1.26239402
215.133333,183.637361,1.26253267
215.166667,183.679448,1.26267132
215.2,183.721539,1.26280996
215.233333,183.763635,1.26294861
215.266667,183.805736,1.26308724
215.3,183.84784,1.26322588
215.333333,183.889951,1.26336451
215.366667,183.932066,1.26350314
215.4,183.974185,1.26364177
215.433333,184.016308,1.26378039
215.466667,184.058436,1.26391902
215.5,184.100569,1.26405763
215.533333,184.142707,1.26419625
215.566667,184.184849,1.26433486
215.6,184.226995,1.26447347
215.633333,184.269147,1.26461208
215.666667,184.311304,1.26475068
215.7,184.353464,1.26488928
215.733333,184.395629,1.26502788
215.766667,184.437799,1.26516647
215.8,184.479974,1.26530506
215.833333,184.522153,1.26544365
215.866667,184.564337,1.26558224
215.9,184.606525,1.26572082
215.933333,184.648718,1.2658594
215.966667,184.690916,1.26599797
216,184.733118,1.26613654
216.033333,184.775325,1.26627511
216.066667,184.817536,1.26641368
216.1,184.859752,1.26655224
216.133333,184.901973,1.2666908
216.166667,184.944198,1.26682936
216.2,184.986428,1.26696791
216.233333,185.028663,1.26710646
216.266667,185.070902,1.26724501
216.3,185.113146,1.26738355
216.333333,185.155394,1.26752209
216.366667,185.197647,1.26766063
216.4,185.239905,1.26779916
216.433333,185.282168,1.2679377
216.466667,185.324434,1.26807622
216.5,185.366705,1.26821475
216.533333,185.408982,1.26835327
216.566667,185.451263,1.26849178
216.6,185.493548,1.2686303
216.633333,185.535838,1.26876881
216.666667,185.578132,1.26890732
216.7,185.620432,1.26904582
216.733333,185.662736,1.26918432
216.766667,185.705044,1.26932282
216.8,185.747357,1.26946131
216.833333,185.789675,1.26959981
216.866667,185.831997,1.26973829
216.9,185.874324,1.26987678
216.933333,185.916656,1.27001526
216.966667,185.958991,1.27015374
217,186.001332,1.27029221
217.033333,186.043678,1.27043068
217.066667,186.086028,1.27056915
217.1,186.128382,1.27070761
217.133333,186.170741,1.27084607
217.166667,186.213106,1.27098453
217.2,186.255474,1.27112298
217.233333,186.297847,1.27126143
217.266667,186.340224,1.27139988
217.3,186.382607,1.27153832
217.333333,186.424994,1.27167676
217.366667,186.467386,1.2718152
217.4,186.509782,1.27195363
217.433333,186.552182,1.27209206
217.466667,186.594588,1.27223048
217.5,186.636998,1.27236891
217.533333,186.679413,1.27250732
217.566667,186.721831,1.27264574
217.6,186.764255,1.27278415
217.633333,186.806684,1.27292256
217.666667,186.849117,1.27306096
217.7,186.891555,1.27319937
217.733333,186.933996,1.27333776
217.766667,186.976444,1.27347616
217.8,187.018896,1.27361455
217.833333,187.061352,1.27375293
217.866667,187.103812,1.27389132
217.9,187.146277,1.2740297
217.933333,187.188748,1.27416807
217.966667,187.231222,1.27430644
218,187.273701,1.27444481
218.033333,187.316184,1.27458318
218.066667,187.358674,1.27472154
218.1,187.401167,1.27485989
218.133333,187.443664,1.27499825
218.166667,187.486166,1.2751366
218.2,187.528673,1.27527495
218.233333,187.571185,1.27541329
218.266667,187.613701,1.27555163
218.3,187.656221,1.27568996
218.333333,187.698746,1.27582829
218.366667,187.741277,1.27596662
218.4,187.783812,1.27610494
218.433333,187.826351,1.27624326
218.466667,187.868894,1.27638158
218.5,187.911442,1.27651989
218.533333,187.953996,1.2766582
218.566667,187.996553,1.2767965
218.6,188.039115,1.2769348
218.633333,188.081681,1.2770731
218.666667,188.124253,1.27721139
218.7,188.16683,1.27734968
218.733333,188.20941,1.27748797
218.766667,188.251995,1.27762625
218.8,188.294585,1.27776452
218.833333,188.33718,1.2779028
218.866667,188.379779,1.27804106
218.9,188.422382,1.27817933
218.933333,188.46499,1.27831759
218.966667,188.507603,1.27845585
219,188.550221,1.2785941
219.033333,188.592843,1.27873235
219.066667,188.63547,1.27887059
219.1,188.678101,1.27900883
219.133333,188.720737,1.27914707
219.166667,188.763378,1.2792853
219.2,188.806023,1.27942353
219.233333,188.848672,1.27956176
219.266667,188.891327,1.27969998
219.3,188.933986,1.27983819
219.333333,188.97665,1.2799764
219.366667,189.019318,1.28011461
219.4,189.06199,1.28025281
219.433333,189.104668,1.28039101
219.466667,189.14735,1.28052921
219.5,189.190037,1.2806674
219.533333,189.232727,1.28080559
219.566667,189.275423,1.28094377
219.6,189.318124,1.28108195
219.633333,189.360829,1.28122012
219.666667,189.403539,1.28135829
219.7,189.446252,1.28149645
219.733333,189.488972,1.28163462
219.766667,189.531695,1.28177277
219.8,189.574423,1.28191092
219.833333,189.617156,1.28204907
219.866667,189.659893,1.28218722
219.9,189.702635,1.28232536
219.933333,189.745382,1.28246349
219.966667,189.788133,1.28260162
220,189.830888,1.28273975
220.033333,189.873649,1.28287787
220.066667,189.916414,1.28301599
220.1,189.959183,1.2831541
220.133333,190.001957,1.28329221
220.166667,190.044735,1.28343031
220.2,190.087519,1.28356841
220.233333,190.130307,1.28370651
220.266667,190.1731,1.2838446
220.3,190.215896,1.28398269
220.333333,190.258698,1.28412077
220.366667,190.301505,1.28425885
220.4,190.344316,1.28439692
220.433333,190.387131,1.28453499
220.466667,190.429951,1.28467305
220.5,190.472776,1.28481111
220.533333,190.515606,1.28494917
220.566667,190.558439,1.28508722
220.6,190.601277,1.28522527
220.633333,190.644121,1.28536331
220.666667,190.686969,1.28550135
220.7,190.729821,1.28563938
220.733333,190.772678,1.28577741
220.766667,190.815539,1.28591543
220.8,190.858406,1.28605345
220.833333,190.901277,1.28619146
220.866667,190.944152,1.28632947
220.9,190.987031,1.28646748
220.933333,191.029916,1.28660548
220.966667,191.072806,1.28674347
221,191.115699,1.28688146
221.033333,191.158597,1.28701945
221.066667,191.2015,1.28715743
221.1,191.244408,1.28729541
221.133333,191.28732,1.28743338
221.166667,191.330237,1.28757135
221.2,191.373158,1.28770931
221.233333,191.416084,1.28784727
221.266667,191.459015,1.28798522
221.3,191.50195,1.28812317
221.333333,191.54489,1.28826111
221.366667,191.587833,1.28839905
221.4,191.630783,1.28853698
221.433333,191.673737,1.28867491
221.466667,191.716695,1.28881284
221.5,191.759657,1.28895076
221.533333,191.802624,1.28908867
221.566667,191.845597,1.28922658
221.6,191.888573,1.28936448
221.633333,191.931554,1.28950238
221.666667,191.974539,1.28964028
221.7,192.01753,1.28977817
221.733333,192.060525,1.28991605
221.766667,192.103525,1.29005393
221.8,192.146529,1.29019181
221.833333,192.189537,1.29032968
221.866667,192.232551,1.29046754
221.9,192.275569,1.2906054
221.933333,192.318591,1.29074326
221.966667,192.361618,1.29088111
222,192.40465,1.29101895
222.033333,192.447686,1.29115679
222.066667,192.490727,1.29129463
222.1,192.533772,1.29143246
222.133333,192.576822,1.29157028
222.166667,192.619877,1.2917081
222.2,192.662937,1.29184591
222.233333,192.706,1.29198372
222.266667,192.749068,1.29212153
222.3,192.792141,1.29225932
222.333333,192.835219,1.29239712
222.366667,192.878302,1.29253491
222.4,192.921388,1.29267269
222.433333,192.964479,1.29281047
222.466667,193.007576,1.29294824
222.5,193.050676,1.29308601
222.533333,193.093781,1.29322377
222.566667,193.136891,1.29336153
222.6,193.180005,1.29349928
222.633333,193.223124,1.29363702
222.666667,193.266248,1.29377476
222.7,193.309376,1.2939125
222.733333,193.352508,1.29405023
222.766667,193.395646,1.29418796
222.8,193.438788,1.29432567
222.833333,193.481934,1.29446339
222.866667,193.525085,1.2946011
222.9,193.568241,1.2947388
222.933333,193.611401,1.2948765
222.966667,193.654566,1.29501419
223,193.697736,1.29515188
223.033333,193.740909,1.29528956
223.066667,193.784088,1.29542724
223.1,193.827272,1.29556491
223.133333,193.870459,1.29570257
223.166667,193.913651,1.29584023
223.2,193.956848,1.29597789
223.233333,194.00005,1.29611554
223.266667,194.043257,1.29625318
223.3,194.086467,1.29639082
223.333333,194.129682,1.29652845
223.366667,194.172902,1.29666608
223.4,194.216127,1.2968037
223.433333,194.259356,1.29694132
223.466667,194.302589,1.29707893
223.5,194.345827,1.29721653
223.533333,194.389071,1.29735413
223.566667,194.432318,1.29749172
223.6,194.47557,1.29762931
223.633333,194.518826,1.29776689
223.666667,194.562088,1.29790447
223.7,194.605354,1.29804204
223.733333,194.648624,1.2981796
223.766667,194.691899,1.29831716
223.8,194.735178,1.29845472
223.833333,194.778463,1.29859227
223.866667,194.821752,1.29872981
223.9,194.865045,1.29886734
223.933333,194.908342,1.29900488
223.966667,194.951645,1.2991424
224,194.994952,1.29927992
224.033333,195.038264,1.29941743
224.066667,195.08158,1.29955494
224.1,195.1249,1.29969244
224.133333,195.168226,1.29982994
224.166667,195.211556,1.29996743
224.2,195.254891,1.30010491
224.233333,195.298229,1.30024239
224.266667,195.341573,1.30037986
224.3,195.384922,1.30051733
224.333333,195.428275,1.30065479
224.366667,195.471632,1.30079225
224.4,195.514993,1.3009297
224.433333,195.55836,1.30106714
224.466667,195.601732,1.30120458
224.5,195.645108,1.30134201
224.533333,195.688488,1.30147943
224.566667,195.731872,1.30161685
224.6,195.775262,1.30175426
224.633333,195.818657,1.30189167
224.666667,195.862055,1.30202907
224.7,195.905458,1.30216647
224.733333,195.948866,1.30230386
224.766667,195.992279,1.30244124
224.8,196.035696,1.30257862
224.833333,196.079117,1.30271599
224.866667,196.122543,1.30285335
224.9,196.165974,1.30299071
224.933333,196.20941,1.30312806
224.966667,196.252849,1.30326541
225,196.296293,1.30340275
225.033333,196.339743,1.30354008
225.066667,196.383197,1.30367741
225.1,196.426655,1.30381473
225.133333,196.470117,1.30395205
225.166667,196.513584,1.30408936
225.2,196.557057,1.30422666
225.233333,196.600533,1.30436396
225.266667,196.644014,1.30450125
225.3,196.687499,1.30463853
225.333333,196.73099,1.30477581
225.366667,196.774485,1.30491308
225.4,196.817985,1.30505034
225.433333,196.861488,1.3051876
225.466667,196.904996,1.30532486
225.5,196.94851,1.3054621
225.533333,196.992028,1.30559934
225.566667,197.03555,1.30573658
225.6,197.079076,1.3058738
225.633333,197.122608,1.30601102
225.666667,197.166144,1.30614824
225.7,197.209685,1.30628544
225.733333,197.25323,1.30642265
225.766667,197.296779,1.30655984
225.8,197.340334,1.30669703
225.833333,197.383893,1.30683421
225.866667,197.427456,1.30697139
225.9,197.471024,1.30710856
225.933333,197.514596,1.30724572
225.966667,197.558174,1.30738287
226,197.601756,1.30752002
226.033333,197.645342,1.30765716
226.066667,197.688932,1.3077943
226.1,197.732528,1.30793143
226.133333,197.776128,1.30806855
226.166667,197.819733,1.30820567
226.2,197.863342,1.30834278
226.233333,197.906955,1.30847988
226.266667,197.950574,1.30861698
226.3,197.994197,1.30875407
226.333333,198.037824,1.30889115
226.366667,198.081456,1.30902823
226.4,198.125093,1.3091653
226.433333,198.168734,1.30930236
226.466667,198.21238,1.30943942
226.5,198.25603,1.30957647
226.533333,198.299684,1.30971351
226.566667,198.343344,1.30985054
226.6,198.387008,1.30998757
226.633333,198.430677,1.3101246
226.666667,198.474349,1.31026161
226.7,198.518027,1.31039862
226.733333,198.56171,1.31053562
226.766667,198.605397,1.31067262
226.8,198.649088,1.31080961
226.833333,198.692783,1.31094659
226.866667,198.736484,1.31108356
226.9,198.780189,1.31122053
226.933333,198.823899,1.31135749
226.966667,198.867613,1.31149444
227,198.911332,1.31163139
227.033333,198.955055,1.31176833
227.066667,198.998783,1.31190526
227.1,199.042515,1.31204219
227.133333,199.086252,1.31217911
227.166667,199.129994,1.31231602
227.2,199.17374,1.31245293
227.233333,199.217491,1.31258982
227.266667,199.261246,1.31272672
227.3,199.305006,1.3128636
227.333333,199.348771,1.31300048
227.366667,199.39254,1.31313735
227.4,199.436313,1.31327421
227.433333,199.48009,1.31341107
227.466667,199.523874,1.31354791
227.5,199.567661,1.31368475
227.533333,199.611453,1.31382159
227.566667,199.655249,1.31395842
227.6,199.69905,1.31409524
227.633333,199.742855,1.31423205
227.666667,199.786666,1.31436885
227.7,199.83048,1.31450565
227.733333,199.874298,1.31464244
227.766667,199.918123,1.31477923
227.8,199.961951,1.314916
227.833333,200.005784,1.31505277
227.866667,200.049621,1.31518954
227.9,200.093463,1.31532629
227.933333,200.13731,1.31546304
227.966667,200.181161,1.31559978
228,200.225016,1.31573651
228.033333,200.268876,1.31587324
228.066667,200.312741,1.31600995
228.1,200.356611,1.31614666
228.133333,200.400484,1.31628337
228.166667,200.444362,1.31642006
228.2,200.488245,1.31655675
228.233333,200.532133,1.31669343
228.266667,200.576025,1.31683011
228.3,200.619922,1.31696677
228.333333,200.663822,1.31710343
228.366667,200.707728,1.31724008
228.4,200.751639,1.31737673
228.433333,200.795554,1.31751336
228.466667,200.839473,1.31764999
228.5,200.883397,1.31778662
228.533333,200.927326,1.31792323
228.566667,200.971259,1.31805983
228.6,201.015196,1.31819643
228.633333,201.059138,1.31833303
228.666667,201.103085,1.31846961
228.7,201.147037,1.31860618
228.733333,201.190992,1.31874275
228.766667,201.234953,1.31887931
228.8,201.278917,1.31901587
228.833333,201.322887,1.31915241
228.866667,201.366861,1.31928895
228.9,201.41084,1.31942548
228.933333,201.454822,1.319562
228.966667,201.49881,1.31969852
229,201.542803,1.31983502
229.033333,201.5868,1.31997152
229.066667,201.630801,1.32010801
229.1,201.674806,1.3202445
229.133333,201.718817,1.32038097
229.166667,201.762832,1.32051744
229.2,201.806852,1.3206539
229.233333,201.850875,1.32079035
229.266667,201.894904,1.3209268
229.3,201.938937,1.32106323
229.333333,201.982975,1.32119966
229.366667,202.027017,1.32133608
229.4,202.071064,1.3214725
229.433333,202.115115,1.3216089
229.466667,202.159172,1.3217453
229.5,202.203232,1.32188169
229.533333,202.247297,1.32201807
229.566667,202.291366,1.32215444
229.6,202.335441,1.32229081
229.633333,202.379519,1.32242717
229.666667,202.423602,1.32256352
229.7,202.46769,1.32269986
229.733333,202.511782,1.32283619
229.766667,202.555879,1.32297252
229.8,202.599981,1.32310883
229.833333,202.644086,1.32324514
229.866667,202.688196,1.32338144
229.9,202.732312,1.32351774
229.933333,202.776432,1.32365402
229.966667,202.820555,1.3237903
230,202.864684,1.32392657
230.033333,202.908817,1.32406283
230.066667,202.952955,1.32419908
230.1,202.997097,1.32433532
230.133333,203.041244,1.32447156
230.166667,203.085395,1.32460779
230.2,203.129551,1.32474401
230.233333,203.173712,1.32488022
230.266667,203.217877,1.32501642
230.3,203.262046,1.32515262
230.333333,203.30622,1.3252888
230.366667,203.350399,1.32542498
230.4,203.394582,1.32556115
230.433333,203.438769,1.32569731
230.466667,203.482961,1.32583347
230.5,203.527158,1.32596961
230.533333,203.57136,1.32610575
230.566667,203.615565,1.32624188
230.6,203.659775,1.326378
230.633333,203.70399,1.32651411
230.666667,203.74821,1.32665021
230.7,203.792434,1.32678631
230.733333,203.836662,1.3269224
230.766667,203.880895,1.32705847
230.8,203.925133,1.32719454
230.833333,203.969375,1.3273306
230.866667,204.013622,1.32746666
230.9,204.057872,1.3276027
230.933333,204.102128,1.32773874
230.966667,204.146389,1.32787476
231,204.190654,1.32801078
231.033333,204.234923,1.32814679
231.066667,204.279196,1.32828279
231.1,204.323475,1.32841879
231.133333,204.367758,1.32855477
231.166667,204.412045,1.32869075
231.2,204.456337,1.32882671
231.233333,204.500633,1.32896267
231.266667,204.544935,1.32909862
231.3,204.58924,1.32923456
231.333333,204.63355,1.32937049
231.366667,204.677864,1.32950642
231.4,204.722184,1.32964233
231.433333,204.766508,1.32977824
231.466667,204.810836,1.32991414
231.5,204.855168,1.33005003
231.533333,204.899505,1.33018591
231.566667,204.943848,1.33032178
231.6,204.988194,1.33045764
231.633333,205.032545,1.33059349
231.666667,205.0769,1.33072934
231.7,205.12126,1.33086518
231.733333,205.165625,1.331001
231.766667,205.209994,1.33113682
231.8,205.254367,1.33127263
231.833333,205.298744,1.33140843
231.866667,205.343128,1.33154422
231.9,205.387515,1.33168
231.933333,205.431906,1.33181578
231.966667,205.476302,1.33195154
232,205.520703,1.3320873
232.033333,205.565108,1.33222305
232.066667,205.609518,1.33235878
232.1,205.653932,1.33249451
232.133333,205.69835,1.33263024
232.166667,205.742774,1.33276595
232.2,205.787202,1.33290165
232.233333,205.831634,1.33303734
232.266667,205.876071,1.33317302
232.3,205.920512,1.3333087
232.333333,205.964958,1.33344436
232.366667,206.009409,1.33358002
232.4,206.053864,1.33371567
232.433333,206.098323,1.33385131
232.466667,206.142787,1.33398694
232.5,206.187256,1.33412256
232.533333,206.231729,1.33425817
232.566667,206.276206,1.33439377
232.6,206.320688,1.33452936
232.633333,206.365175,1.33466495
232.666667,206.409666,1.33480052
232.7,206.454161,1.33493608
232.733333,206.498661,1.33507164
232.766667,206.543166,1.33520719
232.8,206.587676,1.33534272
232.833333,206.632189,1.33547825
232.866667,206.676707,1.33561377
232.9,206.721229,1.33574928
232.933333,206.765757,1.33588478
232.966667,206.810289,1.33602027
233,206.854825,1.33615575
233.033333,206.899366,1.33629122
233.066667,206.943911,1.33642668
233.1,206.988461,1.33656214
233.133333,207.033016,1.33669758
233.166667,207.077574,1.33683301
233.2,207.122137,1.33696844
233.233333,207.166706,1.33710385
233.266667,207.211278,1.33723926
233.3,207.255855,1.33737466
233.333333,207.300436,1.33751006
233.366667,207.345022,1.33764557
233.4,207.389613,1.33778135
233.433333,207.434208,1.33791759
233.466667,207.478807,1.33805445
233.5,207.523411,1.33819246
233.533333,207.56802,1.33833146
233.566667,207.612634,1.33847131
233.6,207.657251,1.33861188
233.633333,207.701874,1.33875304
233.666667,207.746502,1.33889454
233.7,207.791134,1.33903616
233.733333,207.835771,1.3391779
233.766667,207.880412,1.33931981
233.8,207.925058,1.33946217
233.833333,207.96971,1.33960521
233.866667,208.014366,1.33974901
233.9,208.059026,1.33989365
233.933333,208.103691,1.34003921
233.966667,208.148362,1.34018575
234,208.193038,1.3403328
234.033333,208.237718,1.34048021
234.066667,208.282403,1.34062786
234.1,208.327093,1.34077569
234.133333,208.371788,1.34092372
234.166667,208.416488,1.34107209
234.2,208.461193,1.34122091
234.233333,208.505902,1.34137037
234.266667,208.550618,1.34152089
234.3,208.595338,1.34167221
234.333333,208.640063,1.34182427
234.366667,208.684792,1.34197697
234.4,208.729527,1.34213021
234.433333,208.774268,1.34228376
234.466667,208.819013,1.3424375
234.5,208.863764,1.34259142
234.533333,208.908519,1.34274556
234.566667,208.95328,1.34290025
234.6,208.998046,1.34305556
234.633333,209.042817,1.34321155
234.666667,209.087593,1.34336829
234.7,209.132375,1.3435259
234.733333,209.177162,1.34368429
234.766667,209.221954,1.34384313
234.8,209.266751,1.34400233
234.833333,209.311553,1.34416178
234.866667,209.356362,1.34432148
234.9,209.401176,1.34448145
234.933333,209.445995,1.34464178
234.966667,209.490818,1.34480257
235,209.535647,1.34496402
235.033333,209.580483,1.34512637
235.066667,209.625323,1.34528942
235.1,209.670169,1.34545312
235.133333,209.715019,1.34561738
235.166667,209.759876,1.34578217
235.2,209.804739,1.34594724
235.233333,209.849607,1.34611254
235.266667,209.894479,1.34627806
235.3,209.939358,1.34644389
235.333333,209.984242,1.34661028
235.366667,210.029132,1.34677723
235.4,210.074028,1.34694481
235.433333,210.118928,1.34711306
235.466667,210.163835,1.34728213
235.5,210.208748,1.34745181
235.533333,210.253666,1.34762193
235.566667,210.298589,1.34779238
235.6,210.343517,1.34796312
235.633333,210.388453,1.34813416
235.666667,210.433394,1.3483055
235.7,210.47834,1.34847721
235.733333,210.523292,1.34864937
235.766667,210.56825,1.34882223
235.8,210.613214,1.34899583
235.833333,210.658183,1.34917005
235.866667,210.703158,1.34934485
235.9,210.748139,1.34952015
235.933333,210.793126,1.34969597
235.966667,210.838119,1.34987205
236,210.883118,1.35004839
236.033333,210.928122,1.35022499
236.066667,210.973132,1.35040197
236.1,211.018149,1.35057946
236.133333,211.063172,1.35075749
236.166667,211.1082,1.35093609
236.2,211.153233,1.3511153
236.233333,211.198274,1.35129529
236.266667,211.243321,1.35147577
236.3,211.288373,1.35165665
236.333333,211.33343,1.35183787
236.366667,211.378494,1.3520194
236.4,211.423566,1.35220125
236.433333,211.468642,1.35238342
236.466667,211.513724,1.35256597
236.5,211.558812,1.35274896
236.533333,211.603907,1.35293265
236.566667,211.649009,1.35311697
236.6,211.694116,1.35330183
236.633333,211.739228,1.35348721
236.666667,211.784347,1.35367309
236.7,211.829473,1.35385941
236.733333,211.874605,1.35404601
236.766667,211.919743,1.35423289
236.8,211.964887,1.35442005
236.833333,212.010038,1.35460764
236.866667,212.055195,1.35479571
236.9,212.100358,1.35498427
236.933333,212.145527,1.35517336
236.966667,212.190702,1.35536303
237,212.235884,1.35555338
237.033333,212.281073,1.35574416
237.066667,212.326267,1.35593532
237.1,212.371468,1.3561268
237.133333,212.416675,1.35631864
237.166667,212.46189,1.35651079
237.2,212.50711,1.35670328
237.233333,212.552336,1.35689614
237.266667,212.597569,1.35708944
237.3,212.642809,1.35728342
237.333333,212.688056,1.35747792
237.366667,212.733308,1.35767291
237.4,212.778566,1.35786838
237.433333,212.823832,1.35806434
237.466667,212.869105,1.35826068
237.5,212.914383,1.35845731
237.533333,212.959668,1.35865423
237.566667,213.004959,1.35885144
237.6,213.050258,1.35904913
237.633333,213.095564,1.35924725
237.666667,213.140875,1.35944582
237.7,213.186193,1.35964489
237.733333,213.231517,1.35984452
237.766667,213.276849,1.36004472
237.8,213.322188,1.36024532
237.833333,213.367532,1.36044627
237.866667,213.412883,1.36064755
237.9,213.458242,1.3608492
237.933333,213.503607,1.36105116
237.966667,213.548979,1.36125346
238,213.594357,1.36145612
238.033333,213.639742,1.36165925
238.066667,213.685135,1.36186297
238.1,213.730534,1.36206716
238.133333,213.775939,1.3622718
238.166667,213.821351,1.36247688
238.2,213.866771,1.36268243
238.233333,213.912197,1.36288833
238.266667,213.957631,1.36309452
238.3,214.00307,1.363301
238.333333,214.048516,1.36350781
238.366667,214.093971,1.36371508
238.4,214.139432,1.36392274
238.433333,214.184899,1.36413084
238.466667,214.230373,1.36433938
238.5,214.275854,1.36454849
238.533333,214.321344,1.36475807
238.566667,214.366839,1.36496802
238.6,214.412341,1.36517831
238.633333,214.45785,1.36538893
238.666667,214.503367,1.36559993
238.7,214.548891,1.36581123
238.733333,214.594421,1.36602286
238.766667,214.639958,1.36623485
238.8,214.685503,1.36644732
238.833333,214.731056,1.3666603
238.866667,214.776615,1.36687371
238.9,214.82218,1.36708754
238.933333,214.867752,1.36730177
238.966667,214.913334,1.36751647
239,214.958922,1.36773148
239.033333,215.004516,1.36794677
239.066667,215.050117,1.36816236
239.1,215.095726,1.36837831
239.133333,215.141343,1.36859468
239.166667,215.186967,1.36881143
239.2,215.232597,1.36902858
239.233333,215.278234,1.36924615
239.266667,215.32388,1.36946428
239.3,215.369533,1.3696828
239.333333,215.415192,1.36990166
239.366667,215.460859,1.37012085
239.4,215.506533,1.37034039
239.433333,215.552215,1.37056028
239.466667,215.597905,1.37078047
239.5,215.643601,1.37100098
239.533333,215.689303,1.37122184
239.566667,215.735015,1.37144321
239.6,215.780734,1.371665
239.633333,215.82646,1.37188719
239.666667,215.872193,1.37210976
239.7,215.917933,1.37233274
239.733333,215.963682,1.37255613
239.766667,216.009438,1.37277981
239.8,216.055201,1.37300379
239.833333,216.10097,1.37322805
239.866667,216.146749,1.37345271
239.9,216.192535,1.37367774
239.933333,216.238328,1.37390313
239.966667,216.284128,1.3741289
240,216.329935,1.37435508
240.033333,216.375752,1.37458176
240.066667,216.421575,1.37480879
240.1,216.467406,1.37503615
240.133333,216.513243,1.37526382
240.166667,216.55909,1.37549185
240.2,216.604944,1.3757202
240.233333,216.650805,1.37594886
240.266667,216.696673,1.37617782
240.3,216.742549,1.37640714
240.333333,216.788434,1.37663694
240.366667,216.834326,1.37686711
240.4,216.880225,1.37709765
240.433333,216.926132,1.37732855
240.466667,216.972047,1.37755985
240.5,217.01797,1.37779152
240.533333,217.0639,1.37802347
240.566667,217.109838,1.37825571
240.6,217.155782,1.37848823
240.633333,217.201737,1.37872117
240.666667,217.247699,1.37895443
240.7,217.293668,1.37918804
240.733333,217.339644,1.379422
240.766667,217.385628,1.37965638
240.8,217.431622,1.37989118
240.833333,217.477622,1.38012632
240.866667,217.52363,1.38036176
240.9,217.569645,1.3805975
240.933333,217.615669,1.38083362
240.966667,217.661702,1.38107004
241,217.707741,1.38130674
241.033333,217.753788,1.38154375
241.066667,217.799843,1.38178112
241.1,217.845907,1.38201891
241.133333,217.891979,1.38225706
241.166667,217.938058,1.38249555
241.2,217.984144,1.38273437
241.233333,218.03024,1.38297359
241.266667,218.076343,1.38321314
241.3,218.122455,1.38345296
241.333333,218.168573,1.38369306
241.366667,218.214699,1.38393346
241.4,218.260836,1.38417425
241.433333,218.306979,1.38441534
241.466667,218.35313,1.38465676
241.5,218.399288,1.38489851
241.533333,218.445456,1.38514069
241.566667,218.491632,1.38538322
241.6,218.537816,1.38562607
241.633333,218.584007,1.38586921
241.666667,218.630206,1.38611265
241.7,218.676414,1.38635646
241.733333,218.722631,1.38660053
241.766667,218.768855,1.38684489
241.8,218.815086,1.38708955
241.833333,218.861327,1.38733458
241.866667,218.907576,1.38757998
241.9,218.953833,1.38782571
241.933333,219.000097,1.38807176
241.966667,219.046369,1.38831812
242,219.092652,1.38856488
242.033333,219.138942,1.38881193
242.066667,219.18524,1.38905924
242.1,219.231545,1.38930682
242.133333,219.277859,1.38955473
242.166667,219.324183,1.38980298
242.2,219.370514,1.39005152
242.233333,219.416853,1.39030037
242.266667,219.463199,1.39054953
242.3,219.509556,1.39079912
242.333333,219.555921,1.39104902
242.366667,219.602293,1.39129921
242.4,219.648673,1.39154968
242.433333,219.695062,1.39180046
242.466667,219.74146,1.39205156
242.5,219.787866,1.39230294
242.533333,219.83428,1.39255458
242.566667,219.880702,1.39280651
242.6,219.927134,1.39305883
242.633333,219.973574,1.39331147
242.666667,220.020022,1.39356441
242.7,220.066478,1.39381765
242.733333,220.112942,1.39407121
242.766667,220.159416,1.39432513
242.8,220.205898,1.39457932
242.833333,220.252388,1.39483376
242.866667,220.298886,1.39508846
242.9,220.345393,1.39534351
242.933333,220.39191,1.39559886
242.966667,220.438434,1.39585449
243,220.484966,1.3961104
243.033333,220.531507,1.39636664
243.066667,220.578058,1.39662326
243.1,220.624616,1.39688016
243.133333,220.671183,1.39713734
243.166667,220.717758,1.39739478
243.2,220.764342,1.39765255
243.233333,220.810936,1.3979106
243.266667,220.857537,1.39816892
243.3,220.904146,1.3984275
243.333333,220.950764,1.39868635
243.366667,220.997392,1.39894559
243.4,221.044029,1.39920511
243.433333,221.090673,1.39946491
243.466667,221.137325,1.399725
243.5,221.183987,1.39998541
243.533333,221.230659,1.40024614
243.566667,221.277338,1.40050712
243.6,221.324025,1.40076835
243.633333,221.370721,1.40102983
243.666667,221.417427,1.40129166
243.7,221.464142,1.40155376
243.733333,221.510865,1.40181613
243.766667,221.557595,1.40207877
243.8,221.604336,1.40234174
243.833333,221.651086,1.40260504
243.866667,221.697844,1.4028686
243.9,221.74461,1.40313243
243.933333,221.791384,1.40339651
243.966667,221.83817,1.40366092
244,221.884963,1.40392559
244.033333,221.931765,1.40419051
244.066667,221.978575,1.40445568
244.1,222.025394,1.40472114
244.133333,222.072224,1.40498694
244.166667,222.119061,1.405253
244.2,222.165907,1.40551933
244.233333,222.212761,1.40578593
244.266667,222.259626,1.40605286
244.3,222.3065,1.40632007
244.333333,222.353381,1.40658751
244.366667,222.400271,1.4068552
244.4,222.44717,1.40712315
244.433333,222.49408,1.40739141
244.466667,222.540998,1.40765993
244.5,222.587924,1.40792871
244.533333,222.634858,1.40819774
244.566667,222.681803,1.40846711
244.6,222.728757,1.40873676
244.633333,222.77572,1.40900667
244.666667,222.822691,1.40927682
244.7,222.86967,1.40954723
244.733333,222.916661,1.40981795
244.766667,222.96366,1.41008891
244.8,223.010667,1.41036011
244.833333,223.057682,1.41063155
244.866667,223.104708,1.41090329
244.9,223.151744,1.41117533
244.933333,223.198788,1.41144762
244.966667,223.24584,1.41172016
245,223.2929,1.41199295
245.033333,223.339973,1.41226608
245.066667,223.387053,1.41253944
245.1,223.434142,1.41281304
245.133333,223.48124,1.41308687
245.166667,223.528347,1.41336097
245.2,223.575465,1.41363536
245.233333,223.622591,1.41390999
245.266667,223.669725,1.41418485
245.3,223.716868,1.41445997
245.333333,223.764022,1.41473542
245.366667,223.811185,1.41501112
245.4,223.858357,1.41528706
245.433333,223.905537,1.41556323
245.466667,223.952727,1.41583967
245.5,223.999927,1.41611638
245.533333,224.047136,1.41639333
245.566667,224.094353,1.4166705
245.6,224.141579,1.41694791
245.633333,224.188816,1.41722562
245.666667,224.236062,1.41750359
245.7,224.283317,1.4177818
245.733333,224.33058,1.41806025
245.766667,224.377853,1.41833896
245.8,224.425137,1.41861796
245.833333,224.472429,1.41889719
245.866667,224.51973,1.41917664
245.9,224.567039,1.41945631
245.933333,224.61436,1.41973627
245.966667,224.66169,1.42001648
246,224.709028,1.42029691
246.033333,224.756375,1.42057758
246.066667,224.803732,1.42085849
246.1,224.8511,1.42113972
246.133333,224.898476,1.42142117
246.166667,224.945861,1.42170284
246.2,224.993255,1.42198474
246.233333,225.040659,1.42226692
246.266667,225.088074,1.42254934
246.3,225.135497,1.42283197
246.333333,225.182929,1.42311483
246.366667,225.23037,1.42339792
246.4,225.277822,1.4236813
246.433333,225.325283,1.42396492
246.466667,225.372753,1.42424876
246.5,225.420232,1.42453282
246.533333,225.467721,1.42481716
246.566667,225.515221,1.42510175
246.6,225.562729,1.42538656
246.633333,225.610246,1.42567158
246.666667,225.657772,1.42595681
246.7,225.70531,1.42624234
246.733333,225.752857,1.42652808
246.766667,225.800412,1.42681404
246.8,225.847977,1.42710022
246.833333,225.895551,1.42738666
246.866667,225.943137,1.42767336
246.9,225.990731,1.42796028
246.933333,226.038334,1.42824742
246.966667,226.085946,1.42853477
247,226.133569,1.4288224
247.033333,226.181202,1.42911024
247.066667,226.228844,1.4293983
247.1,226.276494,1.42968656
247.133333,226.324155,1.42997506
247.166667,226.371827,1.43026383
247.2,226.419507,1.43055281
247.233333,226.467197,1.43084201
247.266667,226.514895,1.43113142
247.3,226.562605,1.4314211
247.333333,226.610325,1.43171101
247.366667,226.658053,1.43200112
247.4,226.705791,1.43229144
247.433333,226.753538,1.43258198
247.466667,226.801297,1.43287278
247.5,226.849064,1.43316379
247.533333,226.896841,1.433455
247.566667,226.944627,1.43374642
247.6,226.992424,1.43403811
247.633333,227.040231,1.43433003
247.666667,227.088046,1.43462216
247.7,227.135871,1.43491449
247.733333,227.183706,1.43520703
247.766667,227.231552,1.43549984
247.8,227.279408,1.43579284
247.833333,227.327272,1.43608605
247.866667,227.375145,1.43637945
247.9,227.42303,1.4366731
247.933333,227.470925,1.43696698
247.966667,227.518829,1.43726107
248,227.566742,1.43755536
248.033333,227.614664,1.43784986
248.066667,227.662598,1.43814463
248.1,227.710542,1.4384396
248.133333,227.758495,1.43873476
248.166667,227.806456,1.43903011
248.2,227.854429,1.4393257
248.233333,227.902412,1.43962152
248.266667,227.950405,1.43991753
248.3,227.998407,1.44021374
248.333333,228.046417,1.44051015
248.366667,228.094441,1.44080683
248.4,228.142473,1.44110371
248.433333,228.190515,1.44140079
248.466667,228.238565,1.44169806
248.5,228.286627,1.44199555
248.533333,228.334699,1.44229327
248.566667,228.382781,1.44259119
248.6,228.430872,1.44288929
248.633333,228.478972,1.44318758
248.666667,228.527084,1.44348607
248.7,228.575206,1.44378468
248.733333,228.623337,1.44408341
248.766667,228.671477,1.44438225
248.8,228.719628,1.44468124
248.833333,228.76779,1.44498039
248.866667,228.815961,1.44527966
248.9,228.864142,1.44557907
248.933333,228.912332,1.44587859
248.966667,228.960533,1.44617828
249,229.008745,1.44647809
249.033333,229.056966,1.44677802
249.066667,229.105196,1.44707808
249.1,229.153436,1.44737827
249.133333,229.201688,1.44767864
249.166667,229.24995,1.44797914
249.2,229.29822,1.44827977
249.233333,229.3465,1.44858055
249.266667,229.394792,1.44888149
249.3,229.443094,1.44918258
249.333333,229.491405,1.4494838
249.366667,229.539725,1.44978515
249.4,229.588055,1.45008662
249.433333,229.636398,1.45038826
249.466667,229.68475,1.45069002
249.5,229.733111,1.45099192
249.533333,229.781481,1.45129394
249.566667,229.829863,1.45159613
249.6,229.878256,1.45189847
249.633333,229.926657,1.45220094
249.666667,229.975069,1.45250353
249.7,230.023489,1.45280625
249.733333,230.071922,1.45310913
249.766667,230.120365,1.45341213
249.8,230.168817,1.45371523
249.833333,230.217278,1.45401845
249.866667,230.26575,1.45432181
249.9,230.314234,1.4546253
249.933333,230.362727,1.45492891
249.966667,230.411229,1.45523264
250,230.45974,1.45553648
250.033333,230.508264,1.45584047
250.066667,230.556798,1.45614457
250.1,230.605341,1.45644878
250.133333,230.653894,1.45675308
250.166667,230.702457,1.45705748
250.2,230.751032,1.45736201
250.233333,230.799616,1.45766664
250.266667,230.848209,1.45797136
250.3,230.896812,1.45827618
250.333333,230.945427,1.45858113
250.366667,230.994053,1.45888618
250.4,231.042687,1.45919132
250.433333,231.091331,1.45949655
250.466667,231.139985,1.45980188
250.5,231.188652,1.46010732
250.533333,231.237327,1.46041284
250.566667,231.286013,1.46071843
250.6,231.334707,1.46102411
250.633333,231.383414,1.46132989
250.666667,231.432131,1.46163576
250.7,231.480857,1.46194172
250.733333,231.529593,1.46224775
250.766667,231.578338,1.46255388
250.8,231.627097,1.46286011
250.833333,231.675864,1.46316642
250.866667,231.724641,1.4634728
250.9,231.773428,1.46377926
250.933333,231.822226,1.4640858
250.966667,231.871035,1.46439243
251,231.919853,1.46469914
251.033333,231.968681,1.46500591
251.066667,232.017518,1.46531277
251.1,232.066368,1.46561974
251.133333,232.115228,1.46592678
251.166667,232.164095,1.46623386
251.2,232.212975,1.46654033
251.233333,232.261865,1.46684525
251.266667,232.310765,1.46714794
251.3,232.359675,1.46744788
251.333333,232.408595,1.46774439
251.366667,232.457525,1.46803778
251.4,232.506464,1.4683276
251.433333,232.555413,1.46861403
251.466667,232.604373,1.46889628
251.5,232.653341,1.46917516
251.533333,232.702317,1.46945061
251.566667,232.751303,1.46972187
251.6,232.800299,1.46998853
251.633333,232.849303,1.47025167
251.666667,232.898315,1.47051135
251.7,232.947336,1.47076708
251.733333,232.996366,1.471019
251.766667,233.045404,1.47126743
251.8,233.094451,1.47151254
251.833333,233.143505,1.47175439
251.866667,233.192568,1.47199301
251.9,233.241638,1.47222836
251.933333,233.290716,1.47246039
251.966667,233.339802,1.47268907
252,233.388895,1.47291437
252.033333,233.437996,1.47313619
252.066667,233.487103,1.47335533
252.1,233.53622,1.47357024
252.133333,233.585343,1.47378233
252.166667,233.634472,1.47399166
252.2,233.683608,1.47419824
252.233333,233.732752,1.47440092
252.266667,233.781902,1.47460057
252.3,233.831059,1.47479729
252.333333,233.880221,1.47499102
252.366667,233.929391,1.47518056
252.4,233.978567,1.4753666
252.433333,234.027749,1.47554949
252.466667,234.076936,1.47572926
252.5,234.12613,1.47590494
252.533333,234.175331,1.47607704
252.566667,234.224536,1.47624604
252.6,234.273746,1.47641193
252.633333,234.322963,1.47657381
252.666667,234.372185,1.47673168
252.7,234.421412,1.47688615
252.733333,234.470644,1.47703715
252.766667,234.519881,1.47718388
252.8,234.569123,1.47732608
252.833333,234.61837,1.4774647
252.866667,234.66762,1.47759976
252.9,234.716875,1.47773072
252.933333,234.766136,1.47785706
252.966667,234.8154,1.47797986
253,234.864667,1.4780991
253.033333,234.913939,1.47821436
253.066667,234.963215,1.47832457
253.1,235.012495,1.47843101
253.133333,235.061777,1.47853367
253.166667,235.111063,1.47863228
253.2,235.160352,1.47872552
253.233333,235.209645,1.47881501
253.266667,235.25894,1.47890081
253.3,235.308238,1.47898291
253.333333,235.357539,1.47905973
253.366667,235.406842,1.47913296
253.4,235.456148,1.47920261
253.433333,235.505455,1.47926866
253.466667,235.554765,1.47932952
253.5,235.604077,1.47938659
253.533333,235.653391,1.47944004
253.566667,235.702706,1.47948991
253.6,235.752024,1.47953492
253.633333,235.801342,1.47957623
253.666667,235.850662,1.47961422
253.7,235.899983,1.47964895
253.733333,235.949305,1.47967947
253.766667,235.998628,1.47970644
253.8,236.047952,1.47973032
253.833333,236.097277,1.47975113
253.866667,236.146602,1.47976806
253.9,236.195928,1.4797814
253.933333,236.245254,1.47979183
253.966667,236.294581,1.47979939
254,236.343907,1.47980355
254.033333,236.393234,1.47980447
254.066667,236.442561,1.4798029
254.1,236.491888,1.47979889
254.133333,236.541214,1.47979213
254.166667,236.59054,1.47978242
254.2,236.639866,1.47977049
254.233333,236.689192,1.47975637
254.266667,236.738517,1.47973982
254.3,236.787841,1.47972047
254.333333,236.837165,1.47969915
254.366667,236.886488,1.47967593
254.4,236.93581,1.47965076
254.433333,236.985131,1.47962326
254.466667,237.034451,1.47959423
254.5,237.08377,1.4795637
254.533333,237.133089,1.47953171
254.566667,237.182406,1.47949773
254.6,237.231722,1.47946242
254.633333,237.281037,1.4794258
254.666667,237.33035,1.47938792
254.7,237.379662,1.47934828
254.733333,237.428973,1.47930752
254.766667,237.478283,1.47926572
254.8,237.527591,1.47922295
254.833333,237.576898,1.47917895
254.866667,237.626203,1.47913412
254.9,237.675507,1.47908852
254.933333,237.724809,1.4790422
254.966667,237.77411,1.47899492
255,237.823408,1.47894686
255.033333,237.872706,1.4788981
255.066667,237.922002,1.47884868
255.1,237.971296,1.47879843
255.133333,238.020588,1.4787475
255.166667,238.069879,1.47869605
255.2,238.119168,1.47864412
255.233333,238.168455,1.47859163
255.266667,238.217741,1.47853864
255.3,238.267024,1.47848525
255.333333,238.316307,1.47843143
255.366667,238.365587,1.47837711
255.4,238.414865,1.4783222
255.433333,238.464141,1.47826683
255.466667,238.513416,1.478211
255.5,238.562689,1.47815465
255.533333,238.61196,1.47809772
255.566667,238.661229,1.4780404
255.6,238.710496,1.47798268
255.633333,238.759761,1.47792454
255.666667,238.809024,1.47786586
255.7,238.858285,1.47780675
255.733333,238.907544,1.4777472
255.766667,238.956802,1.47768715
255.8,239.006057,1.47762636
255.833333,239.05531,1.47756503
255.866667,239.104561,1.47750315
255.9,239.153811,1.47744072
255.933333,239.203057,1.4773775
255.966667,239.252302,1.47731375
256,239.301545,1.47724947
256.033333,239.350786,1.47718465
256.066667,239.400024,1.47711905
256.1,239.44926,1.47705281
256.133333,239.498494,1.47698594
256.166667,239.547726,1.47691842
256.2,239.596955,1.47684997
256.233333,239.646182,1.47678075
256.266667,239.695407,1.47671083
256.3,239.74463,1.47664023
256.333333,239.79385,1.47656873
256.366667,239.843067,1.47649648
256.4,239.892283,1.47642356
256.433333,239.941496,1.47634999
256.466667,239.990706,1.47627556
256.5,240.039914,1.47620029
256.533333,240.089119,1.47612431
256.566667,240.138323,1.4760476
256.6,240.187523,1.47597001
256.633333,240.23672,1.47589152
256.666667,240.285915,1.47581234
256.7,240.335108,1.4757325
256.733333,240.384298,1.4756519
256.766667,240.433485,1.47557051
256.8,240.482669,1.47548852
256.833333,240.531851,1.47540595
256.866667,240.58103,1.47532273
256.9,240.630205,1.4752387
256.933333,240.679378,1.47515409
256.966667,240.728549,1.4750689
257,240.777717,1.47498312
257.033333,240.826881,1.47489662
257.066667,240.876043,1.47480965
257.1,240.925202,1.47472226
257.133333,240.974358,1.47463447
257.166667,241.023511,1.47454618
257.2,241.072661,1.47445758
257.233333,241.121808,1.47436868
257.266667,241.170952,1.47427952
257.3,241.220093,1.47419013
257.333333,241.269231,1.47410071
257.366667,241.318367,1.47401128
257.4,241.367499,1.47392185
257.433333,241.416628,1.47383246
257.466667,241.465754,1.47374315
257.5,241.514878,1.47365394
257.533333,241.563998,1.47356488
257.566667,241.613115,1.47347605
257.6,241.662229,1.47338746
257.633333,241.711341,1.47329911
257.666667,241.76045,1.47321101
257.7,241.809555,1.47312325
257.733333,241.858658,1.47303581
257.766667,241.907757,1.47294868
257.8,241.956855,1.47286187
257.833333,242.005949,1.47277549
257.866667,242.055039,1.47268961
257.9,242.104128,1.47260416
257.933333,242.153213,1.47251918
257.966667,242.202296,1.47243478
258,242.251375,1.47235106
258.033333,242.300452,1.47226788
258.066667,242.349527,1.47218524
258.1,242.398598,1.47210323
258.133333,242.447667,1.47202199
258.166667,242.496733,1.47194133
258.2,242.545796,1.47186128
258.233333,242.594857,1.4717819
258.266667,242.643915,1.47170343
258.3,242.69297,1.47162565
258.333333,242.742023,1.47154857
258.366667,242.791074,1.47147222
258.4,242.840122,1.47139692
258.433333,242.889167,1.47132234
258.466667,242.93821,1.47124847
258.5,242.987251,1.47117532
258.533333,243.036288,1.47110321
258.566667,243.085324,1.47103183
258.6,243.134357,1.47096117
258.633333,243.183388,1.47089125
258.666667,243.232416,1.47082237
258.7,243.281443,1.47075429
258.733333,243.330467,1.47068696
258.766667,243.379489,1.47062038
258.8,243.428508,1.4705548
258.833333,243.477525,1.47049001
258.866667,243.526541,1.47042592
258.9,243.575554,1.47036252
258.933333,243.624565,1.47029999
258.966667,243.673574,1.47023825
259,243.722581,1.47017716
259.033333,243.771586,1.47011673
259.066667,243.820589,1.47005711
259.1,243.86959,1.46999828
259.133333,243.918588,1.46994007
259.166667,243.967586,1.46988248
259.2,244.016581,1.46982561
259.233333,244.065574,1.46976944
259.266667,244.114565,1.46971382
259.3,244.163555,1.46965872
259.333333,244.212543,1.46960422
259.366667,244.261529,1.46955036
259.4,244.310513,1.469497
259.433333,244.359495,1.46944411
259.466667,244.408476,1.46939175
259.5,244.457454,1.46934002
259.533333,244.506432,1.46928872
259.566667,244.555407,1.46923785
259.6,244.604381,1.46918741
259.633333,244.653353,1.46913752
259.666667,244.702323,1.46908798
259.7,244.751292,1.4690388
259.733333,244.80026,1.46898997
259.766667,244.849225,1.46894163
259.8,244.898189,1.46889363
259.833333,244.947151,1.46884596
259.866667,244.996112,1.46879863
259.9,245.045071,1.46875176
259.933333,245.094029,1.46870522
259.966667,245.142985,1.46865898
260,245.191939,1.46861304
260.033333,245.240892,1.46856749
260.066667,245.289844,1.46852224
260.1,245.338794,1.46847728
260.133333,245.387742,1.46843261
260.166667,245.436689,1.46838831
260.2,245.485635,1.46834437
260.233333,245.534579,1.46830073
260.266667,245.583522,1.4682574
260.3,245.632463,1.46821447
260.333333,245.681402,1.46817193
260.366667,245.730341,1.4681297
260.4,245.779278,1.46808779
260.433333,245.828213,1.46804628
260.466667,245.877147,1.46800518
260.5,245.92608,1.46796443
260.533333,245.975012,1.46792404
260.566667,246.023942,1.46788407
260.6,246.072871,1.46784468
260.633333,246.121798,1.46780579
260.666667,246.170725,1.46776741
260.7,246.21965,1.46772964
260.733333,246.268573,1.46769259
260.766667,246.317496,1.46765607
260.8,246.366417,1.4676201
260.833333,246.415337,1.46758472
260.866667,246.464256,1.46755013
260.9,246.513174,1.46751614
260.933333,246.56209,1.46748275
260.966667,246.611006,1.46744999
261,246.65992,1.46741817
261.033333,246.708834,1.46738699
261.066667,246.757746,1.46735647
261.1,246.806658,1.4673266
261.133333,246.855568,1.46729767
261.166667,246.904477,1.46726943
261.2,246.953386,1.46724184
261.233333,247.002294,1.46721492
261.266667,247.0512,1.46718895
261.3,247.100106,1.46716373
261.333333,247.149011,1.46713922
261.366667,247.197916,1.46711542
261.4,247.246819,1.4670926
261.433333,247.295722,1.46707059
261.466667,247.344624,1.4670493
261.5,247.393525,1.46702873
261.533333,247.442426,1.46700906
261.566667,247.491326,1.46699023
261.6,247.540225,1.46697209
261.633333,247.589124,1.46695466
261.666667,247.638022,1.46693809
261.7,247.68692,1.4669224
261.733333,247.735817,1.46690742
261.766667,247.784714,1.46689315
261.8,247.83361,1.4668797
261.833333,247.882505,1.46686714
261.866667,247.931401,1.46685526
261.9,247.980296,1.46684403
261.933333,248.029191,1.46683354
261.966667,248.078085,1.46682389
262,248.126979,1.46681486
262.033333,248.175872,1.46680645
262.066667,248.224766,1.4667987
262.1,248.273659,1.46679179
262.133333,248.322552,1.46678546
262.166667,248.371445,1.46677972
262.2,248.420337,1.46677458
262.233333,248.46923,1.46677021
262.266667,248.518122,1.46676637
262.3,248.567014,1.46676303
262.333333,248.615906,1.46676018
262.366667,248.664798,1.46675801
262.4,248.71369,1.46675631
262.433333,248.762582,1.46675505
262.466667,248.811474,1.46675422
262.5,248.860366,1.46675399
262.533333,248.909257,1.4667542
262.566667,248.958149,1.46675479
262.6,249.007041,1.46675577
262.633333,249.055933,1.46675722
262.666667,249.104825,1.46675904
262.7,249.153717,1.46676117
262.733333,249.202609,1.4667636
262.766667,249.251501,1.4667664
262.8,249.300393,1.4667695
262.833333,249.349286,1.46677287
262.866667,249.398178,1.46677649
262.9,249.447071,1.46678042
262.933333,249.495964,1.46678462
262.966667,249.544857,1.46678904
263,249.59375,1.46679366
263.033333,249.642643,1.46679851
263.066667,249.691536,1.46680356
263.1,249.74043,1.46680877
263.133333,249.789323,1.46681412
263.166667,249.838217,1.46681964
263.2,249.887111,1.46682533
263.233333,249.936006,1.46683115
263.266667,249.9849,1.4668371
263.3,250.033795,1.46684319
263.333333,250.08269,1.46684943
263.366667,250.131585,1.46685578
263.4,250.18048,1.46686223
263.433333,250.229376,1.46686878
263.466667,250.278271,1.46687545
263.5,250.327167,1.46688225
263.533333,250.376063,1.46688922
263.566667,250.42496,1.46689641
263.6,250.473857,1.46690394
263.633333,250.522754,1.46691169
263.666667,250.571651,1.46691966
263.7,250.620548,1.46692784
263.733333,250.669446,1.46693633
263.766667,250.718344,1.46694504
263.8,250.767242,1.46695396
263.833333,250.816141,1.46696311
263.866667,250.86504,1.46697256
263.9,250.913939,1.46698226
263.933333,250.962839,1.46699218
263.966667,251.011738,1.46700234
264,251.060639,1.4670128
264.033333,251.109539,1.46702352
264.066667,251.15844,1.46703447
264.1,251.207342,1.46704565
264.133333,251.256243,1.46705713
264.166667,251.305146,1.46706889
264.2,251.354048,1.46708089
264.233333,251.402951,1.46709315
264.266667,251.451854,1.46710572
264.3,251.500758,1.46711861
264.333333,251.549662,1.46713177
264.366667,251.598567,1.46714519
264.4,251.647472,1.46715893
264.433333,251.696377,1.46717301
264.466667,251.745283,1.46718737
264.5,251.79419,1.467202
264.533333,251.843097,1.46721694
264.566667,251.892004,1.46723225
264.6,251.940912,1.46724786
264.633333,251.989821,1.46726376
264.666667,252.03873,1.46727997
264.7,252.08764,1.4672966
264.733333,252.13655,1.46731353
264.766667,252.18546,1.46733076
264.8,252.234372,1.46734829
264.833333,252.283284,1.46736625
264.866667,252.332196,1.46738451
264.9,252.381109,1.46740306
264.933333,252.430023,1.46742191
264.966667,252.478937,1.46744119
265,252.527852,1.46746077
265.033333,252.576768,1.46748066
265.066667,252.625684,1.46750084
265.1,252.674602,1.46752144
265.133333,252.723519,1.46754235
265.166667,252.772438,1.46756354
265.2,252.821357,1.46758502
265.233333,252.870277,1.46760686
265.266667,252.919197,1.46762902
265.3,252.968119,1.46765143
265.333333,253.017041,1.46767412
265.366667,253.065964,1.46769713
265.4,253.114887,1.46772045
265.433333,253.163812,1.46774402
265.466667,253.212737,1.46776784
265.5,253.261663,1.46779195
265.533333,253.31059,1.46781635
265.566667,253.359517,1.46784096
265.6,253.408446,1.46786578
265.633333,253.457375,1.46789085
265.666667,253.506305,1.46791617
265.7,253.555236,1.46794167
265.733333,253.604168,1.46796736
265.766667,253.6531,1.46799324
265.8,253.702034,1.46801935
265.833333,253.750969,1.46804562
265.866667,253.799904,1.46807204
265.9,253.84884,1.46809862
265.933333,253.897777,1.46812538
265.966667,253.946715,1.46815226
266,253.995654,1.46817926
266.033333,254.044594,1.46820636
266.066667,254.093534,1.46823361
266.1,254.142476,1.46826094
266.133333,254.191418,1.46828835
266.166667,254.240362,1.46831584
266.2,254.289306,1.46834344
266.233333,254.338251,1.4683711
266.266667,254.387198,1.46839881
266.3,254.436144,1.46842657
266.333333,254.485093,1.46845439
266.366667,254.534042,1.46848223
266.4,254.582991,1.46851011
266.433333,254.631942,1.468538
266.466667,254.680894,1.46856591
266.5,254.729847,1.46859383
266.533333,254.7788,1.46862176
266.566667,254.827755,1.46864969
266.6,254.87671,1.46867763
266.633333,254.925667,1.46870555
266.666667,254.974624,1.46873347
266.7,255.023582,1.46876137
266.733333,255.072541,1.46878925
266.766667,255.121501,1.4688171
266.8,255.170463,1.46884493
266.833333,255.219424,1.46887273
266.866667,255.268387,1.4689005
266.9,255.317351,1.46892824
266.933333,255.366316,1.46895595
266.966667,255.415281,1.46898364
267,255.464248,1.46901129
267.033333,255.513216,1.46903891
267.066667,255.562184,1.4690665
267.1,255.611153,1.46909406
267.133333,255.660124,1.46912159
267.166667,255.709095,1.46914908
267.2,255.758067,1.46917654
267.233333,255.80704,1.46920397
267.266667,255.856014,1.46923138
267.3,255.904989,1.46925876
267.333333,255.953964,1.46928611
267.366667,256.002941,1.46931346
267.4,256.051919,1.46934078
267.433333,256.100897,1.46936808
267.466667,256.149877,1.46939537
267.5,256.198857,1.46942265
267.533333,256.247838,1.46944991
267.566667,256.29682,1.46947716
267.6,256.345803,1.46950441
267.633333,256.394787,1.46953165
267.666667,256.443772,1.46955888
267.7,256.492758,1.46958612
267.733333,256.541744,1.46961336
267.766667,256.590732,1.4696406
267.8,256.63972,1.46966785
267.833333,256.68871,1.46969511
267.866667,256.7377,1.46972237
267.9,256.786691,1.46974964
267.933333,256.835683,1.46977692
267.966667,256.884676,1.4698042
268,256.93367,1.46983149
268.033333,256.982665,1.4698588
268.066667,257.031661,1.46988611
268.1,257.080658,1.46991344
268.133333,257.129655,1.46994078
268.166667,257.178654,1.46996812
268.2,257.227653,1.46999548
268.233333,257.276653,1.47002284
268.266667,257.325655,1.47005021
268.3,257.374657,1.47007758
268.333333,257.42366,1.47010495
268.366667,257.472664,1.47013232
268.4,257.521669,1.47015968
268.433333,257.570674,1.47018704
268.466667,257.619681,1.47021439
268.5,257.668688,1.47024173
268.533333,257.717697,1.47026906
268.566667,257.766707,1.47029636
268.6,257.815717,1.47032365
268.633333,257.864728,1.47035091
268.666667,257.91374,1.47037813
268.7,257.962753,1.47040532
268.733333,258.011767,1.47043247
268.766667,258.060782,1.47045958
268.8,258.109798,1.47048663
268.833333,258.158815,1.47051362
268.866667,258.207832,1.47054056
268.9,258.256851,1.47056745
268.933333,258.30587,1.47059426
268.966667,258.35489,1.47062099
269,258.403911,1.47064764
269.033333,258.452933,1.47067423
269.066667,258.501956,1.4707007
269.1,258.55098,1.47072707
269.133333,258.600005,1.47075335
269.166667,258.64903,1.47077954
269.2,258.698057,1.4708056
269.233333,258.747084,1.47083154
269.266667,258.796112,1.47085737
269.3,258.845141,1.47088309
269.333333,258.894171,1.47090867
269.366667,258.943202,1.4709341
269.4,258.992233,1.4709594
269.433333,259.041266,1.47098458
269.466667,259.090299,1.47100959
269.5,259.139333,1.47103443
269.533333,259.188368,1.47105914
269.566667,259.237404,1.4710837
269.6,259.28644,1.47110809
269.633333,259.335478,1.4711323
269.666667,259.384516,1.47115635
269.7,259.433555,1.47118026
269.733333,259.482594,1.47120399
269.766667,259.531635,1.47122751
269.8,259.580676,1.47125087
269.833333,259.629718,1.47127407
269.866667,259.678761,1.47129711
269.9,259.727805,1.47131991
269.933333,259.776849,1.47134255
269.966667,259.825894,1.47136503
270,259.87494,1.47138734
270.033333,259.923987,1.47140942
270.066667,259.973034,1.47143133
270.1,260.022082,1.47145308
270.133333,260.071131,1.47147467
270.166667,260.12018,1.47149603
270.2,260.169231,1.47151721
270.233333,260.218282,1.47153824
270.266667,260.267333,1.4715591
270.3,260.316386,1.47157975
270.333333,260.365439,1.47160022
270.366667,260.414492,1.47162053
270.4,260.463546,1.4716407
270.433333,260.512602,1.47166066
270.466667,260.561657,1.47168045
270.5,260.610714,1.47170009
270.533333,260.659771,1.47171958
270.566667,260.708828,1.47173889
270.6,260.757887,1.47175802
270.633333,260.806945,1.47177701
270.666667,260.856005,1.47179586
270.7,260.905065,1.47181454
270.733333,260.954126,1.47183305
270.766667,261.003187,1.47185143
270.8,261.052249,1.47186968
270.833333,261.101312,1.47188778
270.866667,261.150375,1.47190571
270.9,261.199439,1.47192352
270.933333,261.248503,1.4719412
270.966667,261.297568,1.47195874
271,261.346634,1.47197612
271.033333,261.3957,1.47199339
271.066667,261.444767,1.47201053
271.1,261.493834,1.47202755
271.133333,261.542902,1.47204441
271.166667,261.591971,1.47206115
271.2,261.641039,1.47207778
271.233333,261.690109,1.4720943
271.266667,261.739179,1.47211066
271.3,261.78825,1.47212691
271.333333,261.837321,1.47214305
271.366667,261.886393,1.47215907
271.4,261.935465,1.47217494
271.433333,261.984538,1.4721907
271.466667,262.033611,1.47220635
271.5,262.082685,1.47222189
271.533333,262.131759,1.47223727
271.566667,262.180834,1.47225254
271.6,262.229909,1.4722677
271.633333,262.278985,1.47228275
271.666667,262.328061,1.47229765
271.7,262.377138,1.47231241
271.733333,262.426216,1.47232707
271.766667,262.475293,1.47234161
271.8,262.524372,1.472356
271.833333,262.57345,1.47237024
271.866667,262.62253,1.47238437
271.9,262.671609,1.47239838
271.933333,262.720689,1.47241224
271.966667,262.76977,1.47242595
272,262.818851,1.47243953
272.033333,262.867933,1.47245297
272.066667,262.917015,1.47246624
272.1,262.966097,1.47247931
272.133333,263.01518,1.47249223
272.166667,263.064263,1.47250499
272.2,263.113347,1.47251758
272.233333,263.162431,1.47252996
272.266667,263.211516,1.47254218
272.3,263.260601,1.47255424
272.333333,263.309686,1.47256613
272.366667,263.358772,1.47257779
272.4,263.407858,1.47258928
272.433333,263.456944,1.47260061
272.466667,263.506031,1.47261176
272.5,263.555118,1.47262266
272.533333,263.604206,1.4726334
272.566667,263.653294,1.47264397
272.6,263.702382,1.47265436
272.633333,263.751471,1.47266451
272.666667,263.80056,1.47267449
272.7,263.849649,1.47268429
272.733333,263.898739,1.47269391
272.766667,263.947829,1.47270329
272.8,263.996919,1.47271248
272.833333,264.04601,1.47272148
272.866667,264.095101,1.47273031
272.9,264.144192,1.4727389
272.933333,264.193283,1.4727473
272.966667,264.242375,1.47275551
273,264.291467,1.47276355
273.033333,264.340559,1.47277136
273.066667,264.389652,1.47277897
273.1,264.438744,1.4727864
273.133333,264.487837,1.47279365
273.166667,264.536931,1.47280068
273.2,264.586024,1.4728075
273.233333,264.635118,1.47281414
273.266667,264.684212,1.4728206
273.3,264.733306,1.47282686
273.333333,264.7824,1.47283291
273.366667,264.831495,1.47283878
273.4,264.880589,1.47284449
273.433333,264.929684,1.47285
273.466667,264.978779,1.4728553
273.5,265.027875,1.47286043
273.533333,265.07697,1.4728654
273.566667,265.126066,1.47287019
273.6,265.175161,1.47287476
273.633333,265.224257,1.47287917
273.666667,265.273353,1.47288343
273.7,265.322449,1.47288752
273.733333,265.371546,1.4728914
273.766667,265.420642,1.47289512
273.8,265.469739,1.47289871
273.833333,265.518835,1.47290214
273.866667,265.567932,1.47290536
273.9,265.617029,1.47290844
273.933333,265.666126,1.47291138
273.966667,265.715223,1.47291418
274,265.76432,1.47291678
274.033333,265.813418,1.47291924
274.066667,265.862515,1.47292157
274.1,265.911612,1.47292377
274.133333,265.96071,1.4729258
274.166667,266.009808,1.47292768
274.2,266.058905,1.47292944
274.233333,266.108003,1.47293108
274.266667,266.157101,1.47293255
274.3,266.206198,1.47293389
274.333333,266.255296,1.47293511
274.366667,266.304394,1.47293621
274.4,266.353492,1.47293716
274.433333,266.40259,1.47293798
274.466667,266.451688,1.47293869
274.5,266.500786,1.47293928
274.533333,266.549884,1.47293974
274.566667,266.598982,1.47294007
274.6,266.64808,1.47294029
274.633333,266.697178,1.4729404
274.666667,266.746276,1.47294039
274.7,266.795374,1.47294025
274.733333,266.844472,1.47293999
274.766667,266.89357,1.47293964
274.8,266.942668,1.47293917
274.833333,266.991766,1.47293856
274.866667,267.040864,1.47293785
274.9,267.089962,1.47293704
274.933333,267.139059,1.47293613
274.966667,267.188157,1.47293508
275,267.237255,1.47293392
275.033333,267.286353,1.47293267
275.066667,267.335451,1.47293132
275.1,267.384548,1.47292982
275.133333,267.433646,1.47292822
275.166667,267.482744,1.47292652
275.2,267.531841,1.47292473
275.233333,267.580938,1.47292279
275.266667,267.630036,1.47292075
275.3,267.679133,1.47291861
275.333333,267.72823,1.47291638
275.366667,267.777328,1.47291401
275.4,267.826425,1.47291153
275.433333,267.875522,1.47290895
275.466667,267.924619,1.47290627
275.5,267.973715,1.47290346
275.533333,268.022812,1.47290053
275.566667,268.071909,1.47289751
275.6,268.121005,1.47289438
275.633333,268.170102,1.47289113
275.666667,268.219198,1.47288776
275.7,268.268294,1.47288429
275.733333,268.31739,1.47288072
275.766667,268.366486,1.47287703
275.8,268.415582,1.47287322
275.833333,268.464678,1.47286931
275.866667,268.513773,1.47286529
275.9,268.562869,1.47286116
275.933333,268.611964,1.4728569
275.966667,268.661059,1.47285255
276,268.710154,1.47284809
276.033333,268.759249,1.47284353
276.066667,268.808344,1.47283884
276.1,268.857438,1.47283405
276.133333,268.906533,1.47282917
276.166667,268.955627,1.47282418
276.2,269.004721,1.47281906
276.233333,269.053815,1.47281385
276.266667,269.102909,1.47280855
276.3,269.152002,1.47280315
276.333333,269.201096,1.47279762
276.366667,269.250189,1.472792
276.4,269.299282,1.47278629
276.433333,269.348375,1.4727805
276.466667,269.397467,1.47277458
276.5,269.446559,1.47276857
276.533333,269.495652,1.47276249
276.566667,269.544744,1.47275632
276.6,269.593835,1.47275003
276.633333,269.642927,1.47274366
276.666667,269.692018,1.47273722
276.7,269.74111,1.47273069
276.733333,269.7902,1.47272407
276.766667,269.839291,1.47271736
276.8,269.888382,1.47271059
276.833333,269.937472,1.47270374
276.866667,269.986562,1.47269681
276.9,270.035652,1.4726898
276.933333,270.084741,1.47268272
276.966667,270.13383,1.47267559
277,270.182919,1.47266837
277.033333,270.232008,1.47266108
277.066667,270.281097,1.47265373
277.1,270.330185,1.47264633
277.133333,270.379273,1.47263886
277.166667,270.428361,1.47263133
277.2,270.477449,1.47262375
277.233333,270.526536,1.47261611
277.266667,270.575623,1.47260843
277.3,270.62471,1.47260068
277.333333,270.673796,1.47259289
277.366667,270.722883,1.47258505
277.4,270.771969,1.47257717
277.433333,270.821055,1.47256923
277.466667,270.87014,1.47256126
277.5,270.919225,1.47255325
277.533333,270.96831,1.4725452
277.566667,271.017395,1.4725371
277.6,271.066479,1.47252898
277.633333,271.115564,1.47252082
277.666667,271.164648,1.47251263
277.7,271.213731,1.47250439
277.733333,271.262814,1.47249613
277.766667,271.311898,1.47248784
277.8,271.36098,1.47247953
277.833333,271.410063,1.47247117
277.866667,271.459145,1.4724628
277.9,271.508227,1.4724544
277.933333,271.557309,1.47244597
277.966667,271.60639,1.47243752
278,271.655471,1.47242905
278.033333,271.704552,1.47242055
278.066667,271.753633,1.47241203
278.1,271.802713,1.47240349
278.133333,271.851793,1.47239493
278.166667,271.900873,1.47238635
278.2,271.949952,1.47237774
278.233333,271.999031,1.47236912
278.266667,272.04811,1.47236048
278.3,272.097188,1.47235181
278.333333,272.146267,1.47234314
278.366667,272.195345,1.47233444
278.4,272.244422,1.47232572
278.433333,272.2935,1.47231699
278.466667,272.342577,1.47230824
278.5,272.391654,1.47229947
278.533333,272.44073,1.47229069
278.566667,272.489806,1.47228189
278.6,272.538882,1.47227306
278.633333,272.587958,1.47226423
278.666667,272.637033,1.47225538
278.7,272.686108,1.47224651
278.733333,272.735183,1.47223762
278.766667,272.784257,1.47222872
278.8,272.833331,1.4722198
278.833333,272.882405,1.47221087
278.866667,272.931479,1.47220192
278.9,272.980552,1.47219296
278.933333,273.029625,1.47218398
278.966667,273.078698,1.47217499
279,273.12777,1.47216598
279.033333,273.176842,1.47215696
279.066667,273.225914,1.47214793
279.1,273.274985,1.47213888
279.133333,273.324056,1.47212982
279.166667,273.373127,1.47212075
279.2,273.422198,1.47211166
279.233333,273.471268,1.47210257
279.266667,273.520338,1.47209346
279.3,273.569408,1.47208434
279.333333,273.618477,1.47207521
279.366667,273.667546,1.47206607
279.4,273.716615,1.47205693
279.433333,273.765683,1.47204777
279.466667,273.814751,1.47203861
279.5,273.863819,1.47202945
279.533333,273.912887,1.47202028
279.566667,273.961954,1.4720111
279.6,274.011021,1.47200192
279.633333,274.060087,1.47199274
279.666667,274.109153,1.47198356
279.7,274.158219,1.47197437
279.733333,274.207285,1.47196519
279.766667,274.25635,1.47195601
279.8,274.305415,1.47194683
279.833333,274.35448,1.47193765
279.866667,274.403545,1.47192848
279.9,274.452609,1.47191932
279.933333,274.501673,1.47191016
279.966667,274.550736,1.47190101
280,274.599799,1.47189188
280.033333,274.648862,1.47188275
280.066667,274.697925,1.47187363
280.1,274.746987,1.47186453
280.133333,274.796049,1.47185544
280.166667,274.845111,1.47184637
280.2,274.894172,1.47183731
280.233333,274.943233,1.47182827
280.266667,274.992294,1.47181925
280.3,275.041355,1.47181025
280.333333,275.090415,1.47180127
280.366667,275.139475,1.47179232
280.4,275.188534,1.4717834
280.433333,275.237594,1.47177449
280.466667,275.286653,1.47176561
280.5,275.335711,1.47175676
280.533333,275.38477,1.47174793
280.566667,275.433828,1.47173914
280.6,275.482886,1.47173037
280.633333,275.531943,1.47172164
280.666667,275.581,1.47171294
280.7,275.630057,1.47170427
280.733333,275.679114,1.47169563
280.766667,275.72817,1.47168704
280.8,275.777226,1.47167848
280.833333,275.826282,1.47166995
280.866667,275.875338,1.47166146
280.9,275.924393,1.47165303
280.933333,275.973448,1.47164465
280.966667,276.022503,1.47163631
281,276.071557,1.47162803
281.033333,276.120611,1.47161982
281.066667,276.169665,1.47161167
281.1,276.218719,1.47160359
281.133333,276.267772,1.47159556
281.166667,276.316825,1.47158761
281.2,276.365878,1.47157974
281.233333,276.41493,1.47157194
281.266667,276.463983,1.47156421
281.3,276.513035,1.47155657
281.333333,276.562086,1.47154902
281.366667,276.611138,1.47154155
281.4,276.660189,1.47153415
281.433333,276.70924,1.47152685
281.466667,276.758291,1.47151964
281.5,276.807342,1.47151253
281.533333,276.856392,1.47150551
281.566667,276.905442,1.47149864
281.6,276.954492,1.47149194
281.633333,277.003541,1.47148537
281.666667,277.052591,1.47147892
281.7,277.10164,1.47147261
281.733333,277.150689,1.47146647
281.766667,277.199738,1.47146046
281.8,277.248786,1.47145457
281.833333,277.297835,1.47144882
281.866667,277.346883,1.47144325
281.9,277.395931,1.47143782
281.933333,277.444979,1.47143252
281.966667,277.494026,1.47142735
282,277.543074,1.47142237
282.033333,277.592121,1.47141752
282.066667,277.641168,1.4714128
282.1,277.690215,1.4714082
282.133333,277.739262,1.47140378
282.166667,277.788309,1.4713995
282.2,277.837356,1.47139535
282.233333,277.886402,1.47139132
282.266667,277.935448,1.47138749
282.3,277.984495,1.4713838
282.333333,278.033541,1.47138024
282.366667,278.082587,1.47137682
282.4,278.131632,1.47137357
282.433333,278.180678,1.47137048
282.466667,278.229724,1.47136751
282.5,278.278769,1.47136468
282.533333,278.327815,1.47136201
282.566667,278.37686,1.47135951
282.6,278.425905,1.47135715
282.633333,278.474951,1.47135493
282.666667,278.523996,1.47135288
282.7,278.573041,1.471351
282.733333,278.622086,1.47134927
282.766667,278.671131,1.47134768
282.8,278.720176,1.47134626
282.833333,278.769221,1.47134502
282.866667,278.818265,1.47134392
282.9,278.86731,1.47134296
282.933333,278.916355,1.47134217
282.966667,278.9654,1.47134157
283,279.014444,1.47134113
283.033333,279.063489,1.47134083
283.066667,279.112534,1.4713407
283.1,279.161578,1.47134078
283.133333,279.210623,1.47134101
283.166667,279.259668,1.47134139
283.2,279.308713,1.47134193
283.233333,279.357757,1.47134269
283.266667,279.406802,1.4713436
283.3,279.455847,1.47134467
283.333333,279.504892,1.47134588
283.366667,279.553937,1.47134733
283.4,279.602982,1.47134894
283.433333,279.652027,1.4713507
283.466667,279.701072,1.47135263
283.5,279.750117,1.47135478
283.533333,279.799162,1.47135709
283.566667,279.848207,1.47135957
283.6,279.897253,1.4713622
283.633333,279.946298,1.47136504
283.666667,279.995344,1.47136805
283.7,280.044389,1.47137123
283.733333,280.093435,1.47137456
283.766667,280.142481,1.47137809
283.8,280.191527,1.47138182
283.833333,280.240573,1.4713857
283.866667,280.289619,1.47138974
283.9,280.338666,1.47139397
283.933333,280.387712,1.47139839
283.966667,280.436759,1.47140297
284,280.485806,1.47140769
284.033333,280.534853,1.4714126
284.066667,280.5839,1.47141769
284.1,280.632947,1.47142294
284.133333,280.681995,1.47142834
284.166667,280.731042,1.4714339
284.2,280.78009,1.47143967
284.233333,280.829138,1.47144558
284.266667,280.878187,1.47145163
284.3,280.927235,1.47145785
284.333333,280.976284,1.47146425
284.366667,281.025333,1.4714708
284.4,281.074382,1.47147748
284.433333,281.123431,1.4714843
284.466667,281.172481,1.47149132
284.5,281.221531,1.47149846
284.533333,281.270581,1.47150575
284.566667,281.319631,1.47151316
284.6,281.368682,1.47152077
284.633333,281.417733,1.4715285
284.666667,281.466784,1.47153636
284.7,281.515835,1.47154434
284.733333,281.564887,1.4715525
284.766667,281.613938,1.47156078
284.8,281.662991,1.47156918
284.833333,281.712043,1.47157769
284.866667,281.761096,1.47158636
284.9,281.810149,1.47159516
284.933333,281.859202,1.47160408
284.966667,281.908256,1.4716131
285,281.95731,1.47162228
285.033333,282.006364,1.47163157
285.066667,282.055418,1.47164098
285.1,282.104473,1.47165049
285.133333,282.153528,1.47166013
285.166667,282.202584,1.47166989
285.2,282.25164,1.47167975
285.233333,282.300696,1.47168971
285.266667,282.349752,1.4716998
285.3,282.398809,1.47171
285.333333,282.447866,1.47172031
285.366667,282.496924,1.47173071
285.4,282.545982,1.47174122
285.433333,282.59504,1.47175186
285.466667,282.644099,1.47176259
285.5,282.693158,1.47177341
285.533333,282.742217,1.47178433
285.566667,282.791277,1.47179537
285.6,282.840337,1.4718065
285.633333,282.889397,1.47181772
285.666667,282.938458,1.47182904
285.7,282.987519,1.47184048
285.733333,283.03658,1.47185201
285.766667,283.085642,1.47186363
285.8,283.134705,1.47187533
285.833333,283.183767,1.47188716
285.866667,283.232831,1.47189908
285.9,283.281894,1.47191108
285.933333,283.330958,1.47192317
285.966667,283.380022,1.47193537
286,283.429087,1.47194766
286.033333,283.478152,1.47196004
286.066667,283.527218,1.4719725
286.1,283.576284,1.47198508
286.133333,283.62535,1.47199775
286.166667,283.674417,1.47201051
286.2,283.723484,1.47202335
286.233333,283.772552,1.47203629
286.266667,283.82162,1.47204934
286.3,283.870688,1.47206246
286.333333,283.919757,1.47207566
286.366667,283.968827,1.47208897
286.4,284.017897,1.47210237
286.433333,284.066967,1.47211586
286.466667,284.116038,1.47212943
286.5,284.165109,1.47214309
286.533333,284.21418,1.47215686
286.566667,284.263253,1.47217071
286.6,284.312325,1.47218464
286.633333,284.361398,1.47219865
286.666667,284.410472,1.47221277
286.7,284.459546,1.47222697
286.733333,284.50862,1.47224124
286.766667,284.557695,1.4722556
286.8,284.606771,1.47227006
286.833333,284.655847,1.4722846
286.866667,284.704923,1.47229921
286.9,284.754,1.47231391
286.933333,284.803077,1.4723287
286.966667,284.852155,1.47234357
287,284.901233,1.47235851
287.033333,284.950312,1.47237352
287.066667,284.999392,1.47238863
287.1,285.048472,1.47240381
287.133333,285.097552,1.47241906
287.166667,285.146633,1.47243437
287.2,285.195714,1.47244978
287.233333,285.244796,1.47246525
287.266667,285.293879,1.47248079
287.3,285.342961,1.47249639
287.333333,285.392045,1.47251207
287.366667,285.441129,1.47252782
287.4,285.490213,1.47254363
287.433333,285.539298,1.47255949
287.466667,285.588384,1.47257543
287.5,285.63747,1.47259142
287.533333,285.686557,1.47260747
287.566667,285.735644,1.47262357
287.6,285.784732,1.47263974
287.633333,285.83382,1.47265597
287.666667,285.882909,1.47267224
287.7,285.931998,1.47268856
287.733333,285.981088,1.47270493
287.766667,286.030179,1.47272136
287.8,286.07927,1.47273782
287.833333,286.128361,1.47275433
287.866667,286.177453,1.47277088
287.9,286.226546,1.47278748
287.933333,286.275639,1.47280412
287.966667,286.324733,1.47282079
288,286.373827,1.4728375
288.033333,286.422922,1.47285426
288.066667,286.472017,1.47287104
288.1,286.521113,1.47288785
288.133333,286.57021,1.4729047
288.166667,286.619307,1.47292158
288.2,286.668405,1.47293848
288.233333,286.717503,1.47295541
288.266667,286.766602,1.47297237
288.3,286.815701,1.47298935
288.333333,286.864801,1.47300636
288.366667,286.913901,1.47302339
288.4,286.963002,1.47304043
288.433333,287.012104,1.47305751
288.466667,287.061206,1.4730746
288.5,287.110309,1.47309171
288.533333,287.159412,1.47310883
288.566667,287.208516,1.47312597
288.6,287.257621,1.47314313
288.633333,287.306726,1.4731603
288.666667,287.355831,1.47317748
288.7,287.404938,1.47319467
288.733333,287.454045,1.47321188
288.766667,287.503152,1.4732291
288.8,287.55226,1.47324633
288.833333,287.601368,1.47326357
288.866667,287.650477,1.47328082
288.9,287.699587,1.47329808
288.933333,287.748697,1.47331535
288.966667,287.797808,1.47333262
289,287.846919,1.47334991
289.033333,287.896031,1.47336719
289.066667,287.945144,1.47338449
289.1,287.994257,1.47340179
289.133333,288.043371,1.4734191
289.166667,288.092485,1.47343641
289.2,288.1416,1.47345373
289.233333,288.190715,1.47347105
289.266667,288.239831,1.47348838
289.3,288.288948,1.47350571
289.333333,288.338065,1.47352304
289.366667,288.387183,1.47354038
289.4,288.436301,1.47355771
289.433333,288.48542,1.47357506
289.466667,288.534539,1.4735924
289.5,288.583659,1.47360973
289.533333,288.63278,1.47362703
289.566667,288.681901,1.47364431
289.6,288.731023,1.47366157
289.633333,288.780145,1.4736788
289.666667,288.829268,1.473696
289.7,288.878392,1.47371319
289.733333,288.927516,1.47373035
289.766667,288.97664,1.47374749
289.8,289.025765,1.47376459
289.833333,289.074891,1.47378167
289.866667,289.124018,1.47379873
289.9,289.173144,1.47381576
289.933333,289.222272,1.47383276
289.966667,289.2714,1.47384973
290,289.320529,1.47386668
290.033333,289.369658,1.47388361
290.066667,289.418787,1.47390051
290.1,289.467918,1.47391738
290.133333,289.517049,1.47393423
290.166667,289.56618,1.47395105
290.2,289.615312,1.47396784
290.233333,289.664445,1.4739846
290.266667,289.713578,1.47400133
290.3,289.762711,1.47401803
290.333333,289.811846,1.47403469
290.366667,289.86098,1.47405132
290.4,289.910116,1.47406792
290.433333,289.959252,1.47408449
290.466667,290.008388,1.47410103
290.5,290.057525,1.47411753
290.533333,290.106662,1.474134
290.566667,290.155801,1.47415043
290.6,290.204939,1.47416682
290.633333,290.254078,1.47418316
290.666667,290.303218,1.47419947
290.7,290.352358,1.47421574
290.733333,290.401499,1.47423197
290.766667,290.45064,1.47424814
290.8,290.499782,1.47426428
290.833333,290.548925,1.47428037
290.866667,290.598068,1.47429643
290.9,290.647211,1.47431242
290.933333,290.696355,1.47432837
290.966667,290.7455,1.47434428
291,290.794645,1.47436013
291.033333,290.84379,1.47437592
291.066667,290.892937,1.47439166
291.1,290.942083,1.47440735
291.133333,290.99123,1.47442299
291.166667,291.040378,1.47443856
291.2,291.089526,1.47445408
291.233333,291.138675,1.47446954
291.266667,291.187824,1.47448496
291.3,291.236974,1.4745003
291.333333,291.286124,1.47451558
291.366667,291.335275,1.4745308
291.4,291.384426,1.47454597
291.433333,291.433578,1.47456106
291.466667,291.48273,1.47457608
291.5,291.531883,1.47459105
291.533333,291.581036,1.47460596
291.566667,291.63019,1.47462079
291.6,291.679344,1.47463556
291.633333,291.728499,1.47465026
291.666667,291.777654,1.47466491
291.7,291.82681,1.47467948
291.733333,291.875966,1.47469398
291.766667,291.925123,1.47470841
291.8,291.97428,1.47472278
291.833333,292.023438,1.47473708
291.866667,292.072596,1.4747513
291.9,292.121755,1.47476545
291.933333,292.170914,1.47477955
291.966667,292.220073,1.47479358
292,292.269233,1.47480752
292.033333,292.318394,1.47482141
292.066667,292.367555,1.47483523
292.1,292.416716,1.47484899
292.133333,292.465878,1.47486266
292.166667,292.51504,1.47487627
292.2,292.564203,1.47488981
292.233333,292.613366,1.4749033
292.266667,292.66253,1.47491669
292.3,292.711694,1.47493003
292.333333,292.760859,1.47494331
292.366667,292.810024,1.47495653
292.4,292.859189,1.47496967
292.433333,292.908355,1.47498274
292.466667,292.957521,1.47499576
292.5,293.006688,1.47500872
292.533333,293.055855,1.47502159
292.566667,293.105023,1.47503441
292.6,293.154191,1.47504717
292.633333,293.203359,1.47505987
292.666667,293.252528,1.47507249
292.7,293.301697,1.47508506
292.733333,293.350867,1.47509757
292.766667,293.400037,1.47511002
292.8,293.449208,1.47512241
292.833333,293.498379,1.47513473
292.866667,293.54755,1.475147
292.9,293.596722,1.47515921
292.933333,293.645894,1.47517136
292.966667,293.695067,1.47518344
293,293.74424,1.47519546
293.033333,293.793413,1.47520743
293.066667,293.842587,1.47521935
293.1,293.891761,1.47523119
293.133333,293.940936,1.47524299
293.166667,293.990111,1.47525473
293.2,294.039286,1.47526641
293.233333,294.088462,1.47527803
293.266667,294.137638,1.47528959
293.3,294.186814,1.4753011
293.333333,294.235991,1.47531255
293.366667,294.285168,1.47532393
293.4,294.334346,1.47533526
293.433333,294.383524,1.47534653
293.466667,294.432702,1.47535776
293.5,294.481881,1.47536891
293.533333,294.53106,1.47538
293.566667,294.58024,1.47539105
293.6,294.62942,1.47540204
293.633333,294.6786,1.47541295
293.666667,294.727781,1.47542381
293.7,294.776962,1.47543462
293.733333,294.826143,1.47544537
293.766667,294.875325,1.47545604
293.8,294.924507,1.47546666
293.833333,294.973689,1.47547722
293.866667,295.022872,1.47548773
293.9,295.072055,1.47549816
293.933333,295.121238,1.47550854
293.966667,295.170422,1.47551885
294,295.219606,1.47552911
294.033333,295.268791,1.47553929
294.066667,295.317976,1.47554941
294.1,295.367161,1.47555947
294.133333,295.416346,1.47556947
294.166667,295.465532,1.4755794
294.2,295.514718,1.47558926
294.233333,295.563905,1.47559905
294.266667,295.613091,1.47560879
294.3,295.662279,1.47561846
294.333333,295.711466,1.47562806
294.366667,295.760654,1.47563759
294.4,295.809842,1.47564706
294.433333,295.85903,1.47565647
294.466667,295.908219,1.47566579
294.5,295.957408,1.47567505
294.533333,296.006597,1.47568425
294.566667,296.055787,1.47569338
294.6,296.104977,1.47570243
294.633333,296.154167,1.47571142
294.666667,296.203358,1.47572035
294.7,296.252548,1.47572921
294.733333,296.30174,1.47573799
294.766667,296.350931,1.4757467
294.8,296.400123,1.47575535
294.833333,296.449315,1.47576394
294.866667,296.498507,1.47577244
294.9,296.5477,1.47578088
294.933333,296.596892,1.47578925
294.966667,296.646085,1.47579757
295,296.695279,1.4758058
295.033333,296.744473,1.47581397
295.066667,296.793666,1.47582208
295.1,296.842861,1.47583012
295.133333,296.892055,1.47583809
295.166667,296.94125,1.47584599
295.2,296.990445,1.47585383
295.233333,297.03964,1.47586161
295.266667,297.088836,1.47586931
295.3,297.138031,1.47587695
295.333333,297.187227,1.47588453
295.366667,297.236424,1.47589205
295.4,297.28562,1.47589951
295.433333,297.334817,1.47590689
295.466667,297.384014,1.47591422
295.5,297.433211,1.47592149
295.533333,297.482409,1.4759287
295.566667,297.531607,1.47593584
295.6,297.580805,1.47594293
295.633333,297.630003,1.47594996
295.666667,297.679201,1.47595693
295.7,297.7284,1.47596383
295.733333,297.777599,1.47597068
295.766667,297.826798,1.47597748
295.8,297.875997,1.47598423
295.833333,297.925197,1.4759909
295.866667,297.974397,1.47599753
295.9,298.023597,1.47600411
295.933333,298.072797,1.47601063
295.966667,298.121997,1.47601709
296,298.171198,1.4760235
296.033333,298.220399,1.47602987
296.066667,298.2696,1.47603618
296.1,298.318801,1.47604243
296.133333,298.368003,1.47604863
296.166667,298.417205,1.47605479
296.2,298.466407,1.4760609
296.233333,298.515609,1.47606695
296.266667,298.564811,1.47607296
296.3,298.614014,1.47607891
296.333333,298.663216,1.47608483
296.366667,298.712419,1.47609069
296.4,298.761622,1.47609649
296.433333,298.810826,1.47610226
296.466667,298.860029,1.47610798
296.5,298.909233,1.47611365
296.533333,298.958437,1.47611927
296.566667,299.007641,1.47612485
296.6,299.056845,1.47613038
296.633333,299.106049,1.47613587
296.666667,299.155254,1.4761413
296.7,299.204459,1.47614668
296.733333,299.253664,1.476152
296.766667,299.302869,1.4761572
296.8,299.352074,1.47616226
296.833333,299.40128,1.47616724
296.866667,299.450485,1.47617211
296.9,299.499691,1.47617688
296.933333,299.548897,1.47618153
296.966667,299.598103,1.47618609
297,299.64731,1.47619056
297.033333,299.696516,1.47619493
297.066667,299.745723,1.47619916
297.1,299.794929,1.4762033
297.133333,299.844136,1.47620735
297.166667,299.893343,1.47621129
297.2,299.94255,1.47621511
297.233333,299.991758,1.47621884
297.266667,300.040965,1.47622249
297.3,300.090172,1.47622605
297.333333,300.13938,1.4762295
297.366667,300.188588,1.47623286
297.4,300.237795,1.47623614
297.433333,300.287003,1.47623933
297.466667,300.336211,1.47624239
297.5,300.38542,1.47624537
297.533333,300.434628,1.47624825
297.566667,300.483836,1.47625105
297.6,300.533045,1.47625373
297.633333,300.582253,1.47625632
297.666667,300.631462,1.47625884
297.7,300.68067,1.47626127
297.733333,300.729879,1.4762636
297.766667,300.779088,1.47626584
297.8,300.828297,1.47626799
297.833333,300.877506,1.47627006
297.866667,300.926715,1.47627201
297.9,300.975924,1.47627386
297.933333,301.025133,1.47627562
297.966667,301.074342,1.4762773
298,301.123551,1.47627888
298.033333,301.172761,1.47628036
298.066667,301.22197,1.47628176
298.1,301.27118,1.47628308
298.133333,301.320389,1.4762843
298.166667,301.369599,1.47628542
298.2,301.418808,1.47628645
298.233333,301.468018,1.47628739
298.266667,301.517227,1.47628823
298.3,301.566437,1.47628895
298.333333,301.615646,1.47628959
298.366667,301.664856,1.47629015
298.4,301.714066,1.47629062
298.433333,301.763276,1.47629098
298.466667,301.812485,1.47629125
298.5,301.861695,1.47629145
298.533333,301.910905,1.47629156
298.566667,301.960114,1.47629156
298.6,302.009324,1.47629146
298.633333,302.058534,1.47629128
298.666667,302.107744,1.47629102
298.7,302.156953,1.47629064
298.733333,302.206163,1.47629017
298.766667,302.255373,1.47628963
298.8,302.304582,1.47628901
298.833333,302.353792,1.47628828
298.866667,302.403001,1.47628747
298.9,302.452211,1.47628659
298.933333,302.501421,1.47628563
298.966667,302.55063,1.47628456
299,302.599839,1.47628341
299.033333,302.649049,1.47628218
299.066667,302.698258,1.47628088
299.1,302.747468,1.47627948
299.133333,302.796677,1.476278
299.166667,302.845886,1.47627645
299.2,302.895095,1.47627483
299.233333,302.944304,1.47627313
299.266667,302.993514,1.47627135
299.3,303.042723,1.47626951
299.333333,303.091932,1.4762676
299.366667,303.14114,1.47626561
299.4,303.190349,1.47626354
299.433333,303.239558,1.47626141
299.466667,303.288767,1.47625922
299.5,303.337975,1.47625695
299.533333,303.387184,1.47625462
299.566667,303.436392,1.47625223
299.6,303.485601,1.47624979
299.633333,303.534809,1.47624729
299.666667,303.584017,1.47624472
299.7,303.633225,1.4762421
299.733333,303.682433,1.47623943
299.766667,303.731641,1.4762367
299.8,303.780849,1.47623391
299.833333,303.830057,1.47623107
299.866667,303.879264,1.47622818
299.9,303.928472,1.47622525
299.933333,303.977679,1.47622226
299.966667,304.026887,1.47621922
300,304.076094,1.47621616
300.033333,304.125301,1.47621305
300.066667,304.174508,1.47620989
300.1,304.223715,1.47620669
300.133333,304.272922,1.47620345
300.166667,304.322129,1.47620017
300.2,304.371335,1.47619684
300.233333,304.420542,1.47619348
300.266667,304.469748,1.47619009
300.3,304.518955,1.47618666
300.333333,304.568161,1.47618319
300.366667,304.617367,1.47617969
300.4,304.666573,1.47617617
300.433333,304.715778,1.47617261
300.466667,304.764984,1.47616902
300.5,304.81419,1.4761654
300.533333,304.863395,1.47616174
300.566667,304.912601,1.47615806
300.6,304.961806,1.47615434
300.633333,305.011011,1.47615059
300.666667,305.060216,1.47614682
300.7,305.109421,1.47614303
300.733333,305.158625,1.4761392
300.766667,305.20783,1.47613535
300.8,305.257034,1.47613148
300.833333,305.306239,1.47612758
300.866667,305.355443,1.47612365
300.9,305.404647,1.47611969
300.933333,305.453851,1.47611571
300.966667,305.503055,1.47611171
301,305.552258,1.47610768
301.033333,305.601462,1.47610362
301.066667,305.650665,1.47609954
301.1,305.699868,1.47609543
301.133333,305.749072,1.47609131
301.166667,305.798275,1.47608716
301.2,305.847477,1.47608299
301.233333,305.89668,1.4760788
301.266667,305.945883,1.47607458
301.3,305.995085,1.47607034
301.333333,306.044287,1.47606607
301.366667,306.093489,1.47606178
301.4,306.142691,1.47605747
301.433333,306.191893,1.47605313
301.466667,306.241095,1.47604878
301.5,306.290297,1.4760444
301.533333,306.339498,1.47604001
301.566667,306.388699,1.47603559
301.6,306.4379,1.47603115
301.633333,306.487101,1.4760267
301.666667,306.536302,1.47602222
301.7,306.585503,1.47601772
301.733333,306.634703,1.4760132
301.766667,306.683904,1.47600866
301.8,306.733104,1.4760041
301.833333,306.782304,1.47599953
301.866667,306.831504,1.47599494
301.9,306.880704,1.47599033
301.933333,306.929903,1.47598571
301.966667,306.979103,1.47598107
302,307.028302,1.47597642
302.033333,307.077501,1.47597175
302.066667,307.1267,1.47596707
302.1,307.175899,1.47596237
302.133333,307.225097,1.47595766
302.166667,307.274296,1.47595294
302.2,307.323494,1.47594821
302.233333,307.372693,1.47594346
302.266667,307.421891,1.47593871
302.3,307.471088,1.47593396
302.333333,307.520286,1.47592919
302.366667,307.569484,1.47592442
302.4,307.618681,1.47591965
302.433333,307.667878,1.47591486
302.466667,307.717075,1.47591007
302.5,307.766272,1.47590528
302.533333,307.815469,1.47590049
302.566667,307.864666,1.47589569
302.6,307.913862,1.4758909
302.633333,307.963059,1.47588611
302.666667,308.012255,1.47588132
302.7,308.061451,1.47587653
302.733333,308.110646,1.47587175
302.766667,308.159842,1.47586697
302.8,308.209038,1.4758622
302.833333,308.258233,1.47585743
302.866667,308.307428,1.47585267
302.9,308.356623,1.47584791
302.933333,308.405818,1.47584317
302.966667,308.455013,1.47583844
303,308.504207,1.47583372
303.033333,308.553401,1.47582901
303.066667,308.602596,1.47582431
303.1,308.65179,1.47581963
303.133333,308.700984,1.47581497
303.166667,308.750177,1.47581032
303.2,308.799371,1.47580568
303.233333,308.848564,1.47580106
303.266667,308.897758,1.47579646
303.3,308.946951,1.47579187
303.333333,308.996144,1.47578731
303.366667,309.045337,1.47578277
303.4,309.094529,1.47577825
303.433333,309.143722,1.47577374
303.466667,309.192914,1.47576926
303.5,309.242107,1.47576481
303.533333,309.291299,1.47576037
303.566667,309.340491,1.47575596
303.6,309.389682,1.47575157
303.633333,309.438874,1.47574721
303.666667,309.488066,1.47574287
303.7,309.537257,1.47573855
303.733333,309.586448,1.47573425
303.766667,309.635639,1.47572999
303.8,309.68483,1.47572576
303.833333,309.734021,1.47572154
303.866667,309.783212,1.47571735
303.9,309.832402,1.4757132
303.933333,309.881592,1.47570907
303.966667,309.930783,1.47570496
304,309.979973,1.47570088
304.033333,310.029163,1.47569683
304.066667,310.078353,1.47569281
304.1,310.127542,1.47568882
304.133333,310.176732,1.47568484
304.166667,310.225921,1.47568091
304.2,310.275111,1.475677
304.233333,310.3243,1.47567312
304.266667,310.373489,1.47566926
304.3,310.422678,1.47566544
304.333333,310.471866,1.47566164
304.366667,310.521055,1.47565787
304.4,310.570244,1.47565413
304.433333,310.619432,1.47565042
304.466667,310.66862,1.47564674
304.5,310.717808,1.47564308
304.533333,310.766997,1.47563945
304.566667,310.816184,1.47563586
304.6,310.865372,1.4756323
304.633333,310.91456,1.47562876
304.666667,310.963747,1.47562525
304.7,311.012935,1.47562177
304.733333,311.062122,1.47561832
304.766667,311.111309,1.4756149
304.8,311.160497,1.47561151
304.833333,311.209684,1.47560815
304.866667,311.25887,1.47560482
304.9,311.308057,1.47560152
304.933333,311.357244,1.47559825
304.966667,311.40643,1.47559501
305,311.455617,1.4755918
305.033333,311.504803,1.47558863
305.066667,311.553989,1.47558548
305.1,311.603176,1.47558237
305.133333,311.652362,1.47557929
305.166667,311.701548,1.47557624
305.2,311.750733,1.47557322
305.233333,311.799919,1.47557023
305.266667,311.849105,1.47556729
305.3,311.89829,1.47556437
305.333333,311.947476,1.47556149
305.366667,311.996661,1.47555864
305.4,312.045846,1.47555583
305.433333,312.095031,1.47555305
305.466667,312.144216,1.47555031
305.5,312.193401,1.4755476
305.533333,312.242586,1.47554493
305.566667,312.291771,1.4755423
305.6,312.340956,1.4755397
305.633333,312.39014,1.47553714
305.666667,312.439325,1.47553462
305.7,312.488509,1.47553215
305.733333,312.537694,1.47552971
305.766667,312.586878,1.4755273
305.8,312.636062,1.47552494
305.833333,312.685246,1.47552263
305.866667,312.73443,1.47552035
305.9,312.783614,1.47551811
305.933333,312.832798,1.47551591
305.966667,312.881982,1.47551376
306,312.931166,1.47551165
306.033333,312.98035,1.47550958
306.066667,313.029533,1.47550755
306.1,313.078717,1.47550558
306.133333,313.1279,1.47550365
306.166667,313.177084,1.47550176
306.2,313.226267,1.47549991
306.233333,313.27545,1.47549813
306.266667,313.324634,1.47549638
306.3,313.373817,1.47549467
306.333333,313.423,1.47549301
306.366667,313.472183,1.47549141
306.4,313.521366,1.47548985
306.433333,313.570549,1.47548833
306.466667,313.619732,1.47548686
306.5,313.668915,1.47548545
306.533333,313.718098,1.47548409
306.566667,313.76728,1.47548277
306.6,313.816463,1.4754815
306.633333,313.865646,1.47548028
306.666667,313.914828,1.47547911
306.7,313.964011,1.47547796
306.733333,314.013194,1.47547683
306.766667,314.062376,1.47547571
306.8,314.111559,1.47547461
306.833333,314.160741,1.47547353
306.866667,314.209924,1.47547247
306.9,314.259106,1.47547143
306.933333,314.308288,1.47547041
306.966667,314.357471,1.47546941
307,314.406653,1.47546843
307.033333,314.455835,1.47546747
307.066667,314.505017,1.47546653
307.1,314.5542,1.4754656
307.133333,314.603382,1.47546469
307.166667,314.652564,1.4754638
307.2,314.701746,1.47546295
307.233333,314.750928,1.47546211
307.266667,314.80011,1.4754613
307.3,314.849292,1.47546051
307.333333,314.898474,1.47545975
307.366667,314.947656,1.47545902
307.4,314.996838,1.4754583
307.433333,315.04602,1.4754576
307.466667,315.095202,1.47545693
307.5,315.144384,1.47545627
307.533333,315.193566,1.47545564
307.566667,315.242748,1.47545503
307.6,315.291929,1.47545445
307.633333,315.341111,1.4754539
307.666667,315.390293,1.47545336
307.7,315.439475,1.47545285
307.733333,315.488657,1.47545237
307.766667,315.537838,1.47545191
307.8,315.58702,1.47545146
307.833333,315.636202,1.47545103
307.866667,315.685383,1.47545063
307.9,315.734565,1.47545024
307.933333,315.783747,1.47544988
307.966667,315.832928,1.47544953
308,315.88211,1.47544921
308.033333,315.931292,1.47544891
308.066667,315.980473,1.47544863
308.1,316.029655,1.47544837
308.133333,316.078837,1.47544814
308.166667,316.128018,1.47544792
308.2,316.1772,1.47544771
308.233333,316.226381,1.47544752
308.266667,316.275563,1.47544735
308.3,316.324745,1.47544719
308.333333,316.373926,1.47544706
308.366667,316.423108,1.47544694
308.4,316.472289,1.47544684
308.433333,316.521471,1.47544676
308.466667,316.570652,1.4754467
308.5,316.619834,1.47544666
308.533333,316.669015,1.47544663
308.566667,316.718197,1.47544662
308.6,316.767379,1.47544662
308.633333,316.81656,1.47544663
308.666667,316.865742,1.47544667
308.7,316.914923,1.47544672
308.733333,316.964105,1.47544679
308.766667,317.013286,1.47544687
308.8,317.062468,1.47544698
308.833333,317.111649,1.47544711
308.866667,317.160831,1.47544725
308.9,317.210013,1.47544741
308.933333,317.259194,1.47544759
308.966667,317.308376,1.47544778
309,317.357557,1.475448
309.033333,317.406739,1.47544822
309.066667,317.455921,1.47544847
309.1,317.505102,1.47544874
309.133333,317.554284,1.47544903
309.166667,317.603466,1.47544935
309.2,317.652647,1.47544968
309.233333,317.701829,1.47545004
309.266667,317.75101,1.47545042
309.3,317.800192,1.47545082
309.333333,317.849374,1.47545124
309.366667,317.898556,1.47545169
309.4,317.947737,1.47545216
309.433333,317.996919,1.47545265
309.466667,318.046101,1.47545316
309.5,318.095283,1.4754537
309.533333,318.144464,1.47545428
309.566667,318.193646,1.47545488
309.6,318.242828,1.4754555
309.633333,318.29201,1.47545615
309.666667,318.341192,1.47545684
309.7,318.390374,1.47545755
309.733333,318.439556,1.47545828
309.766667,318.488738,1.47545904
309.8,318.53792,1.47545984
309.833333,318.587102,1.47546067
309.866667,318.636284,1.47546152
309.9,318.685466,1.4754624
309.933333,318.734648,1.47546333
309.966667,318.78383,1.47546429
310,318.833012,1.47546527
310.033333,318.882194,1.47546629
310.066667,318.931377,1.47546734
310.1,318.980559,1.47546843
310.133333,319.029741,1.47546954
310.166667,319.078923,1.47547069
310.2,319.128106,1.47547188
310.233333,319.177288,1.47547309
310.266667,319.226471,1.47547435
310.3,319.275653,1.47547563
310.333333,319.324836,1.47547696
310.366667,319.374018,1.47547832
310.4,319.423201,1.47547971
310.433333,319.472384,1.47548114
310.466667,319.521566,1.4754826
310.5,319.570749,1.4754841
310.533333,319.619932,1.47548563
310.566667,319.669115,1.47548719
310.6,319.718298,1.47548879
310.633333,319.767481,1.47549043
310.666667,319.816664,1.4754921
310.7,319.865847,1.4754938
310.733333,319.91503,1.47549554
310.766667,319.964213,1.47549731
310.8,320.013397,1.47549912
310.833333,320.06258,1.47550096
310.866667,320.111763,1.47550283
310.9,320.160947,1.47550474
310.933333,320.21013,1.47550667
310.966667,320.259314,1.47550864
311,320.308497,1.47551064
311.033333,320.357681,1.47551268
311.066667,320.406865,1.47551474
311.1,320.456049,1.47551684
311.133333,320.505233,1.47551897
311.166667,320.554417,1.47552113
311.2,320.603601,1.47552332
311.233333,320.652785,1.47552554
311.266667,320.701969,1.47552779
311.3,320.751154,1.47553007
311.333333,320.800338,1.47553238
311.366667,320.849522,1.47553472
311.4,320.898707,1.47553708
311.433333,320.947891,1.47553948
311.466667,320.997076,1.4755419
311.5,321.046261,1.47554435
311.533333,321.095446,1.47554683
311.566667,321.144631,1.47554934
311.6,321.193816,1.47555188
311.633333,321.243001,1.47555444
311.666667,321.292186,1.47555703
311.7,321.341371,1.47555964
311.733333,321.390557,1.47556226
311.766667,321.439742,1.47556485
311.8,321.488928,1.47556741
311.833333,321.538113,1.47556991
311.866667,321.587299,1.47557237
311.9,321.636485,1.4755748
311.933333,321.685671,1.4755772
311.966667,321.734857,1.47557956
312,321.784043,1.47558189
312.033333,321.833229,1.47558418
312.066667,321.882415,1.47558644
312.1,321.931601,1.47558865
312.133333,321.980788,1.47559082
312.166667,322.029974,1.47559295
312.2,322.07916,1.47559506
312.233333,322.128347,1.47559713
312.266667,322.177534,1.47559918
312.3,322.22672,1.4756012
312.333333,322.275907,1.47560321
312.366667,322.325094,1.47560519
312.4,322.374281,1.47560713
312.433333,322.423468,1.47560906
312.466667,322.472655,1.47561096
312.5,322.521842,1.47561282
312.533333,322.571029,1.47561465
312.566667,322.620216,1.47561646
312.6,322.669403,1.47561824
312.633333,322.71859,1.47562001
312.666667,322.767778,1.47562175
312.7,322.816965,1.47562348
312.733333,322.866153,1.47562518
312.766667,322.91534,1.47562687
312.8,322.964528,1.47562853
312.833333,323.013715,1.47563017
312.866667,323.062903,1.47563178
312.9,323.112091,1.47563336
312.933333,323.161279,1.47563491
312.966667,323.210467,1.47563644
313,323.259655,1.47563795
313.033333,323.308842,1.47563944
313.066667,323.35803,1.4756409
313.1,323.407219,1.47564234
313.133333,323.456407,1.47564377
313.166667,323.505595,1.47564517
313.2,323.554783,1.47564654
313.233333,323.603971,1.47564788
313.266667,323.653159,1.47564919
313.3,323.702348,1.47565047
313.333333,323.751536,1.47565172
313.366667,323.800725,1.47565294
313.4,323.849913,1.47565414
313.433333,323.899102,1.47565531
313.466667,323.94829,1.47565646
313.5,323.997479,1.47565758
313.533333,324.046667,1.47565867
313.566667,324.095856,1.47565973
313.6,324.145045,1.47566076
313.633333,324.194233,1.47566175
313.666667,324.243422,1.47566271
313.7,324.292611,1.47566364
313.733333,324.3418,1.47566453
313.766667,324.390988,1.47566539
313.8,324.440177,1.47566622
313.833333,324.489366,1.47566703
313.866667,324.538555,1.47566781
313.9,324.587744,1.47566855
313.933333,324.636933,1.47566927
313.966667,324.686122,1.47566995
314,324.735311,1.4756706
314.033333,324.7845,1.4756712
314.066667,324.833689,1.47567178
314.1,324.882878,1.47567232
314.133333,324.932067,1.47567284
314.166667,324.981256,1.47567332
314.2,325.030445,1.47567378
314.233333,325.079635,1.47567421
314.266667,325.128824,1.47567461
314.3,325.178013,1.47567498
314.333333,325.227202,1.47567533
314.366667,325.276391,1.47567564
314.4,325.32558,1.47567593
314.433333,325.37477,1.47567618
314.466667,325.423959,1.47567641
314.5,325.473148,1.47567661
314.533333,325.522337,1.47567679
314.566667,325.571526,1.47567695
314.6,325.620716,1.47567708
314.633333,325.669905,1.4756772
314.666667,325.719094,1.4756773
314.7,325.768283,1.47567737
314.733333,325.817473,1.47567743
314.766667,325.866662,1.47567746
314.8,325.915851,1.47567748
314.833333,325.96504,1.47567747
314.866667,326.01423,1.47567745
314.9,326.063419,1.47567741
314.933333,326.112608,1.47567736
314.966667,326.161797,1.4756773
315,326.210987,1.47567723
315.033333,326.260176,1.47567715
315.066667,326.309365,1.47567706
315.1,326.358554,1.47567697
315.133333,326.407744,1.47567685
315.166667,326.456933,1.47567673
315.2,326.506122,1.47567661
315.233333,326.555311,1.47567647
315.266667,326.6045,1.47567632
315.3,326.65369,1.47567618
315.333333,326.702879,1.47567603
315.366667,326.752068,1.47567588
315.4,326.801257,1.47567573
315.433333,326.850446,1.47567558
315.466667,326.899636,1.47567543
315.5,326.948825,1.47567527
315.533333,326.998014,1.47567511
315.566667,327.047203,1.47567495
315.6,327.096392,1.47567479
315.633333,327.145582,1.47567464
315.666667,327.194771,1.47567448
315.7,327.24396,1.47567432
315.733333,327.293149,1.47567417
315.766667,327.342338,1.47567403
315.8,327.391527,1.47567389
315.833333,327.440716,1.47567375
315.866667,327.489905,1.47567361
315.9,327.539095,1.47567348
315.933333,327.588284,1.47567334
315.966667,327.637473,1.47567321
316,327.686662,1.47567308
316.033333,327.735851,1.47567296
316.066667,327.78504,1.47567283
316.1,327.834229,1.47567272
316.133333,327.883418,1.47567261
316.166667,327.932607,1.4756725
316.2,327.981796,1.4756724
316.233333,328.030986,1.4756723
316.266667,328.080175,1.4756722
316.3,328.129364,1.4756721
316.333333,328.178553,1.47567201
316.366667,328.227742,1.47567191
316.4,328.276931,1.47567182
316.433333,328.32612,1.47567173
316.466667,328.375309,1.47567164
316.5,328.424498,1.47567155
316.533333,328.473687,1.47567147
316.566667,328.522876,1.47567139
316.6,328.572065,1.47567131
316.633333,328.621254,1.47567123
316.666667,328.670443,1.47567115
316.7,328.719632,1.47567107
316.733333,328.768821,1.47567099
316.766667,328.81801,1.4756709
316.8,328.867199,1.47567082
316.833333,328.916388,1.47567074
316.866667,328.965577,1.47567066
316.9,329.014766,1.47567057
316.933333,329.063955,1.47567049
316.966667,329.113145,1.47567041
317,329.162334,1.47567033
317.033333,329.211523,1.47567025
317.066667,329.260712,1.47567016
317.1,329.309901,1.47567008
317.133333,329.35909,1.47566999
317.166667,329.408279,1.4756699
317.2,329.457468,1.47566981
317.233333,329.506657,1.47566973
317.266667,329.555846,1.47566964
317.3,329.605035,1.47566956
317.333333,329.654223,1.47566947
317.366667,329.703412,1.47566939
317.4,329.752601,1.47566931
317.433333,329.80179,1.47566923
317.466667,329.850979,1.47566915
317.5,329.900168,1.47566907
317.533333,329.949357,1.47566899
317.566667,329.998546,1.47566892
317.6,330.047735,1.47566885
317.633333,330.096924,1.47566878
317.666667,330.146113,1.47566872
317.7,330.195302,1.47566867
317.733333,330.244491,1.47566862
317.766667,330.29368,1.47566858
317.8,330.342869,1.47566854
317.833333,330.392058,1.47566851
317.866667,330.441247,1.47566848
317.9,330.490436,1.47566847
317.933333,330.539625,1.47566846
317.966667,330.588814,1.47566845
318,330.638003,1.47566847
318.033333,330.687192,1.47566849
318.066667,330.736381,1.47566852
318.1,330.78557,1.47566857
318.133333,330.834758,1.47566862
318.166667,330.883947,1.47566869
318.2,330.933136,1.47566877
318.233333,330.982325,1.47566887
318.266667,331.031514,1.47566898
318.3,331.080703,1.4756691
318.333333,331.129892,1.47566924
318.366667,331.179081,1.47566939
318.4,331.22827,1.47566956
318.433333,331.277459,1.47566975
318.466667,331.326648,1.47566995
318.5,331.375837,1.47567017
318.533333,331.425026,1.47567041
318.566667,331.474215,1.47567067
318.6,331.523404,1.47567095
318.633333,331.572593,1.47567124
318.666667,331.621782,1.47567156
318.7,331.670971,1.47567189
318.733333,331.72016,1.47567224
318.766667,331.76935,1.47567262
318.8,331.818539,1.47567301
318.833333,331.867728,1.47567343
318.866667,331.916917,1.47567387
318.9,331.966106,1.47567432
318.933333,332.015295,1.4756748
318.966667,332.064484,1.4756753
319,332.113674,1.47567582
319.033333,332.162863,1.47567636
319.066667,332.212052,1.47567692
319.1,332.261241,1.4756775
319.133333,332.31043,1.47567811
319.166667,332.35962,1.47567873
319.2,332.408809,1.47567938
319.233333,332.457998,1.47568005
319.266667,332.507188,1.47568074
319.3,332.556377,1.47568145
319.333333,332.605566,1.47568218
319.366667,332.654756,1.47568294
319.4,332.703945,1.47568371
319.433333,332.753135,1.4756845
319.466667,332.802324,1.47568531
319.5,332.851514,1.47568615
319.533333,332.900703,1.475687
319.566667,332.949893,1.47568788
319.6,332.999083,1.47568877
319.633333,333.048272,1.47568969
319.666667,333.097462,1.47569062
319.7,333.146652,1.47569157
319.733333,333.195841,1.47569254
319.766667,333.245031,1.47569353
319.8,333.294221,1.47569454
319.833333,333.343411,1.47569557
319.866667,333.392601,1.47569661
319.9,333.44179,1.47569767
319.933333,333.49098,1.47569875
319.966667,333.54017,1.47569985
320,333.58936,1.47570097
320.033333,333.63855,1.47570211
320.066667,333.687741,1.47570326
320.1,333.736931,1.47570443
320.133333,333.786121,1.47570562
320.166667,333.835311,1.47570682
320.2,333.884501,1.47570804
320.233333,333.933692,1.47570928
320.266667,333.982882,1.47571053
320.3,334.032072,1.4757118
320.333333,334.081263,1.4757131
320.366667,334.130453,1.4757144
320.4,334.179644,1.47571573
320.433333,334.228834,1.47571707
320.466667,334.278025,1.47571843
320.5,334.327215,1.47571981
320.533333,334.376406,1.4757212
320.566667,334.425597,1.47572261
320.6,334.474788,1.47572404
320.633333,334.523978,1.47572549
320.666667,334.573169,1.47572696
320.7,334.62236,1.47572844
320.733333,334.671551,1.47572994
320.766667,334.720742,1.47573147
320.8,334.769933,1.47573301
320.833333,334.819124,1.47573457
320.866667,334.868316,1.47573615
320.9,334.917507,1.47573775
320.933333,334.966698,1.47573936
320.966667,335.01589,1.475741
321,335.065081,1.47574266
321.033333,335.114272,1.47574434
321.066667,335.163464,1.47574604
321.1,335.212655,1.47574776
321.133333,335.261847,1.47574951
321.166667,335.311039,1.47575128
321.2,335.36023,1.47575306
321.233333,335.409422,1.47575487
321.266667,335.458614,1.4757567
321.3,335.507806,1.47575856
321.333333,335.556998,1.47576044
321.366667,335.60619,1.47576234
321.4,335.655382,1.47576427
321.433333,335.704574,1.47576622
321.466667,335.753767,1.47576819
321.5,335.802959,1.47577019
321.533333,335.852151,1.47577221
321.566667,335.901344,1.47577426
321.6,335.950536,1.47577634
321.633333,335.999729,1.47577843
321.666667,336.048921,1.47578055
321.7,336.098114,1.47578271
321.733333,336.147307,1.47578488
321.766667,336.1965,1.47578708
321.8,336.245693,1.4757893
321.833333,336.294886,1.47579156
321.866667,336.344079,1.47579384
321.9,336.393272,1.47579615
321.933333,336.442465,1.47579847
321.966667,336.491659,1.47580084
322,336.540852,1.47580322
322.033333,336.590046,1.47580563
322.066667,336.639239,1.47580807
322.1,336.688433,1.47581053
322.133333,336.737626,1.47581302
322.166667,336.78682,1.47581554
322.2,336.836014,1.47581808
322.233333,336.885208,1.47582065
322.266667,336.934402,1.47582325
322.3,336.983596,1.47582587
322.333333,337.032791,1.47582851
322.366667,337.081985,1.47583118
322.4,337.131179,1.47583389
322.433333,337.180374,1.47583661
322.466667,337.229568,1.47583936
322.5,337.278763,1.47584213
322.533333,337.327958,1.47584493
322.566667,337.377153,1.47584776
322.6,337.426348,1.4758506
322.633333,337.475543,1.47585348
322.666667,337.524738,1.47585638
322.7,337.573933,1.4758593
322.733333,337.623129,1.47586225
322.766667,337.672324,1.47586521
322.8,337.72152,1.47586821
322.833333,337.770715,1.47587123
322.866667,337.819911,1.47587427
322.9,337.869107,1.47587733
322.933333,337.918303,1.47588042
322.966667,337.967499,1.47588353
323,338.016695,1.47588666
323.033333,338.065891,1.47588981
323.066667,338.115088,1.47589299
323.1,338.164284,1.47589618
323.133333,338.213481,1.4758994
323.166667,338.262678,1.47590264
323.2,338.311874,1.4759059
323.233333,338.361071,1.47590919
323.266667,338.410268,1.47591249
323.3,338.459465,1.47591581
323.333333,338.508663,1.47591916
323.366667,338.55786,1.47592253
323.4,338.607058,1.47592592
323.433333,338.656255,1.47592932
323.466667,338.705453,1.47593275
323.5,338.754651,1.4759362
323.533333,338.803849,1.47593967
323.566667,338.853047,1.47594316
323.6,338.902245,1.47594667
323.633333,338.951443,1.4759502
323.666667,339.000641,1.47595375
323.7,339.04984,1.47595732
323.733333,339.099039,1.4759609
323.766667,339.148237,1.47596452
323.8,339.197436,1.47596815
323.833333,339.246635,1.4759718
323.866667,339.295834,1.47597547
323.9,339.345034,1.47597916
323.933333,339.394233,1.47598287
323.966667,339.443432,1.4759866
324,339.492632,1.47599035
324.033333,339.541832,1.47599412
324.066667,339.591032,1.47599791
324.1,339.640232,1.47600173
324.133333,339.689432,1.47600556
324.166667,339.738632,1.47600941
324.2,339.787832,1.47601329
324.233333,339.837033,1.47601718
324.266667,339.886234,1.4760211
324.3,339.935434,1.47602504
324.333333,339.984635,1.476029
324.366667,340.033836,1.47603298
324.4,340.083037,1.47603697
324.433333,340.132239,1.476041
324.466667,340.18144,1.47604504
324.5,340.230642,1.47604911
324.533333,340.279843,1.47605319
324.566667,340.329045,1.4760573
324.6,340.378247,1.47606144
324.633333,340.427449,1.47606559
324.666667,340.476652,1.47606976
324.7,340.525854,1.47607395
324.733333,340.575057,1.47607817
324.766667,340.624259,1.47608241
324.8,340.673462,1.47608667
324.833333,340.722665,1.47609096
324.866667,340.771868,1.47609526
324.9,340.821071,1.47609959
324.933333,340.870275,1.47610393
324.966667,340.919478,1.47610829
325,340.968682,1.47611263
325.033333,341.017886,1.47611696
325.066667,341.06709,1.47612128
325.1,341.116294,1.47612559
325.133333,341.165498,1.47612988
325.166667,341.214703,1.47613416
325.2,341.263907,1.47613844
325.233333,341.313112,1.47614271
325.266667,341.362317,1.47614696
325.3,341.411522,1.4761512
325.333333,341.460727,1.47615544
325.366667,341.509932,1.47615965
325.4,341.559137,1.47616386
325.433333,341.608343,1.47616805
325.466667,341.657549,1.47617224
325.5,341.706754,1.47617642
325.533333,341.75596,1.4761806
325.566667,341.805166,1.47618477
325.6,341.854373,1.47618893
325.633333,341.903579,1.47619309
325.666667,341.952785,1.47619724
325.7,342.001992,1.47620137
325.733333,342.051199,1.4762055
325.766667,342.100406,1.47620961
325.8,342.149613,1.47621372
325.833333,342.19882,1.47621781
325.866667,342.248027,1.4762219
325.9,342.297235,1.47622599
325.933333,342.346442,1.47623007
325.966667,342.39565,1.47623414
326,342.444858,1.4762382
326.033333,342.494066,1.47624225
326.066667,342.543274,1.47624629
326.1,342.592483,1.47625032
326.133333,342.641691,1.47625433
326.166667,342.690899,1.47625834
326.2,342.740108,1.47626232
326.233333,342.789317,1.4762663
326.266667,342.838526,1.47627027
326.3,342.887735,1.47627423
326.333333,342.936944,1.47627818
326.366667,342.986154,1.47628211
326.4,343.035363,1.47628603
326.433333,343.084573,1.47628994
326.466667,343.133782,1.47629383
326.5,343.182992,1.47629771
326.533333,343.232202,1.47630156
326.566667,343.281412,1.4763054
326.6,343.330623,1.47630923
326.633333,343.379833,1.47631304
326.666667,343.429043,1.47631683
326.7,343.478254,1.47632061
326.733333,343.527465,1.47632438
326.766667,343.576676,1.47632813
326.8,343.625887,1.47633186
326.833333,343.675098,1.47633557
326.866667,343.724309,1.47633927
326.9,343.77352,1.47634294
326.933333,343.822732,1.47634659
326.966667,343.871943,1.47635022
327,343.921155,1.47635384
327.033333,343.970367,1.47635744
327.066667,344.019579,1.47636103
327.1,344.068791,1.4763646
327.133333,344.118003,1.47636815
327.166667,344.167216,1.47637168
327.2,344.216428,1.47637519
327.233333,344.265641,1.47637869
327.266667,344.314853,1.47638217
327.3,344.364066,1.47638563
327.333333,344.413279,1.47638907
327.366667,344.462492,1.47639249
327.4,344.511705,1.4763959
327.433333,344.560918,1.47639929
327.466667,344.610132,1.47640267
327.5,344.659345,1.47640604
327.533333,344.708559,1.47640939
327.566667,344.757773,1.47641273
327.6,344.806986,1.47641605
327.633333,344.8562,1.47641935
327.666667,344.905414,1.47642264
327.7,344.954629,1.47642592
327.733333,345.003843,1.47642919
327.766667,345.053057,1.47643244
327.8,345.102272,1.47643568
327.833333,345.151486,1.47643892
327.866667,345.200701,1.47644214
327.9,345.249916,1.47644536
327.933333,345.299131,1.47644857
327.966667,345.348346,1.47645176
328,345.397561,1.47645495
328.033333,345.446776,1.47645813
328.066667,345.495991,1.4764613
328.1,345.545207,1.47646447
328.133333,345.594422,1.47646762
328.166667,345.643638,1.47647077
328.2,345.692854,1.47647392
328.233333,345.742069,1.47647707
328.266667,345.791285,1.47648021
328.3,345.840501,1.47648335
328.333333,345.889718,1.47648648
328.366667,345.938934,1.47648961
328.4,345.98815,1.47649274
328.433333,346.037367,1.47649583
328.466667,346.086583,1.47649887
328.5,346.1358,1.47650184
328.533333,346.185017,1.47650471
328.566667,346.234234,1.47650751
328.6,346.283451,1.47651024
328.633333,346.332668,1.47651292
328.666667,346.381885,1.47651551
328.7,346.431102,1.47651804
328.733333,346.480319,1.4765205
328.766667,346.529537,1.47652289
328.8,346.578754,1.47652521
328.833333,346.627972,1.47652743
328.866667,346.677189,1.4765296
328.9,346.726407,1.4765317
328.933333,346.775625,1.47653374
328.966667,346.824843,1.4765357
329,346.874061,1.47653762
329.033333,346.923278,1.47653949
329.066667,346.972496,1.4765413
329.1,347.021715,1.47654304
329.133333,347.070933,1.47654473
329.166667,347.120151,1.47654635
329.2,347.169369,1.47654791
329.233333,347.218587,1.47654939
329.266667,347.267806,1.47655081
329.3,347.317024,1.47655217
329.333333,347.366243,1.47655348
329.366667,347.415461,1.47655472
329.4,347.46468,1.47655592
329.433333,347.513898,1.47655706
329.466667,347.563117,1.47655815
329.5,347.612335,1.47655917
329.533333,347.661554,1.47656012
329.566667,347.710773,1.47656101
329.6,347.759991,1.47656184
329.633333,347.80921,1.47656258
329.666667,347.858429,1.47656326
329.7,347.907648,1.47656388
329.733333,347.956866,1.47656445
329.766667,348.006085,1.47656495
329.8,348.055304,1.47656539
329.833333,348.104523,1.47656577
329.866667,348.153742,1.47656609
329.9,348.202961,1.47656633
329.933333,348.25218,1.47656649
329.966667,348.301398,1.47656658
330,348.350617,1.47656663
330.033333,348.399836,1.47656669
330.066667,348.449055,1.47656687
330.1,348.498274,1.47656716
330.133333,348.547493,1.47656755
330.166667,348.596712,1.47656804
330.2,348.645931,1.47656864
330.233333,348.69515,1.47656931
330.266667,348.744369,1.47657005
330.3,348.793588,1.47657088
330.333333,348.842807,1.47657182
330.366667,348.892026,1.47657285
330.4,348.941245,1.47657397
330.433333,348.990464,1.47657518
330.466667,349.039683,1.47657652
330.5,349.088903,1.47657794
330.533333,349.138122,1.47657942
330.566667,349.187341,1.47658098
330.6,349.236561,1.47658263
330.633333,349.28578,1.47658433
330.666667,349.335,1.4765861
330.7,349.384219,1.47658794
330.733333,349.433439,1.47658988
330.766667,349.482658,1.47659191
330.8,349.531878,1.47659402
330.833333,349.581098,1.4765962
330.866667,349.630318,1.4765985
330.9,349.679538,1.47660088
330.933333,349.728758,1.47660332
330.966667,349.777978,1.47660583
331,349.827198,1.47660843
331.033333,349.876419,1.4766111
331.066667,349.925639,1.47661384
331.1,349.97486,1.47661666
331.133333,350.02408,1.47661958
331.166667,350.073301,1.47662262
331.2,350.122522,1.47662574
331.233333,350.171743,1.47662895
331.266667,350.220964,1.47663228
331.3,350.270185,1.4766357
331.333333,350.319406,1.47663921
331.366667,350.368627,1.47664279
331.4,350.417849,1.47664648
331.433333,350.467071,1.47665027
331.466667,350.516292,1.47665416
331.5,350.565514,1.47665814
331.533333,350.614736,1.47666225
331.566667,350.663958,1.47666649
331.6,350.713181,1.47667085
331.633333,350.762403,1.47667531
331.666667,350.811626,1.47667988
331.7,350.860848,1.47668459
331.733333,350.910071,1.4766894
331.766667,350.959294,1.47669431
331.8,351.008518,1.47669932
331.833333,351.057741,1.47670448
331.866667,351.106965,1.47670976
331.9,351.156188,1.47671515
331.933333,351.205412,1.47672065
331.966667,351.254636,1.47672634
332,351.303861,1.47673214
332.033333,351.353085,1.47673805
332.066667,351.40231,1.47674408
332.1,351.451535,1.47675026
332.133333,351.50076,1.47675655
332.166667,351.549985,1.47676295
332.2,351.599211,1.47676946
332.233333,351.648436,1.47677612
332.266667,351.697662,1.4767829
332.3,351.746889,1.47678981
332.333333,351.796115,1.47679683
332.366667,351.845342,1.476804
332.4,351.894569,1.47681131
332.433333,351.943796,1.47681871
332.466667,351.993023,1.47682623
332.5,352.042251,1.47683387
332.533333,352.091479,1.47684163
332.566667,352.140707,1.47684948
332.6,352.189936,1.47685743
332.633333,352.239164,1.47686551
332.666667,352.288393,1.47687371
332.7,352.337623,1.47688202
332.733333,352.386852,1.47689042
332.766667,352.436082,1.47689894
332.8,352.485312,1.47690758
332.833333,352.534542,1.4769163
332.866667,352.583773,1.4769251
332.9,352.633004,1.47693399
332.933333,352.682235,1.47694299
332.966667,352.731467,1.47695206
333,352.780699,1.4769612
333.033333,352.829931,1.47697043
333.066667,352.879164,1.47697977
333.1,352.928396,1.47698919
333.133333,352.977629,1.47699868
333.166667,353.026863,1.47700824
333.2,353.076097,1.47701789
333.233333,353.125331,1.4770276
333.266667,353.174565,1.47703737
333.3,353.2238,1.47704719
333.333333,353.273035,1.47705709
333.366667,353.32227,1.47706704
333.4,353.371506,1.47707705
333.433333,353.420742,1.47708711
333.466667,353.469979,1.47709725
333.5,353.519215,1.47710745
333.533333,353.568452,1.47711769
333.566667,353.61769,1.47712798
333.6,353.666928,1.47713833
333.633333,353.716166,1.47714873
333.666667,353.765404,1.47715916
333.7,353.814643,1.47716963
333.733333,353.863882,1.47718015
333.766667,353.913122,1.47719071
333.8,353.962362,1.47720132
333.833333,354.011602,1.47721197
333.866667,354.060842,1.47722267
333.9,354.110083,1.47723342
333.933333,354.159325,1.47724421
333.966667,354.208566,1.47725503
334,354.257808,1.4772659
334.033333,354.307051,1.47727681
334.066667,354.356293,1.47728775
334.1,354.405537,1.47729872
334.133333,354.45478,1.47730974
334.166667,354.504024,1.4773208
334.2,354.553268,1.47733191
334.233333,354.602513,1.47734306
334.266667,354.651758,1.47735425
334.3,354.701003,1.4773655
334.333333,354.750249,1.47737679
334.366667,354.799495,1.47738812
334.4,354.848741,1.47739949
334.433333,354.897988,1.47741091
334.466667,354.947235,1.47742238
334.5,354.996483,1.47743388
334.533333,355.045731,1.47744542
334.566667,355.094979,1.47745704
334.6,355.144228,1.4774687
334.633333,355.193477,1.47748041
334.666667,355.242727,1.47749217
334.7,355.291977,1.47750399
334.733333,355.341227,1.47751587
334.766667,355.390478,1.47752779
334.8,355.439729,1.47753976
334.833333,355.48898,1.47755179
334.866667,355.538232,1.47756388
334.9,355.587485,1.47757601
334.933333,355.636737,1.4775882
334.966667,355.68599,1.47760046
335,355.735244,1.47761278
335.033333,355.784498,1.47762516
335.066667,355.833752,1.47763759
335.1,355.883007,1.47765008
335.133333,355.932262,1.47766264
335.166667,355.981518,1.47767525
335.2,356.030774,1.47768791
335.233333,356.08003,1.47770063
335.266667,356.129287,1.47771341
335.3,356.178545,1.47772625
335.333333,356.227802,1.47773914
335.366667,356.277061,1.47775209
335.4,356.326319,1.47776511
335.433333,356.375578,1.47777818
335.466667,356.424838,1.47779131
335.5,356.474098,1.47780449
335.533333,356.523358,1.47781773
335.566667,356.572619,1.47783101
335.6,356.62188,1.47784435
335.633333,356.671142,1.47785772
335.666667,356.720404,1.47787116
335.7,356.769667,1.47788465
335.733333,356.81893,1.47789817
335.766667,356.868193,1.47791175
335.8,356.917457,1.47792538
335.833333,356.966722,1.47793905
335.866667,357.015986,1.47795276
335.9,357.065252,1.47796651
335.933333,357.114518,1.4779803
335.966667,357.163784,1.47799412
336,357.21305,1.47800797
336.033333,357.262318,1.47802185
336.066667,357.311585,1.47803578
336.1,357.360853,1.47804973
336.133333,357.410122,1.47806371
336.166667,357.459391,1.47807772
336.2,357.50866,1.47809176
336.233333,357.55793,1.47810582
336.266667,357.607201,1.4781199
336.3,357.656472,1.478134
336.333333,357.705743,1.47814812
336.366667,357.755015,1.47816225
336.4,357.804287,1.4781764
336.433333,357.85356,1.47819056
336.466667,357.902833,1.47820473
336.5,357.952107,1.47821892
336.533333,358.001381,1.47823312
336.566667,358.050656,1.47824733
336.6,358.099931,1.47826155
336.633333,358.149207,1.47827577
336.666667,358.198483,1.47829
336.7,358.247759,1.47830423
336.733333,358.297036,1.47831846
336.766667,358.346314,1.47833269
336.8,358.395592,1.47834692
336.833333,358.44487,1.47836115
336.866667,358.494149,1.47837538
336.9,358.543429,1.47838961
336.933333,358.592709,1.47840384
336.966667,358.641989,1.47841807
337,358.69127,1.4784323
337.033333,358.740551,1.47844652
337.066667,358.789833,1.47846074
337.1,358.839115,1.47847495
337.133333,358.888398,1.47848916
337.166667,358.937681,1.47850336
337.2,358.986965,1.47851755
337.233333,359.036249,1.47853175
337.266667,359.085533,1.47854594
337.3,359.134819,1.47856012
337.333333,359.184104,1.47857431
337.366667,359.23339,1.47858849
337.4,359.282677,1.47860266
337.433333,359.331964,1.47861683
337.466667,359.381251,1.478631
337.5,359.430539,1.47864516
337.533333,359.479828,1.47865931
337.566667,359.529116,1.47867347
337.6,359.578406,1.47868762
337.633333,359.627696,1.47870177
337.666667,359.676986,1.47871592
337.7,359.726277,1.47873008
337.733333,359.775568,1.47874423
337.766667,359.82486,1.47875838
337.8,359.874152,1.47877253
337.833333,359.923444,1.47878669
337.866667,359.972738,1.47880084
337.9,360.022031,1.47881499
337.933333,360.071325,1.47882915
337.966667,360.12062,1.47884331
338,360.169915,1.47885747
338.033333,360.21921,1.47887164
338.066667,360.268506,1.47888581
338.1,360.317803,1.47889998
338.133333,360.3671,1.47891417
338.166667,360.416397,1.47892835
338.2,360.465695,1.47894254
338.233333,360.514993,1.47895673
338.266667,360.564292,1.47897093
338.3,360.613591,1.47898513
338.333333,360.662891,1.47899933
338.366667,360.712191,1.47901354
338.4,360.761492,1.47902776
338.433333,360.810793,1.47904198
338.466667,360.860095,1.4790562
338.5,360.909397,1.47907043
338.533333,360.958699,1.47908467
338.566667,361.008002,1.4790989
338.6,361.057306,1.47911314
338.633333,361.10661,1.47912738
338.666667,361.155914,1.47914162
338.7,361.205219,1.47915586
338.733333,361.254525,1.47917011
338.766667,361.303831,1.47918435
338.8,361.353137,1.47919859
338.833333,361.402444,1.47921284
338.866667,361.451751,1.47922708
338.9,361.501059,1.47924132
338.933333,361.550367,1.47925556
338.966667,361.599676,1.47926979
339,361.648985,1.47928401
339.033333,361.698295,1.47929823
339.066667,361.747605,1.47931244
339.1,361.796916,1.47932665
339.133333,361.846227,1.47934084
339.166667,361.895539,1.47935502
339.2,361.944851,1.4793692
339.233333,361.994163,1.47938336
339.266667,362.043476,1.47939751
339.3,362.09279,1.47941165
339.333333,362.142104,1.47942577
339.366667,362.191418,1.47943988
339.4,362.240733,1.47945396
339.433333,362.290048,1.47946803
339.466667,362.339364,1.47948209
339.5,362.388681,1.47949612
339.533333,362.437997,1.47951013
339.566667,362.487315,1.47952412
339.6,362.536632,1.47953809
339.633333,362.58595,1.47955203
339.666667,362.635269,1.47956595
339.7,362.684588,1.47957985
339.733333,362.733908,1.47959373
339.766667,362.783228,1.47960757
339.8,362.832548,1.47962139
339.833333,362.881869,1.47963518
339.866667,362.931191,1.47964894
339.9,362.980512,1.47966267
339.933333,363.029835,1.47967638
339.966667,363.079158,1.47969006
340,363.128481,1.47970371
340.033333,363.177804,1.47971732
340.066667,363.227129,1.47973091
340.1,363.276453,1.47974447
340.133333,363.325778,1.47975799
340.166667,363.375104,1.47977149
340.2,363.42443,1.47978494
340.233333,363.473756,1.47979837
340.266667,363.523083,1.47981178
340.3,363.57241,1.47982514
340.333333,363.621738,1.47983848
340.366667,363.671066,1.47985178
340.4,363.720395,1.47986506
340.433333,363.769724,1.4798783
340.466667,363.819053,1.47989151
340.5,363.868383,1.47990469
340.533333,363.917713,1.47991784
340.566667,363.967044,1.47993096
340.6,364.016376,1.47994405
340.633333,364.065707,1.47995711
340.666667,364.115039,1.47997014
340.7,364.164372,1.47998314
340.733333,364.213705,1.47999611
340.766667,364.263038,1.48000905
340.8,364.312372,1.48002197
340.833333,364.361706,1.48003486
340.866667,364.411041,1.48004772
340.9,364.460376,1.48006055
340.933333,364.509712,1.48007336
340.966667,364.559048,1.48008614
341,364.608384,1.48009889
341.033333,364.657721,1.48011162
341.066667,364.707058,1.48012432
341.1,364.756396,1.48013701
341.133333,364.805734,1.48014966
341.166667,364.855073,1.48016229
341.2,364.904412,1.4801749
341.233333,364.953751,1.48018748
341.266667,365.003091,1.48020004
341.3,365.052431,1.48021258
341.333333,365.101772,1.48022509
341.366667,365.151113,1.48023759
341.4,365.200454,1.48025006
341.433333,365.249796,1.4802625
341.466667,365.299138,1.48027493
341.5,365.348481,1.48028734
341.533333,365.397824,1.48029972
341.566667,365.447168,1.48031208
341.6,365.496512,1.48032442
341.633333,365.545856,1.48033674
341.666667,365.595201,1.48034904
341.7,365.644546,1.48036131
341.733333,365.693892,1.48037356
341.766667,365.743238,1.48038579
341.8,365.792584,1.480398
341.833333,365.841931,1.48041019
341.866667,365.891278,1.48042235
341.9,365.940626,1.48043449
341.933333,365.989974,1.48044661
341.966667,366.039322,1.4804587
342,366.088671,1.48047077
342.033333,366.13802,1.48048279
342.066667,366.18737,1.48049474
342.1,366.23672,1.48050659
342.133333,366.28607,1.48051838
342.166667,366.335421,1.4805301
342.2,366.384772,1.48054176
342.233333,366.434124,1.48055332
342.266667,366.483476,1.48056483
342.3,366.532828,1.48057627
342.333333,366.582181,1.48058765
342.366667,366.631534,1.48059892
342.4,366.680887,1.48061013
342.433333,366.730241,1.48062127
342.466667,366.779595,1.48063234
342.5,366.82895,1.48064332
342.533333,366.878305,1.48065423
342.566667,366.92766,1.48066508
342.6,366.977016,1.48067587
342.633333,367.026372,1.48068658
342.666667,367.075728,1.48069722
342.7,367.125085,1.48070779
342.733333,367.174442,1.4807183
342.766667,367.2238,1.48072872
342.8,367.273158,1.48073906
342.833333,367.322516,1.48074933
342.866667,367.371874,1.48075954
342.9,367.421233,1.48076967
342.933333,367.470592,1.48077971
342.966667,367.519952,1.4807897
343,367.569311,1.48079962
343.033333,367.618672,1.48080947
343.066667,367.668032,1.48081923
343.1,367.717393,1.48082886
343.133333,367.766754,1.48083833
343.166667,367.816115,1.4808476
343.2,367.865477,1.48085663
343.233333,367.914839,1.48086551
343.266667,367.964201,1.48087422
343.3,368.013564,1.48088278
343.333333,368.062927,1.48089111
343.366667,368.11229,1.4808993
343.4,368.161654,1.48090732
343.433333,368.211017,1.48091518
343.466667,368.260381,1.48092279
343.5,368.309746,1.48093024
343.533333,368.35911,1.48093752
343.566667,368.408475,1.48094465
343.6,368.45784,1.48095155
343.633333,368.507205,1.4809583
343.666667,368.55657,1.48096491
343.7,368.605936,1.48097138
343.733333,368.655302,1.48097766
343.766667,368.704668,1.48098377
343.8,368.754034,1.48098974
343.833333,368.8034,1.48099555
343.866667,368.852767,1.48100115
343.9,368.902134,1.48100658
343.933333,368.951501,1.48101186
343.966667,369.000868,1.48101699
344,369.050235,1.48102194
344.033333,369.099603,1.48102673
344.066667,369.14897,1.48103138
344.1,369.198338,1.48103589
344.133333,369.247706,1.48104024
344.166667,369.297074,1.48104441
344.2,369.346442,1.48104843
344.233333,369.395811,1.4810523
344.266667,369.445179,1.48105599
344.3,369.494548,1.48105949
344.333333,369.543916,1.48106285
344.366667,369.593285,1.48106607
344.4,369.642654,1.48106912
344.433333,369.692023,1.481072
344.466667,369.741392,1.48107475
344.5,369.790761,1.48107736
344.533333,369.840131,1.48107982
344.566667,369.8895,1.48108208
344.6,369.938869,1.48108419
344.633333,369.988239,1.48108616
344.666667,370.037609,1.48108797
344.7,370.086978,1.48108957
344.733333,370.136348,1.48109103
344.766667,370.185718,1.48109236
344.8,370.235087,1.48109355
344.833333,370.284457,1.48109455
344.866667,370.333827,1.48109542
344.9,370.383197,1.48109615
344.933333,370.432567,1.48109674
344.966667,370.481937,1.48109713
345,370.531307,1.48109737
345.033333,370.580676,1.48109747
345.066667,370.630046,1.48109743
345.1,370.679416,1.4810972
345.133333,370.728786,1.48109682
345.166667,370.778156,1.48109632
345.2,370.827526,1.48109569
345.233333,370.876896,1.48109489
345.266667,370.926266,1.48109395
345.3,370.975635,1.48109288
345.333333,371.025005,1.48109169
345.366667,371.074375,1.48109032
345.4,371.123744,1.4810888
345.433333,371.173114,1.48108714
345.466667,371.222484,1.48108536
345.5,371.271853,1.48108343
345.533333,371.321222,1.48108136
345.566667,371.370592,1.48107917
345.6,371.419961,1.48107687
345.633333,371.46933,1.48107444
345.666667,371.518699,1.48107186
345.7,371.568068,1.48106917
345.733333,371.617437,1.48106636
345.766667,371.666806,1.48106343
345.8,371.716175,1.48106035
345.833333,371.765544,1.48105715
345.866667,371.814912,1.48105385
345.9,371.86428,1.48105044
345.933333,371.913649,1.48104689
345.966667,371.963017,1.48104325
346,372.012385,1.48103952
346.033333,372.061753,1.4810357
346.066667,372.111121,1.48103173
346.1,372.160488,1.48102768
346.133333,372.209856,1.48102353
346.166667,372.259223,1.48101928
346.2,372.30859,1.48101491
346.233333,372.357958,1.48101044
346.266667,372.407324,1.4810059
346.3,372.456691,1.48100127
346.333333,372.506058,1.48099654
346.366667,372.555424,1.48099172
346.4,372.604791,1.48098684
346.433333,372.654157,1.48098187
346.466667,372.703523,1.48097681
346.5,372.752889,1.48097167
346.533333,372.802254,1.48096645
346.566667,372.85162,1.48096115
346.6,372.900985,1.48095577
346.633333,372.95035,1.4809503
346.666667,372.999715,1.48094477
346.7,373.04908,1.48093918
346.733333,373.098444,1.48093352
346.766667,373.147809,1.48092778
346.8,373.197173,1.48092199
346.833333,373.246537,1.48091613
346.866667,373.295901,1.48091021
346.9,373.345264,1.4809042
346.933333,373.394627,1.48089814
346.966667,373.443991,1.48089202
347,373.493354,1.48088583
347.033333,373.542716,1.48087957
347.066667,373.592079,1.48087326
347.1,373.641441,1.48086691
347.133333,373.690803,1.48086049
347.166667,373.740165,1.48085402
347.2,373.789527,1.48084749
347.233333,373.838888,1.48084091
347.266667,373.88825,1.48083428
347.3,373.937611,1.48082757
347.333333,373.986972,1.48082082
347.366667,374.036332,1.48081401
347.4,374.085692,1.48080716
347.433333,374.135053,1.48080024
347.466667,374.184412,1.48079327
347.5,374.233772,1.48078627
347.533333,374.283132,1.48077922
347.566667,374.332491,1.48077211
347.6,374.38185,1.48076496
347.633333,374.431208,1.48075775
347.666667,374.480567,1.48075051
347.7,374.529925,1.4807432
347.733333,374.579283,1.48073584
347.766667,374.628641,1.48072844
347.8,374.677998,1.480721
347.833333,374.727356,1.4807135
347.866667,374.776713,1.48070596
347.9,374.826069,1.48069839
347.933333,374.875426,1.48069077
347.966667,374.924782,1.48068311
348,374.974138,1.4806754
348.033333,375.023494,1.48066766
348.066667,375.072849,1.48065987
348.1,375.122204,1.48065203
348.133333,375.171559,1.48064415
348.166667,375.220914,1.48063623
348.2,375.270268,1.48062828
348.233333,375.319623,1.48062029
348.266667,375.368976,1.48061226
348.3,375.41833,1.4806042
348.333333,375.467683,1.48059611
348.366667,375.517036,1.48058799
348.4,375.566389,1.48057982
348.433333,375.615742,1.48057162
348.466667,375.665094,1.48056339
348.5,375.714446,1.48055513
348.533333,375.763798,1.48054684
348.566667,375.813149,1.48053851
348.6,375.8625,1.48053017
348.633333,375.911851,1.48052181
348.666667,375.961202,1.48051341
348.7,376.010552,1.480505
348.733333,376.059902,1.48049656
348.766667,376.109252,1.48048811
348.8,376.158601,1.48047963
348.833333,376.20795,1.48047113
348.866667,376.257299,1.48046262
348.9,376.306648,1.48045409
348.933333,376.355996,1.48044554
348.966667,376.405344,1.48043698
349,376.454692,1.48042841
349.033333,376.50404,1.48041983
349.066667,376.553387,1.48041125
349.1,376.602734,1.48040266
349.133333,376.65208,1.48039406
349.166667,376.701427,1.48038546
349.2,376.750773,1.48037686
349.233333,376.800118,1.48036825
349.266667,376.849464,1.48035963
349.3,376.898809,1.48035102
349.333333,376.948154,1.48034241
349.366667,376.997498,1.48033381
349.4,377.046843,1.48032521
349.433333,377.096187,1.48031662
349.466667,377.145531,1.48030804
349.5,377.194874,1.48029947
349.533333,377.244217,1.48029091
349.566667,377.29356,1.48028236
349.6,377.342903,1.48027381
349.633333,377.392245,1.48026529
349.666667,377.441587,1.48025677
349.7,377.490929,1.48024827
349.733333,377.54027,1.48023978
349.766667,377.589611,1.48023132
349.8,377.638952,1.48022288
349.833333,377.688293,1.48021446
349.866667,377.737633,1.48020605
349.9,377.786973,1.48019767
349.933333,377.836313,1.48018932
349.966667,377.885653,1.48018098
350,377.934992,1.48017266
350.033333,377.984331,1.48016437
350.066667,378.033669,1.48015611
350.1,378.083008,1.48014787
350.133333,378.132346,1.48013965
350.166667,378.181684,1.48013147
350.2,378.231021,1.48012332
350.233333,378.280359,1.48011519
350.266667,378.329696,1.48010709
350.3,378.379033,1.48009903
350.333333,378.428369,1.48009099
350.366667,378.477705,1.48008298
350.4,378.527041,1.480075
350.433333,378.576377,1.48006705
350.466667,378.625712,1.48005914
350.5,378.675048,1.48005126
350.533333,378.724383,1.4800434
350.566667,378.773717,1.48003559
350.6,378.823052,1.48002781
350.633333,378.872386,1.48002006
350.666667,378.92172,1.48001234
350.7,378.971053,1.48000466
350.733333,379.020386,1.47999701
350.766667,379.06972,1.4799894
350.8,379.119052,1.47998181
350.833333,379.168385,1.47997426
350.866667,379.217717,1.47996676
350.9,379.26705,1.47995928
350.933333,379.316381,1.47995184
350.966667,379.365713,1.47994443
351,379.415044,1.47993707
351.033333,379.464375,1.47992975
351.066667,379.513706,1.47992245
351.1,379.563037,1.47991519
351.133333,379.612367,1.47990797
351.166667,379.661697,1.47990079
351.2,379.711027,1.47989364
351.233333,379.760357,1.47988653
351.266667,379.809686,1.47987947
351.3,379.859016,1.47987244
351.333333,379.908345,1.47986545
351.366667,379.957673,1.4798585
351.4,380.007002,1.47985159
351.433333,380.05633,1.47984473
351.466667,380.105658,1.4798379
351.5,380.154986,1.47983111
351.533333,380.204314,1.47982436
351.566667,380.253641,1.47981766
351.6,380.302968,1.479811
351.633333,380.352295,1.47980438
351.666667,380.401622,1.47979781
351.7,380.450948,1.47979128
351.733333,380.500274,1.4797848
351.766667,380.549601,1.47977836
351.8,380.598926,1.47977197
351.833333,380.648252,1.47976563
351.866667,380.697577,1.47975933
351.9,380.746903,1.47975307
351.933333,380.796228,1.47974687
351.966667,380.845552,1.47974072
352,380.894877,1.47973462
352.033333,380.944201,1.47972856
352.066667,380.993526,1.47972256
352.1,381.04285,1.47971662
352.133333,381.092173,1.47971072
352.166667,381.141497,1.47970488
352.2,381.19082,1.47969908
352.233333,381.240144,1.47969336
352.266667,381.289467,1.47968768
352.3,381.338789,1.47968205
352.333333,381.388112,1.47967647
352.366667,381.437435,1.47967097
352.4,381.486757,1.47966552
352.433333,381.536079,1.47966012
352.466667,381.585401,1.47965478
352.5,381.634723,1.47964952
352.533333,381.684044,1.47964431
352.566667,381.733365,1.47963915
352.6,381.782687,1.47963405
352.633333,381.832008,1.47962903
352.666667,381.881329,1.47962406
352.7,381.930649,1.47961916
352.733333,381.97997,1.47961431
352.766667,382.02929,1.47960954
352.8,382.078611,1.47960483
352.833333,382.127931,1.47960018
352.866667,382.177251,1.47959559
352.9,382.22657,1.47959108
352.933333,382.27589,1.47958664
352.966667,382.325209,1.47958226
353,382.374529,1.47957794
353.033333,382.423848,1.47957369
353.066667,382.473167,1.47956952
353.1,382.522486,1.4795654
353.133333,382.571805,1.47956135
353.166667,382.621123,1.47955738
353.2,382.670442,1.47955348
353.233333,382.71976,1.47954964
353.266667,382.769079,1.47954587
353.3,382.818397,1.47954217
353.333333,382.867715,1.47953855
353.366667,382.917033,1.47953499
353.4,382.96635,1.47953149
353.433333,383.015668,1.47952807
353.466667,383.064986,1.47952472
353.5,383.114303,1.47952144
353.533333,383.16362,1.47951822
353.566667,383.212938,1.47951507
353.6,383.262255,1.47951201
353.633333,383.311572,1.47950901
353.666667,383.360889,1.47950608
353.7,383.410205,1.4795032
353.733333,383.459522,1.47950042
353.766667,383.508839,1.4794977
353.8,383.558155,1.47949504
353.833333,383.607472,1.47949244
353.866667,383.656788,1.47948993
353.9,383.706104,1.47948749
353.933333,383.755421,1.47948511
353.966667,383.804737,1.47948279
354,383.854053,1.47948055
354.033333,383.903369,1.47947838
354.066667,383.952685,1.47947628
354.1,384.002001,1.47947423
354.133333,384.051316,1.47947227
354.166667,384.100632,1.47947038
354.2,384.149948,1.47946854
354.233333,384.199263,1.47946677
354.266667,384.248579,1.47946507
354.3,384.297894,1.47946345
354.333333,384.34721,1.47946189
354.366667,384.396525,1.47946039
354.4,384.44584,1.47945896
354.433333,384.495156,1.47945761
354.466667,384.544471,1.47945632
354.5,384.593786,1.47945509
354.533333,384.643101,1.47945393
354.566667,384.692416,1.47945285
354.6,384.741731,1.47945183
354.633333,384.791047,1.47945086
354.666667,384.840362,1.47944997
354.7,384.889677,1.47944916
354.733333,384.938991,1.4794484
354.766667,384.988306,1.47944771
354.8,385.037621,1.47944708
354.833333,385.086936,1.47944654
354.866667,385.136251,1.47944606
354.9,385.185566,1.47944563
354.933333,385.234881,1.47944527
354.966667,385.284196,1.479445
355,385.33351,1.47944478
355.033333,385.382825,1.47944463
355.066667,385.43214,1.47944454
355.1,385.481455,1.47944454
355.133333,385.53077,1.47944459
355.166667,385.580085,1.47944471
355.2,385.629399,1.47944489
355.233333,385.678714,1.47944516
355.266667,385.728029,1.47944549
355.3,385.777344,1.47944589
355.333333,385.826659,1.47944634
355.366667,385.875974,1.47944688
355.4,385.925289,1.47944748
355.433333,385.974604,1.47944815
355.466667,386.023918,1.47944888
355.5,386.073233,1.47944969
355.533333,386.122548,1.47945058
355.566667,386.171864,1.47945152
355.6,386.221179,1.47945253
355.633333,386.270494,1.47945362
355.666667,386.319809,1.47945478
355.7,386.369124,1.479456
355.733333,386.418439,1.47945729
355.766667,386.467754,1.47945865
355.8,386.51707,1.47946009
355.833333,386.566385,1.4794616
355.866667,386.615701,1.47946316
355.9,386.665016,1.4794648
355.933333,386.714332,1.47946652
355.966667,386.763647,1.47946831
356,386.812963,1.47947015
356.033333,386.862278,1.47947207
356.066667,386.911594,1.47947407
356.1,386.96091,1.47947614
356.133333,387.010226,1.47947826
356.166667,387.059542,1.47948045
356.2,387.108858,1.47948273
356.233333,387.158174,1.47948507
356.266667,387.20749,1.47948748
356.3,387.256807,1.47948995
356.333333,387.306123,1.4794925
356.366667,387.35544,1.47949512
356.4,387.404756,1.4794978
356.433333,387.454073,1.47950054
356.466667,387.503389,1.47950337
356.5,387.552706,1.47950626
356.533333,387.602023,1.47950922
356.566667,387.65134,1.47951223
356.6,387.700657,1.47951532
356.633333,387.749975,1.47951849
356.666667,387.799292,1.47952171
356.7,387.848609,1.47952499
356.733333,387.897927,1.47952835
356.766667,387.947245,1.47953178
356.8,387.996562,1.47953526
356.833333,388.04588,1.47953881
356.866667,388.095198,1.47954242
356.9,388.144516,1.47954611
356.933333,388.193835,1.47954986
356.966667,388.243153,1.47955366
357,388.292472,1.47955753
357.033333,388.34179,1.47956147
357.066667,388.391109,1.47956547
357.1,388.440428,1.47956953
357.133333,388.489747,1.47957365
357.166667,388.539066,1.47957784
357.2,388.588386,1.47958209
357.233333,388.637705,1.47958639
357.266667,388.687025,1.47959075
357.3,388.736344,1.47959519
357.333333,388.785664,1.47959967
357.366667,388.834984,1.47960422
357.4,388.884305,1.47960882
357.433333,388.933625,1.47961349
357.466667,388.982945,1.47961822
357.5,389.032266,1.479623
357.533333,389.081587,1.47962783
357.566667,389.130908,1.47963274
357.6,389.180229,1.47963769
357.633333,389.229551,1.4796427
357.666667,389.278872,1.47964776
357.7,389.328194,1.4796529
357.733333,389.377516,1.47965808
357.766667,389.426838,1.47966332
357.8,389.47616,1.4796686
357.833333,389.525482,1.47967396
357.866667,389.574805,1.47967936
357.9,389.624127,1.47968482
357.933333,389.67345,1.47969033
357.966667,389.722773,1.4796959
358,389.772097,1.47970152
358.033333,389.82142,1.47970716
358.066667,389.870744,1.47971277
358.1,389.920068,1.47971826
358.133333,389.969392,1.47972362
358.166667,390.018716,1.47972889
358.2,390.06804,1.47973407
358.233333,390.117365,1.47973915
358.266667,390.16669,1.47974413
358.3,390.216015,1.47974903
358.333333,390.26534,1.47975385
358.366667,390.314665,1.47975856
358.4,390.36399,1.47976316
358.433333,390.413316,1.47976765
358.466667,390.462641,1.47977206
358.5,390.511967,1.47977637
358.533333,390.561293,1.47978057
358.566667,390.610619,1.47978471
358.6,390.659945,1.47978878
358.633333,390.709272,1.47979279
358.666667,390.758598,1.47979671
358.7,390.807925,1.47980057
358.733333,390.857252,1.47980435
358.766667,390.906578,1.47980806
358.8,390.955905,1.47981165
358.833333,391.005233,1.47981517
358.866667,391.05456,1.47981861
358.9,391.103887,1.47982198
358.933333,391.153215,1.47982525
358.966667,391.202542,1.47982846
359,391.25187,1.47983162
359.033333,391.301198,1.47983472
359.066667,391.350526,1.47983773
359.1,391.399853,1.47984068
359.133333,391.449182,1.47984355
359.166667,391.49851,1.47984634
359.2,391.547838,1.47984902
359.233333,391.597166,1.47985162
359.266667,391.646495,1.47985414
359.3,391.695823,1.47985658
359.333333,391.745152,1.47985894
359.366667,391.794481,1.47986122
359.4,391.843809,1.47986344
359.433333,391.893138,1.47986558
359.466667,391.942467,1.47986764
359.5,391.991796,1.4798696
359.533333,392.041125,1.47987147
359.566667,392.090454,1.47987326
359.6,392.139783,1.47987493
359.633333,392.189112,1.47987649
359.666667,392.238442,1.47987797
359.7,392.287771,1.47987937
359.733333,392.3371,1.47988068
359.766667,392.38643,1.47988188
359.8,392.435759,1.47988301
359.833333,392.485088,1.47988405
359.866667,392.534418,1.479885
359.9,392.583747,1.47988582
359.933333,392.633077,1.47988654
359.966667,392.682407,1.47988717
360,392.731736,1.47988769
360.033333,392.781066,1.47988808
360.066667,392.830395,1.47988839
360.1,392.879725,1.4798886
360.133333,392.929055,1.47988873
360.166667,392.978384,1.47988874
360.2,393.027714,1.47988867
360.233333,393.077043,1.4798885
360.266667,393.126373,1.47988825
360.3,393.175703,1.47988786
360.333333,393.225032,1.47988738
360.366667,393.274362,1.47988679
360.4,393.323691,1.47988612
360.433333,393.373021,1.47988532
360.466667,393.42235,1.47988444
360.5,393.47168,1.47988348
360.533333,393.521009,1.47988244
360.566667,393.570339,1.4798813
360.6,393.619668,1.47988007
360.633333,393.668997,1.47987877
360.666667,393.718327,1.47987738
360.7,393.767656,1.47987589
360.733333,393.816985,1.4798743
360.766667,393.866314,1.47987264
360.8,393.915643,1.47987091
360.833333,393.964972,1.47986909
360.866667,394.014301,1.47986719
360.9,394.06363,1.47986523
360.933333,394.112959,1.47986322
360.966667,394.162288,1.47986114
361,394.211616,1.47985899
361.033333,394.260945,1.47985678
361.066667,394.310273,1.4798545
361.1,394.359602,1.47985217
361.133333,394.40893,1.47984976
361.166667,394.458258,1.47984729
361.2,394.507587,1.47984478
361.233333,394.556915,1.47984223
361.266667,394.606243,1.47983962
361.3,394.655571,1.47983697
361.333333,394.704899,1.47983429
361.366667,394.754226,1.47983158
361.4,394.803554,1.47982882
361.433333,394.852882,1.47982601
361.466667,394.902209,1.47982318
361.5,394.951536,1.47982031
361.533333,395.000864,1.47981739
361.566667,395.050191,1.47981444
361.6,395.099518,1.47981147
361.633333,395.148845,1.47980848
361.666667,395.198172,1.47980546
361.7,395.247499,1.47980243
361.733333,395.296825,1.47979938
361.766667,395.346152,1.47979631
361.8,395.395479,1.47979321
361.833333,395.444805,1.47979009
361.866667,395.494131,1.47978696
361.9,395.543457,1.4797838
361.933333,395.592783,1.47978061
361.966667,395.642109,1.47977742
362,395.691435,1.47977421
362.033333,395.740761,1.47977099
362.066667,395.790087,1.47976776
362.1,395.839412,1.47976452
362.133333,395.888738,1.47976127
362.166667,395.938063,1.479758
362.2,395.987388,1.47975472
362.233333,396.036713,1.47975142
362.266667,396.086038,1.4797481
362.3,396.135363,1.47974477
362.333333,396.184688,1.47974142
362.366667,396.234013,1.47973805
362.4,396.283337,1.47973468
362.433333,396.332662,1.4797313
362.466667,396.381986,1.4797279
362.5,396.43131,1.47972449
362.533333,396.480634,1.47972107
362.566667,396.529958,1.47971762
362.6,396.579282,1.47971416
362.633333,396.628606,1.47971068
362.666667,396.677929,1.47970717
362.7,396.727253,1.47970365
362.733333,396.776576,1.4797001
362.766667,396.8259,1.47969654
362.8,396.875223,1.47969296
362.833333,396.924546,1.47968936
362.866667,396.973869,1.47968575
362.9,397.023191,1.47968212
362.933333,397.072514,1.47967846
362.966667,397.121837,1.47967478
363,397.171159,1.47967108
363.033333,397.220481,1.47966734
363.066667,397.269804,1.47966358
363.1,397.319126,1.4796598
363.133333,397.368448,1.479656
363.166667,397.417769,1.47965217
363.2,397.467091,1.47964833
363.233333,397.516413,1.47964446
363.266667,397.565734,1.47964058
363.3,397.615055,1.47963667
363.333333,397.664377,1.47963273
363.366667,397.713698,1.47962877
363.4,397.763018,1.47962479
363.433333,397.812339,1.47962078
363.466667,397.86166,1.47961675
363.5,397.91098,1.4796127
363.533333,397.960301,1.47960863
363.566667,398.009621,1.47960455
363.6,398.058941,1.47960044
363.633333,398.108261,1.47959632
363.666667,398.157581,1.47959219
363.7,398.2069,1.47958804
363.733333,398.25622,1.47958387
363.766667,398.305539,1.47957969
363.8,398.354859,1.47957549
363.833333,398.404178,1.47957128
363.866667,398.453497,1.47956706
363.9,398.502815,1.47956283
363.933333,398.552134,1.47955859
363.966667,398.601453,1.47955435
364,398.650771,1.47955011
364.033333,398.700089,1.47954586
364.066667,398.749408,1.47954161
364.1,398.798726,1.47953736
364.133333,398.848043,1.47953311
364.166667,398.897361,1.47952886
364.2,398.946679,1.47952461
364.233333,398.995996,1.47952036
364.266667,399.045313,1.47951612
364.3,399.09463,1.47951189
364.333333,399.143947,1.47950767
364.366667,399.193264,1.47950346
364.4,399.242581,1.47949927
364.433333,399.291898,1.47949509
364.466667,399.341214,1.47949093
364.5,399.39053,1.47948678
364.533333,399.439846,1.47948264
364.566667,399.489162,1.47947853
364.6,399.538478,1.47947443
364.633333,399.587794,1.47947035
364.666667,399.63711,1.47946629
364.7,399.686425,1.47946227
364.733333,399.735741,1.47945826
364.766667,399.785056,1.47945429
364.8,399.834371,1.47945034
364.833333,399.883686,1.47944642
364.866667,399.933001,1.47944252
364.9,399.982315,1.47943866
364.933333,400.03163,1.47943481
364.966667,400.080944,1.47943101
365,400.130259,1.47942723
365.033333,400.179573,1.47942348
365.066667,400.228887,1.47941976
365.1,400.278201,1.47941608
365.133333,400.327515,1.47941244
365.166667,400.376828,1.47940882
365.2,400.426142,1.47940524
365.233333,400.475455,1.47940169
365.266667,400.524769,1.47939818
365.3,400.574082,1.4793947
365.333333,400.623395,1.47939124
365.366667,400.672708,1.47938783
365.4,400.722021,1.47938445
365.433333,400.771333,1.47938109
365.466667,400.820646,1.47937777
365.5,400.869959,1.4793745
365.533333,400.919271,1.47937125
365.566667,400.968583,1.47936804
365.6,401.017896,1.47936485
365.633333,401.067208,1.47936171
365.666667,401.11652,1.47935859
365.7,401.165832,1.4793555
365.733333,401.215143,1.47935243
365.766667,401.264455,1.47934941
365.8,401.313767,1.47934641
365.833333,401.363078,1.47934344
365.866667,401.41239,1.4793405
365.9,401.461701,1.47933759
365.933333,401.511012,1.47933472
365.966667,401.560323,1.47933187
366,401.609634,1.47932904
366.033333,401.658945,1.47932625
366.066667,401.708256,1.47932348
366.1,401.757567,1.47932074
366.133333,401.806877,1.47931802
366.166667,401.856188,1.47931532
366.2,401.905498,1.47931266
366.233333,401.954809,1.47931003
366.266667,402.004119,1.47930741
366.3,402.053429,1.47930483
366.333333,402.102739,1.47930227
366.366667,402.152049,1.47929974
366.4,402.201359,1.47929722
366.433333,402.250669,1.47929473
366.466667,402.299979,1.47929228
366.5,402.349289,1.47928984
366.533333,402.398598,1.47928742
366.566667,402.447908,1.47928503
366.6,402.497217,1.47928268
366.633333,402.546527,1.47928034
366.666667,402.595836,1.47927803
366.7,402.645145,1.47927575
366.733333,402.694454,1.4792735
366.766667,402.743764,1.47927127
366.8,402.793073,1.47926907
366.833333,402.842381,1.47926689
366.866667,402.89169,1.47926475
366.9,402.940999,1.47926263
366.933333,402.990308,1.47926054
366.966667,403.039616,1.47925848
367,403.088925,1.47925645
367.033333,403.138234,1.47925446
367.066667,403.187542,1.47925249
367.1,403.23685,1.47925056
367.133333,403.286159,1.47924866
367.166667,403.335467,1.4792468
367.2,403.384775,1.47924497
367.233333,403.434083,1.47924317
367.266667,403.483391,1.4792414
367.3,403.532699,1.47923968
367.333333,403.582007,1.47923799
367.366667,403.631315,1.47923634
367.4,403.680623,1.47923473
367.433333,403.729931,1.47923316
367.466667,403.779239,1.47923164
367.5,403.828546,1.47923014
367.533333,403.877854,1.47922869
367.566667,403.927162,1.47922729
367.6,403.976469,1.47922593
367.633333,404.025777,1.47922461
367.666667,404.075084,1.47922333
367.7,404.124392,1.47922211
367.733333,404.173699,1.47922093
367.766667,404.223006,1.47921979
367.8,404.272314,1.47921869
367.833333,404.321621,1.47921766
367.866667,404.370928,1.47921666
367.9,404.420235,1.47921572
367.933333,404.469543,1.47921481
367.966667,404.51885,1.47921397
368,404.568157,1.47921317
368.033333,404.617464,1.47921242
368.066667,404.666771,1.47921171
368.1,404.716078,1.47921107
368.133333,404.765385,1.47921047
368.166667,404.814692,1.47920992
368.2,404.863999,1.47920942
368.233333,404.913306,1.47920898
368.266667,404.962613,1.47920859
368.3,405.01192,1.47920824
368.333333,405.061227,1.47920795
368.366667,405.110534,1.4792077
368.4,405.159841,1.47920752
368.433333,405.209148,1.47920738
368.466667,405.258455,1.47920728
368.5,405.307761,1.47920724
368.533333,405.357068,1.47920725
368.566667,405.406375,1.47920732
368.6,405.455682,1.47920742
368.633333,405.504989,1.47920758
368.666667,405.554296,1.4792078
368.7,405.603603,1.47920806
368.733333,405.65291,1.47920836
368.766667,405.702217,1.47920871
368.8,405.751524,1.47920912
368.833333,405.800831,1.47920956
368.866667,405.850138,1.47921006
368.9,405.899445,1.47921059
368.933333,405.948752,1.47921119
368.966667,405.998059,1.47921183
369,406.047366,1.4792125
369.033333,406.096673,1.47921322
369.066667,406.14598,1.479214
369.1,406.195287,1.47921481
369.133333,406.244594,1.47921567
369.166667,406.293902,1.47921656
369.2,406.343209,1.47921751
369.233333,406.392516,1.47921849
369.266667,406.441823,1.47921952
369.3,406.491131,1.47922058
369.333333,406.540438,1.47922169
369.366667,406.589746,1.47922284
369.4,406.639053,1.47922403
369.433333,406.68836,1.47922526
369.466667,406.737668,1.47922653
369.5,406.786976,1.47922784
369.533333,406.836283,1.47922919
369.566667,406.885591,1.47923057
369.6,406.934899,1.479232
369.633333,406.984206,1.47923347
369.666667,407.033514,1.47923497
369.7,407.082822,1.47923651
369.733333,407.13213,1.47923809
369.766667,407.181438,1.47923971
369.8,407.230746,1.47924137
369.833333,407.280054,1.47924306
369.866667,407.329362,1.4792448
369.9,407.37867,1.47924657
369.933333,407.427979,1.47924838
369.966667,407.477287,1.47925022
370,407.526595,1.47925211
370.033333,407.575904,1.47925403
370.066667,407.625212,1.479256
370.1,407.674521,1.479258
370.133333,407.723829,1.47926003
370.166667,407.773138,1.47926212
370.2,407.822447,1.47926424
370.233333,407.871756,1.47926639
370.266667,407.921065,1.47926859
370.3,407.970374,1.47927083
370.333333,408.019683,1.47927311
370.366667,408.068992,1.47927542
370.4,408.118301,1.47927777
370.433333,408.16761,1.47928018
370.466667,408.21692,1.47928262
370.5,408.266229,1.4792851
370.533333,408.315539,1.47928761
370.566667,408.364848,1.47929018
370.6,408.414158,1.47929279
370.633333,408.463468,1.47929544
370.666667,408.512778,1.47929813
370.7,408.562088,1.47930086
370.733333,408.611398,1.47930364
370.766667,408.660708,1.47930646
370.8,408.710018,1.47930932
370.833333,408.759329,1.47931223
370.866667,408.808639,1.47931519
370.9,408.85795,1.47931818
370.933333,408.90726,1.47932122
370.966667,408.956571,1.4793243
371,409.005882,1.47932743
371.033333,409.055193,1.47933061
371.066667,409.104504,1.47933382
371.1,409.153815,1.47933708
371.133333,409.203126,1.47934039
371.166667,409.252438,1.47934374
371.2,409.301749,1.47934714
371.233333,409.351061,1.47935058
371.266667,409.400373,1.47935407
371.3,409.449685,1.4793576
371.333333,409.498997,1.47936117
371.366667,409.548309,1.47936479
371.4,409.597621,1.47936846
371.433333,409.646933,1.47937217
371.466667,409.696246,1.47937592
371.5,409.745558,1.47937971
371.533333,409.794871,1.47938355
371.566667,409.844184,1.47938744
371.6,409.893497,1.47939136
371.633333,409.94281,1.47939532
371.666667,409.992123,1.47939934
371.7,410.041437,1.4794034
371.733333,410.09075,1.47940749
371.766667,410.140064,1.47941162
371.8,410.189378,1.4794158
371.833333,410.238691,1.47942002
371.866667,410.288006,1.47942428
371.9,410.33732,1.47942857
371.933333,410.386634,1.47943292
371.966667,410.435949,1.4794373
372,410.485263,1.47944171
372.033333,410.534578,1.47944616
372.066667,410.583893,1.47945066
372.1,410.633208,1.47945519
372.133333,410.682523,1.47945976
372.166667,410.731839,1.47946436
372.2,410.781154,1.479469
372.233333,410.83047,1.47947368
372.266667,410.879786,1.47947839
372.3,410.929102,1.47948313
372.333333,410.978418,1.47948792
372.366667,411.027734,1.47949273
372.4,411.077051,1.47949758
372.433333,411.126368,1.47950246
372.466667,411.175684,1.47950738
372.5,411.225001,1.47951233
372.533333,411.274319,1.47951731
372.566667,411.323636,1.47952232
372.6,411.372953,1.47952736
372.633333,411.422271,1.47953244
372.666667,411.471589,1.47953754
372.7,411.520907,1.47954267
372.733333,411.570225,1.47954784
372.766667,411.619543,1.47955304
372.8,411.668862,1.47955826
372.833333,411.718181,1.47956352
372.866667,411.767499,1.4795688
372.9,411.816819,1.47957411
372.933333,411.866138,1.47957946
372.966667,411.915457,1.47958482
373,411.964777,1.47959022
373.033333,412.014097,1.47959565
373.066667,412.063417,1.4796011
373.1,412.112737,1.47960659
373.133333,412.162057,1.47961209
373.166667,412.211377,1.47961764
373.2,412.260698,1.4796232
373.233333,412.310019,1.4796288
373.266667,412.35934,1.47963442
373.3,412.408661,1.47964007
373.333333,412.457983,1.47964575
373.366667,412.507304,1.47965145
373.4,412.556626,1.47965718
373.433333,412.605948,1.47966294
373.466667,412.65527,1.47966873
373.5,412.704593,1.47967454
373.533333,412.753915,1.47968038
373.566667,412.803238,1.47968625
373.6,412.852561,1.47969215
373.633333,412.901884,1.47969807
373.666667,412.951208,1.47970402
373.7,413.000531,1.47971
373.733333,413.049855,1.47971601
373.766667,413.099179,1.47972204
373.8,413.148503,1.4797281
373.833333,413.197827,1.47973419
373.866667,413.247152,1.47974031
373.9,413.296477,1.47974646
373.933333,413.345802,1.47975263
373.966667,413.395127,1.47975882
374,413.444452,1.47976506
374.033333,413.493778,1.47977131
374.066667,413.543104,1.47977759
374.1,413.59243,1.4797839
374.133333,413.641756,1.47979024
374.166667,413.691082,1.47979661
374.2,413.740409,1.479803
374.233333,413.789736,1.47980942
374.266667,413.839063,1.47981587
374.3,413.88839,1.47982235
374.333333,413.937718,1.47982885
374.366667,413.987046,1.47983538
374.4,414.036374,1.47984193
374.433333,414.085702,1.47984852
374.466667,414.13503,1.47985513
374.5,414.184359,1.47986176
374.533333,414.233688,1.47986842
374.566667,414.283017,1.47987511
374.6,414.332346,1.47988183
374.633333,414.381675,1.47988856
374.666667,414.431005,1.47989533
374.7,414.480335,1.47990212
374.733333,414.529665,1.47990893
374.766667,414.578996,1.47991577
374.8,414.628326,1.47992263
374.833333,414.677657,1.47992952
374.866667,414.726988,1.47993643
374.9,414.77632,1.47994336
374.933333,414.825651,1.47995032
374.966667,414.874983,1.4799573
375,414.924315,1.47996428
375.033333,414.973647,1.47997122
375.066667,415.02298,1.47997807
375.1,415.072313,1.47998481
375.133333,415.121646,1.47999146
375.166667,415.170979,1.47999805
375.2,415.220312,1.48000455
375.233333,415.269646,1.48001096
375.266667,415.318979,1.4800173
375.3,415.368313,1.48002357
375.333333,415.417648,1.48002976
375.366667,415.466982,1.48003583
375.4,415.516317,1.48004183
375.433333,415.565652,1.48004775
375.466667,415.614987,1.48005359
375.5,415.664322,1.48005933
375.533333,415.713657,1.48006501
375.566667,415.762993,1.48007063
375.6,415.812329,1.4800762
375.633333,415.861665,1.48008168
375.666667,415.911001,1.48008709
375.7,415.960337,1.48009245
375.733333,416.009673,1.48009774
375.766667,416.05901,1.48010292
375.8,416.108347,1.48010804
375.833333,416.157684,1.48011308
375.866667,416.207021,1.48011806
375.9,416.256359,1.48012295
375.933333,416.305696,1.48012777
375.966667,416.355034,1.4801325
376,416.404372,1.48013711
376.033333,416.45371,1.48014157
376.066667,416.503048,1.48014589
376.1,416.552386,1.48015009
376.133333,416.601724,1.48015417
376.166667,416.651063,1.4801581
376.2,416.700402,1.48016188
376.233333,416.74974,1.48016554
376.266667,416.799079,1.48016908
376.3,416.848418,1.48017247
376.333333,416.897757,1.48017572
376.366667,416.947097,1.48017885
376.4,416.996436,1.48018187
376.433333,417.045775,1.48018475
376.466667,417.095115,1.48018749
376.5,417.144455,1.4801901
376.533333,417.193794,1.4801926
376.566667,417.243134,1.48019497
376.6,417.292474,1.48019717
376.633333,417.341814,1.48019926
376.666667,417.391154,1.48020123
376.7,417.440494,1.48020308
376.733333,417.489834,1.48020476
376.766667,417.539174,1.48020633
376.8,417.588515,1.48020778
376.833333,417.637855,1.48020912
376.866667,417.687195,1.48021028
376.9,417.736536,1.48021133
376.933333,417.785876,1.48021226
376.966667,417.835216,1.48021307
377,417.884557,1.48021371
377.033333,417.933897,1.48021423
377.066667,417.983238,1.48021463
377.1,418.032578,1.48021492
377.133333,418.081919,1.48021504
377.166667,418.131259,1.48021504
377.2,418.1806,1.48021493
377.233333,418.22994,1.4802147
377.266667,418.279281,1.48021432
377.3,418.328621,1.48021381
377.333333,418.377962,1.48021318
377.366667,418.427302,1.48021243
377.4,418.476642,1.48021154
377.433333,418.525983,1.48021051
377.466667,418.575323,1.48020937
377.5,418.624663,1.48020812
377.533333,418.674004,1.48020673
377.566667,418.723344,1.48020521
377.6,418.772684,1.48020358
377.633333,418.822024,1.48020185
377.666667,418.871364,1.48019999
377.7,418.920704,1.48019799
377.733333,418.970044,1.48019588
377.766667,419.019384,1.48019367
377.8,419.068724,1.48019134
377.833333,419.118063,1.48018888
377.866667,419.167403,1.48018632
377.9,419.216742,1.48018366
377.933333,419.266082,1.4801809
377.966667,419.315421,1.48017801
378,419.36476,1.48017502
378.033333,419.414099,1.48017195
378.066667,419.463438,1.48016878
378.1,419.512777,1.48016548
378.133333,419.562116,1.48016209
378.166667,419.611455,1.48015862
378.2,419.660793,1.48015506
378.233333,419.710132,1.48015138
378.266667,419.75947,1.48014762
378.3,419.808808,1.48014379
378.333333,419.858146,1.48013988
378.366667,419.907484,1.48013586
378.4,419.956822,1.48013177
378.433333,420.00616,1.48012761
378.466667,420.055497,1.48012337
378.5,420.104835,1.48011905
378.533333,420.154172,1.48011464
378.566667,420.203509,1.48011018
378.6,420.252846,1.48010564
378.633333,420.302183,1.48010103
378.666667,420.351519,1.48009636
378.7,420.400856,1.48009162
378.733333,420.450192,1.48008683
378.766667,420.499528,1.48008197
378.8,420.548864,1.48007705
378.833333,420.5982,1.48007207
378.866667,420.647536,1.48006704
378.9,420.696871,1.48006196
378.933333,420.746206,1.48005681
378.966667,420.795542,1.48005161
379,420.844877,1.48004637
379.033333,420.894211,1.48004107
379.066667,420.943546,1.48003573
379.1,420.99288,1.48003034
379.133333,421.042215,1.48002491
379.166667,421.091549,1.48001944
379.2,421.140883,1.48001391
379.233333,421.190216,1.48000834
379.266667,421.23955,1.48000274
379.3,421.288883,1.47999709
379.333333,421.338216,1.4799914
379.366667,421.387549,1.47998566
379.4,421.436882,1.4799799
379.433333,421.486215,1.4799741
379.466667,421.535547,1.47996825
379.5,421.584879,1.47996237
379.533333,421.634211,1.47995646
379.566667,421.683543,1.47995052
379.6,421.732874,1.47994453
379.633333,421.782206,1.47993851
379.666667,421.831537,1.47993245
379.7,421.880868,1.47992637
379.733333,421.930199,1.47992024
379.766667,421.979529,1.47991408
379.8,422.02886,1.47990789
379.833333,422.07819,1.47990167
379.866667,422.12752,1.47989542
379.9,422.17685,1.47988913
379.933333,422.226179,1.47988281
379.966667,422.275508,1.47987646
380,422.324838,1.47987008
380.033333,422.374166,1.47986366
380.066667,422.423495,1.47985721
380.1,422.472824,1.47985074
380.133333,422.522152,1.47984423
380.166667,422.57148,1.47983769
380.2,422.620808,1.47983112
380.233333,422.670135,1.47982452
380.266667,422.719463,1.4798179
380.3,422.76879,1.47981124
380.333333,422.818117,1.47980456
380.366667,422.867443,1.47979784
380.4,422.91677,1.4797911
380.433333,422.966096,1.47978433
380.466667,423.015422,1.47977753
380.5,423.064748,1.47977071
380.533333,423.114074,1.47976386
380.566667,423.163399,1.47975699
380.6,423.212724,1.47975009
380.633333,423.262049,1.47974317
380.666667,423.311374,1.47973622
380.7,423.360698,1.47972925
380.733333,423.410022,1.47972226
380.766667,423.459346,1.47971525
380.8,423.50867,1.47970822
380.833333,423.557993,1.47970117
380.866667,423.607317,1.4796941
380.9,423.65664,1.47968701
380.933333,423.705962,1.47967991
380.966667,423.755285,1.47967279
381,423.804607,1.47966565
381.033333,423.853929,1.47965851
381.066667,423.903251,1.47965135
381.1,423.952573,1.47964418
381.133333,424.001894,1.479637
381.166667,424.051215,1.47962982
381.2,424.100536,1.47962262
381.233333,424.149857,1.47961542
381.266667,424.199177,1.47960821
381.3,424.248497,1.479601
381.333333,424.297817,1.47959379
381.366667,424.347137,1.47958657
381.4,424.396456,1.47957936
381.433333,424.445775,1.47957215
381.466667,424.495094,1.47956494
381.5,424.544413,1.47955773
381.533333,424.593732,1.47955053
381.566667,424.64305,1.47954333
381.6,424.692368,1.47953614
381.633333,424.741686,1.47952896
381.666667,424.791003,1.47952179
381.7,424.84032,1.47951463
381.733333,424.889637,1.47950749
381.766667,424.938954,1.47950036
381.8,424.988271,1.47949324
381.833333,425.037587,1.47948614
381.866667,425.086903,1.47947906
381.9,425.136219,1.47947199
381.933333,425.185535,1.47946494
381.966667,425.23485,1.47945792
382,425.284165,1.47945091
382.033333,425.33348,1.47944392
382.066667,425.382795,1.47943696
382.1,425.432109,1.47943002
382.133333,425.481423,1.47942311
382.166667,425.530737,1.47941622
382.2,425.580051,1.47940936
382.233333,425.629365,1.47940253
382.266667,425.678678,1.47939572
382.3,425.727991,1.47938894
382.333333,425.777304,1.47938219
382.366667,425.826617,1.47937548
382.4,425.875929,1.47936878
382.433333,425.925241,1.47936212
382.466667,425.974553,1.47935549
382.5,426.023865,1.4793489
382.533333,426.073176,1.47934233
382.566667,426.122488,1.4793358
382.6,426.171799,1.4793293
382.633333,426.22111,1.47932283
382.666667,426.27042,1.4793164
382.7,426.319731,1.47930999
382.733333,426.369041,1.47930362
382.766667,426.418351,1.47929729
382.8,426.467661,1.47929099
382.833333,426.51697,1.47928472
382.866667,426.56628,1.47927848
382.9,426.615589,1.47927229
382.933333,426.664898,1.47926613
382.966667,426.714207,1.47925999
383,426.763515,1.47925389
383.033333,426.812824,1.47924784
383.066667,426.862132,1.47924181
383.1,426.91144,1.47923582
383.133333,426.960748,1.47922986
383.166667,427.010055,1.47922394
383.2,427.059362,1.47921805
383.233333,427.10867,1.47921219
383.266667,427.157977,1.47920637
383.3,427.207283,1.47920059
383.333333,427.25659,1.47919484
383.366667,427.305896,1.47918913
383.4,427.355203,1.47918344
383.433333,427.404509,1.4791778
383.466667,427.453814,1.47917219
383.5,427.50312,1.47916662
383.533333,427.552426,1.47916107
383.566667,427.601731,1.47915557
383.6,427.651036,1.4791501
383.633333,427.700341,1.47914467
383.666667,427.749646,1.47913927
383.7,427.79895,1.47913391
383.733333,427.848254,1.47912858
383.766667,427.897559,1.47912329
383.8,427.946863,1.47911804
383.833333,427.996167,1.47911282
383.866667,428.04547,1.47910765
383.9,428.094774,1.4791025
383.933333,428.144077,1.4790974
383.966667,428.19338,1.47909233
384,428.242683,1.47908731
384.033333,428.291986,1.47908232
384.066667,428.341289,1.47907737
384.1,428.390591,1.47907246
384.133333,428.439894,1.47906759
384.166667,428.489196,1.47906277
384.2,428.538498,1.47905798
384.233333,428.5878,1.47905323
384.266667,428.637101,1.47904853
384.3,428.686403,1.47904387
384.333333,428.735704,1.47903925
384.366667,428.785005,1.47903467
384.4,428.834307,1.47903015
384.433333,428.883607,1.47902566
384.466667,428.932908,1.47902122
384.5,428.982209,1.47901682
384.533333,429.031509,1.47901248
384.566667,429.08081,1.47900819
384.6,429.13011,1.47900393
384.633333,429.17941,1.47899972
384.666667,429.22871,1.47899557
384.7,429.27801,1.47899147
384.733333,429.327309,1.47898741
384.766667,429.376609,1.4789834
384.8,429.425908,1.47897945
384.833333,429.475207,1.47897555
384.866667,429.524507,1.4789717
384.9,429.573806,1.47896789
384.933333,429.623104,1.47896415
384.966667,429.672403,1.47896046
385,429.721702,1.47895682
385.033333,429.771,1.47895323
385.066667,429.820299,1.4789497
385.1,429.869597,1.47894623
385.133333,429.918895,1.47894281
385.166667,429.968193,1.47893944
385.2,430.017491,1.47893614
385.233333,430.066789,1.47893289
385.266667,430.116087,1.4789297
385.3,430.165384,1.47892656
385.333333,430.214682,1.47892348
385.366667,430.263979,1.47892046
385.4,430.313276,1.4789175
385.433333,430.362574,1.47891459
385.466667,430.411871,1.47891173
385.5,430.461168,1.47890895
385.533333,430.510465,1.47890622
385.566667,430.559761,1.47890354
385.6,430.609058,1.47890092
385.633333,430.658355,1.47889837
385.666667,430.707651,1.47889588
385.7,430.756948,1.47889343
385.733333,430.806244,1.47889104
385.766667,430.855541,1.47888873
385.8,430.904837,1.47888647
385.833333,430.954133,1.47888425
385.866667,431.003429,1.4788821
385.9,431.052725,1.47888001
385.933333,431.102021,1.47887798
385.966667,431.151317,1.478876
386,431.200613,1.47887408
386.033333,431.249909,1.47887222
386.066667,431.299204,1.47887042
386.1,431.3485,1.47886867
386.133333,431.397796,1.47886697
386.166667,431.447091,1.47886534
386.2,431.496387,1.47886376
386.233333,431.545682,1.47886224
386.266667,431.594978,1.47886076
386.3,431.644273,1.47885935
386.333333,431.693568,1.478858
386.366667,431.742863,1.4788567
386.4,431.792159,1.47885544
386.433333,431.841454,1.47885425
386.466667,431.890749,1.47885311
386.5,431.940044,1.47885203
386.533333,431.989339,1.47885099
386.566667,432.038634,1.47885001
386.6,432.087929,1.47884909
386.633333,432.137224,1.47884822
386.666667,432.186519,1.47884739
386.7,432.235814,1.47884662
386.733333,432.285109,1.47884591
386.766667,432.334404,1.47884525
386.8,432.383698,1.47884463
386.833333,432.432993,1.47884407
386.866667,432.482288,1.47884357
386.9,432.531583,1.47884311
386.933333,432.580877,1.4788427
386.966667,432.630172,1.47884234
387,432.679467,1.47884205
387.033333,432.728762,1.4788418
387.066667,432.778056,1.4788416
387.1,432.827351,1.47884144
387.133333,432.876646,1.47884135
387.166667,432.925941,1.4788413
387.2,432.975235,1.4788413
387.233333,433.02453,1.47884135
387.266667,433.073825,1.47884146
387.3,433.123119,1.47884162
387.333333,433.172414,1.47884183
387.366667,433.221709,1.47884208
387.4,433.271004,1.47884239
387.433333,433.320298,1.47884275
387.466667,433.369593,1.47884316
387.5,433.418888,1.47884362
387.533333,433.468183,1.47884413
387.566667,433.517478,1.4788447
387.6,433.566772,1.47884532
387.633333,433.616067,1.47884598
387.666667,433.665362,1.4788467
387.7,433.714657,1.47884747
387.733333,433.763952,1.47884829
387.766667,433.813247,1.47884916
387.8,433.862542,1.47885008
387.833333,433.911837,1.47885107
387.866667,433.961132,1.4788521
387.9,434.010427,1.47885317
387.933333,434.059722,1.4788543
387.966667,434.109017,1.47885549
388,434.158313,1.47885673
388.033333,434.207608,1.47885802
388.066667,434.256903,1.47885936
388.1,434.306198,1.47886076
388.133333,434.355494,1.47886221
388.166667,434.404789,1.4788637
388.2,434.454085,1.47886525
388.233333,434.50338,1.47886686
388.266667,434.552676,1.47886852
388.3,434.601971,1.47887022
388.333333,434.651267,1.47887198
388.366667,434.700563,1.4788738
388.4,434.749859,1.47887567
388.433333,434.799155,1.47887758
388.466667,434.848451,1.47887954
388.5,434.897747,1.47888157
388.533333,434.947043,1.47888365
388.566667,434.996339,1.47888577
388.6,435.045635,1.47888794
388.633333,435.094931,1.47889018
388.666667,435.144228,1.47889246
388.7,435.193524,1.47889479
388.733333,435.242821,1.47889716
388.766667,435.292117,1.4788996
388.8,435.341414,1.47890209
388.833333,435.390711,1.47890462
388.866667,435.440008,1.47890719
388.9,435.489305,1.47890983
388.933333,435.538602,1.47891251
388.966667,435.587899,1.47891524
389,435.637196,1.47891802
389.033333,435.686493,1.47892084
389.066667,435.735791,1.47892372
389.1,435.785088,1.47892665
389.133333,435.834386,1.47892961
389.166667,435.883684,1.47893263
389.2,435.932981,1.4789357
389.233333,435.982279,1.47893881
389.266667,436.031577,1.47894196
389.3,436.080875,1.47894516
389.333333,436.130174,1.47894842
389.366667,436.179472,1.47895171
389.4,436.22877,1.47895504
389.433333,436.278069,1.47895842
389.466667,436.327368,1.47896185
389.5,436.376666,1.47896532
389.533333,436.425965,1.47896883
389.566667,436.475264,1.47897238
389.6,436.524564,1.47897599
389.633333,436.573863,1.47897963
389.666667,436.623162,1.4789833
389.7,436.672462,1.47898702
389.733333,436.721761,1.47899079
389.766667,436.771061,1.47899459
389.8,436.820361,1.47899844
389.833333,436.869661,1.47900231
389.866667,436.918961,1.47900624
389.9,436.968261,1.47901021
389.933333,437.017562,1.47901421
389.966667,437.066862,1.47901824
390,437.116163,1.47902232
390.033333,437.165464,1.47902644
390.066667,437.214765,1.47903059
390.1,437.264066,1.47903478
390.133333,437.313367,1.47903901
390.166667,437.362668,1.47904328
390.2,437.41197,1.47904758
390.233333,437.461272,1.47905192
390.266667,437.510573,1.47905629
390.3,437.559875,1.47906071
390.333333,437.609177,1.47906515
390.366667,437.65848,1.47906963
390.4,437.707782,1.47907415
390.433333,437.757085,1.4790787
390.466667,437.806387,1.47908329
390.5,437.85569,1.47908791
390.533333,437.904993,1.47909257
390.566667,437.954296,1.47909726
390.6,438.0036,1.47910199
390.633333,438.052903,1.47910675
390.666667,438.102207,1.47911154
390.7,438.151511,1.47911637
390.733333,438.200815,1.47912124
390.766667,438.250119,1.47912613
390.8,438.299423,1.47913105
390.833333,438.348727,1.47913602
390.866667,438.398032,1.47914102
390.9,438.447337,1.47914605
390.933333,438.496642,1.4791511
390.966667,438.545947,1.4791562
391,438.595252,1.47916133
391.033333,438.644558,1.47916649
391.066667,438.693863,1.47917168
391.1,438.743169,1.47917691
391.133333,438.792475,1.47918217
391.166667,438.841781,1.47918746
391.2,438.891088,1.47919278
391.233333,438.940394,1.47919813
391.266667,438.989701,1.47920352
391.3,439.039008,1.47920894
391.333333,439.088315,1.47921438
391.366667,439.137622,1.47921987
391.4,439.186929,1.47922538
391.433333,439.236237,1.47923092
391.466667,439.285545,1.47923649
391.5,439.334853,1.47924209
391.533333,439.384161,1.47924773
391.566667,439.433469,1.4792534
391.6,439.482778,1.47925909
391.633333,439.532087,1.47926481
391.666667,439.581395,1.47927057
391.7,439.630705,1.47927635
391.733333,439.680014,1.47928216
391.766667,439.729323,1.479288
391.8,439.778633,1.47929388
391.833333,439.827943,1.47929978
391.866667,439.877253,1.4793057
391.9,439.926563,1.47931165
391.933333,439.975874,1.47931764
391.966667,440.025185,1.47932365
392,440.074495,1.47932969
392.033333,440.123807,1.47933575
392.066667,440.173118,1.47934184
392.1,440.222429,1.47934796
392.133333,440.271741,1.4793541
392.166667,440.321053,1.47936027
392.2,440.370365,1.47936647
392.233333,440.419677,1.47937269
392.266667,440.46899,1.47937893
392.3,440.518303,1.47938519
392.333333,440.567616,1.47939149
392.366667,440.616929,1.47939781
392.4,440.666242,1.47940414
392.433333,440.715556,1.4794105
392.466667,440.764869,1.47941689
392.5,440.814183,1.4794233
392.533333,440.863498,1.47942973
392.566667,440.912812,1.47943618
392.6,440.962127,1.47944265
392.633333,441.011442,1.47944915
392.666667,441.060757,1.47945567
392.7,441.110072,1.4794622
392.733333,441.159388,1.47946875
392.766667,441.208703,1.47947533
392.8,441.258019,1.47948193
392.833333,441.307335,1.47948854
392.866667,441.356652,1.47949517
392.9,441.405968,1.47950182
392.933333,441.455285,1.47950849
392.966667,441.504602,1.47951518
393,441.55392,1.47952188
393.033333,441.603237,1.47952861
393.066667,441.652555,1.47953535
393.1,441.701873,1.4795421
393.133333,441.751191,1.47954888
393.166667,441.800509,1.47955567
393.2,441.849828,1.47956247
393.233333,441.899147,1.47956929
393.266667,441.948466,1.47957613
393.3,441.997785,1.47958298
393.333333,442.047105,1.47958985
393.366667,442.096425,1.47959673
393.4,442.145745,1.47960362
393.433333,442.195065,1.47961053
393.466667,442.244385,1.47961746
393.5,442.293706,1.4796244
393.533333,442.343027,1.47963135
393.566667,442.392348,1.47963831
393.6,442.44167,1.47964529
393.633333,442.490991,1.47965229
393.666667,442.540313,1.47965929
393.7,442.589635,1.47966631
393.733333,442.638957,1.47967334
393.766667,442.68828,1.47968037
393.8,442.737603,1.47968739
393.833333,442.786926,1.47969429
393.866667,442.836249,1.47970107
393.9,442.885573,1.47970777
393.933333,442.934896,1.47971437
393.966667,442.98422,1.47972086
394,443.033544,1.47972726
394.033333,443.082869,1.47973359
394.066667,443.132193,1.47973983
394.1,443.181518,1.47974596
394.133333,443.230843,1.47975199
394.166667,443.280168,1.47975792
394.2,443.329493,1.47976377
394.233333,443.378819,1.47976951
394.266667,443.428145,1.47977514
394.3,443.477471,1.47978071
394.333333,443.526797,1.47978621
394.366667,443.576123,1.47979163
394.4,443.62545,1.47979697
394.433333,443.674776,1.47980224
394.466667,443.724103,1.47980744
394.5,443.77343,1.47981256
394.533333,443.822757,1.47981757
394.566667,443.872085,1.47982251
394.6,443.921412,1.47982736
394.633333,443.97074,1.47983214
394.666667,444.020068,1.47983682
394.7,444.069395,1.47984144
394.733333,444.118724,1.479846
394.766667,444.168052,1.47985049
394.8,444.21738,1.4798549
394.833333,444.266709,1.47985923
394.866667,444.316038,1.4798635
394.9,444.365366,1.47986769
394.933333,444.414695,1.47987177
394.966667,444.464025,1.47987577
395,444.513354,1.4798797
395.033333,444.562683,1.47988355
395.066667,444.612013,1.4798873
395.1,444.661342,1.47989098
395.133333,444.710672,1.47989459
395.166667,444.760002,1.47989814
395.2,444.809332,1.4799016
395.233333,444.858662,1.47990497
395.266667,444.907992,1.47990826
395.3,444.957323,1.47991146
395.333333,445.006653,1.47991456
395.366667,445.055984,1.47991757
395.4,445.105314,1.47992049
395.433333,445.154645,1.47992333
395.466667,445.203976,1.47992608
395.5,445.253307,1.47992874
395.533333,445.302638,1.47993128
395.566667,445.351969,1.4799337
395.6,445.4013,1.47993594
395.633333,445.450631,1.47993799
395.666667,445.499962,1.4799399
395.7,445.549294,1.47994167
395.733333,445.598625,1.47994328
395.766667,445.647957,1.4799447
395.8,445.697288,1.47994598
395.833333,445.74662,1.47994713
395.866667,445.795951,1.47994813
395.9,445.845283,1.47994894
395.933333,445.894615,1.47994961
395.966667,445.943946,1.47995015
396,445.993278,1.47995055
396.033333,446.04261,1.47995076
396.066667,446.091941,1.47995084
396.1,446.141273,1.4799508
396.133333,446.190605,1.47995063
396.166667,446.239936,1.47995027
396.2,446.289268,1.47994979
396.233333,446.3386,1.47994919
396.266667,446.387931,1.47994847
396.3,446.437263,1.47994758
396.333333,446.486595,1.47994656
396.366667,446.535926,1.47994542
396.4,446.585258,1.47994417
396.433333,446.634589,1.47994276
396.466667,446.68392,1.47994122
396.5,446.733252,1.47993958
396.533333,446.782583,1.47993782
396.566667,446.831914,1.47993593
396.6,446.881245,1.47993391
396.633333,446.930577,1.47993178
396.666667,446.979908,1.47992955
396.7,447.029239,1.47992719
396.733333,447.078569,1.47992471
396.766667,447.1279,1.47992212
396.8,447.177231,1.47991944
396.833333,447.226561,1.47991664
396.866667,447.275892,1.47991371
396.9,447.325222,1.47991069
396.933333,447.374553,1.47990758
396.966667,447.423883,1.47990437
397,447.473213,1.47990103
397.033333,447.522543,1.47989761
397.066667,447.571873,1.4798941
397.1,447.621203,1.47989049
397.133333,447.670532,1.47988676
397.166667,447.719862,1.47988294
397.2,447.769191,1.47987905
397.233333,447.81852,1.47987506
397.266667,447.867849,1.47987096
397.3,447.917178,1.47986678
397.333333,447.966507,1.47986252
397.366667,448.015836,1.47985819
397.4,448.065164,1.47985374
397.433333,448.114493,1.47984922
397.466667,448.163821,1.47984462
397.5,448.213149,1.47983995
397.533333,448.262477,1.47983517
397.566667,448.311805,1.47983031
397.6,448.361132,1.47982539
397.633333,448.41046,1.47982039
397.666667,448.459787,1.4798153
397.7,448.509114,1.47981014
397.733333,448.558441,1.47980491
397.766667,448.607768,1.47979961
397.8,448.657094,1.47979422
397.833333,448.706421,1.47978876
397.866667,448.755747,1.47978324
397.9,448.805073,1.47977765
397.933333,448.854399,1.47977198
397.966667,448.903724,1.47976624
398,448.95305,1.47976044
398.033333,449.002375,1.47975457
398.066667,449.0517,1.47974864
398.1,449.101025,1.47974263
398.133333,449.15035,1.47973657
398.166667,449.199674,1.47973045
398.2,449.248998,1.47972426
398.233333,449.298322,1.479718
398.266667,449.347646,1.47971169
398.3,449.39697,1.47970532
398.333333,449.446293,1.47969889
398.366667,449.495616,1.47969239
398.4,449.544939,1.47968584
398.433333,449.594262,1.47967924
398.466667,449.643585,1.47967259
398.5,449.692907,1.47966587
398.533333,449.742229,1.4796591
398.566667,449.791551,1.47965229
398.6,449.840873,1.47964542
398.633333,449.890194,1.47963849
398.666667,449.939515,1.47963152
398.7,449.988836,1.4796245
398.733333,450.038157,1.47961744
398.766667,450.087477,1.47961032
398.8,450.136797,1.47960316
398.833333,450.186117,1.47959596
398.866667,450.235437,1.47958872
398.9,450.284757,1.47958142
398.933333,450.334076,1.47957409
398.966667,450.383395,1.47956672
399,450.432714,1.47955932
399.033333,450.482032,1.47955187
399.066667,450.53135,1.47954438
399.1,450.580668,1.47953686
399.133333,450.629986,1.47952931
399.166667,450.679304,1.47952172
399.2,450.728621,1.47951409
399.233333,450.777938,1.47950644
399.266667,450.827255,1.47949876
399.3,450.876571,1.47949105
399.333333,450.925888,1.47948331
399.366667,450.975203,1.47947554
399.4,451.024519,1.47946775
399.433333,451.073835,1.47945994
399.466667,451.12315,1.4794521
399.5,451.172465,1.47944423
399.533333,451.22178,1.47943635
399.566667,451.271094,1.47942845
399.6,451.320408,1.47942053
399.633333,451.369722,1.47941259
399.666667,451.419036,1.47940464
399.7,451.468349,1.47939668
399.733333,451.517662,1.47938869
399.766667,451.566975,1.4793807
399.8,451.616287,1.47937269
399.833333,451.6656,1.47936468
399.866667,451.714912,1.47935665
399.9,451.764223,1.47934861
399.933333,451.813535,1.47934057
399.966667,451.862846,1.47933252
400,451.912157,1.47932447
400.033333,451.961468,1.47931641
400.066667,452.010778,1.47930835
400.1,452.060088,1.47930029
400.133333,452.109398,1.47929222
400.166667,452.158708,1.47928416
400.2,452.208017,1.47927609
400.233333,452.257326,1.47926803
400.266667,452.306635,1.47925997
400.3,452.355944,1.47925191
400.333333,452.405252,1.47924386
400.366667,452.45456,1.47923581
400.4,452.503868,1.47922777
400.433333,452.553175,1.47921974
400.466667,452.602482,1.47921171
400.5,452.651789,1.47920369
400.533333,452.701096,1.47919568
400.566667,452.750402,1.47918768
400.6,452.799708,1.47917969
400.633333,452.849014,1.47917171
400.666667,452.89832,1.47916374
400.7,452.947625,1.47915579
400.733333,452.99693,1.47914784
400.766667,453.046235,1.47913992
400.8,453.095539,1.479132
400.833333,453.144844,1.47912411
400.866667,453.194148,1.47911622
400.9,453.243451,1.47910836
400.933333,453.292755,1.47910051
400.966667,453.342058,1.47909267
401,453.391361,1.47908486
401.033333,453.440664,1.47907706
401.066667,453.489966,1.47906928
401.1,453.539268,1.47906152
401.133333,453.58857,1.47905379
401.166667,453.637872,1.47904607
401.2,453.687173,1.47903837
401.233333,453.736475,1.47903069
401.266667,453.785775,1.47902304
401.3,453.835076,1.47901541
401.333333,453.884377,1.4790078
401.366667,453.933677,1.47900021
401.4,453.982977,1.47899265
401.433333,454.032276,1.47898511
401.466667,454.081576,1.47897759
401.5,454.130875,1.4789701
401.533333,454.180174,1.47896264
401.566667,454.229472,1.4789552
401.6,454.278771,1.47894779
401.633333,454.328069,1.47894041
401.666667,454.377367,1.47893305
401.7,454.426664,1.47892572
401.733333,454.475962,1.47891841
401.766667,454.525259,1.47891114
401.8,454.574556,1.4789039
401.833333,454.623852,1.47889668
401.866667,454.673149,1.4788895
401.9,454.722445,1.47888234
401.933333,454.771741,1.47887522
401.966667,454.821037,1.47886813
402,454.870332,1.47886107
402.033333,454.919627,1.47885404
402.066667,454.968922,1.47884705
402.1,455.018217,1.47884009
402.133333,455.067512,1.47883316
402.166667,455.116806,1.47882626
402.2,455.1661,1.47881941
402.233333,455.215394,1.47881259
402.266667,455.264688,1.4788058
402.3,455.313981,1.47879904
402.333333,455.363274,1.47879233
402.366667,455.412567,1.47878566
402.4,455.46186,1.47877902
402.433333,455.511153,1.47877242
402.466667,455.560445,1.47876586
402.5,455.609737,1.47875935
402.533333,455.659029,1.47875286
402.566667,455.708321,1.47874642
402.6,455.757612,1.47874003
402.633333,455.806903,1.47873367
402.666667,455.856194,1.47872736
402.7,455.905485,1.47872108
402.733333,455.954776,1.47871486
402.766667,456.004066,1.47870867
402.8,456.053356,1.47870253
402.833333,456.102646,1.47869643
402.866667,456.151936,1.47869038
402.9,456.201225,1.47868438
402.933333,456.250515,1.47867842
402.966667,456.299804,1.47867251
403,456.349093,1.47866664
403.033333,456.398382,1.47866083
403.066667,456.44767,1.47865506
403.1,456.496959,1.47864933
403.133333,456.546247,1.47864366
403.166667,456.595535,1.47863804
403.2,456.644823,1.47863247
403.233333,456.694111,1.47862694
403.266667,456.743398,1.47862146
403.3,456.792685,1.47861604
403.333333,456.841972,1.47861067
403.366667,456.891259,1.47860535
403.4,456.940546,1.47860007
403.433333,456.989833,1.47859486
403.466667,457.039119,1.47858969
403.5,457.088405,1.47858458
403.533333,457.137691,1.47857951
403.566667,457.186977,1.47857451
403.6,457.236263,1.47856956
403.633333,457.285549,1.47856465
403.666667,457.334834,1.47855979
403.7,457.384119,1.47855501
403.733333,457.433404,1.47855027
403.766667,457.482689,1.47854558
403.8,457.531974,1.47854094
403.833333,457.581259,1.47853637
403.866667,457.630543,1.47853185
403.9,457.679828,1.47852737
403.933333,457.729112,1.47852295
403.966667,457.778396,1.4785186
404,457.82768,1.4785143
404.033333,457.876963,1.47851004
404.066667,457.926247,1.47850584
404.1,457.97553,1.4785017
404.133333,458.024814,1.47849762
404.166667,458.074097,1.47849359
404.2,458.12338,1.47848961
404.233333,458.172663,1.47848569
404.266667,458.221946,1.47848184
404.3,458.271228,1.47847803
404.333333,458.320511,1.47847427
404.366667,458.369793,1.47847057
404.4,458.419076,1.47846693
404.433333,458.468358,1.47846334
404.466667,458.51764,1.47845981
404.5,458.566922,1.47845633
404.533333,458.616204,1.47845291
404.566667,458.665485,1.47844955
404.6,458.714767,1.47844623
404.633333,458.764048,1.47844297
404.666667,458.81333,1.47843978
404.7,458.862611,1.47843663
404.733333,458.911892,1.47843354
404.766667,458.961173,1.4784305
404.8,459.010454,1.47842752
404.833333,459.059735,1.4784246
404.866667,459.109016,1.47842173
404.9,459.158297,1.4784189
404.933333,459.207577,1.47841615
404.966667,459.256858,1.47841345
405,459.306138,1.4784108
405.033333,459.355418,1.47840819
405.066667,459.404699,1.47840566
405.1,459.453979,1.47840318
405.133333,459.503259,1.47840075
405.166667,459.552539,1.47839837
405.2,459.601819,1.47839605
405.233333,459.651098,1.47839379
405.266667,459.700378,1.47839158
405.3,459.749658,1.47838942
405.333333,459.798938,1.47838733
405.366667,459.848217,1.47838529
405.4,459.897497,1.47838329
405.433333,459.946776,1.47838135
405.466667,459.996055,1.47837948
405.5,460.045335,1.47837766
405.533333,460.094614,1.47837589
405.566667,460.143893,1.47837417
405.6,460.193172,1.47837251
405.633333,460.242451,1.47837091
405.666667,460.29173,1.47836937
405.7,460.341009,1.47836787
405.733333,460.390288,1.47836643
405.766667,460.439567,1.47836505
405.8,460.488846,1.47836373
405.833333,460.538124,1.47836245
405.866667,460.587403,1.47836123
405.9,460.636682,1.47836008
405.933333,460.685961,1.47835897
405.966667,460.735239,1.47835792
406,460.784518,1.47835692
406.033333,460.833796,1.47835599
406.066667,460.883075,1.47835511
406.1,460.932353,1.47835427
406.133333,460.981632,1.47835349
406.166667,461.03091,1.47835278
406.2,461.080189,1.47835212
406.233333,461.129467,1.47835151
406.266667,461.178745,1.47835095
406.3,461.228024,1.47835046
406.333333,461.277302,1.47835002
406.366667,461.32658,1.47834963
406.4,461.375859,1.47834929
406.433333,461.425137,1.47834902
406.466667,461.474415,1.4783488
406.5,461.523694,1.47834863
406.533333,461.572972,1.47834851
406.566667,461.62225,1.47834845
406.6,461.671528,1.47834845
406.633333,461.720807,1.4783485
406.666667,461.770085,1.47834859
406.7,461.819363,1.47834876
406.733333,461.868642,1.47834897
406.766667,461.91792,1.47834924
406.8,461.967198,1.47834955
406.833333,462.016477,1.47834992
406.866667,462.065755,1.47835035
406.9,462.115033,1.47835083
406.933333,462.164312,1.47835135
406.966667,462.21359,1.47835194
407,462.262868,1.47835258
407.033333,462.312147,1.47835327
407.066667,462.361425,1.478354
407.1,462.410704,1.47835479
407.133333,462.459982,1.47835564
407.166667,462.509261,1.47835654
407.2,462.558539,1.47835748
407.233333,462.607818,1.47835848
407.266667,462.657097,1.47835953
407.3,462.706375,1.47836063
407.333333,462.755654,1.47836178
407.366667,462.804933,1.47836297
407.4,462.854212,1.47836423
407.433333,462.90349,1.47836553
407.466667,462.952769,1.47836687
407.5,463.002048,1.47836826
407.533333,463.051327,1.47836971
407.566667,463.100606,1.47837121
407.6,463.149885,1.47837275
407.633333,463.199164,1.47837433
407.666667,463.248444,1.47837598
407.7,463.297723,1.47837767
407.733333,463.347002,1.4783794
407.766667,463.396281,1.47838117
407.8,463.445561,1.478383
407.833333,463.49484,1.47838487
407.866667,463.54412,1.47838679
407.9,463.593399,1.47838875
407.933333,463.642679,1.47839076
407.966667,463.691959,1.47839282
408,463.741239,1.47839492
408.033333,463.790518,1.47839706
408.066667,463.839798,1.47839925
408.1,463.889078,1.47840149
408.133333,463.938358,1.47840377
408.166667,463.987639,1.47840608
408.2,464.036919,1.47840845
408.233333,464.086199,1.47841086
408.266667,464.13548,1.47841331
408.3,464.18476,1.4784158
408.333333,464.234041,1.47841834
408.366667,464.283321,1.47842092
408.4,464.332602,1.47842354
408.433333,464.381883,1.4784262
408.466667,464.431164,1.4784289
408.5,464.480445,1.47843166
408.533333,464.529726,1.47843444
408.566667,464.579007,1.47843727
408.6,464.628288,1.47844014
408.633333,464.67757,1.47844305
408.666667,464.726851,1.478446
408.7,464.776133,1.47844899
408.733333,464.825414,1.47845202
408.766667,464.874696,1.47845509
408.8,464.923978,1.4784582
408.833333,464.97326,1.47846135
408.866667,465.022542,1.47846453
408.9,465.071824,1.47846777
408.933333,465.121107,1.47847103
408.966667,465.170389,1.47847434
409,465.219672,1.47847767
409.033333,465.268954,1.47848106
409.066667,465.318237,1.47848448
409.1,465.36752,1.47848794
409.133333,465.416803,1.47849142
409.166667,465.466086,1.47849496
409.2,465.515369,1.47849853
409.233333,465.564653,1.47850214
409.266667,465.613936,1.47850577
409.3,465.66322,1.47850945
409.333333,465.712503,1.47851317
409.366667,465.761787,1.47851692
409.4,465.811071,1.47852071
409.433333,465.860355,1.47852453
409.466667,465.90964,1.47852839
409.5,465.958924,1.47853228
409.533333,466.008208,1.47853621
409.566667,466.057493,1.47854017
409.6,466.106778,1.47854417
409.633333,466.156063,1.47854821
409.666667,466.205348,1.47855227
409.7,466.254633,1.47855637
409.733333,466.303918,1.4785605
409.766667,466.353203,1.47856467
409.8,466.402489,1.47856887
409.833333,466.451775,1.4785731
409.866667,466.501061,1.47857737
409.9,466.550347,1.47858167
409.933333,466.599633,1.47858599
409.966667,466.648919,1.47859035
410,466.698205,1.47859475
410.033333,466.747492,1.47859918
410.066667,466.796779,1.47860363
410.1,466.846065,1.47860811
410.133333,466.895352,1.47861263
410.166667,466.94464,1.47861718
410.2,466.993927,1.47862176
410.233333,467.043214,1.47862636
410.266667,467.092502,1.478631
410.3,467.14179,1.47863566
410.333333,467.191078,1.47864036
410.366667,467.240366,1.47864507
410.4,467.289654,1.47864983
410.433333,467.338943,1.47865461
410.466667,467.388231,1.47865941
410.5,467.43752,1.47866424
410.533333,467.486809,1.47866911
410.566667,467.536098,1.478674
410.6,467.585387,1.47867891
410.633333,467.634676,1.47868385
410.666667,467.683966,1.47868881
410.7,467.733256,1.47869381
410.733333,467.782545,1.47869882
410.766667,467.831836,1.47870386
410.8,467.881126,1.47870893
410.833333,467.930416,1.47871402
410.866667,467.979707,1.47871914
410.9,468.028997,1.47872427
410.933333,468.078288,1.47872943
410.966667,468.127579,1.47873462
411,468.176871,1.47873983
411.033333,468.226162,1.47874506
411.066667,468.275454,1.47875031
411.1,468.324745,1.47875559
411.133333,468.374037,1.47876089
411.166667,468.423329,1.47876621
411.2,468.472622,1.47877155
411.233333,468.521914,1.47877691
411.266667,468.571207,1.4787823
411.3,468.6205,1.4787877
411.333333,468.669793,1.47879312
411.366667,468.719086,1.47879857
411.4,468.768379,1.47880403
411.433333,468.817673,1.47880951
411.466667,468.866967,1.47881501
411.5,468.916261,1.47882054
411.533333,468.965555,1.47882608
411.566667,469.014849,1.47883164
411.6,469.064143,1.47883721
411.633333,469.113438,1.47884281
411.666667,469.162733,1.47884842
411.7,469.212028,1.47885406
411.733333,469.261323,1.4788597
411.766667,469.310619,1.47886537
411.8,469.359914,1.47887105
411.833333,469.40921,1.47887675
411.866667,469.458506,1.47888247
411.9,469.507802,1.4788882
411.933333,469.557099,1.47889395
411.966667,469.606395,1.47889972
412,469.655692,1.4789055
412.033333,469.704989,1.47891129
412.066667,469.754286,1.4789171
412.1,469.803583,1.47892293
412.133333,469.852881,1.47892877
412.166667,469.902179,1.47893463
412.2,469.951476,1.4789405
412.233333,470.000775,1.47894639
412.266667,470.050073,1.47895229
412.3,470.099371,1.4789582
412.333333,470.14867,1.47896413
412.366667,470.197969,1.47897007
412.4,470.247268,1.47897602
412.433333,470.296567,1.47898199
412.466667,470.345867,1.47898797
412.5,470.395167,1.47899397
412.533333,470.444466,1.47899997
412.566667,470.493767,1.47900599
412.6,470.543067,1.47901202
412.633333,470.592367,1.47901807
412.666667,470.641668,1.47902412
412.7,470.690969,1.47903019
412.733333,470.74027,1.47903627
412.766667,470.789571,1.47904236
412.8,470.838873,1.47904846
412.833333,470.888175,1.47905457
412.866667,470.937477,1.47906069
412.9,470.986779,1.47906683
412.933333,471.036081,1.47907297
412.966667,471.085384,1.47907913
413,471.134686,1.47908529
413.033333,471.183989,1.47909147
413.066667,471.233292,1.47909765
413.1,471.282596,1.47910384
413.133333,471.331899,1.47911004
413.166667,471.381203,1.47911626
413.2,471.430507,1.47912248
413.233333,471.479811,1.4791287
413.266667,471.529116,1.47913494
413.3,471.57842,1.47914119
413.333333,471.627725,1.47914744
413.366667,471.67703,1.4791537
413.4,471.726335,1.47915997
413.433333,471.775641,1.47916625
413.466667,471.824946,1.47917253
413.5,471.874252,1.47917882
413.533333,471.923558,1.47918512
413.566667,471.972865,1.47919143
413.6,472.022171,1.47919774
413.633333,472.071478,1.47920405
413.666667,472.120785,1.47921038
413.7,472.170092,1.47921671
413.733333,472.219399,1.47922304
413.766667,472.268707,1.47922938
413.8,472.318014,1.47923572
413.833333,472.367322,1.47924208
413.866667,472.416631,1.47924843
413.9,472.465939,1.47925479
413.933333,472.515248,1.47926115
413.966667,472.564556,1.47926752
414,472.613865,1.4792739
414.033333,472.663175,1.47928027
414.066667,472.712484,1.47928665
414.1,472.761794,1.47929304
414.133333,472.811104,1.47929943
414.166667,472.860414,1.47930582
414.2,472.909724,1.47931221
414.233333,472.959034,1.47931861
414.266667,473.008345,1.47932501
414.3,473.057656,1.47933141
414.333333,473.106967,1.47933782
414.366667,473.156279,1.47934422
414.4,473.20559,1.47935063
414.433333,473.254902,1.47935704
414.466667,473.304214,1.47936345
414.5,473.353526,1.47936987
414.533333,473.402839,1.47937628
414.566667,473.452151,1.4793827
414.6,473.501464,1.47938912
414.633333,473.550777,1.47939554
414.666667,473.600091,1.47940196
414.7,473.649404,1.47940838
414.733333,473.698718,1.47941479
414.766667,473.748032,1.47942117
414.8,473.797346,1.47942741
414.833333,473.84666,1.47943354
414.866667,473.895975,1.47943955
414.9,473.94529,1.47944544
414.933333,473.994605,1.47945121
414.966667,474.04392,1.47945688
415,474.093235,1.47946245
415.033333,474.14255,1.47946792
415.066667,474.191866,1.47947325
415.1,474.241182,1.47947848
415.133333,474.290498,1.4794836
415.166667,474.339814,1.47948861
415.2,474.389131,1.47949348
415.233333,474.438447,1.47949825
415.266667,474.487764,1.47950294
415.3,474.537081,1.47950754
415.333333,474.586398,1.47951202
415.366667,474.635715,1.47951643
415.4,474.685032,1.47952076
415.433333,474.73435,1.47952501
415.466667,474.783667,1.47952913
415.5,474.832985,1.47953316
415.533333,474.882303,1.47953709
415.566667,474.931621,1.47954093
415.6,474.980939,1.47954466
415.633333,475.030257,1.47954829
415.666667,475.079575,1.47955185
415.7,475.128894,1.47955534
415.733333,475.178212,1.47955873
415.766667,475.227531,1.47956203
415.8,475.27685,1.47956526
415.833333,475.326169,1.4795684
415.866667,475.375488,1.47957143
415.9,475.424807,1.47957436
415.933333,475.474126,1.4795772
415.966667,475.523445,1.47957995
416,475.572765,1.4795826
416.033333,475.622084,1.47958514
416.066667,475.671404,1.47958761
416.1,475.720723,1.47959001
416.133333,475.770043,1.47959231
416.166667,475.819363,1.47959451
416.2,475.868683,1.47959662
416.233333,475.918002,1.47959865
416.266667,475.967322,1.47960057
416.3,476.016643,1.47960237
416.333333,476.065963,1.47960408
416.366667,476.115283,1.4796057
416.4,476.164603,1.47960722
416.433333,476.213923,1.47960862
416.466667,476.263244,1.47960995
416.5,476.312564,1.47961119
416.533333,476.361884,1.47961235
416.566667,476.411205,1.47961339
416.6,476.460525,1.47961433
416.633333,476.509846,1.47961518
416.666667,476.559166,1.47961594
416.7,476.608487,1.47961656
416.733333,476.657807,1.47961709
416.766667,476.707128,1.47961753
416.8,476.756448,1.47961788
416.833333,476.805769,1.47961812
416.866667,476.85509,1.47961827
416.9,476.90441,1.47961834
416.933333,476.953731,1.47961833
416.966667,477.003052,1.47961821
417,477.052372,1.47961799
417.033333,477.101693,1.47961768
417.066667,477.151013,1.47961728
417.1,477.200334,1.47961678
417.133333,477.249654,1.47961617
417.166667,477.298975,1.47961549
417.2,477.348295,1.47961473
417.233333,477.397616,1.47961383
417.266667,477.446936,1.47961275
417.3,477.496257,1.47961152
417.333333,477.545577,1.47961015
417.366667,477.594897,1.47960862
417.4,477.644218,1.47960692
417.433333,477.693538,1.47960508
417.466667,477.742858,1.47960311
417.5,477.792178,1.47960098
417.533333,477.841498,1.47959869
417.566667,477.890818,1.47959627
417.6,477.940138,1.47959372
417.633333,477.989458,1.47959104
417.666667,478.038777,1.4795882
417.7,478.088097,1.47958524
417.733333,478.137416,1.47958218
417.766667,478.186736,1.47957901
417.8,478.236055,1.47957568
417.833333,478.285374,1.47957226
417.866667,478.334693,1.47956873
417.9,478.384012,1.4795651
417.933333,478.433331,1.47956132
417.966667,478.482649,1.47955744
418,478.531968,1.47955347
418.033333,478.581286,1.47954941
418.066667,478.630604,1.47954522
418.1,478.679923,1.47954094
418.133333,478.729241,1.47953657
418.166667,478.778558,1.47953212
418.2,478.827876,1.47952757
418.233333,478.877193,1.47952292
418.266667,478.926511,1.47951819
418.3,478.975828,1.47951338
418.333333,479.025145,1.47950846
418.366667,479.074462,1.47950345
418.4,479.123779,1.47949836
418.433333,479.173095,1.4794932
418.466667,479.222412,1.47948795
418.5,479.271728,1.47948261
418.533333,479.321044,1.4794772
418.566667,479.37036,1.47947172
418.6,479.419675,1.47946615
418.633333,479.468991,1.4794605
418.666667,479.518306,1.47945477
418.7,479.567621,1.47944896
418.733333,479.616936,1.47944308
418.766667,479.66625,1.4794371
418.8,479.715565,1.47943105
418.833333,479.764879,1.47942493
418.866667,479.814193,1.47941874
418.9,479.863507,1.47941245
418.933333,479.912821,1.4794061
418.966667,479.962134,1.47939968
419,480.011447,1.47939319
419.033333,480.06076,1.4793866
419.066667,480.110073,1.47937994
419.1,480.159386,1.4793732
419.133333,480.208698,1.4793664
419.166667,480.25801,1.4793595
419.2,480.307322,1.47935253
419.233333,480.356634,1.47934549
419.266667,480.405945,1.47933839
419.3,480.455256,1.47933119
419.333333,480.504567,1.47932392
419.366667,480.553878,1.47931659
419.4,480.603188,1.47930919
419.433333,480.652498,1.4793017
419.466667,480.701808,1.47929413
419.5,480.751118,1.4792865
419.533333,480.800427,1.4792788
419.566667,480.849737,1.47927101
419.6,480.899045,1.47926316
419.633333,480.948354,1.47925524
419.666667,480.997662,1.47924726
419.7,481.046971,1.47923921
419.733333,481.096278,1.47923108
419.766667,481.145586,1.4792229
419.8,481.194893,1.47921465
419.833333,481.2442,1.47920634
419.866667,481.293507,1.47919795
419.9,481.342813,1.47918951
419.933333,481.39212,1.47918101
419.966667,481.441426,1.47917245
420,481.490731,1.47916383
420.033333,481.540036,1.47915516
420.066667,481.589342,1.47914644
420.1,481.638646,1.47913768
420.133333,481.687951,1.47912885
420.166667,481.737255,1.47911998
420.2,481.786559,1.47911106
420.233333,481.835862,1.47910211
420.266667,481.885165,1.47909309
420.3,481.934468,1.47908404
420.333333,481.983771,1.47907496
420.366667,482.033073,1.47906584
420.4,482.082375,1.47905668
420.433333,482.131677,1.4790475
420.466667,482.180979,1.47903828
420.5,482.23028,1.47902905
420.533333,482.279581,1.47901977
420.566667,482.328881,1.47901048
420.6,482.378181,1.47900117
420.633333,482.427481,1.47899183
420.666667,482.476781,1.47898248
420.7,482.52608,1.4789731
420.733333,482.575379,1.47896372
420.766667,482.624678,1.47895433
420.8,482.673976,1.47894492
420.833333,482.723274,1.47893551
420.866667,482.772572,1.4789261
420.9,482.821869,1.47891668
420.933333,482.871166,1.47890726
420.966667,482.920463,1.47889784
421,482.969759,1.47888841
421.033333,483.019055,1.47887899
421.066667,483.068351,1.47886958
421.1,483.117647,1.47886017
421.133333,483.166942,1.47885077
421.166667,483.216237,1.47884137
421.2,483.265531,1.47883199
421.233333,483.314825,1.47882263
421.266667,483.364119,1.47881327
421.3,483.413413,1.47880393
421.333333,483.462706,1.4787946
421.366667,483.511999,1.47878529
421.4,483.561292,1.478776
421.433333,483.610584,1.47876672
421.466667,483.659877,1.47875745
421.5,483.709168,1.47874822
421.533333,483.75846,1.478739
421.566667,483.807751,1.4787298
421.6,483.857042,1.47872062
421.633333,483.906332,1.47871147
421.666667,483.955622,1.47870234
421.7,484.004912,1.47869324
421.733333,484.054202,1.47868415
421.766667,484.103491,1.47867509
421.8,484.15278,1.47866605
421.833333,484.202069,1.47865703
421.866667,484.251358,1.47864803
421.9,484.300646,1.47863907
421.933333,484.349933,1.47863013
421.966667,484.399221,1.47862121
422,484.448508,1.47861231
422.033333,484.497795,1.47860344
422.066667,484.547082,1.4785946
422.1,484.596368,1.47858578
422.133333,484.645654,1.47857698
422.166667,484.69494,1.4785682
422.2,484.744225,1.47855945
422.233333,484.79351,1.47855072
422.266667,484.842795,1.47854202
422.3,484.89208,1.47853334
422.333333,484.941364,1.47852469
422.366667,484.990648,1.47851606
422.4,485.039932,1.47850745
422.433333,485.089215,1.47849887
422.466667,485.138499,1.47849031
422.5,485.187781,1.47848177
422.533333,485.237064,1.47847326
422.566667,485.286346,1.47846476
422.6,485.335628,1.4784563
422.633333,485.38491,1.47844786
422.666667,485.434192,1.47843944
422.7,485.483473,1.47843104
422.733333,485.532754,1.47842268
422.766667,485.582034,1.47841433
422.8,485.631315,1.47840602
422.833333,485.680595,1.47839772
422.866667,485.729874,1.47838946
422.9,485.779154,1.47838121
422.933333,485.828433,1.478373
422.966667,485.877712,1.4783648
423,485.926991,1.47835665
423.033333,485.976269,1.47834852
423.066667,486.025547,1.47834041
423.1,486.074825,1.47833233
423.133333,486.124103,1.47832429
423.166667,486.17338,1.47831628
423.2,486.222657,1.4783083
423.233333,486.271934,1.47830035
423.266667,486.321211,1.47829244
423.3,486.370487,1.47828456
423.333333,486.419763,1.47827671
423.366667,486.469039,1.47826889
423.4,486.518314,1.47826112
423.433333,486.567589,1.47825339
423.466667,486.616864,1.47824569
423.5,486.666139,1.47823802
423.533333,486.715414,1.47823041
423.566667,486.764688,1.47822284
423.6,486.813962,1.4782153
423.633333,486.863236,1.47820781
423.666667,486.912509,1.47820036
423.7,486.961782,1.47819297
423.733333,487.011055,1.47818561
423.766667,487.060328,1.4781783
423.8,487.1096,1.47817104
423.833333,487.158873,1.47816384
423.866667,487.208145,1.47815668
423.9,487.257417,1.47814957
423.933333,487.306688,1.47814252
423.966667,487.355959,1.47813552
424,487.40523,1.47812858
424.033333,487.454501,1.47812168
424.066667,487.503772,1.47811484
424.1,487.553042,1.47810807
424.133333,487.602312,1.47810135
424.166667,487.651582,1.47809468
424.2,487.700852,1.47808807
424.233333,487.750122,1.47808153
424.266667,487.799391,1.47807505
424.3,487.84866,1.47806862
424.333333,487.897929,1.47806225
424.366667,487.947197,1.47805595
424.4,487.996466,1.47804972
424.433333,488.045734,1.47804354
424.466667,488.095002,1.47803741
424.5,488.14427,1.47803137
424.533333,488.193537,1.47802538
424.566667,488.242805,1.47801945
424.6,488.292072,1.47801358
424.633333,488.341339,1.47800779
424.666667,488.390606,1.47800207
424.7,488.439873,1.4779964
424.733333,488.489139,1.47799079
424.766667,488.538405,1.47798525
424.8,488.587671,1.47797978
424.833333,488.636937,1.47797437
424.866667,488.686203,1.47796901
424.9,488.735469,1.47796373
424.933333,488.784734,1.47795851
424.966667,488.833999,1.47795336
425,488.883264,1.47794826
425.033333,488.932529,1.47794323
425.066667,488.981794,1.47793827
425.1,489.031058,1.47793336
425.133333,489.080323,1.47792852
425.166667,489.129587,1.47792373
425.2,489.178851,1.47791902
425.233333,489.228115,1.47791436
425.266667,489.277378,1.47790976
425.3,489.326642,1.47790521
425.333333,489.375905,1.47790075
425.366667,489.425169,1.47789633
425.4,489.474432,1.47789197
425.433333,489.523695,1.47788766
425.466667,489.572958,1.47788343
425.5,489.62222,1.47787925
425.533333,489.671483,1.47787512
425.566667,489.720745,1.47787104
425.6,489.770008,1.47786703
425.633333,489.81927,1.47786308
425.666667,489.868532,1.47785918
425.7,489.917794,1.47785532
425.733333,489.967056,1.47785154
425.766667,490.016317,1.47784781
425.8,490.065579,1.47784413
425.833333,490.11484,1.4778405
425.866667,490.164102,1.47783693
425.9,490.213363,1.47783342
425.933333,490.262624,1.47782996
425.966667,490.311885,1.47782654
426,490.361146,1.47782319
426.033333,490.410406,1.47781989
426.066667,490.459667,1.47781664
426.1,490.508927,1.47781344
426.133333,490.558188,1.4778103
426.166667,490.607448,1.47780722
426.2,490.656708,1.47780419
426.233333,490.705968,1.4778012
426.266667,490.755228,1.47779827
426.3,490.804488,1.4777954
426.333333,490.853748,1.47779258
426.366667,490.903008,1.47778981
426.4,490.952267,1.47778709
426.433333,491.001527,1.47778443
426.466667,491.050786,1.47778183
426.5,491.100046,1.47777927
426.533333,491.149305,1.47777677
426.566667,491.198564,1.47777433
426.6,491.247823,1.47777195
426.633333,491.297082,1.47776961
426.666667,491.346341,1.47776732
426.7,491.3956,1.47776511
426.733333,491.444859,1.47776294
426.766667,491.494118,1.47776083
426.8,491.543376,1.47775877
426.833333,491.592635,1.47775678
426.866667,491.641893,1.47775484
426.9,491.691152,1.47775295
426.933333,491.74041,1.47775111
426.966667,491.789669,1.47774935
427,491.838927,1.47774765
427.033333,491.888185,1.47774599
427.066667,491.937443,1.47774439
427.1,491.986701,1.47774286
427.133333,492.035959,1.47774138
427.166667,492.085217,1.47773996
427.2,492.134475,1.4777386
427.233333,492.183733,1.4777373
427.266667,492.232991,1.47773606
427.3,492.282249,1.47773488
427.333333,492.331507,1.47773375
427.366667,492.380765,1.47773269
427.4,492.430022,1.4777317
427.433333,492.47928,1.47773076
427.466667,492.528538,1.47772987
427.5,492.577796,1.47772905
427.533333,492.627053,1.47772829
427.566667,492.676311,1.47772759
427.6,492.725568,1.47772694
427.633333,492.774826,1.47772635
427.666667,492.824083,1.47772584
427.7,492.873341,1.47772538
427.733333,492.922598,1.47772497
427.766667,492.971856,1.47772462
427.8,493.021113,1.47772434
427.833333,493.070371,1.47772411
427.866667,493.119628,1.47772394
427.9,493.168886,1.47772382
427.933333,493.218143,1.47772377
427.966667,493.267401,1.47772378
428,493.316658,1.47772383
428.033333,493.365916,1.47772394
428.066667,493.415173,1.47772412
428.1,493.464431,1.47772435
428.133333,493.513688,1.47772463
428.166667,493.562946,1.47772496
428.2,493.612203,1.47772536
428.233333,493.661461,1.47772581
428.266667,493.710718,1.47772631
428.3,493.759976,1.47772686
428.333333,493.809233,1.47772747
428.366667,493.858491,1.47772813
428.4,493.907748,1.47772883
428.433333,493.957006,1.47772959
428.466667,494.006264,1.4777304
428.5,494.055521,1.47773127
428.533333,494.104779,1.47773217
428.566667,494.154037,1.47773313
428.6,494.203295,1.47773414
428.633333,494.252553,1.47773519
428.666667,494.30181,1.47773629
428.7,494.351068,1.47773744
428.733333,494.400326,1.47773863
428.766667,494.449584,1.47773988
428.8,494.498842,1.47774116
428.833333,494.5481,1.47774249
428.866667,494.597358,1.47774386
428.9,494.646617,1.47774528
428.933333,494.695875,1.47774674
428.966667,494.745133,1.47774824
429,494.794391,1.47774979
429.033333,494.84365,1.47775138
429.066667,494.892908,1.47775301
429.1,494.942167,1.47775468
429.133333,494.991425,1.47775639
429.166667,495.040684,1.47775815
429.2,495.089942,1.47775994
429.233333,495.139201,1.47776177
429.266667,495.18846,1.47776364
429.3,495.237719,1.47776556
429.333333,495.286977,1.47776751
429.366667,495.336236,1.4777695
429.4,495.385495,1.47777152
429.433333,495.434754,1.47777359
429.466667,495.484014,1.4777757
429.5,495.533273,1.47777784
429.533333,495.582532,1.47778002
429.566667,495.631792,1.47778224
429.6,495.681051,1.4777845
429.633333,495.73031,1.4777868
429.666667,495.77957,1.47778912
429.7,495.82883,1.47779149
429.733333,495.87809,1.4777939
429.766667,495.927349,1.47779634
429.8,495.976609,1.47779882
429.833333,496.025869,1.47780134
429.866667,496.075129,1.47780389
429.9,496.12439,1.47780648
429.933333,496.17365,1.47780911
429.966667,496.22291,1.47781177
430,496.272171,1.47781448
430.033333,496.321431,1.47781721
430.066667,496.370692,1.47781998
430.1,496.419952,1.47782279
430.133333,496.469213,1.47782564
430.166667,496.518474,1.47782852
430.2,496.567735,1.47783144
430.233333,496.616996,1.47783439
430.266667,496.666257,1.47783739
430.3,496.715519,1.47784041
430.333333,496.76478,1.47784348
430.366667,496.814042,1.47784657
430.4,496.863303,1.47784971
430.433333,496.912565,1.47785288
430.466667,496.961827,1.47785609
430.5,497.011089,1.47785932
430.533333,497.060351,1.47786261
430.566667,497.109613,1.47786592
430.6,497.158875,1.47786927
430.633333,497.208137,1.47787264
430.666667,497.2574,1.47787607
430.7,497.306663,1.47787952
430.733333,497.355925,1.477883
430.766667,497.405188,1.47788652
430.8,497.454451,1.47789008
430.833333,497.503714,1.47789367
430.866667,497.552977,1.47789729
430.9,497.602241,1.47790093
430.933333,497.651504,1.47790462
430.966667,497.700768,1.47790835
431,497.750031,1.4779121
431.033333,497.799295,1.47791587
431.066667,497.848559,1.47791969
431.1,497.897823,1.47792354
431.133333,497.947087,1.47792742
431.166667,497.996351,1.47793132
431.2,498.045616,1.47793526
431.233333,498.094881,1.47793923
431.266667,498.144145,1.47794322
431.3,498.19341,1.47794724
431.333333,498.242675,1.4779513
431.366667,498.29194,1.47795538
431.4,498.341205,1.47795949
431.433333,498.390471,1.47796362
431.466667,498.439736,1.47796778
431.5,498.489002,1.47797198
431.533333,498.538268,1.47797619
431.566667,498.587534,1.47798043
431.6,498.6368,1.47798469
431.633333,498.686066,1.47798898
431.666667,498.735332,1.4779933
431.7,498.784599,1.47799763
431.733333,498.833866,1.47800199
431.766667,498.883132,1.47800638
431.8,498.932399,1.47801078
431.833333,498.981666,1.47801521
431.866667,499.030934,1.47801965
431.9,499.080201,1.47802413
431.933333,499.129469,1.47802862
431.966667,499.178736,1.47803313
432,499.228004,1.47803765
432.033333,499.277272,1.47804221
432.066667,499.32654,1.47804677
432.1,499.375809,1.47805136
432.133333,499.425077,1.47805596
432.166667,499.474346,1.47806059
432.2,499.523614,1.47806523
432.233333,499.572883,1.47806989
432.266667,499.622152,1.47807456
432.3,499.671422,1.47807925
432.333333,499.720691,1.47808396
432.366667,499.769961,1.47808868
432.4,499.81923,1.47809342
432.433333,499.8685,1.47809817
432.466667,499.91777,1.47810295
432.5,499.96704,1.47810773
432.533333,500.016311,1.47811253
432.566667,500.065581,1.47811734
432.6,500.114852,1.47812217
432.633333,500.164123,1.47812701
432.666667,500.213394,1.47813187
432.7,500.262665,1.47813674
432.733333,500.311936,1.47814162
432.766667,500.361208,1.47814652
432.8,500.410479,1.47815143
432.833333,500.459751,1.47815635
432.866667,500.509023,1.47816128
432.9,500.558295,1.47816623
432.933333,500.607567,1.47817119
432.966667,500.65684,1.47817617
433,500.706112,1.47818115
433.033333,500.755385,1.47818615
433.066667,500.804658,1.47819116
433.1,500.853931,1.47819618
433.133333,500.903205,1.47820122
433.166667,500.952478,1.47820627
433.2,501.001752,1.47821133
433.233333,501.051025,1.4782164
433.266667,501.100299,1.47822148
433.3,501.149574,1.47822658
433.333333,501.198848,1.47823168
433.366667,501.248122,1.4782368
433.4,501.297397,1.47824193
433.433333,501.346672,1.47824707
433.466667,501.395947,1.47825222
433.5,501.445222,1.47825738
433.533333,501.494497,1.47826255
433.566667,501.543773,1.47826774
433.6,501.593049,1.47827293
433.633333,501.642324,1.47827814
433.666667,501.6916,1.47828335
433.7,501.740877,1.47828858
433.733333,501.790153,1.47829382
433.766667,501.839429,1.47829907
433.8,501.888706,1.47830432
433.833333,501.937983,1.47830959
433.866667,501.98726,1.47831487
433.9,502.036537,1.47832016
433.933333,502.085815,1.47832545
433.966667,502.135092,1.47833076
434,502.18437,1.47833608
434.033333,502.233648,1.4783414
434.066667,502.282926,1.47834673
434.1,502.332205,1.47835207
434.133333,502.381483,1.47835742
434.166667,502.430762,1.47836278
434.2,502.480041,1.47836815
434.233333,502.52932,1.47837352
434.266667,502.578599,1.4783789
434.3,502.627878,1.47838429
434.333333,502.677158,1.47838969
434.366667,502.726438,1.47839509
434.4,502.775718,1.4784005
434.433333,502.824998,1.47840591
434.466667,502.874278,1.47841133
434.5,502.923558,1.47841676
434.533333,502.972839,1.47842219
434.566667,503.02212,1.47842763
434.6,503.071401,1.47843307
434.633333,503.120682,1.47843852
434.666667,503.169963,1.47844397
434.7,503.219245,1.47844943
434.733333,503.268527,1.47845489
434.766667,503.317809,1.47846035
434.8,503.367091,1.47846582
434.833333,503.416373,1.47847129
434.866667,503.465656,1.47847676
434.9,503.514938,1.47848224
434.933333,503.564221,1.47848771
434.966667,503.613504,1.47849319
435,503.662787,1.47849868
435.033333,503.712071,1.47850416
435.066667,503.761354,1.47850964
435.1,503.810638,1.47851513
435.133333,503.859922,1.47852061
435.166667,503.909206,1.4785261
435.2,503.95849,1.47853159
435.233333,504.007775,1.47853707
435.266667,504.057059,1.47854256
435.3,504.106344,1.47854805
435.333333,504.155629,1.47855353
435.366667,504.204914,1.47855902
435.4,504.2542,1.47856451
435.433333,504.303485,1.47856999
435.466667,504.352771,1.47857547
435.5,504.402057,1.47858095
435.533333,504.451343,1.47858643
435.566667,504.50063,1.47859191
435.6,504.549916,1.47859739
435.633333,504.599203,1.47860286
435.666667,504.64849,1.47860833
435.7,504.697777,1.4786138
435.733333,504.747064,1.47861927
435.766667,504.796351,1.47862474
435.8,504.845639,1.4786302
435.833333,504.894927,1.47863566
435.866667,504.944215,1.47864112
435.9,504.993503,1.47864657
435.933333,505.042791,1.47865202
435.966667,505.092079,1.47865747
436,505.141368,1.47866292
436.033333,505.190657,1.47866836
436.066667,505.239946,1.4786738
436.1,505.289235,1.47867924
436.133333,505.338525,1.47868467
436.166667,505.387814,1.4786901
436.2,505.437104,1.47869553
436.233333,505.486394,1.47870096
436.266667,505.535684,1.47870638
436.3,505.584974,1.47871179
436.333333,505.634265,1.47871721
436.366667,505.683555,1.47872262
436.4,505.732846,1.47872803
436.433333,505.782137,1.47873343
436.466667,505.831429,1.47873883
436.5,505.88072,1.47874423
436.533333,505.930011,1.47874963
436.566667,505.979303,1.47875502
436.6,506.028595,1.47876041
436.633333,506.077887,1.47876579
436.666667,506.12718,1.47877117
436.7,506.176472,1.47877655
436.733333,506.225765,1.47878193
436.766667,506.275057,1.4787873
436.8,506.32435,1.47879267
436.833333,506.373644,1.47879803
436.866667,506.422937,1.47880339
436.9,506.472231,1.47880875
436.933333,506.521524,1.4788141
436.966667,506.570818,1.47881945
437,506.620112,1.4788248
437.033333,506.669406,1.47883014
437.066667,506.718701,1.47883548
437.1,506.767996,1.47884081
437.133333,506.81729,1.47884614
437.166667,506.866585,1.47885147
437.2,506.91588,1.47885679
437.233333,506.965176,1.47886211
437.266667,507.014471,1.47886743
437.3,507.063767,1.47887274
437.333333,507.113063,1.47887804
437.366667,507.162359,1.47888335
437.4,507.211655,1.47888864
437.433333,507.260951,1.47889394
437.466667,507.310248,1.47889922
437.5,507.359545,1.47890451
437.533333,507.408842,1.47890979
437.566667,507.458139,1.47891506
437.6,507.507436,1.47892033
437.633333,507.556733,1.47892559
437.666667,507.606031,1.47893085
437.7,507.655329,1.4789361
437.733333,507.704627,1.47894135
437.766667,507.753925,1.47894659
437.8,507.803223,1.47895183
437.833333,507.852522,1.47895706
437.866667,507.90182,1.47896229
437.9,507.951119,1.47896751
437.933333,508.000418,1.47897272
437.966667,508.049717,1.47897792
438,508.099017,1.47898313
438.033333,508.148316,1.47898832
438.066667,508.197616,1.47899351
438.1,508.246916,1.47899869
438.133333,508.296216,1.47900386
438.166667,508.345516,1.47900903
438.2,508.394816,1.47901419
438.233333,508.444117,1.47901934
438.266667,508.493418,1.47902448
438.3,508.542718,1.47902957
438.333333,508.59202,1.47903449
438.366667,508.641321,1.47903929
438.4,508.690622,1.47904396
438.433333,508.739924,1.47904851
438.466667,508.789225,1.47905291
438.5,508.838527,1.4790572
438.533333,508.887829,1.47906138
438.566667,508.937131,1.47906545
438.6,508.986434,1.47906937
438.633333,509.035736,1.47907316
438.666667,509.085038,1.47907683
438.7,509.134341,1.47908039
438.733333,509.183644,1.4790838
438.766667,509.232947,1.4790871
438.8,509.28225,1.4790903
438.833333,509.331553,1.4790934
438.866667,509.380856,1.47909639
438.9,509.430159,1.47909928
438.933333,509.479462,1.47910208
438.966667,509.528766,1.47910479
439,509.578069,1.47910738
439.033333,509.627373,1.47910985
439.066667,509.676677,1.47911222
439.1,509.725981,1.47911449
439.133333,509.775284,1.47911664
439.166667,509.824588,1.47911869
439.2,509.873892,1.47912065
439.233333,509.923196,1.47912253
439.266667,509.9725,1.47912432
439.3,510.021805,1.479126
439.333333,510.071109,1.4791276
439.366667,510.120413,1.47912911
439.4,510.169717,1.47913052
439.433333,510.219022,1.4791318
439.466667,510.268326,1.47913298
439.5,510.317631,1.47913407
439.533333,510.366935,1.47913507
439.566667,510.41624,1.47913594
439.6,510.465544,1.47913674
439.633333,510.514849,1.47913745
439.666667,510.564153,1.47913809
439.7,510.613458,1.4791386
439.733333,510.662763,1.47913902
439.766667,510.712067,1.47913935
439.8,510.761372,1.47913958
439.833333,510.810677,1.47913968
439.866667,510.859981,1.47913967
439.9,510.909286,1.47913958
439.933333,510.958591,1.4791394
439.966667,511.007895,1.47913909
440,511.0572,1.4791387
440.033333,511.106504,1.47913822
440.066667,511.155809,1.47913766
440.1,511.205114,1.47913699
440.133333,511.254418,1.47913621
440.166667,511.303723,1.47913533
440.2,511.353027,1.47913437
440.233333,511.402332,1.47913328
440.266667,511.451636,1.47913208
440.3,511.50094,1.47913079
440.333333,511.550245,1.47912942
440.366667,511.599549,1.47912794
440.4,511.648853,1.47912637
440.433333,511.698157,1.47912472
440.466667,511.747462,1.47912299
440.5,511.796766,1.47912116
440.533333,511.84607,1.47911922
440.566667,511.895374,1.47911719
440.6,511.944677,1.47911508
440.633333,511.993981,1.47911288
440.666667,512.043285,1.47911056
440.7,512.092589,1.47910817
440.733333,512.141892,1.47910572
440.766667,512.191196,1.47910318
440.8,512.240499,1.47910056
440.833333,512.289802,1.47909786
440.866667,512.339106,1.4790951
440.9,512.388409,1.47909227
440.933333,512.437712,1.47908934
440.966667,512.487015,1.47908635
441,512.536318,1.47908328
441.033333,512.58562,1.47908015
441.066667,512.634923,1.47907694
441.1,512.684225,1.47907367
441.133333,512.733528,1.47907035
441.166667,512.78283,1.47906698
441.2,512.832132,1.47906355
441.233333,512.881434,1.47906007
441.266667,512.930736,1.47905654
441.3,512.980038,1.47905296
441.333333,513.02934,1.47904925
441.366667,513.078641,1.47904539
441.4,513.127943,1.47904141
441.433333,513.177244,1.4790373
441.466667,513.226545,1.47903304
441.5,513.275846,1.47902866
441.533333,513.325147,1.47902419
441.566667,513.374448,1.47901962
441.6,513.423749,1.47901492
441.633333,513.473049,1.47901009
441.666667,513.522349,1.47900516
441.7,513.571649,1.47900012
441.733333,513.620949,1.47899496
441.766667,513.670249,1.47898967
441.8,513.719548,1.47898428
441.833333,513.768848,1.47897882
441.866667,513.818147,1.47897326
441.9,513.867446,1.47896761
441.933333,513.916745,1.47896189
441.966667,513.966044,1.4789561
442,514.015342,1.47895023
442.033333,514.06464,1.47894425
442.066667,514.113938,1.47893818
442.1,514.163236,1.47893204
442.133333,514.212534,1.47892581
442.166667,514.261831,1.47891947
442.2,514.311128,1.47891306
442.233333,514.360425,1.4789066
442.266667,514.409722,1.47890007
442.3,514.459019,1.47889346
442.333333,514.508315,1.4788868
442.366667,514.557611,1.47888007
442.4,514.606907,1.47887327
442.433333,514.656203,1.47886638
442.466667,514.705498,1.4788594
442.5,514.754793,1.47885236
442.533333,514.804088,1.47884524
442.566667,514.853383,1.47883804
442.6,514.902677,1.47883077
442.633333,514.951972,1.47882344
442.666667,515.001266,1.47881606
442.7,515.050559,1.4788086
442.733333,515.099853,1.47880107
442.766667,515.149146,1.47879348
442.8,515.198439,1.47878582
442.833333,515.247732,1.47877807
442.866667,515.297024,1.47877023
442.9,515.346317,1.47876232
442.933333,515.395609,1.47875435
442.966667,515.4449,1.47874629
443,515.494192,1.47873816
443.033333,515.543483,1.47872997
443.066667,515.592774,1.47872172
443.1,515.642064,1.4787134
443.133333,515.691354,1.478705
443.166667,515.740645,1.47869653
443.2,515.789934,1.47868799
443.233333,515.839224,1.47867937
443.266667,515.888513,1.47867065
443.3,515.937802,1.47866186
443.333333,515.98709,1.47865301
443.366667,516.036379,1.4786441
443.4,516.085667,1.4786351
443.433333,516.134954,1.47862605
443.466667,516.184242,1.47861695
443.5,516.233529,1.47860778
443.533333,516.282816,1.47859853
443.566667,516.332102,1.47858922
443.6,516.381388,1.47857984
443.633333,516.430674,1.4785704
443.666667,516.47996,1.47856088
443.7,516.529245,1.4785513
443.733333,516.57853,1.47854167
443.766667,516.627814,1.47853199
443.8,516.677098,1.47852225
443.833333,516.726382,1.47851246
443.866667,516.775666,1.47850263
443.9,516.824949,1.47849276
443.933333,516.874232,1.47848284
443.966667,516.923515,1.47847286
444,516.972797,1.47846284
444.033333,517.022079,1.47845278
444.066667,517.07136,1.47844267
444.1,517.120642,1.47843252
444.133333,517.169923,1.47842234
444.166667,517.219203,1.47841214
444.2,517.268483,1.47840192
444.233333,517.317763,1.47839168
444.266667,517.367043,1.47838141
444.3,517.416322,1.47837113
444.333333,517.465601,1.47836082
444.366667,517.514879,1.47835049
444.4,517.564158,1.47834015
444.433333,517.613435,1.47832979
444.466667,517.662713,1.47831942
444.5,517.71199,1.47830905
444.533333,517.761267,1.47829867
444.566667,517.810543,1.4782883
444.6,517.859819,1.47827794
444.633333,517.909095,1.47826759
444.666667,517.958371,1.47825724
444.7,518.007646,1.4782469
444.733333,518.05692,1.47823656
444.766667,518.106195,1.47822624
444.8,518.155469,1.47821592
444.833333,518.204743,1.47820562
444.866667,518.254016,1.47819533
444.9,518.303289,1.47818507
444.933333,518.352562,1.47817483
444.966667,518.401834,1.47816462
445,518.451106,1.47815444
445.033333,518.500378,1.47814429
445.066667,518.549649,1.47813417
445.1,518.59892,1.47812407
445.133333,518.64819,1.47811399
445.166667,518.697461,1.47810395
445.2,518.746731,1.47809393
445.233333,518.796,1.47808395
445.266667,518.84527,1.47807399
445.3,518.894539,1.47806408
445.333333,518.943807,1.47805421
445.366667,518.993076,1.47804437
445.4,519.042344,1.47803457
445.433333,519.091611,1.47802481
445.466667,519.140878,1.47801509
445.5,519.190145,1.47800539
445.533333,519.239412,1.47799573
445.566667,519.288679,1.4779861
445.6,519.337945,1.47797652
445.633333,519.38721,1.47796696
445.666667,519.436476,1.47795745
445.7,519.485741,1.47794797
445.733333,519.535006,1.47793854
445.766667,519.58427,1.47792914
445.8,519.633534,1.47791978
445.833333,519.682798,1.47791045
445.866667,519.732062,1.47790116
445.9,519.781325,1.47789191
445.933333,519.830588,1.47788267
445.966667,519.87985,1.47787347
446,519.929113,1.47786431
446.033333,519.978375,1.47785519
446.066667,520.027636,1.47784609
446.1,520.076898,1.47783702
446.133333,520.126159,1.47782801
446.166667,520.17542,1.47781902
446.2,520.22468,1.47781006
446.233333,520.27394,1.47780112
446.266667,520.3232,1.47779222
446.3,520.37246,1.47778335
446.333333,520.421719,1.4777745
446.366667,520.470978,1.47776568
446.4,520.520237,1.4777569
446.433333,520.569495,1.47774814
446.466667,520.618753,1.47773942
446.5,520.668011,1.47773072
446.533333,520.717269,1.47772206
446.566667,520.766526,1.47771344
446.6,520.815783,1.47770484
446.633333,520.86504,1.47769626
446.666667,520.914296,1.47768772
446.7,520.963552,1.4776792
446.733333,521.012808,1.47767072
446.766667,521.062063,1.47766226
446.8,521.111319,1.47765384
446.833333,521.160574,1.47764545
446.866667,521.209828,1.4776371
446.9,521.259083,1.47762878
446.933333,521.308337,1.47762049
446.966667,521.357591,1.47761225
447,521.406844,1.47760404
447.033333,521.456098,1.47759586
447.066667,521.505351,1.47758772
447.1,521.554604,1.47757962
447.133333,521.603856,1.47757155
447.166667,521.653108,1.47756352
447.2,521.70236,1.47755553
447.233333,521.751612,1.4775476
447.266667,521.800864,1.47753971
447.3,521.850115,1.47753186
447.333333,521.899366,1.47752405
447.366667,521.948616,1.47751631
447.4,521.997867,1.4775086
447.433333,522.047117,1.47750094
447.466667,522.096367,1.47749332
447.5,522.145617,1.47748576
447.533333,522.194866,1.47747826
447.566667,522.244115,1.4774708
447.6,522.293364,1.47746339
447.633333,522.342613,1.47745606
447.666667,522.391861,1.47744878
447.7,522.441109,1.47744156
447.733333,522.490357,1.47743439
447.766667,522.539605,1.47742729
447.8,522.588852,1.47742025
447.833333,522.6381,1.47741327
447.866667,522.687347,1.47740634
447.9,522.736593,1.47739949
447.933333,522.78584,1.4773927
447.966667,522.835086,1.47738598
448,522.884332,1.47737931
448.033333,522.933578,1.47737273
448.066667,522.982824,1.47736622
448.1,523.032069,1.47735977
448.133333,523.081314,1.47735338
448.166667,523.130559,1.47734707
448.2,523.179804,1.47734083
448.233333,523.229049,1.47733466
448.266667,523.278293,1.47732855
448.3,523.327537,1.47732251
448.333333,523.376781,1.47731656
448.366667,523.426025,1.47731067
448.4,523.475269,1.47730485
448.433333,523.524512,1.4772991
448.466667,523.573755,1.47729344
448.5,523.622998,1.47728784
448.533333,523.672241,1.47728231
448.566667,523.721484,1.47727684
448.6,523.770726,1.47727146
448.633333,523.819969,1.47726615
448.666667,523.869211,1.4772609
448.7,523.918453,1.47725571
448.733333,523.967694,1.47725061
448.766667,524.016936,1.47724558
448.8,524.066177,1.47724061
448.833333,524.115419,1.4772357
448.866667,524.16466,1.47723088
448.9,524.213901,1.47722612
448.933333,524.263142,1.47722142
448.966667,524.312382,1.47721678
449,524.361623,1.47721222
449.033333,524.410863,1.47720772
449.066667,524.460103,1.47720328
449.1,524.509343,1.4771989
449.133333,524.558583,1.47719459
449.166667,524.607823,1.47719035
449.2,524.657063,1.47718616
449.233333,524.706302,1.47718203
449.266667,524.755541,1.47717797
449.3,524.804781,1.47717397
449.333333,524.85402,1.47717002
449.366667,524.903259,1.47716613
449.4,524.952497,1.47716229
449.433333,525.001736,1.47715852
449.466667,525.050975,1.4771548
449.5,525.100213,1.47715114
449.533333,525.149451,1.47714753
449.566667,525.198689,1.47714398
449.6,525.247928,1.47714049
449.633333,525.297166,1.47713704
449.666667,525.346403,1.47713365
449.7,525.395641,1.47713032
449.733333,525.444879,1.47712704
449.766667,525.494116,1.4771238
449.8,525.543354,1.47712061
449.833333,525.592591,1.47711749
449.866667,525.641828,1.47711441
449.9,525.691065,1.47711139
449.933333,525.740302,1.47710841
449.966667,525.789539,1.47710549
450,525.838776,1.47710263
450.033333,525.888013,1.47709981
450.066667,525.937249,1.47709703
450.1,525.986486,1.47709432
450.133333,526.035722,1.47709166
450.166667,526.084959,1.47708904
450.2,526.134195,1.47708646
450.233333,526.183431,1.47708396
450.266667,526.232667,1.4770815
450.3,526.281903,1.47707909
450.333333,526.331139,1.47707673
450.366667,526.380375,1.47707443
450.4,526.429611,1.47707218
450.433333,526.478846,1.47706998
450.466667,526.528082,1.47706783
450.5,526.577318,1.47706574
450.533333,526.626553,1.47706371
450.566667,526.675788,1.47706172
450.6,526.725024,1.47705979
450.633333,526.774259,1.47705791
450.666667,526.823494,1.4770561
450.7,526.87273,1.47705434
450.733333,526.921965,1.47705263
450.766667,526.9712,1.47705097
450.8,527.020435,1.47704939
450.833333,527.06967,1.47704785
450.866667,527.118905,1.47704636
450.9,527.168139,1.47704494
450.933333,527.217374,1.47704358
450.966667,527.266609,1.47704227
451,527.315844,1.47704101
451.033333,527.365078,1.47703982
451.066667,527.414313,1.4770387
451.1,527.463548,1.47703762
451.133333,527.512782,1.4770366
451.166667,527.562017,1.47703565
451.2,527.611251,1.47703476
451.233333,527.660486,1.47703392
451.266667,527.70972,1.47703314
451.3,527.758955,1.47703243
451.333333,527.808189,1.47703177
451.366667,527.857423,1.47703118
451.4,527.906658,1.47703063
451.433333,527.955892,1.47703016
451.466667,528.005126,1.47702974
451.5,528.054361,1.47702939
451.533333,528.103595,1.47702908
451.566667,528.152829,1.47702884
451.6,528.202064,1.47702867
451.633333,528.251298,1.47702855
451.666667,528.300532,1.47702847
451.7,528.349767,1.47702847
451.733333,528.399001,1.47702852
451.766667,528.448235,1.47702863
451.8,528.497469,1.47702879
451.833333,528.546704,1.47702901
451.866667,528.595938,1.47702929
451.9,528.645172,1.47702963
451.933333,528.694407,1.47703001
451.966667,528.743641,1.47703045
452,528.792875,1.47703095
452.033333,528.84211,1.4770315
452.066667,528.891344,1.47703209
452.1,528.940579,1.47703274
452.133333,528.989813,1.47703345
452.166667,529.039047,1.47703421
452.2,529.088282,1.47703501
452.233333,529.137516,1.47703586
452.266667,529.186751,1.47703677
452.3,529.235986,1.47703772
452.333333,529.28522,1.47703872
452.366667,529.334455,1.47703976
452.4,529.383689,1.47704085
452.433333,529.432924,1.47704199
452.466667,529.482159,1.47704317
452.5,529.531394,1.47704439
452.533333,529.580629,1.47704567
452.566667,529.629863,1.47704698
452.6,529.679098,1.47704834
452.633333,529.728333,1.47704973
452.666667,529.777568,1.47705117
452.7,529.826803,1.47705266
452.733333,529.876039,1.47705418
452.766667,529.925274,1.47705573
452.8,529.974509,1.47705733
452.833333,530.023744,1.47705898
452.866667,530.072979,1.47706065
452.9,530.122215,1.47706236
452.933333,530.17145,1.47706412
452.966667,530.220686,1.47706591
453,530.269921,1.47706774
453.033333,530.319157,1.4770696
453.066667,530.368393,1.4770715
453.1,530.417628,1.47707344
453.133333,530.466864,1.47707541
453.166667,530.5161,1.47707742
453.2,530.565336,1.47707946
453.233333,530.614572,1.47708154
453.266667,530.663808,1.47708366
453.3,530.713044,1.4770858
453.333333,530.762281,1.47708799
453.366667,530.811517,1.47709021
453.4,530.860753,1.47709246
453.433333,530.90999,1.47709475
453.466667,530.959226,1.47709707
453.5,531.008463,1.47709943
453.533333,531.0577,1.47710183
453.566667,531.106936,1.47710425
453.6,531.156173,1.47710671
453.633333,531.20541,1.47710921
453.666667,531.254647,1.47711174
453.7,531.303884,1.4771143
453.733333,531.353121,1.47711689
453.766667,531.402359,1.47711953
453.8,531.451596,1.4771222
453.833333,531.500833,1.47712491
453.866667,531.550071,1.47712764
453.9,531.599309,1.47713042
453.933333,531.648546,1.47713323
453.966667,531.697784,1.47713607
454,531.747022,1.47713895
454.033333,531.79626,1.47714186
454.066667,531.845498,1.47714481
454.1,531.894736,1.4771478
454.133333,531.943975,1.47715081
454.166667,531.993213,1.47715387
454.2,532.042452,1.47715696
454.233333,532.09169,1.47716009
454.266667,532.140929,1.47716324
454.3,532.190168,1.47716644
454.333333,532.239407,1.47716967
454.366667,532.288646,1.47717293
454.4,532.337885,1.47717623
454.433333,532.387124,1.47717956
454.466667,532.436364,1.47718294
454.5,532.485603,1.47718634
454.533333,532.534843,1.47718977
454.566667,532.584082,1.47719324
454.6,532.633322,1.47719675
454.633333,532.682562,1.47720029
454.666667,532.731802,1.47720386
454.7,532.781042,1.47720746
454.733333,532.830283,1.47721111
454.766667,532.879523,1.47721478
454.8,532.928764,1.47721848
454.833333,532.978004,1.47722221
454.866667,533.027245,1.47722598
454.9,533.076486,1.47722978
454.933333,533.125727,1.47723361
454.966667,533.174968,1.47723746
455,533.22421,1.47724135
455.033333,533.273451,1.47724527
455.066667,533.322693,1.47724922
455.1,533.371934,1.47725319
455.133333,533.421176,1.4772572
455.166667,533.470418,1.47726123
455.2,533.51966,1.47726529
455.233333,533.568903,1.47726937
455.266667,533.618145,1.47727348
455.3,533.667388,1.47727762
455.333333,533.71663,1.47728179
455.366667,533.765873,1.47728597
455.4,533.815116,1.47729018
455.433333,533.864359,1.47729442
455.466667,533.913602,1.47729868
455.5,533.962846,1.47730296
455.533333,534.012089,1.47730726
455.566667,534.061333,1.47731159
455.6,534.110577,1.47731594
455.633333,534.15982,1.4773203
455.666667,534.209065,1.47732469
455.7,534.258309,1.4773291
455.733333,534.307553,1.47733353
455.766667,534.356798,1.47733797
455.8,534.406042,1.47734243
455.833333,534.455287,1.47734692
455.866667,534.504532,1.47735142
455.9,534.553777,1.47735593
455.933333,534.603023,1.47736046
455.966667,534.652268,1.47736501
456,534.701514,1.47736958
456.033333,534.750759,1.47737416
456.066667,534.800005,1.47737875
456.1,534.849251,1.47738337
456.133333,534.898497,1.477388
456.166667,534.947744,1.47739264
456.2,534.99699,1.47739729
456.233333,535.046237,1.47740196
456.266667,535.095484,1.47740664
456.3,535.144731,1.47741134
456.333333,535.193978,1.47741604
456.366667,535.243225,1.47742077
456.4,535.292472,1.4774255
456.433333,535.34172,1.47743025
456.466667,535.390968,1.47743501
456.5,535.440216,1.47743978
456.533333,535.489464,1.47744457
456.566667,535.538712,1.47744936
456.6,535.58796,1.47745417
456.633333,535.637209,1.47745899
456.666667,535.686458,1.47746383
456.7,535.735707,1.47746867
456.733333,535.784956,1.47747352
456.766667,535.834205,1.47747839
456.8,535.883454,1.47748327
456.833333,535.932704,1.47748816
456.866667,535.981953,1.47749307
456.9,536.031203,1.47749798
456.933333,536.080453,1.47750291
456.966667,536.129703,1.47750784
457,536.178954,1.47751279
457.033333,536.228204,1.47751775
457.066667,536.277455,1.47752272
457.1,536.326706,1.47752771
457.133333,536.375957,1.4775327
457.166667,536.425208,1.47753771
457.2,536.474459,1.47754273
457.233333,536.523711,1.47754776
457.266667,536.572963,1.4775528
457.3,536.622214,1.47755785
457.333333,536.671466,1.47756291
457.366667,536.720719,1.47756799
457.4,536.769971,1.47757307
457.433333,536.819223,1.47757817
457.466667,536.868476,1.47758328
457.5,536.917729,1.4775884
457.533333,536.966982,1.47759353
457.566667,537.016235,1.47759866
457.6,537.065489,1.47760382
457.633333,537.114742,1.47760898
457.666667,537.163996,1.47761416
457.7,537.21325,1.47761934
457.733333,537.262504,1.47762453
457.766667,537.311758,1.47762974
457.8,537.361012,1.47763495
457.833333,537.410267,1.47764018
457.866667,537.459522,1.47764541
457.9,537.508777,1.47765066
457.933333,537.558032,1.47765591
457.966667,537.607287,1.47766117
458,537.656543,1.47766644
458.033333,537.705798,1.47767172
458.066667,537.755054,1.47767701
458.1,537.80431,1.47768231
458.133333,537.853566,1.47768761
458.166667,537.902823,1.47769293
458.2,537.952079,1.47769825
458.233333,538.001336,1.47770357
458.266667,538.050593,1.47770891
458.3,538.09985,1.47771425
458.333333,538.149107,1.4777196
458.366667,538.198364,1.47772495
458.4,538.247622,1.47773031
458.433333,538.29688,1.47773567
458.466667,538.346138,1.47774104
458.5,538.395396,1.47774642
458.533333,538.444654,1.4777518
458.566667,538.493913,1.47775718
458.6,538.543171,1.47776257
458.633333,538.59243,1.47776796
458.666667,538.641689,1.47777336
458.7,538.690948,1.47777876
458.733333,538.740208,1.47778416
458.766667,538.789467,1.47778956
458.8,538.838727,1.47779497
458.833333,538.887987,1.47780038
458.866667,538.937247,1.47780579
458.9,538.986507,1.4778112
458.933333,539.035768,1.47781661
458.966667,539.085028,1.47782202
459,539.134289,1.47782744
459.033333,539.18355,1.47783285
459.066667,539.232811,1.47783827
459.1,539.282073,1.47784368
459.133333,539.331334,1.4778491
459.166667,539.380596,1.47785451
459.2,539.429858,1.47785993
459.233333,539.47912,1.47786534
459.266667,539.528382,1.47787075
459.3,539.577645,1.47787616
459.333333,539.626907,1.47788157
459.366667,539.67617,1.47788698
459.4,539.725433,1.47789239
459.433333,539.774696,1.4778978
459.466667,539.82396,1.4779032
459.5,539.873223,1.4779086
459.533333,539.922487,1.477914
459.566667,539.971751,1.4779194
459.6,540.021015,1.4779248
459.633333,540.070279,1.47793019
459.666667,540.119544,1.47793558
459.7,540.168808,1.47794097
459.733333,540.218073,1.47794636
459.766667,540.267338,1.47795175
459.8,540.316603,1.47795713
459.833333,540.365868,1.47796251
459.866667,540.415134,1.47796789
459.9,540.4644,1.47797327
459.933333,540.513665,1.47797864
459.966667,540.562931,1.47798401
460,540.612198,1.47798938
460.033333,540.661464,1.47799475
460.066667,540.710731,1.47800011
460.1,540.759997,1.47800548
460.133333,540.809264,1.47801084
460.166667,540.858531,1.4780162
460.2,540.907799,1.47802155
460.233333,540.957066,1.47802691
460.266667,541.006334,1.47803226
460.3,541.055602,1.47803761
460.333333,541.10487,1.47804296
460.366667,541.154138,1.4780483
460.4,541.203406,1.47805365
460.433333,541.252675,1.47805899
460.466667,541.301944,1.47806433
460.5,541.351213,1.47806967
460.533333,541.400482,1.47807501
460.566667,541.449751,1.47808034
460.6,541.49902,1.47808568
460.633333,541.54829,1.47809101
460.666667,541.59756,1.47809634
460.7,541.64683,1.47810167
460.733333,541.6961,1.478107
460.766667,541.74537,1.47811232
460.8,541.794641,1.47811764
460.833333,541.843911,1.47812296
460.866667,541.893182,1.47812828
460.9,541.942453,1.4781336
460.933333,541.991724,1.47813892
460.966667,542.040996,1.47814423
461,542.090267,1.47814954
461.033333,542.139539,1.47815485
461.066667,542.188811,1.47816016
461.1,542.238083,1.47816547
461.133333,542.287355,1.47817077
461.166667,542.336628,1.47817607
461.2,542.3859,1.47818137
461.233333,542.435173,1.47818667
461.266667,542.484446,1.47819196
461.3,542.533719,1.47819725
461.333333,542.582993,1.47820254
461.366667,542.632266,1.47820782
461.4,542.68154,1.47821311
461.433333,542.730814,1.47821838
461.466667,542.780088,1.47822366
461.5,542.829362,1.47822893
461.533333,542.878636,1.4782342
461.566667,542.927911,1.47823947
461.6,542.977186,1.47824473
461.633333,543.026461,1.47824999
461.666667,543.075736,1.47825524
461.7,543.125011,1.47826049
461.733333,543.174286,1.47826574
461.766667,543.223562,1.47827098
461.8,543.272838,1.47827621
461.833333,543.322114,1.47828145
461.866667,543.37139,1.47828667
461.9,543.420666,1.4782919
461.933333,543.469943,1.47829711
461.966667,543.519219,1.47830233
462,543.568496,1.47830753
462.033333,543.617773,1.47831274
462.066667,543.66705,1.47831793
462.1,543.716328,1.47832313
462.133333,543.765605,1.47832831
462.166667,543.814883,1.47833349
462.2,543.864161,1.47833866
462.233333,543.913439,1.47834383
462.266667,543.962717,1.478349
462.3,544.011995,1.47835415
462.333333,544.061274,1.4783593
462.366667,544.110553,1.47836445
462.4,544.159832,1.47836958
462.433333,544.209111,1.47837472
462.466667,544.25839,1.47837984
462.5,544.307669,1.47838496
462.533333,544.356949,1.47839007
462.566667,544.406229,1.47839518
462.6,544.455509,1.47840028
462.633333,544.504789,1.47840537
462.666667,544.554069,1.47841046
462.7,544.603349,1.47841554
462.733333,544.65263,1.47842062
462.766667,544.701911,1.47842569
462.8,544.751192,1.47843075
462.833333,544.800473,1.4784358
462.866667,544.849754,1.47844085
462.9,544.899035,1.47844589
462.933333,544.948317,1.47845093
462.966667,544.997599,1.47845596
463,545.046881,1.47846098
463.033333,545.096163,1.478466
463.066667,545.145445,1.47847101
463.1,545.194728,1.47847602
463.133333,545.24401,1.47848102
463.166667,545.293293,1.47848601
463.2,545.342576,1.478491
463.233333,545.391859,1.47849598
463.266667,545.441142,1.47850096
463.3,545.490426,1.47850593
463.333333,545.539709,1.4785109
463.366667,545.588993,1.47851586
463.4,545.638277,1.47852081
463.433333,545.687561,1.47852576
463.466667,545.736846,1.47853071
463.5,545.78613,1.47853565
463.533333,545.835415,1.47854058
463.566667,545.884699,1.47854551
463.6,545.933984,1.47855043
463.633333,545.983269,1.47855535
463.666667,546.032555,1.47856027
463.7,546.08184,1.47856518
463.733333,546.131126,1.47857008
463.766667,546.180411,1.47857498
463.8,546.229697,1.47857988
463.833333,546.278983,1.47858477
463.866667,546.32827,1.47858965
463.9,546.377556,1.47859454
463.933333,546.426843,1.47859941
463.966667,546.476129,1.47860429
464,546.525416,1.47860916
464.033333,546.574703,1.47861402
464.066667,546.623991,1.47861888
464.1,546.673278,1.47862374
464.133333,546.722565,1.47862859
464.166667,546.771853,1.47863344
464.2,546.821141,1.47863828
464.233333,546.870429,1.47864312
464.266667,546.919717,1.47864796
464.3,546.969006,1.47865279
464.333333,547.018294,1.47865761
464.366667,547.067583,1.47866244
464.4,547.116872,1.47866726
464.433333,547.166161,1.47867207
464.466667,547.21545,1.47867688
464.5,547.264739,1.47868169
464.533333,547.314029,1.47868649
464.566667,547.363318,1.47869129
464.6,547.412608,1.47869608
464.633333,547.461898,1.47870087
464.666667,547.511188,1.47870566
464.7,547.560478,1.47871044
464.733333,547.609769,1.47871515
464.766667,547.659059,1.47871974
464.8,547.70835,1.47872419
464.833333,547.757641,1.4787285
464.866667,547.806932,1.47873264
464.9,547.856223,1.47873667
464.933333,547.905514,1.47874058
464.966667,547.954806,1.47874438
465,548.004097,1.47874802
465.033333,548.053389,1.47875154
465.066667,548.102681,1.47875494
465.1,548.151973,1.47875822
465.133333,548.201265,1.47876132
465.166667,548.250557,1.47876431
465.2,548.299849,1.47876719
465.233333,548.349141,1.47876996
465.266667,548.398434,1.4787726
465.3,548.447726,1.47877515
465.333333,548.497019,1.47877761
465.366667,548.546311,1.47877998
465.4,548.595604,1.47878222
465.433333,548.644897,1.47878435
465.466667,548.69419,1.47878637
465.5,548.743482,1.4787883
465.533333,548.792775,1.47879009
465.566667,548.842068,1.47879177
465.6,548.891362,1.47879336
465.633333,548.940655,1.47879487
465.666667,548.989948,1.47879627
465.7,549.039241,1.47879758
465.733333,549.088534,1.4787988
465.766667,549.137828,1.47879995
465.8,549.187121,1.47880098
465.833333,549.236414,1.4788019
465.866667,549.285708,1.47880272
465.9,549.335001,1.47880344
465.933333,549.384295,1.47880405
465.966667,549.433588,1.47880455
466,549.482882,1.47880496
466.033333,549.532175,1.47880529
466.066667,549.581469,1.47880553
466.1,549.630762,1.47880566
466.133333,549.680056,1.47880571
466.166667,549.729349,1.47880568
466.2,549.778643,1.47880554
466.233333,549.827936,1.47880527
466.266667,549.87723,1.47880491
466.3,549.926523,1.47880445
466.333333,549.975817,1.47880389
466.366667,550.02511,1.47880321
466.4,550.074404,1.47880245
466.433333,550.123697,1.4788016
466.466667,550.17299,1.47880067
466.5,550.222284,1.47879963
466.533333,550.271577,1.47879849
466.566667,550.32087,1.47879727
466.6,550.370164,1.47879596
466.633333,550.419457,1.47879451
466.666667,550.46875,1.47879297
466.7,550.518043,1.47879134
466.733333,550.567336,1.47878962
466.766667,550.616629,1.47878779
466.8,550.665922,1.47878588
466.833333,550.715215,1.47878388
466.866667,550.764507,1.47878182
466.9,550.8138,1.47877965
466.933333,550.863093,1.47877739
466.966667,550.912385,1.47877505
467,550.961678,1.47877263
467.033333,551.01097,1.47877011
467.066667,551.060262,1.47876749
467.1,551.109555,1.4787648
467.133333,551.158847,1.47876203
467.166667,551.208139,1.47875919
467.2,551.257431,1.47875626
467.233333,551.306722,1.47875328
467.266667,551.356014,1.47875024
467.3,551.405306,1.47874713
467.333333,551.454597,1.47874393
467.366667,551.503889,1.47874068
467.4,551.55318,1.47873736
467.433333,551.602471,1.47873398
467.466667,551.651762,1.47873052
467.5,551.701053,1.478727
467.533333,551.750344,1.47872345
467.566667,551.799635,1.47871984
467.6,551.848925,1.47871618
467.633333,551.898216,1.47871249
467.666667,551.947506,1.47870875
467.7,551.996796,1.47870498
467.733333,552.046087,1.47870115
467.766667,552.095376,1.47869728
467.8,552.144666,1.47869338
467.833333,552.193956,1.47868944
467.866667,552.243246,1.47868546
467.9,552.292535,1.47868145
467.933333,552.341824,1.47867742
467.966667,552.391114,1.47867337
468,552.440403,1.4786693
468.033333,552.489692,1.47866519
468.066667,552.53898,1.47866101
468.1,552.588269,1.47865671
468.133333,552.637557,1.47865226
468.166667,552.686846,1.47864767
468.2,552.736134,1.47864299
468.233333,552.785422,1.4786382
468.266667,552.83471,1.4786333
468.3,552.883997,1.47862829
468.333333,552.933285,1.47862319
468.366667,552.982572,1.478618
468.4,553.03186,1.4786127
468.433333,553.081147,1.47860728
468.466667,553.130433,1.47860177
468.5,553.17972,1.47859618
468.533333,553.229006,1.47859048
468.566667,553.278293,1.47858468
468.6,553.327579,1.47857881
468.633333,553.376865,1.47857287
468.666667,553.42615,1.47856686
468.7,553.475436,1.47856077
468.733333,553.524721,1.47855461
468.766667,553.574006,1.47854837
468.8,553.623291,1.47854207
468.833333,553.672576,1.47853566
468.866667,553.72186,1.47852918
468.9,553.771144,1.47852262
468.933333,553.820428,1.47851601
468.966667,553.869712,1.4785093
469,553.918995,1.47850254
469.033333,553.968279,1.47849572
469.066667,554.017562,1.47848884
469.1,554.066845,1.47848189
469.133333,554.116127,1.47847487
469.166667,554.16541,1.47846778
469.2,554.214692,1.47846063
469.233333,554.263974,1.47845339
469.266667,554.313255,1.47844607
469.3,554.362537,1.47843869
469.333333,554.411818,1.47843124
469.366667,554.461099,1.47842372
469.4,554.510379,1.47841613
469.433333,554.55966,1.47840849
469.466667,554.60894,1.47840079
469.5,554.65822,1.47839301
469.533333,554.7075,1.47838516
469.566667,554.756779,1.47837724
469.6,554.806058,1.47836925
469.633333,554.855337,1.47836117
469.666667,554.904615,1.47835302
469.7,554.953894,1.47834479
469.733333,555.003172,1.47833651
469.766667,555.05245,1.47832816
469.8,555.101727,1.47831973
469.833333,555.151004,1.47831125
469.866667,555.200281,1.47830271
469.9,555.249558,1.4782941
469.933333,555.298834,1.4782854
469.966667,555.34811,1.47827664
470,555.397386,1.47826781
470.033333,555.446661,1.47825892
470.066667,555.495936,1.47824994
470.1,555.545211,1.4782409
470.133333,555.594486,1.47823181
470.166667,555.64376,1.47822267
470.2,555.693034,1.47821346
470.233333,555.742308,1.4782042
470.266667,555.791581,1.47819489
470.3,555.840854,1.47818553
470.333333,555.890127,1.4781761
470.366667,555.939399,1.47816661
470.4,555.988671,1.47815708
470.433333,556.037943,1.4781475
470.466667,556.087214,1.47813786
470.5,556.136485,1.47812818
470.533333,556.185756,1.47811847
470.566667,556.235027,1.47810873
470.6,556.284297,1.47809895
470.633333,556.333566,1.47808914
470.666667,556.382836,1.4780793
470.7,556.432105,1.47806944
470.733333,556.481374,1.47805954
470.766667,556.530642,1.47804961
470.8,556.57991,1.47803966
470.833333,556.629178,1.47802969
470.866667,556.678446,1.4780197
470.9,556.727713,1.47800971
470.933333,556.77698,1.47799971
470.966667,556.826246,1.47798971
471,556.875512,1.4779797
471.033333,556.924778,1.4779697
471.066667,556.974044,1.4779597
471.1,557.023309,1.47794969
471.133333,557.072574,1.47793969
471.166667,557.121838,1.4779297
471.2,557.171102,1.47791971
471.233333,557.220366,1.47790974
471.266667,557.26963,1.47789978
471.3,557.318893,1.47788985
471.333333,557.368156,1.47787995
471.366667,557.417418,1.47787006
471.4,557.46668,1.47786021
471.433333,557.515942,1.47785038
471.466667,557.565204,1.47784058
471.5,557.614465,1.47783081
471.533333,557.663726,1.47782106
471.566667,557.712986,1.47781135
471.6,557.762247,1.47780168
471.633333,557.811506,1.47779203
471.666667,557.860766,1.47778243
471.7,557.910025,1.47777288
471.733333,557.959284,1.47776337
471.766667,558.008543,1.4777539
471.8,558.057801,1.47774447
471.833333,558.107059,1.47773509
471.866667,558.156317,1.47772575
471.9,558.205574,1.47771645
471.933333,558.254831,1.47770719
471.966667,558.304088,1.47769798
472,558.353344,1.47768882
472.033333,558.402601,1.4776797
472.066667,558.451856,1.47767063
472.1,558.501112,1.47766161
472.133333,558.550367,1.47765265
472.166667,558.599622,1.47764373
472.2,558.648877,1.47763485
472.233333,558.698131,1.47762601
472.266667,558.747385,1.47761723
472.3,558.796639,1.47760849
472.333333,558.845892,1.47759978
472.366667,558.895146,1.47759112
472.4,558.944398,1.47758252
472.433333,558.993651,1.47757395
472.466667,559.042903,1.47756543
472.5,559.092155,1.47755695
472.533333,559.141407,1.47754853
472.566667,559.190659,1.47754014
472.6,559.23991,1.47753179
472.633333,559.289161,1.47752347
472.666667,559.338411,1.47751521
472.7,559.387662,1.47750698
472.733333,559.436912,1.47749878
472.766667,559.486162,1.47749061
472.8,559.535411,1.4774825
472.833333,559.584661,1.47747443
472.866667,559.63391,1.47746639
472.9,559.683158,1.47745838
472.933333,559.732407,1.47745042
472.966667,559.781655,1.47744249
473,559.830903,1.4774346
473.033333,559.880151,1.47742673
473.066667,559.929398,1.47741891
473.1,559.978645,1.47741112
473.133333,560.027892,1.47740336
473.166667,560.077139,1.47739563
473.2,560.126385,1.47738795
473.233333,560.175631,1.4773803
473.266667,560.224877,1.47737269
473.3,560.274123,1.47736511
473.333333,560.323368,1.47735757
473.366667,560.372613,1.47735007
473.4,560.421858,1.47734261
473.433333,560.471103,1.47733517
473.466667,560.520347,1.47732777
473.5,560.569591,1.47732042
473.533333,560.618835,1.4773131
473.566667,560.668079,1.47730582
473.6,560.717322,1.47729858
473.633333,560.766566,1.47729139
473.666667,560.815808,1.47728424
473.7,560.865051,1.47727713
473.733333,560.914294,1.47727006
473.766667,560.963536,1.47726305
473.8,561.012778,1.47725608
473.833333,561.06202,1.47724914
473.866667,561.111261,1.47724226
473.9,561.160502,1.47723543
473.933333,561.209743,1.47722865
473.966667,561.258984,1.47722192
474,561.308225,1.47721524
474.033333,561.357465,1.47720863
474.066667,561.406705,1.47720207
474.1,561.455945,1.47719556
474.133333,561.505185,1.4771891
474.166667,561.554425,1.47718271
474.2,561.603664,1.47717638
474.233333,561.652903,1.47717011
474.266667,561.702142,1.47716388
474.3,561.751381,1.47715774
474.333333,561.800619,1.47715166
474.366667,561.849857,1.47714564
474.4,561.899096,1.47713968
474.433333,561.948333,1.4771338
474.466667,561.997571,1.477128
474.5,562.046809,1.47712225
474.533333,562.096046,1.47711656
474.566667,562.145283,1.47711096
474.6,562.19452,1.47710543
474.633333,562.243757,1.47709996
474.666667,562.292993,1.47709456
474.7,562.34223,1.47708924
474.733333,562.391466,1.477084
474.766667,562.440702,1.47707883
474.8,562.489938,1.47707373
474.833333,562.539174,1.47706871
474.866667,562.588409,1.47706377
474.9,562.637645,1.4770589
474.933333,562.68688,1.4770541
474.966667,562.736115,1.47704938
475,562.78535,1.47704474
475.033333,562.834584,1.47704017
475.066667,562.883819,1.47703566
475.1,562.933054,1.47703123
475.133333,562.982288,1.4770269
475.166667,563.031522,1.47702263
475.2,563.080756,1.47701843
475.233333,563.12999,1.4770143
475.266667,563.179224,1.47701026
475.3,563.228457,1.47700628
475.333333,563.277691,1.47700237
475.366667,563.326924,1.47699853
475.4,563.376157,1.47699477
475.433333,563.42539,1.47699108
475.466667,563.474623,1.47698745
475.5,563.523856,1.47698389
475.533333,563.573089,1.47698041
475.566667,563.622322,1.47697699
475.6,563.671554,1.47697364
475.633333,563.720787,1.47697034
475.666667,563.770019,1.47696713
475.7,563.819251,1.47696397
475.733333,563.868483,1.47696088
475.766667,563.917715,1.47695783
475.8,563.966947,1.47695486
475.833333,564.016179,1.47695196
475.866667,564.06541,1.4769491
475.9,564.114642,1.47694631
475.933333,564.163873,1.47694357
475.966667,564.213105,1.47694091
476,564.262336,1.47693829
476.033333,564.311567,1.47693572
476.066667,564.360799,1.47693321
476.1,564.41003,1.47693076
476.133333,564.459261,1.47692836
476.166667,564.508492,1.47692601
476.2,564.557722,1.47692371
476.233333,564.606953,1.47692148
476.266667,564.656184,1.47691929
476.3,564.705414,1.47691714
476.333333,564.754645,1.47691505
476.366667,564.803875,1.47691302
476.4,564.853106,1.47691104
476.433333,564.902336,1.47690909
476.466667,564.951566,1.4769072
476.5,565.000797,1.47690536
476.533333,565.050027,1.47690357
476.566667,565.099257,1.47690183
476.6,565.148487,1.47690012
476.633333,565.197717,1.47689848
476.666667,565.246947,1.47689689
476.7,565.296177,1.47689533
476.733333,565.345406,1.47689383
476.766667,565.394636,1.47689238
476.8,565.443866,1.47689098
476.833333,565.493096,1.47688962
476.866667,565.542325,1.4768883
476.9,565.591555,1.47688705
476.933333,565.640784,1.47688584
476.966667,565.690014,1.47688468
477,565.739243,1.47688356
477.033333,565.788473,1.4768825
477.066667,565.837702,1.47688149
477.1,565.886932,1.47688053
477.133333,565.936161,1.47687962
477.166667,565.98539,1.47687876
477.2,566.03462,1.47687796
477.233333,566.083849,1.4768772
477.266667,566.133078,1.47687649
477.3,566.182307,1.47687584
477.333333,566.231536,1.47687524
477.366667,566.280766,1.47687469
477.4,566.329995,1.47687419
477.433333,566.379224,1.47687375
477.466667,566.428453,1.47687338
477.5,566.477682,1.47687305
477.533333,566.526911,1.47687276
477.566667,566.57614,1.47687254
477.6,566.625369,1.47687238
477.633333,566.674598,1.47687227
477.666667,566.723827,1.47687221
477.7,566.773057,1.4768722
477.733333,566.822286,1.47687226
477.766667,566.871515,1.47687238
477.8,566.920744,1.47687254
477.833333,566.969973,1.47687276
477.866667,567.019202,1.47687304
477.9,567.068431,1.47687338
477.933333,567.11766,1.47687377
477.966667,567.166889,1.47687421
478,567.216118,1.47687472
478.033333,567.265348,1.47687528
478.066667,567.314577,1.47687589
478.1,567.363806,1.47687655
478.133333,567.413035,1.47687727
478.166667,567.462265,1.47687805
478.2,567.511494,1.47687888
478.233333,567.560723,1.47687976
478.266667,567.609952,1.4768807
478.3,567.659182,1.4768817
478.333333,567.708411,1.47688274
478.366667,567.757641,1.47688383
478.4,567.80687,1.47688498
478.433333,567.8561,1.47688618
478.466667,567.905329,1.47688742
478.5,567.954559,1.47688871
478.533333,568.003789,1.47689005
478.566667,568.053018,1.47689145
478.6,568.102248,1.47689289
478.633333,568.151478,1.47689437
478.666667,568.200708,1.47689591
478.7,568.249937,1.47689749
478.733333,568.299167,1.47689911
478.766667,568.348397,1.47690078
478.8,568.397627,1.47690248
478.833333,568.446858,1.47690424
478.866667,568.496088,1.47690603
478.9,568.545318,1.47690786
478.933333,568.594548,1.47690974
478.966667,568.643779,1.47691165
479,568.693009,1.47691361
479.033333,568.74224,1.4769156
479.066667,568.79147,1.47691762
479.1,568.840701,1.47691969
479.133333,568.889931,1.47692179
479.166667,568.939162,1.47692392
479.2,568.988393,1.47692608
479.233333,569.037624,1.47692829
479.266667,569.086855,1.47693052
479.3,569.136086,1.47693278
479.333333,569.185317,1.47693508
479.366667,569.234548,1.47693741
479.4,569.28378,1.47693977
479.433333,569.333011,1.47694216
479.466667,569.382242,1.47694457
479.5,569.431474,1.47694702
479.533333,569.480706,1.4769495
479.566667,569.529937,1.476952
479.6,569.579169,1.47695453
479.633333,569.628401,1.47695709
479.666667,569.677633,1.47695968
479.7,569.726865,1.47696229
479.733333,569.776097,1.47696492
479.766667,569.825329,1.47696759
479.8,569.874561,1.47697028
479.833333,569.923794,1.47697299
479.866667,569.973026,1.47697573
479.9,570.022259,1.47697849
479.933333,570.071492,1.47698129
479.966667,570.120724,1.4769841
480,570.169957,1.47698694
480.033333,570.21919,1.4769898
480.066667,570.268423,1.47699269
480.1,570.317656,1.4769956
480.133333,570.36689,1.47699854
480.166667,570.416123,1.4770015
480.2,570.465356,1.47700449
480.233333,570.51459,1.4770075
480.266667,570.563823,1.47701054
480.3,570.613057,1.47701359
480.333333,570.662291,1.47701668
480.366667,570.711525,1.47701979
480.4,570.760759,1.47702292
480.433333,570.809993,1.47702608
480.466667,570.859227,1.47702927
480.5,570.908462,1.47703248
480.533333,570.957696,1.47703571
480.566667,571.006931,1.47703897
480.6,571.056166,1.47704226
480.633333,571.1054,1.47704557
480.666667,571.154635,1.4770489
480.7,571.20387,1.47705226
480.733333,571.253105,1.47705565
480.766667,571.302341,1.47705906
480.8,571.351576,1.47706249
480.833333,571.400811,1.47706595
480.866667,571.450047,1.47706944
480.9,571.499283,1.47707296
480.933333,571.548519,1.4770765
480.966667,571.597754,1.47708006
481,571.646991,1.47708365
481.033333,571.696227,1.47708726
481.066667,571.745463,1.4770909
481.1,571.794699,1.47709456
481.133333,571.843936,1.47709825
481.166667,571.893173,1.47710196
481.2,571.942409,1.4771057
481.233333,571.991646,1.47710946
481.266667,572.040883,1.47711324
481.3,572.090121,1.47711706
481.333333,572.139358,1.47712089
481.366667,572.188595,1.47712474
481.4,572.237833,1.47712862
481.433333,572.287071,1.47713252
481.466667,572.336308,1.47713644
481.5,572.385546,1.47714039
481.533333,572.434784,1.47714435
481.566667,572.484023,1.47714834
481.6,572.533261,1.47715234
481.633333,572.582499,1.47715637
481.666667,572.631738,1.47716041
481.7,572.680977,1.47716448
481.733333,572.730216,1.47716856
481.766667,572.779455,1.47717267
481.8,572.828694,1.47717678
481.833333,572.877933,1.47718092
481.866667,572.927173,1.47718508
481.9,572.976412,1.47718924
481.933333,573.025652,1.47719343
481.966667,573.074892,1.47719763
482,573.124132,1.47720185
482.033333,573.173372,1.47720607
482.066667,573.222612,1.47721032
482.1,573.271853,1.47721457
482.133333,573.321093,1.47721884
482.166667,573.370334,1.47722312
482.2,573.419575,1.47722741
482.233333,573.468816,1.47723172
482.266667,573.518057,1.47723603
482.3,573.567298,1.47724036
482.333333,573.616539,1.47724469
482.366667,573.665781,1.47724903
482.4,573.715023,1.47725338
482.433333,573.764265,1.47725775
482.466667,573.813507,1.47726211
482.5,573.862749,1.47726649
482.533333,573.911991,1.47727087
482.566667,573.961233,1.47727526
482.6,574.010476,1.47727966
482.633333,574.059719,1.47728406
482.666667,574.108962,1.47728847
482.7,574.158205,1.47729288
482.733333,574.207448,1.4772973
482.766667,574.256691,1.47730172
482.8,574.305935,1.47730615
482.833333,574.355178,1.47731058
482.866667,574.404422,1.47731502
482.9,574.453666,1.47731946
482.933333,574.50291,1.4773239
482.966667,574.552154,1.47732835
483,574.601399,1.4773328
483.033333,574.650643,1.47733726
483.066667,574.699888,1.47734172
483.1,574.749132,1.47734618
483.133333,574.798377,1.47735064
483.166667,574.847622,1.47735511
483.2,574.896868,1.47735958
483.233333,574.946113,1.47736405
483.266667,574.995359,1.47736853
483.3,575.044604,1.47737301
483.333333,575.09385,1.47737749
483.366667,575.143096,1.47738198
483.4,575.192342,1.47738647
483.433333,575.241589,1.47739096
483.466667,575.290835,1.47739545
483.5,575.340082,1.47739995
483.533333,575.389328,1.47740445
483.566667,575.438575,1.47740896
483.6,575.487822,1.47741346
483.633333,575.53707,1.47741797
483.666667,575.586317,1.47742249
483.7,575.635564,1.47742701
483.733333,575.684812,1.47743153
483.766667,575.73406,1.47743605
483.8,575.783308,1.47744058
483.833333,575.832556,1.47744511
483.866667,575.881804,1.47744965
483.9,575.931052,1.47745418
483.933333,575.980301,1.47745873
483.966667,576.02955,1.47746327
484,576.078799,1.47746782
484.033333,576.128048,1.47747238
484.066667,576.177297,1.47747694
484.1,576.226546,1.4774815
484.133333,576.275795,1.47748607
484.166667,576.325045,1.47749064
484.2,576.374295,1.47749521
484.233333,576.423545,1.47749979
484.266667,576.472795,1.47750437
484.3,576.522045,1.47750895
484.333333,576.571295,1.47751354
484.366667,576.620546,1.47751813
484.4,576.669797,1.47752273
484.433333,576.719048,1.47752733
484.466667,576.768299,1.47753193
484.5,576.81755,1.47753653
484.533333,576.866801,1.47754114
484.566667,576.916052,1.47754575
484.6,576.965304,1.47755037
484.633333,577.014556,1.47755498
484.666667,577.063808,1.4775596
484.7,577.11306,1.47756422
484.733333,577.162312,1.47756884
484.766667,577.211564,1.47757347
484.8,577.260817,1.47757809
484.833333,577.310069,1.47758272
484.866667,577.359322,1.47758734
484.9,577.408575,1.47759197
484.933333,577.457828,1.4775966
484.966667,577.507082,1.47760123
485,577.556335,1.47760586
485.033333,577.605589,1.47761048
485.066667,577.654843,1.47761511
485.1,577.704096,1.47761974
485.133333,577.753351,1.47762437
485.166667,577.802605,1.47762899
485.2,577.851859,1.47763361
485.233333,577.901114,1.47763823
485.266667,577.950368,1.47764285
485.3,577.999623,1.47764747
485.333333,578.048878,1.47765208
485.366667,578.098133,1.47765669
485.4,578.147389,1.4776613
485.433333,578.196644,1.47766591
485.466667,578.2459,1.47767051
485.5,578.295155,1.47767511
485.533333,578.344411,1.4776797
485.566667,578.393667,1.47768429
485.6,578.442924,1.47768887
485.633333,578.49218,1.47769345
485.666667,578.541437,1.47769802
485.7,578.590693,1.47770259
485.733333,578.63995,1.47770716
485.766667,578.689207,1.47771172
485.8,578.738464,1.47771627
485.833333,578.787721,1.47772082
485.866667,578.836979,1.47772536
485.9,578.886236,1.4777299
485.933333,578.935494,1.47773443
485.966667,578.984752,1.47773895
486,579.03401,1.47774347
486.033333,579.083268,1.47774798
486.066667,579.132527,1.47775248
486.1,579.181785,1.47775698
486.133333,579.231044,1.47776147
486.166667,579.280303,1.47776596
486.2,579.329562,1.47777044
486.233333,579.378821,1.47777491
486.266667,579.42808,1.47777938
486.3,579.477339,1.47778384
486.333333,579.526599,1.47778829
486.366667,579.575859,1.47779273
486.4,579.625118,1.47779717
486.433333,579.674378,1.47780161
486.466667,579.723638,1.47780604
486.5,579.772899,1.47781046
486.533333,579.822159,1.47781487
486.566667,579.87142,1.47781928
486.6,579.92068,1.47782368
486.633333,579.969941,1.47782808
486.666667,580.019202,1.47783247
486.7,580.068463,1.47783686
486.733333,580.117725,1.47784124
486.766667,580.166986,1.47784561
486.8,580.216248,1.47784998
486.833333,580.26551,1.47785434
486.866667,580.314771,1.4778587
486.9,580.364033,1.47786305
486.933333,580.413296,1.47786739
486.966667,580.462558,1.47787174
487,580.51182,1.47787607
487.033333,580.561083,1.47788041
487.066667,580.610346,1.47788473
487.1,580.659609,1.47788906
487.133333,580.708872,1.47789337
487.166667,580.758135,1.47789769
487.2,580.807398,1.477902
487.233333,580.856662,1.4779063
487.266667,580.905925,1.4779106
487.3,580.955189,1.4779149
487.333333,581.004453,1.47791919
487.366667,581.053717,1.47792348
487.4,581.102981,1.47792776
487.433333,581.152246,1.47793204
487.466667,581.20151,1.47793632
487.5,581.250775,1.47794059
487.533333,581.300039,1.47794485
487.566667,581.349304,1.47794912
487.6,581.398569,1.47795338
487.633333,581.447834,1.47795763
487.666667,581.4971,1.47796188
487.7,581.546365,1.47796613
487.733333,581.595631,1.47797037
487.766667,581.644897,1.47797461
487.8,581.694163,1.47797884
487.833333,581.743429,1.47798307
487.866667,581.792695,1.4779873
487.9,581.841961,1.47799152
487.933333,581.891227,1.47799574
487.966667,581.940494,1.47799995
488,581.989761,1.47800416
488.033333,582.039028,1.47800836
488.066667,582.088295,1.47801256
488.1,582.137562,1.47801675
488.133333,582.186829,1.47802094
488.166667,582.236097,1.47802512
488.2,582.285364,1.4780293
488.233333,582.334632,1.47803348
488.266667,582.3839,1.47803764
488.3,582.433168,1.47804181
488.333333,582.482436,1.47804596
488.366667,582.531704,1.47805011
488.4,582.580973,1.47805426
488.433333,582.630241,1.4780584
488.466667,582.67951,1.47806253
488.5,582.728779,1.47806666
488.533333,582.778048,1.47807078
488.566667,582.827317,1.47807489
488.6,582.876586,1.478079
488.633333,582.925855,1.47808311
488.666667,582.975125,1.4780872
488.7,583.024394,1.47809129
488.733333,583.073664,1.47809537
488.766667,583.122934,1.47809945
488.8,583.172204,1.47810352
488.833333,583.221474,1.47810758
488.866667,583.270745,1.47811163
488.9,583.320015,1.47811568
488.933333,583.369286,1.47811972
488.966667,583.418556,1.47812376
489,583.467827,1.47812778
489.033333,583.517098,1.4781318
489.066667,583.566369,1.47813582
489.1,583.615641,1.47813982
489.133333,583.664912,1.47814382
489.166667,583.714184,1.47814781
489.2,583.763455,1.4781518
489.233333,583.812727,1.47815577
489.266667,583.861999,1.47815974
489.3,583.911271,1.4781637
489.333333,583.960543,1.47816766
489.366667,584.009816,1.47817161
489.4,584.059088,1.47817555
489.433333,584.108361,1.47817948
489.466667,584.157633,1.47818341
489.5,584.206906,1.47818733
489.533333,584.256179,1.47819125
489.566667,584.305452,1.47819515
489.6,584.354725,1.47819906
489.633333,584.403999,1.47820295
489.666667,584.453272,1.47820684
489.7,584.502546,1.47821072
489.733333,584.55182,1.47821459
489.766667,584.601094,1.47821846
489.8,584.650368,1.47822232
489.833333,584.699642,1.47822618
489.866667,584.748916,1.47823003
489.9,584.79819,1.47823388
489.933333,584.847465,1.47823772
489.966667,584.89674,1.47824155
490,584.946014,1.47824538
490.033333,584.995289,1.4782492
490.066667,585.044564,1.47825302
490.1,585.093839,1.47825683
490.133333,585.143115,1.47826064
490.166667,585.19239,1.47826444
490.2,585.241666,1.47826824
490.233333,585.290941,1.47827203
490.266667,585.340217,1.47827582
490.3,585.389493,1.4782796
490.333333,585.438769,1.47828338
490.366667,585.488045,1.47828715
490.4,585.537322,1.47829092
490.433333,585.586598,1.47829469
490.466667,585.635875,1.47829845
490.5,585.685151,1.47830221
490.533333,585.734428,1.47830596
490.566667,585.783705,1.47830971
490.6,585.832982,1.47831346
490.633333,585.882259,1.4783172
490.666667,585.931537,1.47832093
490.7,585.980814,1.47832467
490.733333,586.030092,1.4783284
490.766667,586.079369,1.47833212
490.8,586.128647,1.47833585
490.833333,586.177925,1.47833957
490.866667,586.227203,1.47834328
490.9,586.276481,1.47834699
490.933333,586.325759,1.4783507
490.966667,586.375038,1.47835441
491,586.424316,1.47835811
491.033333,586.473595,1.4783618
491.066667,586.522874,1.4783655
491.1,586.572153,1.47836919
491.133333,586.621432,1.47837287
491.166667,586.670711,1.47837656
491.2,586.71999,1.47838024
491.233333,586.76927,1.47838391
491.266667,586.818549,1.47838759
491.3,586.867829,1.47839125
491.333333,586.917109,1.47839492
491.366667,586.966388,1.47839858
491.4,587.015668,1.47840224
491.433333,587.064949,1.47840589
491.466667,587.114229,1.47840954
491.5,587.163509,1.47841319
491.533333,587.21279,1.47841683
491.566667,587.26207,1.47842047
491.6,587.311351,1.4784241
491.633333,587.360632,1.47842773
491.666667,587.409913,1.47843136
491.7,587.459194,1.47843498
491.733333,587.508475,1.4784386
491.766667,587.557757,1.47844221
491.8,587.607038,1.47844582
491.833333,587.65632,1.47844943
491.866667,587.705601,1.47845303
491.9,587.754883,1.47845663
491.933333,587.804165,1.47846022
491.966667,587.853447,1.47846381
492,587.902729,1.4784674
492.033333,587.952012,1.47847098
492.066667,588.001294,1.47847456
492.1,588.050577,1.47847813
492.133333,588.099859,1.4784817
492.166667,588.149142,1.47848526
492.2,588.198425,1.47848882
492.233333,588.247708,1.47849238
492.266667,588.296991,1.47849593
492.3,588.346274,1.47849948
492.333333,588.395558,1.47850302
492.366667,588.444841,1.47850656
492.4,588.494125,1.4785101
492.433333,588.543409,1.47851363
492.466667,588.592693,1.47851716
492.5,588.641976,1.47852068
492.533333,588.691261,1.4785242
492.566667,588.740545,1.47852771
492.6,588.789829,1.47853123
492.633333,588.839114,1.47853473
492.666667,588.888398,1.47853824
492.7,588.937683,1.47854174
492.733333,588.986968,1.47854524
492.766667,589.036252,1.47854873
492.8,589.085537,1.47855222
492.833333,589.134823,1.47855571
492.866667,589.184108,1.47855919
492.9,589.233393,1.47856267
492.933333,589.282679,1.47856615
492.966667,589.331964,1.47856962
493,589.38125,1.47857309
493.033333,589.430536,1.47857656
493.066667,589.479822,1.47858003
493.1,589.529108,1.47858349
493.133333,589.578394,1.47858695
493.166667,589.62768,1.47859041
493.2,589.676967,1.47859386
493.233333,589.726253,1.47859731
493.266667,589.77554,1.47860076
493.3,589.824827,1.47860421
493.333333,589.874113,1.47860756
493.366667,589.9234,1.47861076
493.4,589.972687,1.47861382
493.433333,590.021975,1.47861673
493.466667,590.071262,1.47861945
493.5,590.120549,1.47862204
493.533333,590.169837,1.47862452
493.566667,590.219124,1.47862688
493.6,590.268412,1.47862907
493.633333,590.3177,1.47863112
493.666667,590.366987,1.47863304
493.7,590.416275,1.47863483
493.733333,590.465563,1.47863645
493.766667,590.514851,1.47863793
493.8,590.564139,1.4786393
493.833333,590.613427,1.47864056
493.866667,590.662715,1.4786417
493.9,590.712003,1.47864272
493.933333,590.761291,1.47864365
493.966667,590.810579,1.47864449
494,590.859867,1.47864521
494.033333,590.909155,1.4786458
494.066667,590.958444,1.47864628
494.1,591.007732,1.47864665
494.133333,591.05702,1.4786469
494.166667,591.106308,1.47864702
494.2,591.155597,1.47864706
494.233333,591.204885,1.478647
494.266667,591.254173,1.47864685
494.3,591.303461,1.4786466
494.333333,591.352749,1.47864626
494.366667,591.402038,1.47864583
494.4,591.451326,1.47864531
494.433333,591.500614,1.47864465
494.466667,591.549902,1.47864389
494.5,591.59919,1.47864304
494.533333,591.648478,1.47864209
494.566667,591.697766,1.478641
494.6,591.747054,1.47863983
494.633333,591.796342,1.47863858
494.666667,591.84563,1.47863725
494.7,591.894918,1.47863581
494.733333,591.944206,1.47863427
494.766667,591.993494,1.47863265
494.8,592.042782,1.47863094
494.833333,592.092069,1.47862909
494.866667,592.141357,1.47862714
494.9,592.190644,1.47862509
494.933333,592.239932,1.47862295
494.966667,592.289219,1.47862069
495,592.338507,1.47861834
495.033333,592.387794,1.4786159
495.066667,592.437081,1.47861339
495.1,592.486368,1.47861077
495.133333,592.535655,1.47860806
495.166667,592.584942,1.47860525
495.2,592.634229,1.47860235
495.233333,592.683515,1.47859933
495.266667,592.732802,1.47859621
495.3,592.782088,1.47859299
495.333333,592.831375,1.47858969
495.366667,592.880661,1.47858629
495.4,592.929947,1.4785828
495.433333,592.979233,1.47857923
495.466667,593.028519,1.47857559
495.5,593.077805,1.47857187
495.533333,593.127091,1.47856805
495.566667,593.176376,1.47856414
495.6,593.225662,1.47856016
495.633333,593.274947,1.47855608
495.666667,593.324232,1.47855191
495.7,593.373517,1.47854766
495.733333,593.422802,1.47854335
495.766667,593.472087,1.47853897
495.8,593.521371,1.47853451
495.833333,593.570655,1.47853
495.866667,593.61994,1.47852543
495.9,593.669224,1.4785208
495.933333,593.718508,1.47851609
495.966667,593.767792,1.47851132
496,593.817075,1.4785065
496.033333,593.866359,1.47850162
496.066667,593.915642,1.47849667
496.1,593.964925,1.47849167
496.133333,594.014208,1.47848664
496.166667,594.063491,1.47848156
496.2,594.112774,1.47847645
496.233333,594.162056,1.4784713
496.266667,594.211338,1.47846612
496.3,594.26062,1.47846091
496.333333,594.309902,1.47845566
496.366667,594.359184,1.47845038
496.4,594.408466,1.47844506
496.433333,594.457747,1.47843972
496.466667,594.507028,1.47843435
496.5,594.556309,1.47842897
496.533333,594.60559,1.47842357
496.566667,594.654871,1.47841816
496.6,594.704152,1.47841275
496.633333,594.753432,1.47840733
496.666667,594.802712,1.4784019
496.7,594.851992,1.47839646
496.733333,594.901272,1.47839096
496.766667,594.950551,1.47838531
496.8,594.999831,1.47837953
496.833333,595.04911,1.47837364
496.866667,595.098389,1.47836762
496.9,595.147668,1.47836148
496.933333,595.196946,1.47835524
496.966667,595.246225,1.47834892
497,595.295503,1.4783425
497.033333,595.344781,1.47833595
497.066667,595.394059,1.4783293
497.1,595.443336,1.47832255
497.133333,595.492614,1.47831569
497.166667,595.541891,1.4783087
497.2,595.591167,1.47830162
497.233333,595.640444,1.47829446
497.266667,595.689721,1.47828723
497.3,595.738997,1.47827991
497.333333,595.788272,1.47827253
497.366667,595.837548,1.47826509
497.4,595.886823,1.47825758
497.433333,595.936099,1.47824998
497.466667,595.985373,1.47824228
497.5,596.034648,1.47823451
497.533333,596.083922,1.47822667
497.566667,596.133197,1.47821872
497.6,596.18247,1.4782107
497.633333,596.231744,1.47820262
497.666667,596.281017,1.47819449
497.7,596.33029,1.4781863
497.733333,596.379563,1.47817804
497.766667,596.428835,1.47816973
497.8,596.478108,1.47816135
497.833333,596.52738,1.47815289
497.866667,596.576651,1.47814435
497.9,596.625922,1.47813573
497.933333,596.675193,1.47812704
497.966667,596.724464,1.47811827
498,596.773735,1.47810942
498.033333,596.823005,1.47810052
498.066667,596.872275,1.47809157
498.1,596.921544,1.47808255
498.133333,596.970814,1.47807347
498.166667,597.020083,1.47806432
498.2,597.069351,1.4780551
498.233333,597.11862,1.47804581
498.266667,597.167888,1.47803642
498.3,597.217155,1.47802696
498.333333,597.266423,1.47801743
498.366667,597.31569,1.47800783
498.4,597.364957,1.47799815
498.433333,597.414223,1.47798841
498.466667,597.463489,1.47797862
498.5,597.512755,1.47796878
498.533333,597.56202,1.47795885
498.566667,597.611285,1.47794887
498.6,597.66055,1.47793881
498.633333,597.709815,1.47792869
498.666667,597.759079,1.47791848
498.7,597.808343,1.4779082
498.733333,597.857606,1.47789786
498.766667,597.906869,1.47788746
498.8,597.956132,1.477877
498.833333,598.005394,1.47786649
498.866667,598.054656,1.47785594
498.9,598.103918,1.47784535
498.933333,598.153179,1.47783469
498.966667,598.20244,1.47782398
499,598.251701,1.47781322
499.033333,598.300961,1.4778024
499.066667,598.350221,1.47779153
499.1,598.399481,1.47778061
499.133333,598.44874,1.47776965
499.166667,598.497999,1.47775867
499.2,598.547257,1.47774765
499.233333,598.596515,1.4777366
499.266667,598.645773,1.47772554
499.3,598.69503,1.47771446
499.333333,598.744287,1.47770335
499.366667,598.793544,1.47769221
499.4,598.8428,1.47768104
499.433333,598.892056,1.47766986
499.466667,598.941311,1.47765866
499.5,598.990566,1.47764745
499.533333,599.039821,1.47763624
499.566667,599.089075,1.47762502
499.6,599.138329,1.47761382
499.633333,599.187583,1.47760262
499.666667,599.236836,1.47759144
499.7,599.286089,1.47758027
499.733333,599.335342,1.4775691
499.766667,599.384594,1.47755795
499.8,599.433845,1.4775468
499.833333,599.483097,1.47753567
499.866667,599.532348,1.47752456
499.9,599.581599,1.47751348
499.933333,599.630849,1.47750243
499.966667,599.680099,1.47749142
500,599.729348,1.47748043
500.033333,599.778597,1.4774695
500.066667,599.827846,1.47745861
500.1,599.877095,1.47744775
500.133333,599.926343,1.47743693
500.166667,599.97559,1.47742615
500.2,600.024838,1.47741541
500.233333,600.074085,1.47740471
500.266667,600.123331,1.47739405
500.3,600.172578,1.47738345
500.333333,600.221824,1.4773729
500.366667,600.271069,1.47736242
500.4,600.320314,1.47735198
500.433333,600.369559,1.4773416
500.466667,600.418804,1.47733129
500.5,600.468048,1.47732102
500.533333,600.517292,1.47731081
500.566667,600.566536,1.47730064
500.6,600.615779,1.47729053
500.633333,600.665022,1.47728048
500.666667,600.714264,1.47727048
500.7,600.763506,1.47726053
500.733333,600.812748,1.47725066
500.766667,600.86199,1.47724085
500.8,600.911231,1.47723109
500.833333,600.960472,1.47722139
500.866667,601.009712,1.47721176
500.9,601.058952,1.47720217
500.933333,601.108192,1.47719263
500.966667,601.157432,1.47718314
501,601.206671,1.47717371
501.033333,601.25591,1.47716433
501.066667,601.305149,1.477155
501.1,601.354387,1.47714572
501.133333,601.403625,1.47713651
501.166667,601.452863,1.47712736
501.2,601.5021,1.47711824
501.233333,601.551338,1.47710918
501.266667,601.600574,1.47710017
501.3,601.649811,1.4770912
501.333333,601.699047,1.47708227
501.366667,601.748283,1.47707338
501.4,601.797519,1.47706454
501.433333,601.846754,1.47705575
501.466667,601.895989,1.477047
501.5,601.945224,1.47703829
501.533333,601.994458,1.47702964
501.566667,602.043692,1.47702103
501.6,602.092926,1.47701246
501.633333,602.14216,1.47700393
501.666667,602.191393,1.47699544
501.7,602.240626,1.47698699
501.733333,602.289859,1.47697857
501.766667,602.339092,1.47697019
501.8,602.388324,1.47696185
501.833333,602.437556,1.47695355
501.866667,602.486787,1.4769453
501.9,602.536019,1.47693708
501.933333,602.58525,1.47692891
501.966667,602.634481,1.47692078
502,602.683711,1.47691269
502.033333,602.732942,1.47690464
502.066667,602.782172,1.47689662
502.1,602.831401,1.47688865
502.133333,602.880631,1.47688072
502.166667,602.92986,1.47687283
502.2,602.979089,1.47686497
502.233333,603.028318,1.47685717
502.266667,603.077546,1.47684942
502.3,603.126774,1.47684171
502.333333,603.176002,1.47683404
502.366667,603.22523,1.47682644
502.4,603.274457,1.47681888
502.433333,603.323684,1.47681136
502.466667,603.372911,1.47680389
502.5,603.422138,1.47679647
502.533333,603.471364,1.47678911
502.566667,603.520591,1.47678179
502.6,603.569817,1.47677453
502.633333,603.619042,1.47676733
502.666667,603.668268,1.4767602
502.7,603.717493,1.47675312
502.733333,603.766718,1.47674609
502.766667,603.815943,1.47673914
502.8,603.865167,1.47673225
502.833333,603.914392,1.47672542
502.866667,603.963616,1.47671864
502.9,604.012839,1.47671193
502.933333,604.062063,1.47670529
502.966667,604.111286,1.47669872
503,604.16051,1.47669221
503.033333,604.209733,1.47668578
503.066667,604.258955,1.47667943
503.1,604.308178,1.47667315
503.133333,604.3574,1.47666693
503.166667,604.406622,1.47666079
503.2,604.455844,1.47665473
503.233333,604.505066,1.47664874
503.266667,604.554288,1.47664282
503.3,604.603509,1.47663697
503.333333,604.65273,1.47663121
503.366667,604.701951,1.47662553
503.4,604.751172,1.47661991
503.433333,604.800392,1.47661438
503.466667,604.849613,1.47660894
503.5,604.898833,1.47660358
503.533333,604.948053,1.47659828
503.566667,604.997273,1.47659306
503.6,605.046492,1.47658793
503.633333,605.095712,1.47658288
503.666667,605.144931,1.47657789
503.7,605.194151,1.47657297
503.733333,605.24337,1.47656816
503.766667,605.292588,1.47656341
503.8,605.341807,1.47655874
503.833333,605.391026,1.47655414
503.866667,605.440244,1.47654963
503.9,605.489462,1.4765452
503.933333,605.53868,1.47654084
503.966667,605.587898,1.47653653
504,605.637116,1.47653232
504.033333,605.686334,1.47652818
504.066667,605.735551,1.4765241
504.1,605.784769,1.47652008
504.133333,605.833986,1.47651615
504.166667,605.883203,1.47651229
504.2,605.93242,1.47650849
504.233333,605.981637,1.47650475
504.266667,606.030854,1.47650109
504.3,606.080071,1.4764975
504.333333,606.129287,1.47649397
504.366667,606.178503,1.47649049
504.4,606.22772,1.47648707
504.433333,606.276936,1.47648373
504.466667,606.326152,1.47648043
504.5,606.375368,1.47647719
504.533333,606.424584,1.47647401
504.566667,606.4738,1.47647091
504.6,606.523015,1.47646785
504.633333,606.572231,1.47646484
504.666667,606.621446,1.47646188
504.7,606.670662,1.47645899
504.733333,606.719877,1.47645615
504.766667,606.769092,1.47645335
504.8,606.818307,1.47645059
504.833333,606.867522,1.4764479
504.866667,606.916737,1.47644525
504.9,606.965952,1.47644265
504.933333,607.015166,1.47644009
504.966667,607.064381,1.4764376
505,607.113596,1.47643514
505.033333,607.16281,1.47643273
505.066667,607.212024,1.47643036
505.1,607.261239,1.47642805
505.133333,607.310453,1.47642578
505.166667,607.359667,1.47642355
505.2,607.408881,1.47642135
505.233333,607.458095,1.47641921
505.266667,607.507309,1.47641711
505.3,607.556523,1.47641506
505.333333,607.605737,1.47641304
505.366667,607.654951,1.47641108
505.4,607.704164,1.47640916
505.433333,607.753378,1.47640729
505.466667,607.802591,1.47640545
505.5,607.851805,1.47640366
505.533333,607.901018,1.47640191
505.566667,607.950232,1.47640021
505.6,607.999445,1.47639854
505.633333,608.048658,1.47639693
505.666667,608.097871,1.47639536
505.7,608.147085,1.47639384
505.733333,608.196298,1.47639236
505.766667,608.245511,1.47639093
505.8,608.294724,1.47638955
505.833333,608.343937,1.47638822
505.866667,608.39315,1.47638692
505.9,608.442362,1.47638567
505.933333,608.491575,1.47638448
505.966667,608.540788,1.47638334
506,608.590001,1.47638223
506.033333,608.639214,1.47638118
506.066667,608.688426,1.47638018
506.1,608.737639,1.47637923
506.133333,608.786852,1.47637833
506.166667,608.836064,1.47637747
506.2,608.885277,1.47637668
506.233333,608.934489,1.47637594
506.266667,608.983702,1.47637523
506.3,609.032914,1.47637458
506.333333,609.082127,1.47637399
506.366667,609.131339,1.47637344
506.4,609.180552,1.47637295
506.433333,609.229764,1.4763725
506.466667,609.278977,1.47637211
506.5,609.328189,1.47637178
506.533333,609.377401,1.47637149
506.566667,609.426614,1.47637125
506.6,609.475826,1.47637107
506.633333,609.525038,1.47637095
506.666667,609.574251,1.47637087
506.7,609.623463,1.47637083
506.733333,609.672676,1.47637085
506.766667,609.721888,1.47637093
506.8,609.7711,1.47637105
506.833333,609.820313,1.47637121
506.866667,609.869525,1.47637143
506.9,609.918737,1.47637171
506.933333,609.96795,1.47637203
506.966667,610.017162,1.47637239
507,610.066375,1.47637281
507.033333,610.115587,1.47637327
507.066667,610.164799,1.47637378
507.1,610.214012,1.47637432
507.133333,610.263224,1.47637491
507.166667,610.312437,1.47637556
507.2,610.361649,1.47637624
507.233333,610.410862,1.47637697
507.266667,610.460075,1.47637773
507.3,610.509287,1.47637854
507.333333,610.5585,1.47637939
507.366667,610.607713,1.47638028
507.4,610.656925,1.4763812
507.433333,610.706138,1.47638217
507.466667,610.755351,1.47638317
507.5,610.804563,1.4763842
507.533333,610.853776,1.47638527
507.566667,610.902989,1.47638638
507.6,610.952202,1.47638752
507.633333,611.001415,1.47638869
507.666667,611.050628,1.47638988
507.7,611.099841,1.47639112
507.733333,611.149054,1.47639239
507.766667,611.198267,1.47639368
507.8,611.24748,1.476395
507.833333,611.296693,1.47639635
507.866667,611.345907,1.47639772
507.9,611.39512,1.47639912
507.933333,611.444333,1.47640054
507.966667,611.493547,1.476402
508,611.54276,1.47640347
508.033333,611.591974,1.47640497
508.066667,611.641187,1.47640649
508.1,611.690401,1.47640804
508.133333,611.739614,1.47640961
508.166667,611.788828,1.47641119
508.2,611.838042,1.4764128
508.233333,611.887256,1.47641443
508.266667,611.936469,1.47641608
508.3,611.985683,1.47641774
508.333333,612.034897,1.47641943
508.366667,612.084111,1.47642113
508.4,612.133325,1.47642286
508.433333,612.182539,1.47642461
508.466667,612.231754,1.47642637
508.5,612.280968,1.47642815
508.533333,612.330182,1.47642995
508.566667,612.379397,1.47643176
508.6,612.428611,1.47643359
508.633333,612.477825,1.47643544
508.666667,612.52704,1.47643731
508.7,612.576255,1.47643919
508.733333,612.625469,1.47644109
508.766667,612.674684,1.47644301
508.8,612.723899,1.47644495
508.833333,612.773114,1.47644691
508.866667,612.822329,1.47644888
508.9,612.871544,1.47645087
508.933333,612.920759,1.47645288
508.966667,612.969974,1.47645491
509,613.019189,1.47645695
509.033333,613.068404,1.47645901
509.066667,613.11762,1.47646109
509.1,613.166835,1.47646319
509.133333,613.21605,1.47646531
509.166667,613.265266,1.47646744
509.2,613.314482,1.4764696
509.233333,613.363697,1.47647178
509.266667,613.412913,1.47647397
509.3,613.462129,1.47647618
509.333333,613.511345,1.47647841
509.366667,613.560561,1.47648067
509.4,613.609777,1.47648294
509.433333,613.658993,1.47648523
509.466667,613.708209,1.47648753
509.5,613.757425,1.47648987
509.533333,613.806642,1.47649222
509.566667,613.855858,1.47649459
509.6,613.905075,1.47649697
509.633333,613.954291,1.47649939
509.666667,614.003508,1.47650182
509.7,614.052725,1.47650426
509.733333,614.101942,1.47650673
509.766667,614.151159,1.47650922
509.8,614.200376,1.47651173
509.833333,614.249593,1.47651425
509.866667,614.29881,1.47651679
509.9,614.348027,1.47651936
509.933333,614.397245,1.47652195
509.966667,614.446462,1.47652455
510,614.49568,1.47652716
510.033333,614.544897,1.47652951
510.066667,614.594115,1.47653151
510.1,614.643333,1.47653315
510.133333,614.69255,1.47653447
510.166667,614.741768,1.47653537
510.2,614.790986,1.47653597
510.233333,614.840204,1.4765363
510.266667,614.889422,1.47653635
510.3,614.93864,1.47653601
510.333333,614.987858,1.47653534
510.366667,615.037075,1.47653437
510.4,615.086293,1.47653308
510.433333,615.135511,1.47653138
510.466667,615.184729,1.47652936
510.5,615.233946,1.47652707
510.533333,615.283164,1.47652453
510.566667,615.332381,1.4765217
510.6,615.381598,1.47651859
510.633333,615.430816,1.47651526
510.666667,615.480033,1.47651171
510.7,615.52925,1.47650786
510.733333,615.578467,1.47650368
510.766667,615.627683,1.47649925
510.8,615.6769,1.47649456
510.833333,615.726116,1.47648956
510.866667,615.775333,1.47648426
510.9,615.824549,1.47647873
510.933333,615.873765,1.476473
510.966667,615.92298,1.47646704
511,615.972196,1.47646082
511.033333,616.021411,1.47645439
511.066667,616.070626,1.47644775
511.1,616.119841,1.47644088
511.133333,616.169055,1.47643366
511.166667,616.21827,1.47642621
511.2,616.267484,1.47641852
511.233333,616.316698,1.47641059
511.266667,616.365911,1.47640235
511.3,616.415124,1.47639391
511.333333,616.464337,1.47638528
511.366667,616.51355,1.47637646
511.4,616.562762,1.47636736
511.433333,616.611974,1.47635806
511.466667,616.661186,1.47634854
511.5,616.710398,1.4763388
511.533333,616.759609,1.47632874
511.566667,616.80882,1.47631844
511.6,616.85803,1.47630791
511.633333,616.90724,1.47629716
511.666667,616.95645,1.47628615
511.7,617.005659,1.47627493
511.733333,617.054868,1.47626352
511.766667,617.104077,1.47625193
511.8,617.153285,1.4762401
511.833333,617.202493,1.47622804
511.866667,617.2517,1.47621578
511.9,617.300907,1.4762033
511.933333,617.350114,1.47619056
511.966667,617.39932,1.47617757
512,617.448526,1.47616438
512.033333,617.497731,1.476151
512.066667,617.546936,1.47613742
512.1,617.59614,1.47612362
512.133333,617.645344,1.47610967
512.166667,617.694547,1.47609555
512.2,617.74375,1.47608125
512.233333,617.792953,1.47606672
512.266667,617.842155,1.47605202
512.3,617.891356,1.47603714
512.333333,617.940557,1.47602207
512.366667,617.989758,1.47600677
512.4,618.038958,1.47599131
512.433333,618.088157,1.47597572
512.466667,618.137356,1.47595999
512.5,618.186554,1.47594409
512.533333,618.235752,1.47592808
512.566667,618.28495,1.47591194
512.6,618.334146,1.47589568
512.633333,618.383343,1.47587924
512.666667,618.432538,1.47586268
512.7,618.481733,1.47584599
512.733333,618.530928,1.47582918
512.766667,618.580122,1.47581221
512.8,618.629316,1.47579516
512.833333,618.678508,1.47577802
512.866667,618.727701,1.47576081
512.9,618.776893,1.4757435
512.933333,618.826084,1.47572613
512.966667,618.875274,1.47570869
513,618.924464,1.47569118
513.033333,618.973654,1.47567358
513.066667,619.022842,1.4756559
513.1,619.072031,1.47563816
513.133333,619.121218,1.47562036
513.166667,619.170405,1.4756025
513.2,619.219592,1.4755846
513.233333,619.268778,1.47556667
513.266667,619.317963,1.47554873
513.3,619.367148,1.47553077
513.333333,619.416332,1.47551279
513.366667,619.465515,1.47549479
513.4,619.514698,1.47547676
513.433333,619.56388,1.47545872
513.466667,619.613062,1.47544064
513.5,619.662243,1.47542255
513.533333,619.711423,1.47540445
513.566667,619.760603,1.47538635
513.6,619.809782,1.47536826
513.633333,619.858961,1.47535019
513.666667,619.908139,1.47533214
513.7,619.957317,1.47531411
513.733333,620.006493,1.4752961
513.766667,620.05567,1.47527809
513.8,620.104845,1.4752601
513.833333,620.15402,1.47524211
513.866667,620.203195,1.47522413
513.9,620.252369,1.47520617
513.933333,620.301542,1.47518822
513.966667,620.350715,1.4751703
514,620.399887,1.47515242
514.033333,620.449058,1.47513457
514.066667,620.498229,1.47511676
514.1,620.547399,1.47509898
514.133333,620.596569,1.47508122
514.166667,620.645738,1.47506349
514.2,620.694906,1.47504578
514.233333,620.744074,1.47502808
514.266667,620.793242,1.4750104
514.3,620.842408,1.47499274
514.333333,620.891574,1.47497511
514.366667,620.94074,1.47495751
514.4,620.989905,1.47493995
514.433333,621.039069,1.47492243
514.466667,621.088233,1.47490493
514.5,621.137396,1.47488746
514.533333,621.186559,1.47487001
514.566667,621.235721,1.47485258
514.6,621.284882,1.47483517
514.633333,621.334043,1.47481777
514.666667,621.383204,1.47480038
514.7,621.432363,1.47478302
514.733333,621.481522,1.47476568
514.766667,621.530681,1.47474837
514.8,621.579839,1.47473108
514.833333,621.628996,1.47471383
514.866667,621.678153,1.47469661
514.9,621.72731,1.47467939
514.933333,621.776465,1.4746622
514.966667,621.82562,1.47464502
515,621.874775,1.47462785
515.033333,621.923929,1.47461069
515.066667,621.973082,1.47459355
515.1,622.022235,1.47457644
515.133333,622.071387,1.47455935
515.166667,622.120539,1.47454229
515.2,622.16969,1.47452525
515.233333,622.218841,1.47450826
515.266667,622.267991,1.47449128
515.3,622.31714,1.47447432
515.333333,622.366289,1.47445739
515.366667,622.415437,1.47444047
515.4,622.464585,1.47442358
515.433333,622.513732,1.47440671
515.466667,622.562879,1.47438987
515.5,622.612025,1.47437307
515.533333,622.66117,1.47435631
515.566667,622.710315,1.4743396
515.6,622.75946,1.47432291
515.633333,622.808604,1.47430628
515.666667,622.857747,1.47428969
515.7,622.906889,1.47427314
515.733333,622.956032,1.47425662
515.766667,623.005173,1.47424014
515.8,623.054314,1.47422372
515.833333,623.103455,1.47420734
515.866667,623.152595,1.47419101
515.9,623.201734,1.47417474
515.933333,623.250873,1.47415855
515.966667,623.300011,1.47414242
516,623.349149,1.47412634
516.033333,623.398287,1.47411034
516.066667,623.447423,1.47409441
516.1,623.49656,1.47407853
516.133333,623.545695,1.47406272
516.166667,623.59483,1.47404698
516.2,623.643965,1.47403132
516.233333,623.693099,1.47401574
516.266667,623.742233,1.47400023
516.3,623.791366,1.4739848
516.333333,623.840498,1.47396948
516.366667,623.88963,1.47395425
516.4,623.938762,1.4739391
516.433333,623.987893,1.47392402
516.466667,624.037024,1.47390906
516.5,624.086154,1.47389419
516.533333,624.135283,1.47387939
516.566667,624.184412,1.47386467
516.6,624.233541,1.47385008
516.633333,624.282669,1.47383558
516.666667,624.331797,1.47382117
516.7,624.380924,1.47380686
516.733333,624.43005,1.47379268
516.766667,624.479177,1.4737786
516.8,624.528302,1.47376462
516.833333,624.577428,1.47375072
516.866667,624.626552,1.47373694
516.9,624.675677,1.47372327
516.933333,624.724801,1.47370969
516.966667,624.773924,1.4736962
517,624.823047,1.47368283
517.033333,624.87217,1.47366958
517.066667,624.921292,1.47365642
517.1,624.970413,1.47364336
517.133333,625.019535,1.47363042
517.166667,625.068655,1.4736176
517.2,625.117776,1.47360487
517.233333,625.166896,1.47359223
517.266667,625.216015,1.47357969
517.3,625.265134,1.47356727
517.333333,625.314253,1.47355493
517.366667,625.363371,1.47354269
517.4,625.412489,1.47353054
517.433333,625.461607,1.47351852
517.466667,625.510724,1.47350659
517.5,625.55984,1.47349475
517.533333,625.608957,1.473483
517.566667,625.658073,1.47347137
517.6,625.707188,1.47345982
517.633333,625.756303,1.47344835
517.666667,625.805418,1.47343696
517.7,625.854532,1.47342568
517.733333,625.903646,1.47341448
517.766667,625.95276,1.47340336
517.8,626.001873,1.47339232
517.833333,626.050986,1.47338139
517.866667,626.100099,1.47337054
517.9,626.149211,1.47335977
517.933333,626.198323,1.47334907
517.966667,626.247434,1.47333847
518,626.296545,1.47332794
518.033333,626.345656,1.47331748
518.066667,626.394767,1.47330709
518.1,626.443877,1.47329678
518.133333,626.492986,1.47328656
518.166667,626.542096,1.4732764
518.2,626.591205,1.47326631
518.233333,626.640313,1.4732563
518.266667,626.689422,1.47324638
518.3,626.73853,1.47323652
518.333333,626.787638,1.47322673
518.366667,626.836745,1.47321701
518.4,626.885852,1.47320737
518.433333,626.934959,1.47319778
518.466667,626.984065,1.47318826
518.5,627.033171,1.47317881
518.533333,627.082277,1.47316945
518.566667,627.131383,1.47316014
518.6,627.180488,1.4731509
518.633333,627.229593,1.47314174
518.666667,627.278697,1.47313266
518.7,627.327802,1.47312364
518.733333,627.376906,1.47311468
518.766667,627.426009,1.4731058
518.8,627.475113,1.47309699
518.833333,627.524216,1.47308825
518.866667,627.573318,1.47307957
518.9,627.622421,1.47307096
518.933333,627.671523,1.47306244
518.966667,627.720625,1.47305399
519,627.769727,1.47304561
519.033333,627.818828,1.47303729
519.066667,627.867929,1.47302907
519.1,627.91703,1.47302093
519.133333,627.966131,1.47301285
519.166667,628.015231,1.47300483
519.2,628.064331,1.47299691
519.233333,628.113431,1.47298907
519.266667,628.16253,1.47298129
519.3,628.21163,1.47297359
519.333333,628.260729,1.47296599
519.366667,628.309827,1.47295846
519.4,628.358926,1.47295102
519.433333,628.408024,1.47294365
519.466667,628.457122,1.47293637
519.5,628.50622,1.47292918
519.533333,628.555317,1.47292206
519.566667,628.604415,1.47291502
519.6,628.653512,1.47290807
519.633333,628.702608,1.47290122
519.666667,628.751705,1.47289444
519.7,628.800801,1.47288773
519.733333,628.849898,1.47288112
519.766667,628.898993,1.47287462
519.8,628.948089,1.47286818
519.833333,628.997185,1.47286183
519.866667,629.04628,1.47285557
519.9,629.095375,1.47284941
519.933333,629.14447,1.47284332
519.966667,629.193565,1.47283731
520,629.242659,1.47283139
520.033333,629.291753,1.47282556
520.066667,629.340847,1.47281982
520.1,629.389941,1.47281415
520.133333,629.439035,1.47280857
520.166667,629.488129,1.47280309
520.2,629.537222,1.47279769
520.233333,629.586315,1.47279237
520.266667,629.635408,1.47278711
520.3,629.684501,1.47278197
520.333333,629.733594,1.47277689
520.366667,629.782686,1.47277189
520.4,629.831778,1.47276696
520.433333,629.880871,1.47276213
520.466667,629.929963,1.47275737
520.5,629.979054,1.47275268
520.533333,630.028146,1.47274806
520.566667,630.077238,1.47274353
520.6,630.126329,1.47273908
520.633333,630.17542,1.47273469
520.666667,630.224511,1.47273037
520.7,630.273602,1.47272613
520.733333,630.322693,1.47272195
520.766667,630.371784,1.47271784
520.8,630.420874,1.47271379
520.833333,630.469965,1.47270981
520.866667,630.519055,1.47270591
520.9,630.568145,1.47270206
520.933333,630.617235,1.47269827
520.966667,630.666325,1.47269454
521,630.715415,1.47269089
521.033333,630.764504,1.47268728
521.066667,630.813594,1.47268373
521.1,630.862683,1.47268024
521.133333,630.911772,1.47267681
521.166667,630.960862,1.47267343
521.2,631.009951,1.47267009
521.233333,631.05904,1.47266681
521.266667,631.108128,1.4726636
521.3,631.157217,1.47266043
521.333333,631.206306,1.4726573
521.366667,631.255394,1.47265422
521.4,631.304483,1.47265121
521.433333,631.353571,1.47264823
521.466667,631.402659,1.4726453
521.5,631.451747,1.47264241
521.533333,631.500835,1.47263957
521.566667,631.549923,1.47263678
521.6,631.599011,1.47263402
521.633333,631.648099,1.47263131
521.666667,631.697187,1.47262865
521.7,631.746274,1.47262604
521.733333,631.795362,1.47262346
521.766667,631.844449,1.47262092
521.8,631.893537,1.47261843
521.833333,631.942624,1.47261598
521.866667,631.991711,1.47261356
521.9,632.040798,1.47261119
521.933333,632.089885,1.47260886
521.966667,632.138972,1.47260657
522,632.188059,1.47260432
522.033333,632.237146,1.47260211
522.066667,632.286232,1.47259995
522.1,632.335319,1.47259782
522.133333,632.384405,1.47259574
522.166667,632.433492,1.47259369
522.2,632.482578,1.47259169
522.233333,632.531665,1.47258973
522.266667,632.580751,1.47258781
522.3,632.629837,1.47258593
522.333333,632.678923,1.47258408
522.366667,632.728009,1.47258229
522.4,632.777096,1.47258054
522.433333,632.826182,1.47257882
522.466667,632.875267,1.47257715
522.5,632.924353,1.47257552
522.533333,632.973439,1.47257394
522.566667,633.022525,1.47257239
522.6,633.071611,1.47257089
522.633333,633.120696,1.47256943
522.666667,633.169782,1.47256802
522.7,633.218868,1.47256664
522.733333,633.267953,1.47256531
522.766667,633.317039,1.47256403
522.8,633.366124,1.47256278
522.833333,633.415209,1.47256158
522.866667,633.464295,1.47256042
522.9,633.51338,1.47255932
522.933333,633.562465,1.47255825
522.966667,633.611551,1.47255722
523,633.660636,1.47255623
523.033333,633.709721,1.47255529
523.066667,633.758806,1.4725544
523.1,633.807891,1.47255354
523.133333,633.856976,1.47255272
523.166667,633.906062,1.47255195
523.2,633.955147,1.47255122
523.233333,634.004232,1.47255053
523.266667,634.053317,1.47254988
523.3,634.102402,1.47254928
523.333333,634.151487,1.47254872
523.366667,634.200572,1.47254819
523.4,634.249656,1.4725477
523.433333,634.298741,1.47254725
523.466667,634.347826,1.47254684
523.5,634.396911,1.47254646
523.533333,634.445996,1.47254612
523.566667,634.495081,1.47254582
523.6,634.544166,1.47254556
523.633333,634.593251,1.47254534
523.666667,634.642335,1.47254514
523.7,634.69142,1.47254498
523.733333,634.740505,1.47254486
523.766667,634.78959,1.47254476
523.8,634.838675,1.47254469
523.833333,634.88776,1.47254466
523.866667,634.936844,1.47254466
523.9,634.985929,1.47254468
523.933333,635.035014,1.47254473
523.966667,635.084099,1.47254481
524,635.133184,1.47254493
524.033333,635.182269,1.47254506
524.066667,635.231353,1.47254522
524.1,635.280438,1.4725454
524.133333,635.329523,1.47254562
524.166667,635.378608,1.47254585
524.2,635.427693,1.4725461
524.233333,635.476778,1.47254637
524.266667,635.525863,1.47254667
524.3,635.574947,1.47254698
524.333333,635.624032,1.47254732
524.366667,635.673117,1.47254767
524.4,635.722202,1.47254804
524.433333,635.771287,1.47254843
524.466667,635.820372,1.47254883
524.5,635.869457,1.47254925
524.533333,635.918542,1.47254969
524.566667,635.967627,1.47255014
524.6,636.016712,1.4725506
524.633333,636.065797,1.47255108
524.666667,636.114882,1.47255157
524.7,636.163967,1.47255208
524.733333,636.213052,1.4725526
524.766667,636.262137,1.47255312
524.8,636.311222,1.47255367
524.833333,636.360308,1.47255422
524.866667,636.409393,1.47255478
524.9,636.458478,1.47255536
524.933333,636.507563,1.47255594
524.966667,636.556648,1.47255654
525,636.605734,1.47255714
525.033333,636.654819,1.47255776
525.066667,636.703904,1.47255838
525.1,636.752989,1.47255902
525.133333,636.802075,1.47255966
525.166667,636.85116,1.47256032
525.2,636.900245,1.47256098
525.233333,636.949331,1.47256165
525.266667,636.998416,1.47256234
525.3,637.047502,1.47256303
525.333333,637.096587,1.47256373
525.366667,637.145672,1.47256444
525.4,637.194758,1.47256516
525.433333,637.243843,1.47256589
525.466667,637.292929,1.47256662
525.5,637.342015,1.47256737
525.533333,637.3911,1.47256813
525.566667,637.440186,1.4725689
525.6,637.489271,1.47256968
525.633333,637.538357,1.47257047
525.666667,637.587443,1.47257127
525.7,637.636529,1.47257208
525.733333,637.685614,1.4725729
525.766667,637.7347,1.47257373
525.8,637.783786,1.47257457
525.833333,637.832872,1.47257542
525.866667,637.881958,1.47257628
525.9,637.931043,1.47257715
525.933333,637.980129,1.47257804
525.966667,638.029215,1.47257893
526,638.078301,1.47257984
526.033333,638.127387,1.47258076
526.066667,638.176473,1.47258168
526.1,638.225559,1.47258262
526.133333,638.274646,1.47258357
526.166667,638.323732,1.47258453
526.2,638.372818,1.4725855
526.233333,638.421904,1.47258649
526.266667,638.47099,1.47258748
526.3,638.520077,1.47258848
526.333333,638.569163,1.4725895
526.366667,638.618249,1.47259052
526.4,638.667336,1.47259155
526.433333,638.716422,1.4725926
526.466667,638.765508,1.47259365
526.5,638.814595,1.47259472
526.533333,638.863681,1.47259579
526.566667,638.912768,1.47259687
526.6,638.961854,1.47259796
526.633333,639.010941,1.47259906
526.666667,639.060028,1.47260017
526.7,639.109114,1.47260129
526.733333,639.158201,1.47260241
526.766667,639.207288,1.47260354
526.8,639.256375,1.47260468
526.833333,639.305462,1.47260582
526.866667,639.354548,1.47260698
526.9,639.403635,1.47260813
526.933333,639.452722,1.47260929
526.966667,639.501809,1.47261046
527,639.550896,1.47261163
527.033333,639.599983,1.47261281
527.066667,639.649071,1.47261399
527.1,639.698158,1.47261517
527.133333,639.747245,1.47261636
527.166667,639.796332,1.47261755
527.2,639.845419,1.47261874
527.233333,639.894507,1.47261993
527.266667,639.943594,1.47262112
527.3,639.992681,1.47262232
527.333333,640.041769,1.47262351
527.366667,640.090856,1.4726247
527.4,640.139944,1.4726259
527.433333,640.189031,1.47262709
527.466667,640.238119,1.47262829
527.5,640.287207,1.47262948
527.533333,640.336294,1.47263067
527.566667,640.385382,1.47263185
527.6,640.43447,1.47263304
527.633333,640.483558,1.47263422
527.666667,640.532645,1.47263539
527.7,640.581733,1.47263657
527.733333,640.630821,1.47263774
527.766667,640.679909,1.4726389
527.8,640.728997,1.47264007
527.833333,640.778085,1.47264122
527.866667,640.827173,1.47264238
527.9,640.876261,1.47264353
527.933333,640.925349,1.47264467
527.966667,640.974438,1.47264581
528,641.023526,1.47264694
528.033333,641.072614,1.47264806
528.066667,641.121702,1.47264919
528.1,641.170791,1.4726503
528.133333,641.219879,1.47265141
528.166667,641.268967,1.47265251
528.2,641.318056,1.47265361
528.233333,641.367144,1.4726547
528.266667,641.416233,1.47265579
528.3,641.465321,1.47265687
528.333333,641.51441,1.47265794
528.366667,641.563499,1.47265901
528.4,641.612587,1.47266007
528.433333,641.661676,1.47266112
528.466667,641.710765,1.47266217
528.5,641.759853,1.47266322
528.533333,641.808942,1.47266426
528.566667,641.858031,1.47266529
528.6,641.90712,1.47266632
528.633333,641.956209,1.47266734
528.666667,642.005298,1.47266836
528.7,642.054387,1.47266937
528.733333,642.103476,1.47267038
528.766667,642.152565,1.47267138
528.8,642.201654,1.47267237
528.833333,642.250743,1.47267337
528.866667,642.299832,1.47267435
528.9,642.348921,1.47267534
528.933333,642.39801,1.47267632
528.966667,642.4471,1.47267729
529,642.496189,1.47267826
529.033333,642.545278,1.47267923
529.066667,642.594367,1.47268019
529.1,642.643457,1.47268115
529.133333,642.692546,1.47268211
529.166667,642.741636,1.47268306
529.2,642.790725,1.47268401
529.233333,642.839815,1.47268496
529.266667,642.888904,1.4726859
529.3,642.937994,1.47268684
529.333333,642.987083,1.47268778
529.366667,643.036173,1.47268871
529.4,643.085262,1.47268964
529.433333,643.134352,1.47269057
529.466667,643.183442,1.4726915
529.5,643.232531,1.47269242
529.533333,643.281621,1.47269333
529.566667,643.330711,1.47269425
529.6,643.379801,1.47269516
529.633333,643.428891,1.47269607
529.666667,643.477981,1.47269698
529.7,643.527071,1.47269788
529.733333,643.57616,1.47269878
529.766667,643.62525,1.47269968
529.8,643.67434,1.47270057
529.833333,643.72343,1.47270146
529.866667,643.772521,1.47270234
529.9,643.821611,1.47270322
529.933333,643.870701,1.4727041
529.966667,643.919791,1.47270498
530,643.968881,1.47270584
530.033333,644.017971,1.47270671
530.066667,644.067062,1.47270757
530.1,644.116152,1.47270842
530.133333,644.165242,1.47270927
530.166667,644.214332,1.47271012
530.2,644.263423,1.47271096
530.233333,644.312513,1.47271179
530.266667,644.361604,1.47271262
530.3,644.410694,1.47271345
530.333333,644.459784,1.47271426
530.366667,644.508875,1.47271507
530.4,644.557965,1.47271588
530.433333,644.607056,1.47271668
530.466667,644.656147,1.47271747
530.5,644.705237,1.47271825
530.533333,644.754328,1.47271903
530.566667,644.803418,1.4727198
530.6,644.852509,1.47272056
530.633333,644.9016,1.47272132
530.666667,644.950691,1.47272206
530.7,644.999781,1.4727228
530.733333,645.048872,1.47272353
530.766667,645.097963,1.47272425
530.8,645.147054,1.47272497
530.833333,645.196145,1.47272567
530.866667,645.245235,1.47272637
530.9,645.294326,1.47272706
530.933333,645.343417,1.47272774
530.966667,645.392508,1.47272841
531,645.441599,1.47272907
531.033333,645.49069,1.47272972
531.066667,645.539781,1.47273037
531.1,645.588872,1.472731
531.133333,645.637963,1.47273162
531.166667,645.687054,1.47273224
531.2,645.736145,1.47273285
531.233333,645.785236,1.47273344
531.266667,645.834327,1.47273403
531.3,645.883419,1.47273461
531.333333,645.93251,1.47273518
531.366667,645.981601,1.47273574
531.4,646.030692,1.47273629
531.433333,646.079783,1.47273683
531.466667,646.128875,1.47273736
531.5,646.177966,1.47273789
531.533333,646.227057,1.4727384
531.566667,646.276148,1.47273891
531.6,646.32524,1.4727394
531.633333,646.374331,1.47273989
531.666667,646.423422,1.47274037
531.7,646.472514,1.47274084
531.733333,646.521605,1.4727413
531.766667,646.570697,1.47274176
531.8,646.619788,1.4727422
531.833333,646.668879,1.47274264
531.866667,646.717971,1.47274307
531.9,646.767062,1.47274349
531.933333,646.816154,1.47274391
531.966667,646.865245,1.47274431
532,646.914337,1.47274471
532.033333,646.963428,1.47274511
532.066667,647.01252,1.47274549
532.1,647.061611,1.47274587
532.133333,647.110703,1.47274624
532.166667,647.159794,1.4727466
532.2,647.208886,1.47274696
532.233333,647.257977,1.47274731
532.266667,647.307069,1.47274765
532.3,647.356161,1.47274799
532.333333,647.405252,1.47274832
532.366667,647.454344,1.47274865
532.4,647.503435,1.47274897
532.433333,647.552527,1.47274928
532.466667,647.601619,1.47274959
532.5,647.65071,1.47274989
532.533333,647.699802,1.47275019
532.566667,647.748894,1.47275048
532.6,647.797985,1.47275076
532.633333,647.847077,1.47275104
532.666667,647.896169,1.47275131
532.7,647.94526,1.47275158
532.733333,647.994352,1.47275185
532.766667,648.043444,1.4727521
532.8,648.092536,1.47275235
532.833333,648.141627,1.4727526
532.866667,648.190719,1.47275284
532.9,648.239811,1.47275308
532.933333,648.288903,1.47275331
532.966667,648.337995,1.47275354
533,648.387086,1.47275376
533.033333,648.436178,1.47275397
533.066667,648.48527,1.47275418
533.1,648.534362,1.47275439
533.133333,648.583454,1.47275459
533.166667,648.632545,1.47275478
533.2,648.681637,1.47275496
533.233333,648.730729,1.47275515
533.266667,648.779821,1.47275532
533.3,648.828913,1.47275549
533.333333,648.878005,1.47275566
533.366667,648.927096,1.47275582
533.4,648.976188,1.47275597
533.433333,649.02528,1.47275612
533.466667,649.074372,1.47275626
533.5,649.123464,1.47275639
533.533333,649.172556,1.47275652
533.566667,649.221648,1.47275664
533.6,649.27074,1.47275676
533.633333,649.319831,1.47275687
533.666667,649.368923,1.47275697
533.7,649.418015,1.47275707
533.733333,649.467107,1.47275716
533.766667,649.516199,1.47275724
533.8,649.565291,1.47275732
533.833333,649.614383,1.47275738
533.866667,649.663475,1.47275745
533.9,649.712567,1.4727575
533.933333,649.761659,1.47275755
533.966667,649.810751,1.47275759
534,649.859842,1.47275762
534.033333,649.908934,1.47275765
534.066667,649.958026,1.47275767
534.1,650.007118,1.47275768
534.133333,650.05621,1.47275769
534.166667,650.105302,1.47275769
534.2,650.154394,1.47275768
534.233333,650.203486,1.47275766
534.266667,650.252578,1.47275764
534.3,650.30167,1.4727576
534.333333,650.350762,1.47275757
534.366667,650.399854,1.47275752
534.4,650.448946,1.47275745
534.433333,650.498037,1.47275729
534.466667,650.547129,1.47275704
534.5,650.596221,1.4727567
534.533333,650.645313,1.47275623
534.566667,650.694405,1.47275568
534.6,650.743497,1.47275506
534.633333,650.792589,1.47275435
534.666667,650.84168,1.47275355
534.7,650.890772,1.47275265
534.733333,650.939864,1.47275168
534.766667,650.988956,1.47275063
534.8,651.038047,1.47274946
534.833333,651.087139,1.47274821
534.866667,651.136231,1.47274688
534.9,651.185322,1.47274548
534.933333,651.234414,1.472744
534.966667,651.283505,1.47274245
535,651.332596,1.47274085
535.033333,651.381688,1.47273918
535.066667,651.430779,1.47273744
535.1,651.47987,1.47273562
535.133333,651.528961,1.47273374
535.166667,651.578052,1.47273179
535.2,651.627143,1.47272976
535.233333,651.676234,1.47272765
535.266667,651.725325,1.47272549
535.3,651.774416,1.47272327
535.333333,651.823507,1.47272099
535.366667,651.872598,1.47271865
535.4,651.921688,1.47271626
535.433333,651.970779,1.47271381
535.466667,652.019869,1.47271131
535.5,652.068959,1.47270874
535.533333,652.11805,1.4727061
535.566667,652.16714,1.4727034
535.6,652.21623,1.47270065
535.633333,652.26532,1.47269781
535.666667,652.31441,1.47269493
535.7,652.363499,1.47269199
535.733333,652.412589,1.47268901
535.766667,652.461679,1.47268596
535.8,652.510768,1.47268287
535.833333,652.559858,1.47267972
535.866667,652.608947,1.47267652
535.9,652.658036,1.47267325
535.933333,652.707125,1.47266992
535.966667,652.756214,1.47266653
536,652.805303,1.47266308
536.033333,652.854392,1.47265957
536.066667,652.90348,1.472656
536.1,652.952569,1.47265239
536.133333,653.001657,1.47264873
536.166667,653.050745,1.47264502
536.2,653.099833,1.47264125
536.233333,653.148921,1.47263743
536.266667,653.198009,1.47263356
536.3,653.247097,1.47262963
536.333333,653.296184,1.47262563
536.366667,653.345272,1.47262158
536.4,653.394359,1.47261749
536.433333,653.443446,1.47261334
536.466667,653.492533,1.47260913
536.5,653.54162,1.47260489
536.533333,653.590707,1.47260061
536.566667,653.639794,1.47259628
536.6,653.68888,1.4725919
536.633333,653.737967,1.47258747
536.666667,653.787053,1.472583
536.7,653.836139,1.47257849
536.733333,653.885225,1.47257391
536.766667,653.93431,1.4725693
536.8,653.983396,1.47256465
536.833333,654.032481,1.47255996
536.866667,654.081567,1.47255523
536.9,654.130652,1.47255047
536.933333,654.179737,1.47254568
536.966667,654.228821,1.47254086
537,654.277906,1.472536
537.033333,654.32699,1.47253111
537.066667,654.376075,1.47252619
537.1,654.425159,1.47252124
537.133333,654.474243,1.47251625
537.166667,654.523327,1.47251123
537.2,654.57241,1.4725062
537.233333,654.621494,1.47250114
537.266667,654.670577,1.47249607
537.3,654.71966,1.47249097
537.333333,654.768743,1.47248587
537.366667,654.817826,1.47248074
537.4,654.866908,1.4724756
537.433333,654.915991,1.47247044
537.466667,654.965073,1.47246527
537.5,655.014155,1.47246008
537.533333,655.063237,1.47245488
537.566667,655.112319,1.47244968
537.6,655.1614,1.47244446
537.633333,655.210482,1.47243924
537.666667,655.259563,1.47243403
537.7,655.308644,1.47242881
537.733333,655.357725,1.47242359
537.766667,655.406806,1.47241837
537.8,655.455886,1.47241314
537.833333,655.504966,1.47240792
537.866667,655.554047,1.47240269
537.9,655.603127,1.47239747
537.933333,655.652207,1.47239225
537.966667,655.701286,1.47238703
538,655.750366,1.47238182
538.033333,655.799445,1.47237663
538.066667,655.848524,1.47237144
538.1,655.897603,1.47236626
538.133333,655.946682,1.47236109
538.166667,655.99576,1.47235593
538.2,656.044839,1.47235077
538.233333,656.093917,1.47234563
538.266667,656.142995,1.47234049
538.3,656.192073,1.47233536
538.333333,656.241151,1.47233024
538.366667,656.290229,1.47232513
538.4,656.339306,1.47232004
538.433333,656.388383,1.47231497
538.466667,656.43746,1.4723099
538.5,656.486537,1.47230485
538.533333,656.535614,1.47229982
538.566667,656.584691,1.47229479
538.6,656.633767,1.47228977
538.633333,656.682843,1.47228476
538.666667,656.731919,1.47227976
538.7,656.780995,1.47227478
538.733333,656.830071,1.4722698
538.766667,656.879147,1.47226484
538.8,656.928222,1.4722599
538.833333,656.977297,1.47225496
538.866667,657.026372,1.47225004
538.9,657.075447,1.47224513
538.933333,657.124522,1.47224023
538.966667,657.173597,1.47223534
539,657.222671,1.47223045
539.033333,657.271745,1.47222558
539.066667,657.320819,1.47222071
539.1,657.369893,1.47221585
539.133333,657.418967,1.472211
539.166667,657.468041,1.47220616
539.2,657.517114,1.47220134
539.233333,657.566187,1.47219652
539.266667,657.615261,1.47219171
539.3,657.664334,1.47218691
539.333333,657.713406,1.47218212
539.366667,657.762479,1.47217733
539.4,657.811551,1.47217254
539.433333,657.860624,1.47216774
539.466667,657.909696,1.47216286
539.5,657.958768,1.47215791
539.533333,658.00784,1.47215291
539.566667,658.056912,1.47214784
539.6,658.105983,1.47214269
539.633333,658.155054,1.4721375
539.666667,658.204126,1.47213225
539.7,658.253197,1.47212695
539.733333,658.302267,1.47212158
539.766667,658.351338,1.47211614
539.8,658.400408,1.47211064
539.833333,658.449479,1.47210508
539.866667,658.498549,1.47209946
539.9,658.547619,1.47209378
539.933333,658.596688,1.47208806
539.966667,658.645758,1.4720823
540,658.694827,1.47207649
540.033333,658.743896,1.47207064
540.066667,658.792965,1.47206476
540.1,658.842034,1.47205884
540.133333,658.891102,1.47205286
540.166667,658.940171,1.47204683
540.2,658.989239,1.47204077
540.233333,659.038307,1.47203466
540.266667,659.087375,1.47202851
540.3,659.136442,1.47202232
540.333333,659.185509,1.4720161
540.366667,659.234576,1.47200985
540.4,659.283643,1.47200358
540.433333,659.33271,1.47199728
540.466667,659.381777,1.47199095
540.5,659.430843,1.47198459
540.533333,659.479909,1.4719782
540.566667,659.528975,1.47197176
540.6,659.57804,1.4719653
540.633333,659.627106,1.47195881
540.666667,659.676171,1.47195229
540.7,659.725236,1.47194574
540.733333,659.774301,1.47193917
540.766667,659.823365,1.47193259
540.8,659.872429,1.47192599
540.833333,659.921494,1.47191936
540.866667,659.970557,1.47191271
540.9,660.019621,1.47190604
540.933333,660.068684,1.47189935
540.966667,660.117748,1.47189262
541,660.166811,1.47188587
541.033333,660.215873,1.4718791
541.066667,660.264936,1.47187231
541.1,660.313998,1.4718655
541.133333,660.36306,1.47185868
541.166667,660.412122,1.47185185
541.2,660.461184,1.47184501
541.233333,660.510245,1.47183814
541.266667,660.559306,1.47183126
541.3,660.608367,1.47182436
541.333333,660.657428,1.47181744
541.366667,660.706488,1.4718105
541.4,660.755549,1.47180354
541.433333,660.804609,1.47179657
541.466667,660.853668,1.47178959
541.5,660.902728,1.4717826
541.533333,660.951787,1.4717756
541.566667,661.000846,1.4717686
541.6,661.049905,1.47176159
541.633333,661.098964,1.47175456
541.666667,661.148022,1.47174752
541.7,661.19708,1.47174047
541.733333,661.246138,1.47173341
541.766667,661.295196,1.47172634
541.8,661.344253,1.47171925
541.833333,661.39331,1.47171217
541.866667,661.442367,1.47170508
541.9,661.491424,1.47169799
541.933333,661.540481,1.4716909
541.966667,661.589537,1.4716838
542,661.638593,1.47167671
542.033333,661.687649,1.47166962
542.066667,661.736704,1.47166252
542.1,661.785759,1.47165541
542.133333,661.834814,1.47164831
542.166667,661.883869,1.4716412
542.2,661.932924,1.4716341
542.233333,661.981978,1.471627
542.266667,662.031032,1.47161991
542.3,662.080086,1.47161283
542.333333,662.12914,1.47160575
542.366667,662.178193,1.47159869
542.4,662.227246,1.47159163
542.433333,662.276299,1.47158458
542.466667,662.325352,1.47157754
542.5,662.374405,1.4715705
542.533333,662.423457,1.47156347
542.566667,662.472509,1.47155645
542.6,662.521561,1.47154945
542.633333,662.570612,1.47154246
542.666667,662.619663,1.47153549
542.7,662.668714,1.47152854
542.733333,662.717765,1.4715216
542.766667,662.766816,1.47151469
542.8,662.815866,1.47150779
542.833333,662.864916,1.4715009
542.866667,662.913966,1.47149403
542.9,662.963016,1.47148718
542.933333,663.012065,1.47148035
542.966667,663.061115,1.47147354
543,663.110164,1.47146675
543.033333,663.159212,1.47145999
543.066667,663.208261,1.47145325
543.1,663.257309,1.47144654
543.133333,663.306357,1.47143985
543.166667,663.355405,1.47143319
543.2,663.404453,1.47142655
543.233333,663.4535,1.47141993
543.266667,663.502548,1.47141333
543.3,663.551595,1.47140676
543.333333,663.600641,1.47140022
543.366667,663.649688,1.4713937
543.4,663.698734,1.47138721
543.433333,663.747781,1.47138076
543.466667,663.796826,1.47137433
543.5,663.845872,1.47136793
543.533333,663.894918,1.47136156
543.566667,663.943963,1.47135522
543.6,663.993008,1.47134891
543.633333,664.042053,1.47134262
543.666667,664.091097,1.47133635
543.7,664.140142,1.47133012
543.733333,664.189186,1.47132391
543.766667,664.23823,1.47131773
543.8,664.287274,1.47131159
543.833333,664.336318,1.47130547
543.866667,664.385361,1.47129939
543.9,664.434404,1.47129334
543.933333,664.483447,1.47128731
543.966667,664.53249,1.47128131
544,664.581533,1.47127534
544.033333,664.630575,1.4712694
544.066667,664.679617,1.47126348
544.1,664.728659,1.47125759
544.133333,664.777701,1.47125173
544.166667,664.826743,1.4712459
544.2,664.875784,1.4712401
544.233333,664.924825,1.47123433
544.266667,664.973866,1.47122859
544.3,665.022907,1.47122288
544.333333,665.071948,1.47121719
544.366667,665.120989,1.47121153
544.4,665.170029,1.4712059
544.433333,665.219069,1.47120029
544.466667,665.268109,1.4711947
544.5,665.317149,1.47118915
544.533333,665.366188,1.47118362
544.566667,665.415227,1.47117813
544.6,665.464267,1.47117266
544.633333,665.513306,1.47116721
544.666667,665.562344,1.4711618
544.7,665.611383,1.47115642
544.733333,665.660422,1.47115106
544.766667,665.70946,1.47114572
544.8,665.758498,1.47114041
544.833333,665.807536,1.47113512
544.866667,665.856574,1.47112987
544.9,665.905611,1.47112463
544.933333,665.954649,1.47111943
544.966667,666.003686,1.47111426
545,666.052723,1.47110911
545.033333,666.10176,1.47110399
545.066667,666.150796,1.4710989
545.1,666.199833,1.47109384
545.133333,666.248869,1.4710888
545.166667,666.297906,1.47108378
545.2,666.346942,1.47107879
545.233333,666.395978,1.47107383
545.266667,666.445013,1.4710689
545.3,666.494049,1.471064
545.333333,666.543084,1.47105912
545.366667,666.592119,1.47105428
545.4,666.641154,1.47104946
545.433333,666.690189,1.47104467
545.466667,666.739224,1.47103991
545.5,666.788259,1.47103519
545.533333,666.837293,1.47103048
545.566667,666.886327,1.47102581
545.6,666.935362,1.47102116
545.633333,666.984395,1.47101654
545.666667,667.033429,1.47101196
545.7,667.082463,1.4710074
545.733333,667.131496,1.47100287
545.766667,667.18053,1.47099838
545.8,667.229563,1.47099392
545.833333,667.278596,1.47098949
545.866667,667.327629,1.47098508
545.9,667.376662,1.47098071
545.933333,667.425694,1.47097637
545.966667,667.474727,1.47097206
546,667.523759,1.47096777
546.033333,667.572791,1.47096353
546.066667,667.621823,1.47095931
546.1,667.670855,1.47095513
546.133333,667.719887,1.47095097
546.166667,667.768919,1.47094685
546.2,667.81795,1.47094277
546.233333,667.866982,1.47093871
546.266667,667.916013,1.47093468
546.3,667.965044,1.47093069
546.333333,668.014075,1.47092673
546.366667,668.063106,1.4709228
546.4,668.112136,1.47091889
546.433333,668.161167,1.47091502
546.466667,668.210197,1.47091119
546.5,668.259228,1.47090739
546.533333,668.308258,1.47090362
546.566667,668.357288,1.47089988
546.6,668.406318,1.47089617
546.633333,668.455348,1.4708925
546.666667,668.504377,1.47088885
546.7,668.553407,1.47088523
546.733333,668.602436,1.47088165
546.766667,668.651466,1.47087809
546.8,668.700495,1.47087456
546.833333,668.749524,1.47087107
546.866667,668.798553,1.47086761
546.9,668.847582,1.47086418
546.933333,668.896611,1.47086077
546.966667,668.945639,1.4708574
547,668.994668,1.47085406
547.033333,669.043696,1.47085074
547.066667,669.092724,1.47084745
547.1,669.141753,1.47084418
547.133333,669.190781,1.47084095
547.166667,669.239809,1.47083775
547.2,669.288837,1.47083457
547.233333,669.337864,1.47083141
547.266667,669.386892,1.47082829
547.3,669.43592,1.4708252
547.333333,669.484947,1.47082213
547.366667,669.533974,1.47081908
547.4,669.583002,1.47081606
547.433333,669.632029,1.47081307
547.466667,669.681056,1.4708101
547.5,669.730083,1.47080715
547.533333,669.77911,1.47080423
547.566667,669.828136,1.47080133
547.6,669.877163,1.47079846
547.633333,669.92619,1.47079561
547.666667,669.975216,1.47079278
547.7,670.024242,1.47078998
547.733333,670.073269,1.4707872
547.766667,670.122295,1.47078444
547.8,670.171321,1.4707817
547.833333,670.220347,1.47077899
547.866667,670.269373,1.47077629
547.9,670.318399,1.47077362
547.933333,670.367425,1.47077096
547.966667,670.41645,1.47076834
548,670.465476,1.47076573
548.033333,670.514501,1.47076314
548.066667,670.563527,1.47076057
548.1,670.612552,1.47075802
548.133333,670.661577,1.47075549
548.166667,670.710602,1.47075298
548.2,670.759627,1.47075049
548.233333,670.808652,1.47074802
548.266667,670.857677,1.47074557
548.3,670.906702,1.47074314
548.333333,670.955727,1.47074072
548.366667,671.004751,1.47073833
548.4,671.053776,1.47073596
548.433333,671.102801,1.4707336
548.466667,671.151825,1.47073127
548.5,671.200849,1.47072895
548.533333,671.249874,1.47072665
548.566667,671.298898,1.47072437
548.6,671.347922,1.47072211
548.633333,671.396946,1.47071987
548.666667,671.44597,1.47071764
548.7,671.494994,1.47071543
548.733333,671.544018,1.47071324
548.766667,671.593041,1.47071107
548.8,671.642065,1.47070892
548.833333,671.691088,1.47070679
548.866667,671.740112,1.47070467
548.9,671.789135,1.47070258
548.933333,671.838159,1.4707005
548.966667,671.887182,1.47069844
549,671.936205,1.47069639
549.033333,671.985229,1.47069437
549.066667,672.034252,1.47069236
549.1,672.083275,1.47069037
549.133333,672.132298,1.4706884
549.166667,672.181321,1.47068644
549.2,672.230344,1.47068451
549.233333,672.279366,1.47068259
549.266667,672.328389,1.47068069
549.3,672.377412,1.47067881
549.333333,672.426434,1.47067695
549.366667,672.475457,1.4706751
549.4,672.524479,1.47067327
549.433333,672.573502,1.47067145
549.466667,672.622524,1.47066966
549.5,672.671546,1.47066788
549.533333,672.720569,1.47066612
549.566667,672.769591,1.47066437
549.6,672.818613,1.47066265
549.633333,672.867635,1.47066094
549.666667,672.916657,1.47065924
549.7,672.965679,1.47065756
549.733333,673.014701,1.4706559
549.766667,673.063723,1.47065426
549.8,673.112744,1.47065263
549.833333,673.161766,1.47065101
549.866667,673.210788,1.47064941
549.9,673.259809,1.47064783
549.933333,673.308831,1.47064626
549.966667,673.357852,1.4706447
550,673.406874,1.47064317
550.033333,673.455895,1.47064164
550.066667,673.504917,1.47064013
550.1,673.553938,1.47063863
550.133333,673.602959,1.47063715
550.166667,673.651981,1.47063568
550.2,673.701002,1.47063423
550.233333,673.750023,1.47063278
550.266667,673.799044,1.47063135
550.3,673.848065,1.47062994
550.333333,673.897086,1.47062853
550.366667,673.946107,1.47062714
550.4,673.995128,1.47062576
550.433333,674.044148,1.47062439
550.466667,674.093169,1.47062303
550.5,674.14219,1.47062168
550.533333,674.191211,1.47062035
550.566667,674.240231,1.47061902
550.6,674.289252,1.4706177
550.633333,674.338273,1.4706164
550.666667,674.387293,1.4706151
550.7,674.436314,1.47061382
550.733333,674.485334,1.47061254
550.766667,674.534354,1.47061127
550.8,674.583375,1.47061001
550.833333,674.632395,1.47060877
550.866667,674.681415,1.47060752
550.9,674.730436,1.47060629
550.933333,674.779456,1.47060506
550.966667,674.828476,1.47060385
551,674.877496,1.47060264
551.033333,674.926516,1.47060143
551.066667,674.975536,1.47060024
551.1,675.024556,1.47059905
551.133333,675.073576,1.47059787
551.166667,675.122596,1.47059669
551.2,675.171616,1.47059552
551.233333,675.220636,1.47059436
551.266667,675.269655,1.47059321
551.3,675.318675,1.47059206
551.333333,675.367695,1.47059091
551.366667,675.416715,1.47058978
551.4,675.465734,1.47058864
551.433333,675.514754,1.47058752
551.466667,675.563773,1.4705864
551.5,675.612793,1.47058528
551.533333,675.661812,1.47058417
551.566667,675.710832,1.47058307
551.6,675.759851,1.47058197
551.633333,675.808871,1.47058087
551.666667,675.85789,1.47057978
551.7,675.906909,1.4705787
551.733333,675.955929,1.47057762
551.766667,676.004948,1.47057654
551.8,676.053967,1.47057547
551.833333,676.102986,1.47057441
551.866667,676.152005,1.47057335
551.9,676.201024,1.47057229
551.933333,676.250044,1.47057124
551.966667,676.299063,1.4705702
552,676.348082,1.47056916
552.033333,676.3971,1.47056812
552.066667,676.446119,1.47056709
552.1,676.495138,1.47056606
552.133333,676.544157,1.47056503
552.166667,676.593176,1.47056401
552.2,676.642195,1.470563
552.233333,676.691213,1.47056199
552.266667,676.740232,1.47056098
552.3,676.789251,1.47055998
552.333333,676.83827,1.47055898
552.366667,676.887288,1.47055799
552.4,676.936307,1.470557
552.433333,676.985325,1.47055602
552.466667,677.034344,1.47055504
552.5,677.083362,1.47055406
552.533333,677.132381,1.47055309
552.566667,677.181399,1.47055212
552.6,677.230418,1.47055115
552.633333,677.279436,1.47055019
552.666667,677.328454,1.47054924
552.7,677.377473,1.47054828
552.733333,677.426491,1.47054734
552.766667,677.475509,1.47054639
552.8,677.524527,1.47054545
552.833333,677.573545,1.47054451
552.866667,677.622564,1.47054357
552.9,677.671582,1.47054264
552.933333,677.7206,1.47054172
552.966667,677.769618,1.47054079
553,677.818636,1.47053987
553.033333,677.867654,1.47053895
553.066667,677.916672,1.47053803
553.1,677.96569,1.47053712
553.133333,678.014707,1.47053621
553.166667,678.063725,1.4705353
553.2,678.112743,1.4705344
553.233333,678.161761,1.47053349
553.266667,678.210779,1.47053259
553.3,678.259796,1.47053169
553.333333,678.308814,1.47053079
553.366667,678.357832,1.4705299
553.4,678.406849,1.470529
553.433333,678.455867,1.47052811
553.466667,678.504885,1.47052722
553.5,678.553902,1.47052633
553.533333,678.60292,1.47052544
553.566667,678.651937,1.47052455
553.6,678.700955,1.47052367
553.633333,678.749972,1.47052278
553.666667,678.79899,1.47052189
553.7,678.848007,1.47052101
553.733333,678.897024,1.47052012
553.766667,678.946042,1.47051924
553.8,678.995059,1.47051835
553.833333,679.044076,1.47051747
553.866667,679.093093,1.47051658
553.9,679.142111,1.4705157
553.933333,679.191128,1.47051481
553.966667,679.240145,1.47051392
554,679.289162,1.47051304
554.033333,679.338179,1.47051215
554.066667,679.387196,1.47051126
554.1,679.436213,1.47051037
554.133333,679.48523,1.47050947
554.166667,679.534247,1.47050858
554.2,679.583264,1.47050769
554.233333,679.632281,1.47050679
554.266667,679.681298,1.47050589
554.3,679.730315,1.470505
554.333333,679.779332,1.47050409
554.366667,679.828348,1.47050319
554.4,679.877365,1.47050229
554.433333,679.926382,1.47050138
554.466667,679.975399,1.47050047
554.5,680.024415,1.47049956
554.533333,680.073432,1.47049865
554.566667,680.122449,1.47049774
554.6,680.171465,1.47049682
554.633333,680.220482,1.4704959
554.666667,680.269498,1.47049498
554.7,680.318515,1.47049406
554.733333,680.367531,1.47049313
554.766667,680.416548,1.4704922
554.8,680.465564,1.47049127
554.833333,680.51458,1.47049034
554.866667,680.563597,1.4704894
554.9,680.612613,1.47048847
554.933333,680.661629,1.47048753
554.966667,680.710645,1.47048658
555,680.759662,1.47048564
555.033333,680.808678,1.47048469
555.066667,680.857694,1.47048374
555.1,680.90671,1.47048279
555.133333,680.955726,1.47048184
555.166667,681.004742,1.47048088
555.2,681.053758,1.47047992
555.233333,681.102774,1.47047896
555.266667,681.15179,1.470478
555.3,681.200806,1.47047703
555.333333,681.249822,1.47047607
555.366667,681.298838,1.4704751
555.4,681.347854,1.47047413
555.433333,681.396869,1.47047315
555.466667,681.445885,1.47047218
555.5,681.494901,1.4704712
555.533333,681.543917,1.47047022
555.566667,681.592932,1.47046923
555.6,681.641948,1.47046825
555.633333,681.690963,1.47046726
555.666667,681.739979,1.47046627
555.7,681.788994,1.47046528
555.733333,681.83801,1.47046429
555.766667,681.887025,1.47046329
555.8,681.936041,1.47046229
555.833333,681.985056,1.4704613
555.866667,682.034072,1.47046029
555.9,682.083087,1.47045929
555.933333,682.132102,1.47045828
555.966667,682.181117,1.47045727
556,682.230133,1.47045626
556.033333,682.279148,1.47045525
556.066667,682.328163,1.47045424
556.1,682.377178,1.47045322
556.133333,682.426193,1.4704522
556.166667,682.475208,1.47045118
556.2,682.524223,1.47045016
556.233333,682.573238,1.47044913
556.266667,682.622253,1.4704481
556.3,682.671268,1.47044707
556.333333,682.720283,1.47044604
556.366667,682.769298,1.470445
556.4,682.818313,1.47044396
556.433333,682.867328,1.47044292
556.466667,682.916342,1.47044188
556.5,682.965357,1.47044083
556.533333,683.014372,1.47043978
556.566667,683.063386,1.47043873
556.6,683.112401,1.47043768
556.633333,683.161415,1.47043662
556.666667,683.21043,1.47043556
556.7,683.259445,1.4704345
556.733333,683.308459,1.47043343
556.766667,683.357473,1.47043236
556.8,683.406488,1.47043129
556.833333,683.455502,1.47043021
556.866667,683.504517,1.47042913
556.9,683.553531,1.47042805
556.933333,683.602545,1.47042696
556.966667,683.651559,1.47042587
557,683.700573,1.47042478
557.033333,683.749588,1.47042369
557.066667,683.798602,1.47042259
557.1,683.847616,1.47042148
557.133333,683.89663,1.47042038
557.166667,683.945644,1.47041926
557.2,683.994658,1.47041815
557.233333,684.043672,1.47041703
557.266667,684.092686,1.47041591
557.3,684.141699,1.47041478
557.333333,684.190713,1.47041365
557.366667,684.239727,1.47041252
557.4,684.288741,1.47041138
557.433333,684.337754,1.47041024
557.466667,684.386768,1.4704091
557.5,684.435782,1.47040795
557.533333,684.484795,1.47040679
557.566667,684.533809,1.47040564
557.6,684.582822,1.47040447
557.633333,684.631836,1.47040331
557.666667,684.680849,1.47040214
557.7,684.729863,1.47040097
557.733333,684.778876,1.47039979
557.766667,684.827889,1.47039861
557.8,684.876902,1.47039742
557.833333,684.925916,1.47039623
557.866667,684.974929,1.47039504
557.9,685.023942,1.47039384
557.933333,685.072955,1.47039264
557.966667,685.121968,1.47039143
558,685.170981,1.47039022
558.033333,685.219994,1.47038901
558.066667,685.269007,1.47038779
558.1,685.31802,1.47038657
558.133333,685.367033,1.47038534
558.166667,685.416046,1.47038411
558.2,685.465059,1.47038288
558.233333,685.514071,1.47038164
558.266667,685.563084,1.4703804
558.3,685.612097,1.47037915
558.333333,685.661109,1.4703779
558.366667,685.710122,1.47037665
558.4,685.759134,1.4703754
558.433333,685.808147,1.47037414
558.466667,685.857159,1.47037287
558.5,685.906172,1.47037161
558.533333,685.955184,1.47037034
558.566667,686.004196,1.47036906
558.6,686.053209,1.47036779
558.633333,686.102221,1.47036651
558.666667,686.151233,1.47036522
558.7,686.200245,1.47036393
558.733333,686.249257,1.47036264
558.766667,686.298269,1.47036135
558.8,686.347281,1.47036005
558.833333,686.396293,1.47035875
558.866667,686.445305,1.47035745
558.9,686.494317,1.47035614
558.933333,686.543329,1.47035483
558.966667,686.592341,1.47035352
559,686.641353,1.47035221
559.033333,686.690364,1.47035089
559.066667,686.739376,1.47034956
559.1,686.788388,1.47034824
559.133333,686.837399,1.47034691
559.166667,686.886411,1.47034558
559.2,686.935422,1.47034425
559.233333,686.984434,1.47034291
559.266667,687.033445,1.47034157
559.3,687.082457,1.47034023
559.333333,687.131468,1.47033888
559.366667,687.180479,1.47033753
559.4,687.22949,1.47033618
559.433333,687.278502,1.47033482
559.466667,687.327513,1.47033347
559.5,687.376524,1.4703321
559.533333,687.425535,1.47033074
559.566667,687.474546,1.47032937
559.6,687.523557,1.470328
559.633333,687.572568,1.47032663
559.666667,687.621579,1.47032525
559.7,687.670589,1.47032388
559.733333,687.7196,1.47032249
559.766667,687.768611,1.47032111
559.8,687.817622,1.47031972
559.833333,687.866632,1.47031833
559.866667,687.915643,1.47031693
559.9,687.964653,1.47031554
559.933333,688.013664,1.47031414
559.966667,688.062674,1.47031273
560,688.111685,1.47031133
560.033333,688.160695,1.47030992
560.066667,688.209705,1.4703085
560.1,688.258716,1.47030709
560.133333,688.307726,1.47030567
560.166667,688.356736,1.47030424
560.2,688.405746,1.47030282
560.233333,688.454756,1.47030139
560.266667,688.503766,1.47029996
560.3,688.552776,1.47029852
560.333333,688.601786,1.47029708
560.366667,688.650796,1.47029564
560.4,688.699806,1.47029419
560.433333,688.748816,1.47029274
560.466667,688.797825,1.47029129
560.5,688.846835,1.47028983
560.533333,688.895845,1.47028837
560.566667,688.944854,1.47028691
560.6,688.993864,1.47028545
560.633333,689.042873,1.47028398
560.666667,689.091883,1.4702825
560.7,689.140892,1.47028103
560.733333,689.189901,1.47027955
560.766667,689.238911,1.47027807
560.8,689.28792,1.47027658
560.833333,689.336929,1.47027509
560.866667,689.385938,1.4702736
560.9,689.434947,1.4702721
560.933333,689.483956,1.4702706
560.966667,689.532965,1.4702691
561,689.581974,1.47026759
561.033333,689.630983,1.47026608
561.066667,689.679992,1.47026457
561.1,689.729001,1.47026306
561.133333,689.77801,1.47026154
561.166667,689.827018,1.47026002
561.2,689.876027,1.47025849
561.233333,689.925036,1.47025696
561.266667,689.974044,1.47025543
561.3,690.023053,1.4702539
561.333333,690.072061,1.47025236
561.366667,690.121069,1.47025082
561.4,690.170078,1.47024928
561.433333,690.219086,1.47024773
561.466667,690.268094,1.47024618
561.5,690.317102,1.47024463
561.533333,690.366111,1.47024308
561.566667,690.415119,1.47024152
561.6,690.464127,1.47023996
561.633333,690.513135,1.4702384
561.666667,690.562143,1.47023683
561.7,690.61115,1.47023526
561.733333,690.660158,1.47023369
561.766667,690.709166,1.47023212
561.8,690.758174,1.47023054
561.833333,690.807181,1.47022896
561.866667,690.856189,1.47022738
561.9,690.905197,1.4702258
561.933333,690.954204,1.47022421
561.966667,691.003212,1.47022262
562,691.052219,1.47022103
562.033333,691.101226,1.47021944
562.066667,691.150234,1.47021784
562.1,691.199241,1.47021624
562.133333,691.248248,1.47021464
562.166667,691.297255,1.47021304
562.2,691.346262,1.47021143
562.233333,691.395269,1.47020983
562.266667,691.444276,1.47020822
562.3,691.493283,1.47020661
562.333333,691.54229,1.47020499
562.366667,691.591297,1.47020338
562.4,691.640303,1.47020176
562.433333,691.68931,1.47020014
562.466667,691.738317,1.47019851
562.5,691.787323,1.47019689
562.533333,691.83633,1.47019526
562.566667,691.885336,1.47019363
562.6,691.934343,1.470192
562.633333,691.983349,1.47019037
562.666667,692.032356,1.47018873
562.7,692.081362,1.47018709
562.733333,692.130368,1.47018545
562.766667,692.179374,1.47018381
562.8,692.22838,1.47018217
562.833333,692.277386,1.47018052
562.866667,692.326392,1.47017887
562.9,692.375398,1.47017722
562.933333,692.424404,1.47017557
562.966667,692.47341,1.47017392
563,692.522416,1.47017226
563.033333,692.571421,1.4701706
563.066667,692.620427,1.47016894
563.1,692.669433,1.47016728
563.133333,692.718438,1.47016561
563.166667,692.767444,1.47016394
563.2,692.816449,1.47016228
563.233333,692.865455,1.4701606
563.266667,692.91446,1.47015893
563.3,692.963465,1.47015725
563.333333,693.01247,1.47015558
563.366667,693.061476,1.4701539
563.4,693.110481,1.47015221
563.433333,693.159486,1.47015053
563.466667,693.208491,1.47014884
563.5,693.257496,1.47014715
563.533333,693.3065,1.47014546
563.566667,693.355505,1.47014377
563.6,693.40451,1.47014207
563.633333,693.453515,1.47014038
563.666667,693.502519,1.47013868
563.7,693.551524,1.47013697
563.733333,693.600529,1.47013527
563.766667,693.649533,1.47013356
563.8,693.698537,1.47013185
563.833333,693.747542,1.47013014
563.866667,693.796546,1.47012843
563.9,693.84555,1.47012671
563.933333,693.894555,1.470125
563.966667,693.943559,1.47012328
564,693.992563,1.47012156
564.033333,694.041567,1.47011983
564.066667,694.090571,1.47011811
564.1,694.139575,1.47011638
564.133333,694.188579,1.47011465
564.166667,694.237582,1.47011292
564.2,694.286586,1.47011118
564.233333,694.33559,1.47010944
564.266667,694.384593,1.47010771
564.3,694.433597,1.47010596
564.333333,694.4826,1.47010422
564.366667,694.531604,1.47010248
564.4,694.580607,1.47010073
564.433333,694.629611,1.47009898
564.466667,694.678614,1.47009723
564.5,694.727617,1.47009548
564.533333,694.77662,1.47009372
564.566667,694.825623,1.47009197
564.6,694.874626,1.47009021
564.633333,694.923629,1.47008845
564.666667,694.972632,1.47008669
564.7,695.021635,1.47008492
564.733333,695.070638,1.47008316
564.766667,695.119641,1.47008139
564.8,695.168643,1.47007962
564.833333,695.217646,1.47007785
564.866667,695.266649,1.47007608
564.9,695.315651,1.4700743
564.933333,695.364653,1.47007253
564.966667,695.413656,1.47007075
565,695.462658,1.47006897
565.033333,695.51166,1.47006719
565.066667,695.560663,1.47006541
565.1,695.609665,1.47006362
565.133333,695.658667,1.47006184
565.166667,695.707669,1.47006005
565.2,695.756671,1.47005826
565.233333,695.805673,1.47005647
565.266667,695.854675,1.47005468
565.3,695.903677,1.47005289
565.333333,695.952678,1.47005109
565.366667,696.00168,1.4700493
565.4,696.050682,1.4700475
565.433333,696.099683,1.4700457
565.466667,696.148685,1.4700439
565.5,696.197686,1.4700421
565.533333,696.246687,1.47004029
565.566667,696.295689,1.47003849
565.6,696.34469,1.47003668
565.633333,696.393691,1.47003488
565.666667,696.442692,1.47003307
565.7,696.491693,1.47003126
565.733333,696.540694,1.47002945
565.766667,696.589695,1.47002763
565.8,696.638696,1.47002582
565.833333,696.687697,1.470024
565.866667,696.736698,1.47002219
565.9,696.785698,1.47002037
565.933333,696.834699,1.47001855
565.966667,696.8837,1.47001673
566,696.9327,1.4700149
566.033333,696.981701,1.47001308
566.066667,697.030701,1.47001126
566.1,697.079701,1.47000943
566.133333,697.128702,1.4700076
566.166667,697.177702,1.47000577
566.2,697.226702,1.47000394
566.233333,697.275702,1.47000211
566.266667,697.324702,1.47000028
566.3,697.373702,1.46999844
566.333333,697.422702,1.46999661
566.366667,697.471702,1.46999477
566.4,697.520702,1.46999293
566.433333,697.569702,1.46999109
566.466667,697.618701,1.46998925
566.5,697.667701,1.46998741
566.533333,697.7167,1.46998556
566.566667,697.7657,1.46998371
566.6,697.814699,1.46998187
566.633333,697.863699,1.46998002
566.666667,697.912698,1.46997817
566.7,697.961697,1.46997632
566.733333,698.010696,1.46997446
566.766667,698.059696,1.46997261
566.8,698.108695,1.46997075
566.833333,698.157694,1.4699689
566.866667,698.206692,1.46996704
566.9,698.255691,1.46996518
566.933333,698.30469,1.46996332
566.966667,698.353689,1.46996145
567,698.402688,1.46995959
567.033333,698.451686,1.46995772
567.066667,698.500685,1.46995586
567.1,698.549683,1.46995399
567.133333,698.598682,1.46995212
567.166667,698.64768,1.46995025
567.2,698.696678,1.46994837
567.233333,698.745677,1.4699465
567.266667,698.794675,1.46994462
567.3,698.843673,1.46994275
567.333333,698.892671,1.46994087
567.366667,698.941669,1.46993899
567.4,698.990667,1.46993711
567.433333,699.039665,1.46993523
567.466667,699.088663,1.46993334
567.5,699.13766,1.46993146
567.533333,699.186658,1.46992957
567.566667,699.235656,1.46992768
567.6,699.284653,1.46992579
567.633333,699.333651,1.4699239
567.666667,699.382648,1.46992201
567.7,699.431646,1.46992012
567.733333,699.480643,1.46991822
567.766667,699.52964,1.46991633
567.8,699.578637,1.46991443
567.833333,699.627634,1.46991253
567.866667,699.676631,1.46991063
567.9,699.725628,1.46990873
567.933333,699.774625,1.46990683
567.966667,699.823622,1.46990492
568,699.872619,1.46990302
568.033333,699.921616,1.46990111
568.066667,699.970612,1.46989921
568.1,700.019609,1.4698973
568.133333,700.068606,1.46989539
568.166667,700.117602,1.46989348
568.2,700.166598,1.46989157
568.233333,700.215595,1.46988965
568.266667,700.264591,1.46988774
568.3,700.313587,1.46988583
568.333333,700.362584,1.46988391
568.366667,700.41158,1.46988199
568.4,700.460576,1.46988007
568.433333,700.509572,1.46987816
568.466667,700.558568,1.46987624
568.5,700.607563,1.46987431
568.533333,700.656559,1.46987239
568.566667,700.705555,1.46987047
568.6,700.754551,1.46986854
568.633333,700.803546,1.46986662
568.666667,700.852542,1.46986469
568.7,700.901537,1.46986276
568.733333,700.950532,1.46986083
568.766667,700.999528,1.4698589
568.8,701.048523,1.46985697
568.833333,701.097518,1.46985504
568.866667,701.146513,1.46985311
568.9,701.195508,1.46985118
568.933333,701.244503,1.46984924
568.966667,701.293498,1.4698473
569,701.342493,1.46984537
569.033333,701.391488,1.46984343
569.066667,701.440483,1.46984149
569.1,701.489478,1.46983955
569.133333,701.538472,1.46983761
569.166667,701.587467,1.46983567
569.2,701.636461,1.46983372
569.233333,701.685456,1.46983178
569.266667,701.73445,1.46982984
569.3,701.783444,1.46982789
569.333333,701.832439,1.46982594
569.366667,701.881433,1.46982399
569.4,701.930427,1.46982205
569.433333,701.979421,1.4698201
569.466667,702.028415,1.46981814
569.5,702.077409,1.46981619
569.533333,702.126403,1.46981424
569.566667,702.175396,1.46981228
569.6,702.22439,1.46981033
569.633333,702.273384,1.46980837
569.666667,702.322377,1.46980641
569.7,702.371371,1.46980446
569.733333,702.420364,1.4698025
569.766667,702.469358,1.46980053
569.8,702.518351,1.46979857
569.833333,702.567344,1.46979661
569.866667,702.616337,1.46979464
569.9,702.66533,1.46979268
569.933333,702.714324,1.46979071
569.966667,702.763317,1.46978875
570,702.812309,1.46978678
570.033333,702.861302,1.46978481
570.066667,702.910295,1.46978284
570.1,702.959288,1.46978086
570.133333,703.00828,1.46977889
570.166667,703.057273,1.46977692
570.2,703.106266,1.46977494
570.233333,703.155258,1.46977297
570.266667,703.20425,1.46977099
570.3,703.253243,1.46976901
570.333333,703.302235,1.46976703
570.366667,703.351227,1.46976505
570.4,703.400219,1.46976307
570.433333,703.449211,1.46976108
570.466667,703.498203,1.4697591
570.5,703.547195,1.46975711
570.533333,703.596187,1.46975513
570.566667,703.645179,1.46975314
570.6,703.694171,1.46975115
570.633333,703.743163,1.46974916
570.666667,703.792154,1.46974717
570.7,703.841146,1.46974518
570.733333,703.890137,1.46974318
570.766667,703.939129,1.46974119
570.8,703.98812,1.46973919
570.833333,704.037111,1.4697372
570.866667,704.086102,1.4697352
570.9,704.135093,1.4697332
570.933333,704.184085,1.4697312
570.966667,704.233076,1.4697292
571,704.282067,1.4697272
571.033333,704.331057,1.4697252
571.066667,704.380048,1.46972319
571.1,704.429039,1.46972119
571.133333,704.47803,1.46971918
571.166667,704.52702,1.46971718
571.2,704.576011,1.46971517
571.233333,704.625001,1.46971316
571.266667,704.673992,1.46971115
571.3,704.722982,1.46970914
571.333333,704.771972,1.46970713
571.366667,704.820962,1.46970511
571.4,704.869953,1.4697031
571.433333,704.918943,1.46970108
571.466667,704.967933,1.46969907
571.5,705.016923,1.46969705
571.533333,705.065912,1.46969503
571.566667,705.114902,1.46969302
571.6,705.163892,1.469691
571.633333,705.212882,1.46968898
571.666667,705.261871,1.46968695
571.7,705.310861,1.46968493
571.733333,705.35985,1.46968291
571.766667,705.40884,1.46968088
571.8,705.457829,1.46967886
571.833333,705.506818,1.46967683
571.866667,705.555807,1.4696748
571.9,705.604797,1.46967277
571.933333,705.653786,1.46967075
571.966667,705.702775,1.46966872
572,705.751764,1.46966668
572.033333,705.800752,1.46966465
572.066667,705.849741,1.46966262
572.1,705.89873,1.46966059
572.133333,705.947719,1.46965855
572.166667,705.996707,1.46965651
572.2,706.045696,1.46965448
572.233333,706.094684,1.46965244
572.266667,706.143672,1.4696504
572.3,706.192661,1.46964836
572.333333,706.241649,1.46964632
572.366667,706.290637,1.46964428
572.4,706.339625,1.46964224
572.433333,706.388613,1.46964019
572.466667,706.437601,1.46963815
572.5,706.486589,1.4696361
572.533333,706.535577,1.46963406
572.566667,706.584565,1.46963201
572.6,706.633553,1.46962996
572.633333,706.68254,1.46962791
572.666667,706.731528,1.46962586
572.7,706.780515,1.46962381
572.733333,706.829503,1.46962176
572.766667,706.87849,1.46961971
572.8,706.927477,1.46961765
572.833333,706.976465,1.4696156
572.866667,707.025452,1.46961354
572.9,707.074439,1.46961148
572.933333,707.123426,1.46960943
572.966667,707.172413,1.46960737
573,707.2214,1.46960531
573.033333,707.270386,1.46960325
573.066667,707.319373,1.46960118
573.1,707.36836,1.46959912
573.133333,707.417346,1.46959706
573.166667,707.466333,1.46959499
573.2,707.515319,1.46959293
573.233333,707.564306,1.46959086
573.266667,707.613292,1.46958879
573.3,707.662278,1.46958672
573.333333,707.711265,1.46958465
573.366667,707.760251,1.46958258
573.4,707.809237,1.46958051
573.433333,707.858223,1.46957843
573.466667,707.907209,1.46957636
573.5,707.956195,1.46957428
573.533333,708.00518,1.46957221
573.566667,708.054166,1.46957013
573.6,708.103152,1.46956805
573.633333,708.152137,1.46956597
573.666667,708.201123,1.46956389
573.7,708.250108,1.46956181
573.733333,708.299093,1.46955973
573.766667,708.348079,1.46955764
573.8,708.397064,1.46955556
573.833333,708.446049,1.46955347
573.866667,708.495034,1.46955138
573.9,708.544019,1.4695493
573.933333,708.593004,1.46954721
573.966667,708.641989,1.46954512
574,708.690974,1.46954303
574.033333,708.739959,1.46954094
574.066667,708.788943,1.46953884
574.1,708.837928,1.46953675
574.133333,708.886912,1.46953465
574.166667,708.935897,1.46953256
574.2,708.984881,1.46953046
574.233333,709.033866,1.46952836
574.266667,709.08285,1.46952626
574.3,709.131834,1.46952416
574.333333,709.180818,1.46952206
574.366667,709.229802,1.46951996
574.4,709.278786,1.46951786
574.433333,709.32777,1.46951575
574.466667,709.376754,1.46951365
574.5,709.425737,1.46951154
574.533333,709.474721,1.46950944
574.566667,709.523705,1.46950733
574.6,709.572688,1.46950522
574.633333,709.621672,1.46950311
574.666667,709.670655,1.469501
574.7,709.719639,1.46949889
574.733333,709.768622,1.46949678
574.766667,709.817605,1.46949466
574.8,709.866588,1.46949255
574.833333,709.915571,1.46949043
574.866667,709.964554,1.46948832
574.9,710.013537,1.4694862
574.933333,710.06252,1.46948408
574.966667,710.111503,1.46948196
575,710.160485,1.46947984
575.033333,710.209468,1.46947772
575.066667,710.258451,1.4694756
575.1,710.307433,1.46947347
575.133333,710.356415,1.46947135
575.166667,710.405398,1.46946923
575.2,710.45438,1.4694671
575.233333,710.503362,1.46946497
575.266667,710.552344,1.46946285
575.3,710.601326,1.46946072
575.333333,710.650308,1.46945859
575.366667,710.69929,1.46945646
575.4,710.748272,1.46945433
575.433333,710.797254,1.46945219
575.466667,710.846236,1.46945006
575.5,710.895217,1.46944793
575.533333,710.944199,1.46944579
575.566667,710.99318,1.46944365
575.6,711.042162,1.46944152
575.633333,711.091143,1.46943938
575.666667,711.140124,1.46943724
575.7,711.189106,1.4694351
575.733333,711.238087,1.46943296
575.766667,711.287068,1.46943082
575.8,711.336049,1.46942867
575.833333,711.38503,1.46942653
575.866667,711.434011,1.46942439
575.9,711.482991,1.46942224
575.933333,711.531972,1.46942009
575.966667,711.580953,1.46941795
576,711.629933,1.4694158
576.033333,711.678914,1.46941365
576.066667,711.727894,1.4694115
576.1,711.776874,1.46940935
576.133333,711.825855,1.46940719
576.166667,711.874835,1.46940504
576.2,711.923815,1.46940289
576.233333,711.972795,1.46940073
576.266667,712.021775,1.46939857
576.3,712.070755,1.46939642
576.333333,712.119735,1.46939426
576.366667,712.168715,1.4693921
576.4,712.217694,1.46938994
576.433333,712.266674,1.46938778
576.466667,712.315654,1.46938562
576.5,712.364633,1.46938345
576.533333,712.413612,1.46938129
576.566667,712.462592,1.46937912
576.6,712.511571,1.46937696
576.633333,712.56055,1.46937479
576.666667,712.609529,1.46937262
576.7,712.658508,1.46937045
576.733333,712.707487,1.46936828
576.766667,712.756466,1.46936611
576.8,712.805445,1.46936394
576.833333,712.854424,1.46936176
576.866667,712.903403,1.46935959
576.9,712.952381,1.46935741
576.933333,713.00136,1.46935524
576.966667,713.050338,1.46935306
577,713.099317,1.46935088
577.033333,713.148295,1.4693487
577.066667,713.197273,1.46934652
577.1,713.246251,1.46934434
577.133333,713.29523,1.46934216
577.166667,713.344208,1.46933998
577.2,713.393186,1.46933779
577.233333,713.442163,1.46933561
577.266667,713.491141,1.46933342
577.3,713.540119,1.46933124
577.333333,713.589097,1.46932905
577.366667,713.638074,1.46932686
577.4,713.687052,1.46932467
577.433333,713.736029,1.46932248
577.466667,713.785007,1.46932029
577.5,713.833984,1.46931809
577.533333,713.882961,1.4693159
577.566667,713.931938,1.4693137
577.6,713.980915,1.46931151
577.633333,714.029892,1.46930931
577.666667,714.078869,1.46930711
577.7,714.127846,1.46930492
577.733333,714.176823,1.46930272
577.766667,714.2258,1.46930052
577.8,714.274776,1.46929831
577.833333,714.323753,1.46929611
577.866667,714.372729,1.46929391
577.9,714.421706,1.46929171
577.933333,714.470682,1.4692895
577.966667,714.519658,1.46928729
578,714.568635,1.46928509
578.033333,714.617611,1.46928288
578.066667,714.666587,1.46928067
578.1,714.715563,1.46927846
578.133333,714.764539,1.46927625
578.166667,714.813515,1.46927404
578.2,714.86249,1.46927183
578.233333,714.911466,1.46926961
578.266667,714.960442,1.4692674
578.3,715.009417,1.46926518
578.333333,715.058393,1.46926297
578.366667,715.107368,1.46926075
578.4,715.156343,1.46925853
578.433333,715.205319,1.46925631
578.466667,715.254294,1.46925409
578.5,715.303269,1.46925187
578.533333,715.352244,1.46924965
578.566667,715.401219,1.46924743
578.6,715.450194,1.46924521
578.633333,715.499169,1.46924298
578.666667,715.548143,1.46924076
578.7,715.597118,1.46923853
578.733333,715.646093,1.4692363
578.766667,715.695067,1.46923407
578.8,715.744042,1.46923185
578.833333,715.793016,1.46922962
578.866667,715.84199,1.46922738
578.9,715.890964,1.46922515
578.933333,715.939938,1.46922292
578.966667,715.988913,1.46922069
579,716.037887,1.46921845
579.033333,716.08686,1.46921622
579.066667,716.135834,1.46921398
579.1,716.184808,1.46921174
579.133333,716.233782,1.46920951
579.166667,716.282755,1.46920727
579.2,716.331729,1.46920503
579.233333,716.380702,1.46920279
579.266667,716.429676,1.46920054
579.3,716.478649,1.4691983
579.333333,716.527622,1.46919606
579.366667,716.576595,1.46919381
579.4,716.625569,1.46919157
579.433333,716.674542,1.46918932
579.466667,716.723515,1.46918707
579.5,716.772487,1.46918482
579.533333,716.82146,1.46918257
579.566667,716.870433,1.46918032
579.6,716.919406,1.46917807
579.633333,716.968378,1.46917582
579.666667,717.017351,1.46917357
579.7,717.066323,1.46917131
579.733333,717.115295,1.46916906
579.766667,717.164268,1.4691668
579.8,717.21324,1.46916455
579.833333,717.262212,1.46916229
579.866667,717.311184,1.46916003
579.9,717.360156,1.46915777
579.933333,717.409128,1.46915551
579.966667,717.4581,1.46915325
580,717.507071,1.46915099
580.033333,717.556043,1.46914872
580.066667,717.605015,1.46914646
580.1,717.653986,1.46914419
580.133333,717.702958,1.46914193
580.166667,717.751929,1.46913966
580.2,717.8009,1.46913739
580.233333,717.849871,1.46913512
580.266667,717.898843,1.46913286
580.3,717.947814,1.46913058
580.333333,717.996785,1.46912831
580.366667,718.045755,1.46912604
580.4,718.094726,1.46912377
580.433333,718.143697,1.46912149
580.466667,718.192668,1.46911922
580.5,718.241638,1.46911694
580.533333,718.290609,1.46911466
580.566667,718.339579,1.46911239
580.6,718.38855,1.46911011
580.633333,718.43752,1.46910783
580.666667,718.48649,1.46910555
580.7,718.53546,1.46910327
580.733333,718.58443,1.46910098
580.766667,718.6334,1.4690987
580.8,718.68237,1.46909642
580.833333,718.73134,1.46909414
580.866667,718.78031,1.46909188
580.9,718.82928,1.46908964
580.933333,718.878249,1.46908743
580.966667,718.927219,1.46908526
581,718.976188,1.46908313
581.033333,719.025158,1.46908105
581.066667,719.074127,1.46907903
581.1,719.123096,1.46907706
581.133333,719.172065,1.46907515
581.166667,719.221035,1.46907333
581.2,719.270004,1.46907159
581.233333,719.318973,1.46906992
581.266667,719.367942,1.46906832
581.3,719.416911,1.46906683
581.333333,719.465879,1.46906544
581.366667,719.514848,1.46906414
581.4,719.563817,1.46906293
581.433333,719.612786,1.46906183
581.466667,719.661755,1.46906085
581.5,719.710723,1.46905996
581.533333,719.759692,1.46905918
581.566667,719.808661,1.4690585
581.6,719.857629,1.46905797
581.633333,719.906598,1.46905755
581.666667,719.955566,1.46905723
581.7,720.004535,1.46905703
581.733333,720.053503,1.46905698
581.766667,720.102472,1.46905705
581.8,720.151441,1.46905723
581.833333,720.200409,1.46905753
581.866667,720.249378,1.46905798
581.9,720.298346,1.46905856
581.933333,720.347315,1.46905925
581.966667,720.396284,1.46906006
582,720.445252,1.46906105
582.033333,720.494221,1.46906216
582.066667,720.54319,1.46906338
582.1,720.592159,1.46906474
582.133333,720.641127,1.46906626
582.166667,720.690096,1.46906791
582.2,720.739065,1.46906969
582.233333,720.788034,1.46907159
582.266667,720.837003,1.46907366
582.3,720.885973,1.46907586
582.333333,720.934942,1.46907819
582.366667,720.983911,1.46908065
582.4,721.032881,1.46908327
582.433333,721.08185,1.46908604
582.466667,721.13082,1.46908894
582.5,721.179789,1.46909196
582.533333,721.228759,1.46909515
582.566667,721.277729,1.46909849
582.6,721.326699,1.46910195
582.633333,721.375669,1.46910554
582.666667,721.424639,1.46910929
582.7,721.47361,1.46911319
582.733333,721.52258,1.46911722
582.766667,721.571551,1.46912138
582.8,721.620522,1.46912569
582.833333,721.669493,1.46913016
582.866667,721.718464,1.46913476
582.9,721.767435,1.46913949
582.933333,721.816406,1.46914436
582.966667,721.865378,1.4691494
583,721.91435,1.46915456
583.033333,721.963322,1.46915984
583.066667,722.012294,1.46916526
583.1,722.061266,1.46917084
583.133333,722.110238,1.46917656
583.166667,722.159211,1.46918239
583.2,722.208184,1.46918835
583.233333,722.257157,1.46919448
583.266667,722.30613,1.46920073
583.3,722.355104,1.4692071
583.333333,722.404077,1.46921358
583.366667,722.453051,1.46922023
583.4,722.502025,1.469227
583.433333,722.551,1.46923388
583.466667,722.599974,1.46924087
583.5,722.648949,1.46924801
583.533333,722.697924,1.46925528
583.566667,722.746899,1.46926265
583.6,722.795875,1.46927012
583.633333,722.844851,1.46927774
583.666667,722.893827,1.46928547
583.7,722.942803,1.46929331
583.733333,722.99178,1.46930124
583.766667,723.040757,1.46930929
583.8,723.089734,1.46931746
583.833333,723.138711,1.46932572
583.866667,723.187689,1.46933407
583.9,723.236667,1.46934254
583.933333,723.285645,1.46935111
583.966667,723.334623,1.46935976
584,723.383602,1.4693685
584.033333,723.432581,1.46937734
584.066667,723.481561,1.46938628
584.1,723.53054,1.46939529
584.133333,723.57952,1.46940438
584.166667,723.628501,1.46941355
584.2,723.677481,1.46942281
584.233333,723.726462,1.46943214
584.266667,723.775443,1.46944154
584.3,723.824425,1.46945101
584.333333,723.873407,1.46946056
584.366667,723.922389,1.46947017
584.4,723.971371,1.46947984
584.433333,724.020354,1.46948957
584.466667,724.069337,1.46949937
584.5,724.118321,1.46950923
584.533333,724.167305,1.46951913
584.566667,724.216289,1.46952908
584.6,724.265273,1.46953909
584.633333,724.314258,1.46954915
584.666667,724.363243,1.46955924
584.7,724.412229,1.46956938
584.733333,724.461215,1.46957957
584.766667,724.510201,1.4695898
584.8,724.559187,1.46960006
584.833333,724.608174,1.46961035
584.866667,724.657161,1.46962068
584.9,724.706149,1.46963105
584.933333,724.755137,1.46964143
584.966667,724.804125,1.46965185
585,724.853113,1.4696623
585.033333,724.902102,1.46967277
585.066667,724.951092,1.46968326
585.1,725.000081,1.46969377
585.133333,725.049071,1.46970431
585.166667,725.098062,1.46971486
585.2,725.147052,1.46972543
585.233333,725.196043,1.46973602
585.266667,725.245035,1.46974662
585.3,725.294026,1.46975724
585.333333,725.343018,1.46976787
585.366667,725.392011,1.4697785
585.4,725.441004,1.46978915
585.433333,725.489997,1.46979981
585.466667,725.53899,1.46981048
585.5,725.587984,1.46982115
585.533333,725.636978,1.46983184
585.566667,725.685973,1.46984252
585.6,725.734968,1.46985322
585.633333,725.783963,1.46986391
585.666667,725.832959,1.46987461
585.7,725.881955,1.46988532
585.733333,725.930951,1.46989602
585.766667,725.979948,1.46990673
585.8,726.028945,1.46991744
585.833333,726.077942,1.46992814
585.866667,726.12694,1.46993885
585.9,726.175938,1.46994956
585.933333,726.224937,1.46996027
585.966667,726.273936,1.46997097
586,726.322935,1.46998167
586.033333,726.371934,1.46999237
586.066667,726.420934,1.47000307
586.1,726.469935,1.47001376
586.133333,726.518935,1.47002445
586.166667,726.567936,1.47003513
586.2,726.616938,1.47004581
586.233333,726.665939,1.47005648
586.266667,726.714941,1.47006715
586.3,726.763944,1.47007781
586.333333,726.812947,1.47008846
586.366667,726.86195,1.47009911
586.4,726.910953,1.47010974
586.433333,726.959957,1.47012037
586.466667,727.008961,1.47013099
586.5,727.057966,1.47014159
586.533333,727.106971,1.47015219
586.566667,727.155976,1.47016277
586.6,727.204981,1.47017334
586.633333,727.253987,1.4701839
586.666667,727.302994,1.47019444
586.7,727.352,1.47020498
586.733333,727.401007,1.47021549
586.766667,727.450015,1.47022599
586.8,727.499023,1.47023647
586.833333,727.548031,1.47024694
586.866667,727.597039,1.47025738
586.9,727.646048,1.47026781
586.933333,727.695057,1.47027822
586.966667,727.744066,1.4702886
587,727.793076,1.47029897
587.033333,727.842086,1.47030931
587.066667,727.891097,1.47031962
587.1,727.940108,1.47032992
587.133333,727.989119,1.47034018
587.166667,728.03813,1.47035043
587.2,728.087142,1.47036064
587.233333,728.136154,1.47037082
587.266667,728.185167,1.47038097
587.3,728.23418,1.4703911
587.333333,728.283193,1.47040119
587.366667,728.332206,1.47041125
587.4,728.38122,1.47042127
587.433333,728.430234,1.47043127
587.466667,728.479249,1.47044123
587.5,728.528264,1.47045114
587.533333,728.577279,1.47046103
587.566667,728.626295,1.47047088
587.6,728.67531,1.47048068
587.633333,728.724327,1.47049044
587.666667,728.773343,1.47050017
587.7,728.82236,1.47050986
587.733333,728.871377,1.4705195
587.766667,728.920395,1.47052909
587.8,728.969412,1.47053865
587.833333,729.018431,1.47054816
587.866667,729.067449,1.47055763
587.9,729.116468,1.47056704
587.933333,729.165487,1.47057641
587.966667,729.214506,1.47058574
588,729.263526,1.47059502
588.033333,729.312546,1.47060424
588.066667,729.361566,1.47061342
588.1,729.410587,1.47062255
588.133333,729.459608,1.47063164
588.166667,729.508629,1.47064066
588.2,729.55765,1.47064964
588.233333,729.606672,1.47065857
588.266667,729.655694,1.47066745
588.3,729.704717,1.47067627
588.333333,729.753739,1.47068504
588.366667,729.802762,1.47069376
588.4,729.851785,1.47070243
588.433333,729.900809,1.47071104
588.466667,729.949833,1.4707196
588.5,729.998857,1.47072811
588.533333,730.047881,1.47073657
588.566667,730.096906,1.47074497
588.6,730.145931,1.47075332
588.633333,730.194956,1.47076162
588.666667,730.243982,1.47076987
588.7,730.293008,1.47077806
588.733333,730.342034,1.47078619
588.766667,730.39106,1.47079428
588.8,730.440087,1.47080232
588.833333,730.489114,1.4708103
588.866667,730.538141,1.47081823
588.9,730.587168,1.47082611
588.933333,730.636196,1.47083395
588.966667,730.685224,1.47084172
589,730.734252,1.47084944
589.033333,730.78328,1.47085712
589.066667,730.832309,1.47086475
589.1,730.881338,1.47087233
589.133333,730.930367,1.47087984
589.166667,730.979397,1.47088732
589.2,731.028426,1.47089475
589.233333,731.077456,1.47090213
589.266667,731.126487,1.47090945
589.3,731.175517,1.47091673
589.333333,731.224548,1.47092397
589.366667,731.273579,1.47093116
589.4,731.32261,1.47093829
589.433333,731.371641,1.47094537
589.466667,731.420673,1.47095242
589.5,731.469705,1.47095942
589.533333,731.518737,1.47096636
589.566667,731.567769,1.47097326
589.6,731.616802,1.47098012
589.633333,731.665834,1.47098694
589.666667,731.714867,1.4709937
589.7,731.763901,1.47100042
589.733333,731.812934,1.47100709
589.766667,731.861968,1.47101373
589.8,731.911002,1.47102031
589.833333,731.960036,1.47102684
589.866667,732.00907,1.47103334
589.9,732.058105,1.47103979
589.933333,732.107139,1.47104619
589.966667,732.156174,1.47105255
590,732.20521,1.47105886
590.033333,732.254245,1.47106514
590.066667,732.303281,1.47107136
590.1,732.352316,1.47107754
590.133333,732.401352,1.47108368
590.166667,732.450389,1.47108978
590.2,732.499425,1.47109582
590.233333,732.548462,1.47110182
590.266667,732.597499,1.47110778
590.3,732.646536,1.4711137
590.333333,732.695573,1.47111956
590.366667,732.74461,1.47112538
590.4,732.793648,1.47113116
590.433333,732.842686,1.4711369
590.466667,732.891724,1.47114259
590.5,732.940762,1.47114822
590.533333,732.9898,1.47115382
590.566667,733.038839,1.47115937
590.6,733.087877,1.47116488
590.633333,733.136916,1.47117033
590.666667,733.185955,1.47117574
590.7,733.234995,1.47118111
590.733333,733.284034,1.47118644
590.766667,733.333074,1.4711917
590.8,733.382114,1.47119693
590.833333,733.431154,1.47120211
590.866667,733.480194,1.47120725
590.9,733.529234,1.47121233
590.933333,733.578275,1.47121737
590.966667,733.627315,1.47122236
591,733.676356,1.47122732
591.033333,733.725397,1.47123221
591.066667,733.774438,1.47123706
591.1,733.82348,1.47124186
591.133333,733.872521,1.47124663
591.166667,733.921563,1.47125133
591.2,733.970604,1.47125599
591.233333,734.019646,1.47126061
591.266667,734.068688,1.47126519
591.3,734.117731,1.47126971
591.333333,734.166773,1.47127418
591.366667,734.215816,1.47127862
591.4,734.264858,1.47128301
591.433333,734.313901,1.47128734
591.466667,734.362944,1.47129163
591.5,734.411987,1.47129588
591.533333,734.461031,1.47130008
591.566667,734.510074,1.47130424
591.6,734.559118,1.47130835
591.633333,734.608161,1.47131241
591.666667,734.657205,1.47131644
591.7,734.706249,1.47132042
591.733333,734.755293,1.47132435
591.766667,734.804337,1.47132824
591.8,734.853382,1.47133209
591.833333,734.902426,1.47133589
591.866667,734.951471,1.47133965
591.9,735.000515,1.47134337
591.933333,735.04956,1.47134705
591.966667,735.098605,1.47135069
592,735.14765,1.47135428
592.033333,735.196695,1.47135784
592.066667,735.245741,1.47136135
592.1,735.294786,1.47136483
592.133333,735.343832,1.47136826
592.166667,735.392877,1.47137166
592.2,735.441923,1.47137502
592.233333,735.490969,1.47137835
592.266667,735.540015,1.47138163
592.3,735.589061,1.47138487
592.333333,735.638107,1.47138809
592.366667,735.687154,1.47139127
592.4,735.7362,1.4713944
592.433333,735.785247,1.4713975
592.466667,735.834293,1.47140057
592.5,735.88334,1.47140361
592.533333,735.932387,1.47140661
592.566667,735.981434,1.47140958
592.6,736.030481,1.47141251
592.633333,736.079528,1.47141542
592.666667,736.128575,1.47141829
592.7,736.177623,1.47142112
592.733333,736.22667,1.47142393
592.766667,736.275718,1.47142671
592.8,736.324765,1.47142945
592.833333,736.373813,1.47143216
592.866667,736.422861,1.47143485
592.9,736.471908,1.47143751
592.933333,736.520956,1.47144013
592.966667,736.570004,1.47144273
593,736.619053,1.47144529
593.033333,736.668101,1.47144783
593.066667,736.717149,1.47145035
593.1,736.766198,1.47145282
593.133333,736.815246,1.47145528
593.166667,736.864295,1.47145771
593.2,736.913343,1.47146011
593.233333,736.962392,1.47146248
593.266667,737.011441,1.47146483
593.3,737.06049,1.47146715
593.333333,737.109538,1.47146944
593.366667,737.158587,1.4714717
593.4,737.207637,1.47147394
593.433333,737.256686,1.47147616
593.466667,737.305735,1.47147835
593.5,737.354784,1.47148051
593.533333,737.403834,1.47148264
593.566667,737.452883,1.47148475
593.6,737.501933,1.47148684
593.633333,737.550982,1.4714889
593.666667,737.600032,1.47149093
593.7,737.649082,1.47149294
593.733333,737.698131,1.47149492
593.766667,737.747181,1.47149688
593.8,737.796231,1.47149881
593.833333,737.845281,1.47150072
593.866667,737.894331,1.4715026
593.9,737.943381,1.47150446
593.933333,737.992432,1.47150629
593.966667,738.041482,1.4715081
594,738.090532,1.47150988
594.033333,738.139582,1.47151164
594.066667,738.188633,1.47151337
594.1,738.237683,1.47151508
594.133333,738.286734,1.47151677
594.166667,738.335784,1.47151843
594.2,738.384835,1.47152007
594.233333,738.433886,1.47152168
594.266667,738.482937,1.47152327
594.3,738.531987,1.47152483
594.333333,738.581038,1.47152637
594.366667,738.630089,1.47152789
594.4,738.67914,1.47152939
594.433333,738.728191,1.47153086
594.466667,738.777242,1.4715323
594.5,738.826293,1.47153373
594.533333,738.875344,1.47153513
594.566667,738.924396,1.47153651
594.6,738.973447,1.47153786
594.633333,739.022498,1.4715392
594.666667,739.071549,1.47154051
594.7,739.120601,1.4715418
594.733333,739.169652,1.47154307
594.766667,739.218704,1.47154431
594.8,739.267755,1.47154554
594.833333,739.316807,1.47154675
594.866667,739.365858,1.47154793
594.9,739.41491,1.47154909
594.933333,739.463962,1.47155024
594.966667,739.513013,1.47155136
595,739.562065,1.47155246
595.033333,739.611117,1.47155355
595.066667,739.660169,1.47155461
595.1,739.70922,1.47155566
595.133333,739.758272,1.47155669
595.166667,739.807324,1.4715577
595.2,739.856376,1.47155869
595.233333,739.905428,1.47155967
595.266667,739.95448,1.47156062
595.3,740.003532,1.47156156
595.333333,740.052584,1.47156249
595.366667,740.101636,1.4715634
595.4,740.150688,1.47156429
595.433333,740.199741,1.47156516
595.466667,740.248793,1.47156602
595.5,740.297845,1.47156687
595.533333,740.346897,1.4715677
595.566667,740.39595,1.47156852
595.6,740.445002,1.47156932
595.633333,740.494054,1.47157011
595.666667,740.543106,1.47157089
595.7,740.592159,1.47157165
595.733333,740.641211,1.47157239
595.766667,740.690264,1.47157313
595.8,740.739316,1.47157386
595.833333,740.788369,1.47157457
595.866667,740.837421,1.47157527
595.9,740.886474,1.47157596
595.933333,740.935526,1.47157664
595.966667,740.984579,1.47157731
596,741.033631,1.47157796
596.033333,741.082684,1.47157861
596.066667,741.131737,1.47157924
596.1,741.180789,1.47157987
596.133333,741.229842,1.47158048
596.166667,741.278895,1.47158109
596.2,741.327947,1.47158169
596.233333,741.377,1.47158227
596.266667,741.426053,1.47158285
596.3,741.475106,1.47158342
596.333333,741.524158,1.47158398
596.366667,741.573211,1.47158453
596.4,741.622264,1.47158507
596.433333,741.671317,1.47158561
596.466667,741.72037,1.47158614
596.5,741.769423,1.47158665
596.533333,741.818475,1.47158716
596.566667,741.867528,1.47158766
596.6,741.916581,1.47158816
596.633333,741.965634,1.47158864
596.666667,742.014687,1.47158912
596.7,742.06374,1.47158959
596.733333,742.112793,1.47159006
596.766667,742.161846,1.47159051
596.8,742.210899,1.47159096
596.833333,742.259952,1.4715914
596.866667,742.309005,1.47159183
596.9,742.358058,1.47159226
596.933333,742.407111,1.47159268
596.966667,742.456165,1.47159309
597,742.505218,1.47159349
597.033333,742.554271,1.47159389
597.066667,742.603324,1.47159428
597.1,742.652377,1.47159466
597.133333,742.70143,1.47159503
597.166667,742.750483,1.4715954
597.2,742.799537,1.47159576
597.233333,742.84859,1.47159612
597.266667,742.897643,1.47159646
597.3,742.946696,1.4715968
597.333333,742.995749,1.47159714
597.366667,743.044803,1.47159746
597.4,743.093856,1.47159778
597.433333,743.142909,1.4715981
597.466667,743.191962,1.4715984
597.5,743.241016,1.4715987
597.533333,743.290069,1.47159899
597.566667,743.339122,1.47159928
597.6,743.388176,1.47159956
597.633333,743.437229,1.47159983
597.666667,743.486282,1.4716001
597.7,743.535336,1.47160036
597.733333,743.584389,1.47160061
597.766667,743.633442,1.47160086
597.8,743.682496,1.4716011
597.833333,743.731549,1.47160134
597.866667,743.780603,1.47160157
597.9,743.829656,1.47160179
597.933333,743.878709,1.47160201
597.966667,743.927763,1.47160223
598,743.976816,1.47160244
598.033333,744.02587,1.47160264
598.066667,744.074923,1.47160284
598.1,744.123976,1.47160303
598.133333,744.17303,1.47160322
598.166667,744.222083,1.4716034
598.2,744.271137,1.47160358
598.233333,744.32019,1.47160375
598.266667,744.369244,1.47160392
598.3,744.418297,1.47160409
598.333333,744.467351,1.47160425
598.366667,744.516404,1.47160441
598.4,744.565458,1.47160456
598.433333,744.614511,1.47160471
598.466667,744.663565,1.47160486
598.5,744.712618,1.471605
598.533333,744.761672,1.47160515
598.566667,744.810725,1.47160528
598.6,744.859779,1.47160542
598.633333,744.908832,1.47160555
598.666667,744.957886,1.47160568
598.7,745.006939,1.47160581
598.733333,745.055993,1.47160594
598.766667,745.105046,1.47160606
598.8,745.1541,1.47160619
598.833333,745.203153,1.47160631
598.866667,745.252207,1.47160643
598.9,745.30126,1.47160654
598.933333,745.350314,1.47160666
598.966667,745.399367,1.47160678
599,745.448421,1.47160689
599.033333,745.497475,1.47160701
599.066667,745.546528,1.47160712
599.1,745.595582,1.47160723
599.133333,745.644635,1.47160734
599.166667,745.693689,1.47160746
599.2,745.742742,1.47160757
599.233333,745.791796,1.47160768
599.266667,745.84085,1.47160779
599.3,745.889903,1.4716079
599.333333,745.938957,1.47160802
599.366667,745.98801,1.47160813
599.4,746.037064,1.47160824
599.433333,746.086118,1.47160835
599.466667,746.135171,1.47160847
599.5,746.184225,1.47160858
599.533333,746.233278,1.47160869
599.566667,746.282332,1.47160881
599.6,746.331386,1.47160893
599.633333,746.380439,1.47160904
599.666667,746.429493,1.47160916
599.7,746.478547,1.47160928
599.733333,746.5276,1.47160939
599.766667,746.576654,1.47160951
599.8,746.625708,1.47160963
599.833333,746.674761,1.47160975
599.866667,746.723815,1.47160987
599.9,746.772869,1.47161
599.933333,746.821922,1.47161012
599.966667,746.870976,1.47161024
600,746.92003,1.47161037
