Time,Position,Velocity
0,0,0.00615557762
0.0333333333,0.000205185921,0.0183797756
0.0666666667,0.000817845109,0.0304189138
0.1,0.0018318089,0.0423837677
0.133333333,0.00324460116,0.0537161315
0.166666667,0.00503513887,0.0649124768
0.2,0.0071988881,0.0754218691
0.233333333,0.0097129504,0.0862839203
0.266666667,0.0125890811,0.0957177767
0.3,0.0157796736,0.105242715
0.333333333,0.0192877641,0.114216308
0.366666667,0.0230949744,0.122328186
0.4,0.0271725806,0.12977688
0.433333333,0.0314984766,0.137044989
0.466666667,0.0360666429,0.143335227
0.5,0.0408444838,0.148802877
0.533333333,0.0458045797,0.153658105
0.566666667,0.0509265165,0.15809349
0.6,0.0561962995,0.161431876
0.633333333,0.061577362,0.164091736
0.666666667,0.0670470865,0.166116464
0.7,0.072584302,0.167341347
0.733333333,0.0781623469,0.167774965
0.766666667,0.0837548457,0.167454988
0.8,0.0893366787,0.166509417
0.833333333,0.0948869926,0.164699565
0.866666667,0.100376978,0.16221194
0.9,0.105784043,0.158935721
0.933333333,0.1110819,0.155320593
0.966666667,0.116259253,0.150666325
1,0.121281464,0.145771033
1.03333333,0.126140498,0.139851777
1.06666667,0.130802224,0.133633845
1.1,0.135256686,0.127094565
1.13333333,0.139493171,0.119132604
1.16666667,0.143464258,0.111839009
1.2,0.147192225,0.10373092
1.23333333,0.150649922,0.0951705473
1.26666667,0.153822274,0.0862567153
1.3,0.156697498,0.0764588201
1.33333333,0.159246125,0.067209771
1.36666667,0.161486451,0.0584873016
1.4,0.163436028,0.0474887279
1.43333333,0.165018985,0.0379602347
1.46666667,0.166284326,0.0277042167
1.5,0.1672078,0.0181950288
1.53333333,0.167814301,0.00720308909
1.56666667,0.168054404,-0.00175479677
1.6,0.167995911,-0.012411478
1.63333333,0.167582195,-0.0221260942
1.66666667,0.166844659,-0.0315197152
1.7,0.165794001,-0.0405016541
1.73333333,0.164443946,-0.0503901342
1.76666667,0.162764275,-0.0585055733
1.8,0.160814089,-0.0672100855
1.83333333,0.158573753,-0.0754144371
1.86666667,0.156059939,-0.0825066773
1.9,0.153309716,-0.0904636016
1.93333333,0.150294263,-0.096841654
1.96666667,0.147066208,-0.102946436
2,0.14363466,-0.109114358
2.03333333,0.139997514,-0.114158128
2.06666667,0.136192243,-0.118591684
2.1,0.132239187,-0.122641654
2.13333333,0.128151132,-0.126345057
2.16666667,0.12393963,-0.129083196
2.2,0.119636857,-0.131474587
2.23333333,0.115254371,-0.133075863
2.26666667,0.110818509,-0.134090184
2.3,0.106348836,-0.134529019
2.33333333,0.101864535,-0.134394934
2.36666667,0.0973847041,-0.133559278
2.4,0.0929327282,-0.132147235
2.43333333,0.0885278204,-0.130207382
2.46666667,0.0841875743,-0.127731352
2.5,0.0799298626,-0.12473357
2.53333333,0.0757720769,-0.121145823
2.56666667,0.0717338828,-0.116649593
2.6,0.067845563,-0.112090189
2.63333333,0.0641092234,-0.107093085
2.66666667,0.0605394539,-0.101682054
2.7,0.0571500521,-0.0958822134
2.73333333,0.0539539783,-0.0892744306
2.76666667,0.0509781639,-0.0823161456
2.8,0.0482342924,-0.075450266
2.83333333,0.0457192835,-0.0683177627
2.86666667,0.0434420248,-0.0609497514
2.9,0.0414103664,-0.05337812
2.93333333,0.0396310957,-0.0447226931
2.96666667,0.0381403393,-0.0366994963
3,0.0369170228,-0.0286991722
3.03333333,0.0359603837,-0.0206373523
3.06666667,0.0352724719,-0.0125471512
3.1,0.0348542336,-0.00423743202
3.13333333,0.0347129858,0.00449674635
3.16666667,0.0348628774,0.0123869511
3.2,0.0352757757,0.0205896728
3.23333333,0.0359620982,0.0278291642
3.26666667,0.036889737,0.0364612726
3.3,0.0381051127,0.0435807192
3.33333333,0.0395578034,0.0509448011
3.36666667,0.0412559634,0.0576074087
3.4,0.0431762104,0.0642324929
3.43333333,0.0453172935,0.0705180343
3.46666667,0.0476678946,0.0764392982
3.5,0.0502158712,0.081973445
3.53333333,0.0529483194,0.0870995066
3.56666667,0.0558516363,0.0917983723
3.6,0.058911582,0.0960528107
3.63333333,0.0621133424,0.0998475393
3.66666667,0.0654415937,0.103169337
3.7,0.0688805716,0.10600718
3.73333333,0.0724141442,0.108474742
3.76666667,0.076029969,0.110138883
3.8,0.0797012651,0.111434158
3.83333333,0.083415737,0.112396578
3.86666667,0.0871622896,0.112722768
3.9,0.0909197152,0.1125024
3.93333333,0.0946697952,0.111881958
3.96666667,0.0983991938,0.11082841
4,0.102093474,0.10924822
4.03333333,0.105735081,0.107081187
4.06666667,0.109304454,0.104400707
4.1,0.112784478,0.101663616
4.13333333,0.116173265,0.0978981864
4.16666667,0.119436538,0.0941012863
4.2,0.122573247,0.0899455128
4.23333333,0.125571431,0.0854509303
4.26666667,0.128419796,0.0806376413
4.3,0.131107717,0.0755261795
4.33333333,0.133625256,0.0701382757
4.36666667,0.135963199,0.0644973921
4.4,0.138113112,0.0584516329
4.43333333,0.1400615,0.0516456869
4.46666667,0.141783023,0.0453522503
4.5,0.143294764,0.0389243332
4.53333333,0.144592242,0.0323890523
4.56666667,0.145671877,0.0257737498
4.6,0.146531002,0.0193854767
4.63333333,0.147177185,0.0121420343
4.66666667,0.147581919,0.00580647339
4.7,0.147775468,-0.00146539871
4.73333333,0.147726622,-0.00809956617
4.76666667,0.147456636,-0.0145588197
4.8,0.146971342,-0.0215599238
4.83333333,0.146252678,-0.0274313024
4.86666667,0.145338301,-0.0334773741
4.9,0.144222389,-0.0398089709
4.93333333,0.142895423,-0.0453139075
4.96666667,0.141384959,-0.0507104816
5,0.13969461,-0.0558407602
5.03333333,0.137833251,-0.0609765893
5.06666667,0.135800698,-0.0644663393
5.1,0.13365182,-0.0702381433
5.13333333,0.131310549,-0.0735504275
5.16666667,0.128858868,-0.0765407482
5.2,0.12630751,-0.0800355334
5.23333333,0.123639659,-0.0831703644
5.26666667,0.120867313,-0.0851016575
5.3,0.118030591,-0.0868759588
5.33333333,0.115134726,-0.0890074461
5.36666667,0.112167811,-0.0898798627
5.4,0.109171816,-0.0905243734
5.43333333,0.106154337,-0.0909647052
5.46666667,0.10312218,-0.0907665348
5.5,0.100096629,-0.0902796557
5.53333333,0.0970873067,-0.0896333477
5.56666667,0.0940995285,-0.087866527
5.6,0.0911706442,-0.0862430043
5.63333333,0.0882958774,-0.0845288214
5.66666667,0.08547825,-0.081981985
5.7,0.0827455172,-0.0786664179
5.73333333,0.0801233033,-0.0759900039
5.76666667,0.0775903032,-0.0731853475
5.8,0.0751507916,-0.06809536
5.83333333,0.0728809462,-0.0644474134
5.86666667,0.0707326991,-0.0608581487
5.9,0.0687040942,-0.0560158548
5.93333333,0.066836899,-0.050442691
5.96666667,0.065155476,-0.0462537503
6,0.0636136843,-0.0419930347
6.03333333,0.0622139165,-0.0348231326
6.06666667,0.0610531454,-0.0305591275
6.1,0.0600345078,-0.0247965295
6.13333333,0.0592079568,-0.0192659303
6.16666667,0.0585657591,-0.0139226212
6.2,0.0581016718,-0.00795735711
6.23333333,0.0578364265,-0.00242602607
6.26666667,0.057755559,0.00307691404
6.3,0.0578581228,0.00884532419
6.33333333,0.0581529669,0.0145651293
6.36666667,0.0586384713,0.0198236931
6.4,0.059299261,0.0249608463
6.43333333,0.0601312892,0.0302609256
6.46666667,0.0611399868,0.0349884067
6.5,0.062306267,0.0397066
6.53333333,0.0636298203,0.0444451416
6.56666667,0.065111325,0.0481579856
6.6,0.0667165912,0.0523139051
6.63333333,0.0684603881,0.0567789634
6.66666667,0.0703530202,0.0599521289
6.7,0.0723514245,0.0629120319
6.73333333,0.0744484922,0.065654584
6.76666667,0.0766369783,0.0686996152
6.8,0.0789269655,0.0710049413
6.83333333,0.0812937969,0.0727557324
6.86666667,0.083718988,0.0742630659
6.9,0.0861944235,0.0755490497
6.93333333,0.0887127252,0.0766973161
6.96666667,0.0912693024,0.0771482589
7,0.093840911,0.0773501214
7.03333333,0.0964192484,0.0773037259
7.06666667,0.0989960392,0.0768678778
7.1,0.101558302,0.0759531279
7.13333333,0.104090073,0.0748773748
7.16666667,0.106585985,0.073570457
7.2,0.109038334,0.0720353177
7.23333333,0.111439511,0.0695137573
7.26666667,0.113756636,0.0672014553
7.3,0.115996685,0.0647734413
7.33333333,0.1181558,0.0621546154
7.36666667,0.12022762,0.0589931424
7.4,0.122194058,0.0550387171
7.43333333,0.124028682,0.0517073659
7.46666667,0.125752261,0.0482366427
7.5,0.127360149,0.0446329011
7.53333333,0.128847912,0.0398310429
7.56666667,0.130175614,0.0354439507
7.6,0.131357079,0.0314072391
7.63333333,0.132403987,0.0272977271
7.66666667,0.133313911,0.0229365542
7.7,0.134078463,0.0178235157
7.73333333,0.13467258,0.0131526922
7.76666667,0.135111003,0.00848203561
7.8,0.135393738,0.00376029389
7.83333333,0.135519081,-0.000895167387
7.86666667,0.135489242,-0.0052192309
7.9,0.135315267,-0.0100407686
7.93333333,0.134980575,-0.0145037257
7.96666667,0.134497118,-0.0188466487
8,0.133868896,-0.022925049
8.03333333,0.133104728,-0.0270035719
8.06666667,0.132204609,-0.0312671391
8.1,0.131162371,-0.0348631605
8.13333333,0.130000265,-0.0383465411
8.16666667,0.128722047,-0.0417848321
8.2,0.12732922,-0.0442978091
8.23333333,0.125852626,-0.0482489489
8.26666667,0.124244328,-0.0505463647
8.3,0.122559449,-0.0526317064
8.33333333,0.120805059,-0.0549290426
8.36666667,0.118974091,-0.0571902268
8.4,0.11706775,-0.0585257503
8.43333333,0.115116891,-0.0597366962
8.46666667,0.113125668,-0.0610904077
8.5,0.111089321,-0.061795847
8.53333333,0.10902946,-0.0622077128
8.56666667,0.106955869,-0.0624861298
8.6,0.104872998,-0.0623679039
8.63333333,0.102794068,-0.0619807799
8.66666667,0.100728042,-0.0614696238
8.7,0.0986790546,-0.0605084436
8.73333333,0.0966621064,-0.0591278943
8.76666667,0.0946911766,-0.057866267
8.8,0.0927623011,-0.0564905049
8.83333333,0.0908792842,-0.05394271
8.86666667,0.0890811939,-0.0518897366
8.9,0.087351536,-0.0498596995
8.93333333,0.085689546,-0.0473209955
8.96666667,0.0841121795,-0.0438392194
9,0.0826508722,-0.0412656816
9.03333333,0.0812753495,-0.0386181666
9.06666667,0.0799880773,-0.0346730954
9.1,0.0788323074,-0.031105826
9.13333333,0.0777954466,-0.0280769245
9.16666667,0.0768595491,-0.0248911586
9.2,0.0760298438,-0.0203478766
9.23333333,0.0753515812,-0.0165715118
9.26666667,0.0747991975,-0.0127596835
9.3,0.0743738747,-0.0092150341
9.33333333,0.0740667069,-0.00522362673
9.36666667,0.073892586,-0.00127123024
9.4,0.0738502117,0.00285559681
9.43333333,0.0739453982,0.00663524715
9.46666667,0.0741665731,0.0103621391
9.5,0.0745119778,0.0140210607
9.53333333,0.0749793465,0.0175971896
9.56666667,0.0755659195,0.0210761512
9.6,0.0762684578,0.0247841281
9.63333333,0.0770945954,0.0279750992
9.66666667,0.0780270987,0.0310645815
9.7,0.0790625848,0.0341807748
9.73333333,0.080201944,0.036544567
9.76666667,0.0814200962,0.0392015339
9.8,0.082726814,0.0421662131
9.83333333,0.0841323544,0.0441053935
9.86666667,0.0856025342,0.0459181351
9.9,0.0871331387,0.0477545862
9.93333333,0.0887249582,0.0496876393
9.96666667,0.0903812129,0.050838093
10,0.092075816,0.051848643
10.0333333,0.0938041041,0.0527742259
10.0666667,0.095563245,0.0535566321
10.1,0.097348466,0.0538608631
10.1333333,0.0991438281,0.0540220645
10.1666667,0.100944564,0.0540144307
10.2,0.102745045,0.0536103809
10.2333333,0.104532057,0.0530723352
10.2666667,0.106301135,0.0523983785
10.3,0.108047748,0.0515015953
10.3333333,0.109764468,0.0499595917
10.3666667,0.111429787,0.0486425213
10.4,0.113051205,0.0472061024
10.4333333,0.114624741,0.0455245033
10.4666667,0.116142225,0.0429726191
10.5,0.117574646,0.0409929444
10.5333333,0.118941077,0.0389184803
10.5666667,0.12023836,0.0366066358
10.6,0.121458581,0.033242201
10.6333333,0.122566654,0.0307597059
10.6666667,0.123591978,0.0282129799
10.7,0.12453241,0.025462442
10.7333333,0.125381159,0.0215368238
10.7666667,0.126099053,0.018742021
10.8,0.126723787,0.0160610615
10.8333333,0.127259155,0.0125243984
10.8666667,0.127676635,0.00928371093
10.9,0.127986092,0.00603072253
10.9333333,0.128187116,0.00277998444
10.9666667,0.128279783,-0.000454071445
11,0.128264647,-0.00365719604
11.0333333,0.12814274,-0.00681538463
11.0666667,0.127915561,-0.00992577252
11.1,0.127584702,-0.0130591281
11.1333333,0.127149398,-0.0159935487
11.1666667,0.126616279,-0.018829092
11.2,0.125988643,-0.0215539391
11.2333333,0.125270178,-0.0241568543
11.2666667,0.12446495,-0.0268596943
11.3,0.123569627,-0.0289184654
11.3333333,0.122605678,-0.0309331277
11.3666667,0.121574573,-0.032979505
11.4,0.120475257,-0.0352123864
11.4333333,0.11930151,-0.0367112086
11.4666667,0.118077803,-0.0380812177
11.5,0.11680843,-0.0393209011
11.5333333,0.115497733,-0.0406694057
11.5666667,0.114142086,-0.0415643912
11.6,0.112756606,-0.0422094474
11.6333333,0.111349625,-0.0427151575
11.6666667,0.109925786,-0.0430923141
11.7,0.108489376,-0.0432284752
11.7333333,0.107048426,-0.0431245453
11.7666667,0.105610942,-0.0428827548
11.8,0.104181516,-0.0425038278
11.8333333,0.102764722,-0.0417282774
11.8666667,0.10137378,-0.0408552032
11.9,0.10001194,-0.0399050766
11.9333333,0.0986817703,-0.0388313784
11.9666667,0.097387391,-0.0374494595
12,0.0961390757,-0.0356513516
12.0333333,0.0949506973,-0.0340832739
12.0666667,0.0938145882,-0.0324151204
12.1,0.0927340842,-0.0306496262
12.1333333,0.09171243,-0.0280824047
12.1666667,0.0907763498,-0.0259216195
12.2,0.0899122958,-0.02380309
12.2333333,0.0891188595,-0.0216185728
12.2666667,0.0883982404,-0.019005787
12.3,0.0877647142,-0.0160791666
12.3333333,0.087228742,-0.0136809238
12.3666667,0.0867727112,-0.011377138
12.4,0.0863934732,-0.00842211227
12.4333333,0.0861127362,-0.00571432413
12.4666667,0.0859222587,-0.00299736598
12.5,0.0858223465,-0.00028344881
12.5333333,0.0858128982,0.00241532377
12.5666667,0.085893409,0.00508700942
12.6,0.086062976,0.0077198792
12.6333333,0.0863203053,0.0103024684
12.6666667,0.0866637209,0.0128236259
12.7,0.0870911751,0.015272561
12.7333333,0.0876002605,0.0176388893
12.7666667,0.0881882234,0.0200108913
12.8,0.0888552531,0.0219301714
12.8333333,0.0895862589,0.0240074473
12.8666667,0.0903865071,0.0262838396
12.9,0.0912626351,0.0281370024
12.9333333,0.0922005352,0.0293747472
12.9666667,0.0931796934,0.0310806994
13,0.0942157167,0.0326720166
13.0333333,0.0953047839,0.0336221301
13.0666667,0.0964255216,0.0347633797
13.1,0.0975843009,0.0358856178
13.1333333,0.0987804882,0.0364531356
13.1666667,0.0999955927,0.0370661887
13.2,0.101231132,0.0376165363
13.2333333,0.102485017,0.0377863837
13.2666667,0.103744563,0.0379317154
13.3,0.105008954,0.0378286119
13.3333333,0.106269907,0.0376027851
13.3666667,0.107523333,0.0373584642
13.4,0.108768616,0.036548413
13.4333333,0.109986896,0.0359448845
13.4666667,0.111185059,0.0353253309
13.5,0.11236257,0.033937144
13.5333333,0.113493808,0.0329137683
13.5666667,0.114590934,0.0319542773
13.6,0.115656076,0.030119891
13.6333333,0.116660073,0.0286636572
13.6666667,0.117615528,0.0274129768
13.7,0.118529294,0.0252707976
13.7333333,0.119371654,0.0233944577
13.7666667,0.120151469,0.0219124231
13.8,0.120881883,0.0195998091
13.8333333,0.12153521,0.0173426557
13.8666667,0.122113298,0.0157894465
13.9,0.122639613,0.0134242679
13.9333333,0.123087089,0.0111464135
13.9666667,0.123458636,0.00868316073
14,0.123748075,0.00647858948
14.0333333,0.123964028,0.00426923684
14.0666667,0.124106336,0.00206339679
14.1,0.124175115,-0.000131082263
14.1333333,0.124170746,-0.00230662293
14.1666667,0.124093859,-0.00445565318
14.2,0.123945337,-0.00688405342
14.2333333,0.123715868,-0.00899412069
14.2666667,0.123416064,-0.0109855528
14.3,0.123049879,-0.0129136225
14.3333333,0.122619425,-0.0147714548
14.3666667,0.122127043,-0.0165524493
14.4,0.121575295,-0.0182502949
14.4333333,0.120966952,-0.0199580986
14.4666667,0.120301682,-0.0217761249
14.5,0.119575811,-0.0229164933
14.5333333,0.118811928,-0.0240231341
14.5666667,0.118011157,-0.025463561
14.6,0.117162372,-0.026509378
14.6333333,0.116278726,-0.0272728203
14.6666667,0.115369632,-0.0280493832
14.7,0.114434652,-0.0288834798
14.7333333,0.113471869,-0.0292760161
14.7666667,0.112496002,-0.0296153365
14.8,0.111508824,-0.0299224523
14.8333333,0.110511409,-0.0299771774
14.8666667,0.10951217,-0.0299354417
14.9,0.108514322,-0.0298012525
14.9333333,0.107520947,-0.0293747863
14.9666667,0.106541787,-0.0289624017
15,0.105576374,-0.0285001
15.0333333,0.104626371,-0.0276287772
15.0666667,0.103705411,-0.0267639258
15.1,0.102813281,-0.0259646158
15.1333333,0.101947793,-0.0249573679
15.1666667,0.101115881,-0.0234559694
15.2,0.100334015,-0.0223640978
15.2333333,0.0995885455,-0.0212357252
15.2666667,0.098880688,-0.0193951357
15.3,0.0982341835,-0.0178692058
15.3333333,0.0976385433,-0.0165165181
15.3666667,0.0970879927,-0.0148624006
15.4,0.0965925794,-0.0126832244
15.4333333,0.0961698052,-0.0113020403
15.4666667,0.0957930705,-0.0093660427
15.5,0.0954808691,-0.00752706525
15.5333333,0.0952299669,-0.00566364359
15.5666667,0.0950411788,-0.00378356674
15.6,0.0949150599,-0.00167278123
15.6333333,0.0948593005,0.000244608399
15.6666667,0.0948674542,0.00212051639
15.7,0.094938138,0.00397792187
15.7333333,0.0950707354,0.005809352
15.7666667,0.0952643805,0.00760748578
15.8,0.0955179634,0.00936517887
15.8333333,0.095830136,0.0110754878
15.8666667,0.0961993189,0.0127316936
15.9,0.0966237087,0.0144090304
15.9333333,0.0971040097,0.0160422556
15.9666667,0.0976387516,0.0174728952
16,0.0982211814,0.018949344
16.0333333,0.0988528262,0.0199691822
16.0666667,0.0995184656,0.0211378127
16.1,0.100223059,0.0225282071
16.1333333,0.100974,0.023332686
16.1666667,0.101751756,0.0240950456
16.2,0.102554924,0.0250643053
16.2333333,0.103390401,0.0256928547
16.2666667,0.104246829,0.0261466541
16.3,0.105118384,0.0265896741
16.3333333,0.106004707,0.0269738115
16.3666667,0.106903834,0.0271049191
16.4,0.107807331,0.0271896272
16.4333333,0.108713652,0.0271502547
16.4666667,0.109618661,0.0269539769
16.5,0.110517127,0.0267186413
16.5333333,0.111407748,0.0263797682
16.5666667,0.112287074,0.0257232633
16.6,0.113144516,0.0251859084
16.6333333,0.113984046,0.024607882
16.6666667,0.114804309,0.0236190308
16.7,0.11559161,0.0226771629
16.7333333,0.116347515,0.0218356922
16.7666667,0.117075372,0.0208262143
16.8,0.117769579,0.0193159052
16.8333333,0.118413442,0.0182558228
16.8666667,0.11902197,0.0171691148
16.9,0.119594273,0.015487052
16.9333333,0.120110509,0.014032633
16.9666667,0.120578263,0.0127919483
17,0.121004661,0.0113587892
17.0333333,0.121383288,0.00935311942
17.0666667,0.121695058,0.00816004455
17.1,0.12196706,0.00643869598
17.1333333,0.122181683,0.0048304816
17.1666667,0.122342699,0.00321646052
17.2,0.122449914,0.00160373724
17.2333333,0.122503372,-6.37066288e-007
17.2666667,0.122503351,-0.00158969472
17.3,0.122450361,-0.0031565808
17.3333333,0.122345142,-0.00469458183
17.3666667,0.122188656,-0.00628659066
17.4,0.121979103,-0.00775090733
17.4333333,0.121720739,-0.00915520388
17.4666667,0.121415566,-0.010504431
17.5,0.121065418,-0.0117930871
17.5333333,0.120672315,-0.0131007674
17.5666667,0.120235623,-0.0141207286
17.6,0.119764932,-0.0151303965
17.6333333,0.119260585,-0.0162697155
17.6666667,0.118718261,-0.0172435735
17.7,0.118143476,-0.0179946331
17.7333333,0.117543655,-0.0186803442
17.7666667,0.116920976,-0.019303216
17.8,0.116277536,-0.0200041644
17.8333333,0.11561073,-0.0203955531
17.8666667,0.114930879,-0.0207157331
17.9,0.114240354,-0.0209644959
17.9333333,0.113541538,-0.0211482882
17.9666667,0.112836595,-0.0211931493
18,0.112130156,-0.0211344227
18.0333333,0.111425676,-0.0210050598
18.0666667,0.110725507,-0.0208054454
18.1,0.110031992,-0.0203848892
18.1333333,0.109352496,-0.0199523172
18.1666667,0.108687419,-0.0194654709
18.2,0.10803857,-0.0189154915
18.2333333,0.107408053,-0.0181990251
18.2666667,0.106801419,-0.0172988652
18.3,0.10622479,-0.0165009696
18.3333333,0.105674758,-0.0156519155
18.3666667,0.105153027,-0.0147532004
18.4,0.104661254,-0.0134734628
18.4333333,0.104212139,-0.0123638089
18.4666667,0.103800012,-0.0112875289
18.5,0.103423761,-0.0101777081
18.5333333,0.103084504,-0.00891071323
18.5666667,0.10278748,-0.00738258932
18.6,0.102541394,-0.00616563312
18.6333333,0.102335873,-0.00493346499
18.6666667,0.102171424,-0.00368808996
18.7,0.102048487,-0.00207512389
18.7333333,0.101979317,-0.00067368265
18.7666667,0.10195686,0.000585636885
18.8,0.101976382,0.00183917109
18.8333333,0.102037687,0.00316638815
18.8666667,0.102143234,0.00478543344
18.9,0.102302748,0.00597742782
18.9333333,0.102501996,0.00714567617
18.9666667,0.102740185,0.00828841303
19,0.103016465,0.00965834745
19.0333333,0.10333841,0.0108601919
19.0666667,0.103700417,0.0118587076
19.1,0.104095707,0.0128165789
19.1333333,0.104522926,0.0137556256
19.1666667,0.104981447,0.0148991391
19.2,0.105478085,0.0156584006
19.2333333,0.106000032,0.0163655984
19.2666667,0.106545552,0.0170198208
19.3,0.107112879,0.0177197082
19.3333333,0.107703536,0.0182989309
19.3666667,0.1083135,0.0187100405
19.4,0.108937168,0.0190618813
19.4333333,0.109572564,0.0193540316
19.4666667,0.110217699,0.0196217043
19.5,0.110871756,0.0197166156
19.5333333,0.111528976,0.0197487505
19.5666667,0.112187268,0.0197204876
19.6,0.112844617,0.0195985308
19.6333333,0.113497902,0.0193510449
19.6666667,0.114142937,0.0190702465
19.7,0.114778611,0.0187332186
19.7333333,0.115403052,0.01834065
19.7666667,0.116014407,0.0177015927
19.8,0.11660446,0.0171136974
19.8333333,0.117174917,0.0165019989
19.8666667,0.117724983,0.0158438368
19.9,0.118253111,0.015041667
19.9333333,0.1187545,0.0140550045
19.9666667,0.119223,0.0132220339
20,0.119663735,0.0123551388
20.0333333,0.120075573,0.0114558015
20.0666667,0.120457433,0.0102275979
20.1,0.120798353,0.00915769192
20.1333333,0.121103609,0.00815267588
20.1666667,0.121375365,0.00713033165
20.2,0.121613043,0.00599977671
20.2333333,0.121813035,0.00462178068
20.2666667,0.121967095,0.00355743226
20.3,0.122085676,0.00249180896
20.3333333,0.122168736,0.00142660696
20.3666667,0.12221629,8.75072636e-005
20.4,0.122219206,-0.00109075228
20.4333333,0.122182848,-0.00211905651
20.4666667,0.122112213,-0.00313139155
20.5,0.122007833,-0.00417273637
20.5333333,0.121868742,-0.00545785386
20.5666667,0.121686813,-0.0063733104
20.6,0.12147437,-0.00725899973
20.6333333,0.121232403,-0.00811363129
20.6666667,0.120961949,-0.00910430695
20.7,0.120658472,-0.00997678278
20.7333333,0.120325912,-0.010673553
20.7666667,0.119970127,-0.0113286845
20.8,0.119592504,-0.0119464684
20.8333333,0.119194289,-0.0126899895
20.8666667,0.118771289,-0.0131513079
20.9,0.118332912,-0.0135640709
20.9333333,0.117880777,-0.0139278284
20.9666667,0.117416516,-0.0142821354
21,0.116940444,-0.0145416408
21.0333333,0.116455723,-0.0146883124
21.0666667,0.115966113,-0.0147837045
21.1,0.115473323,-0.0148277952
21.1333333,0.114979063,-0.0147767483
21.1666667,0.114486504,-0.014652842
21.2,0.113998076,-0.0144806668
21.2333333,0.113515387,-0.0142596277
21.2666667,0.113040067,-0.0139374736
21.3,0.112575484,-0.013493066
21.3333333,0.112125715,-0.013073848
21.3666667,0.11168992,-0.0126120552
21.4,0.111269518,-0.0121085455
21.4333333,0.1108659,-0.011361863
21.4666667,0.110487171,-0.0106953723
21.5,0.110130659,-0.0100342418
21.5333333,0.109796184,-0.00934127418
21.5666667,0.109484809,-0.00853382411
21.6,0.109200348,-0.00754276946
21.6333333,0.108948922,-0.00673722433
21.6666667,0.108724348,-0.00591197854
21.7,0.108527282,-0.00506840637
21.7333333,0.108358335,-0.00395577113
21.7666667,0.108226476,-0.00297716447
21.8,0.108127237,-0.00208489255
21.8333333,0.108057741,-0.00118773289
21.8666667,0.10801815,-0.000224569455
21.9,0.108010664,0.000964105507
21.9333333,0.108042801,0.00185509294
21.9666667,0.108104637,0.00273754254
22,0.108195889,0.00361008652
22.0333333,0.108316225,0.0046750594
22.0666667,0.10847206,0.00562321676
22.1,0.108659501,0.00642574715
22.1333333,0.108873692,0.00720623609
22.1666667,0.1091139,0.00798533013
22.2,0.109380078,0.00895502868
22.2333333,0.109678579,0.00962020471
22.2666667,0.109999252,0.0102533377
22.3,0.11034103,0.0108535535
22.3333333,0.110702815,0.0115221731
22.3666667,0.111086888,0.0121067159
22.4,0.111490445,0.0125496784
22.4333333,0.111908768,0.0129529946
22.4666667,0.112340534,0.0133161154
22.5,0.112784405,0.0137251016
22.5333333,0.113241908,0.0139527808
22.5666667,0.113707001,0.0141350325
22.6,0.114178169,0.0142741957
22.6333333,0.114653975,0.0143722232
22.6666667,0.115133049,0.0143878188
22.7,0.115612643,0.014341858
22.7333333,0.116090705,0.0142534673
22.7666667,0.116565821,0.0141229027
22.8,0.117036584,0.0138602295
22.8333333,0.117498592,0.0135867469
22.8666667,0.117951483,0.0132841011
22.9,0.118394287,0.0129437389
22.9333333,0.118825745,0.0125090453
22.9666667,0.119242713,0.0119510948
23,0.119641083,0.0114629231
23.0333333,0.12002318,0.0109443876
23.0666667,0.120387993,0.0103964062
23.1,0.12073454,0.00962742076
23.1333333,0.121055454,0.00894463379
23.1666667,0.121353608,0.00829176605
23.2,0.121630001,0.00761925562
23.2333333,0.121883976,0.00686324623
23.2666667,0.122112751,0.00592917957
23.3,0.12231039,0.00519446807
23.3333333,0.122483539,0.00445119831
23.3666667,0.122631912,0.00370057995
23.4,0.122755265,0.00274097179
23.4333333,0.122846631,0.0018867614
23.4666667,0.122909523,0.00113013994
23.5,0.122947194,0.000377593476
23.5333333,0.12295978,-0.000407452065
23.5666667,0.122946199,-0.00138877766
23.6,0.122899906,-0.00210202143
23.6333333,0.122829839,-0.00280043965
23.6666667,0.122736491,-0.00348298159
23.7,0.122620391,-0.00429087082
23.7333333,0.122477362,-0.00501668329
23.7666667,0.122310139,-0.00561056544
23.8,0.122123121,-0.00617957628
23.8333333,0.121917135,-0.00672915428
23.8666667,0.12169283,-0.0074143878
23.9,0.121445683,-0.00786250629
23.9333333,0.1211836,-0.00827902906
23.9666667,0.120907632,-0.00866342912
24,0.120618851,-0.00906896788
24.0333333,0.120316552,-0.00941122288
24.0666667,0.120002845,-0.00964870487
24.1,0.119681221,-0.00985044855
24.1333333,0.119352873,-0.0100162234
24.1666667,0.119018999,-0.0101630859
24.2,0.118680229,-0.0102117863
24.2333333,0.118339837,-0.0102212915
24.2666667,0.117999127,-0.0101945764
24.3,0.117659308,-0.0101122075
24.3333333,0.117322234,-0.00995110658
24.3666667,0.11699053,-0.00977326173
24.4,0.116664755,-0.00956186321
24.4333333,0.116346026,-0.00931734473
24.4666667,0.116035448,-0.00892778942
24.5,0.115737855,-0.00856203503
24.5333333,0.115452454,-0.00818715107
24.5666667,0.115179549,-0.00778473226
24.6,0.114920058,-0.00730266828
24.6333333,0.114676636,-0.00669601784
24.6666667,0.114453435,-0.00619028876
24.7,0.114247092,-0.0056646501
24.7333333,0.11405827,-0.00512000159
24.7666667,0.113887604,-0.00438643965
24.8,0.113741389,-0.00373192698
24.8333333,0.113616991,-0.00312580528
24.8666667,0.113512798,-0.00250979276
24.9,0.113429138,-0.00183884607
24.9333333,0.113367843,-0.00100094646
24.9666667,0.113334478,-0.00036176759
25,0.11332242,0.00027766688
25.0333333,0.113331675,0.000916342278
25.0666667,0.11336222,0.00170897413
25.1,0.113419186,0.00242347574
25.1333333,0.113499968,0.00303808493
25.1666667,0.113601238,0.00364265444
25.2,0.113722659,0.00425539728
25.2333333,0.113864506,0.00503028234
25.2666667,0.114032182,0.00557505595
25.3,0.114218017,0.00610159688
25.3333333,0.114421404,0.00660914457
25.3666667,0.114641709,0.00719003858
25.4,0.114881377,0.00771375594
25.4333333,0.115138502,0.00812540004
25.4666667,0.115409349,0.00851181999
25.5,0.115693076,0.00887245973
25.5333333,0.115988825,0.0093110295
25.5666667,0.116299192,0.00958214613
25.6,0.116618597,0.0098223335
25.6333333,0.116946008,0.0100330287
25.6666667,0.117280442,0.010234853
25.7,0.117621604,0.0103840872
25.7333333,0.11796774,0.0104644663
25.7666667,0.118316556,0.0105141266
25.8,0.118667027,0.010533073
25.8333333,0.119018129,0.0104938909
25.8666667,0.119367926,0.0104117882
25.9,0.119714985,0.0103015337
25.9333333,0.12005837,0.0101621552
25.9666667,0.120397108,0.00996483161
26,0.120729269,0.00968809704
26.0333333,0.121052206,0.00943081697
26.0666667,0.121366566,0.00914829404
26.1,0.12167151,0.00884105567
26.1333333,0.121966211,0.00839278658
26.1666667,0.122245971,0.00798336167
26.2,0.122512083,0.00758298337
26.2333333,0.122764849,0.00716389275
26.2666667,0.123003646,0.00668332897
26.3,0.123226423,0.00607927626
26.3333333,0.123429066,0.0055942897
26.3666667,0.123615542,0.00509791347
26.4,0.123785473,0.00459097522
26.4333333,0.123938505,0.00393120385
26.4666667,0.124069545,0.00333670283
26.5,0.124180769,0.00280228074
26.5333333,0.124274178,0.00226535737
26.5666667,0.12434969,0.00169753214
26.6,0.124406274,0.000979409081
26.6333333,0.124438921,0.000447839913
26.6666667,0.124453849,-7.82149674e-005
26.7,0.124451242,-0.00059794245
26.7333333,0.124431311,-0.00122421085
26.7666667,0.124390504,-0.00179534537
26.8,0.124330659,-0.00227169717
26.8333333,0.124254936,-0.00273451839
26.8666667,0.124163785,-0.00318966883
26.9,0.124057463,-0.00377004106
26.9333333,0.123931795,-0.00416266169
26.9666667,0.123793039,-0.00453585524
27,0.123641844,-0.00488911228
27.0333333,0.123478874,-0.0052774872
27.0666667,0.123302957,-0.0056246591
27.1,0.123115469,-0.00588309225
27.1333333,0.122919366,-0.00611767434
27.1666667,0.122715443,-0.00632809241
27.2,0.122504507,-0.00656145852
27.2333333,0.122285791,-0.00669318627
27.2666667,0.122062685,-0.00679520396
27.3,0.121836178,-0.00687144844
27.3333333,0.12160713,-0.00692203357
27.3666667,0.121376396,-0.00692375636
27.4,0.121145604,-0.00688951602
27.4333333,0.120915953,-0.00683001463
27.4666667,0.120688286,-0.00674542044
27.5,0.120463439,-0.00658253832
27.5333333,0.120244021,-0.00641088497
27.5666667,0.120030325,-0.0062241265
27.6,0.119822854,-0.00601504309
27.6333333,0.119622352,-0.0057532821
27.6666667,0.119430576,-0.00541007394
27.7,0.119250241,-0.005113686
27.7333333,0.119079784,-0.00479944843
27.7666667,0.118919803,-0.00446791875
27.8,0.118770872,-0.00400949743
27.8333333,0.118637222,-0.00359274831
27.8666667,0.118517464,-0.00319986605
27.9,0.118410802,-0.0027955973
27.9333333,0.118317615,-0.00234816539
27.9666667,0.118239343,-0.00178185418
28,0.118179948,-0.00134185608
28.0333333,0.118135219,-0.000897109512
28.0666667,0.118105316,-0.000448336997
28.1,0.118090371,0.000117908328
28.1333333,0.118094301,0.000634307854
28.1666667,0.118115445,0.00108525318
28.2,0.11815162,0.00153342151
28.2333333,0.118202734,0.00199398973
28.2666667,0.1182692,0.00258401316
28.3,0.118355334,0.00300743055
28.3333333,0.118455582,0.00342169944
28.3666667,0.118569639,0.00382620059
28.4,0.118697179,0.00429891272
28.4333333,0.118840476,0.00473385804
28.4666667,0.118998271,0.00508442828
28.5,0.119167752,0.00541993462
28.5333333,0.119348416,0.00573987817
28.5666667,0.119539746,0.00614612241
28.6,0.119744616,0.00640947948
28.6333333,0.119958266,0.00665313856
28.6666667,0.120180037,0.00687750711
28.7,0.120409287,0.00711099368
28.7333333,0.12064632,0.00731203096
28.7666667,0.120890055,0.0074484474
28.8,0.121138336,0.00756351288
28.8333333,0.121390453,0.00765710291
28.8666667,0.12164569,0.00773733448
28.9,0.121903601,0.00776193465
28.9333333,0.122162332,0.00776244577
28.9666667,0.122421081,0.00774142674
29,0.122679128,0.00768788802
29.0333333,0.122935391,0.00758525136
29.0666667,0.123188233,0.0074745656
29.1,0.123437385,0.00734402647
29.1333333,0.123682186,0.00719390335
29.1666667,0.123921983,0.00695953166
29.2,0.124153967,0.00673477349
29.2333333,0.124378459,0.00650772867
29.2666667,0.124595384,0.00626449869
29.3,0.1248042,0.00597806413
29.3333333,0.125003469,0.00560912599
29.3666667,0.12519044,0.0053053259
29.4,0.125367284,0.00498993446
29.4333333,0.125533615,0.00466349283
29.4666667,0.125689065,0.00422985694
29.5,0.12583006,0.00383353267
29.5333333,0.125957845,0.00347161798
29.5666667,0.126073565,0.00310410861
29.6,0.126177036,0.0027098992
29.6333333,0.126267366,0.00220542568
29.6666667,0.12634088,0.00182530035
29.7,0.126401723,0.00144531702
29.7333333,0.1264499,0.00106607781
29.7666667,0.126485436,0.000601483802
29.8,0.126505486,0.000172442676
29.8333333,0.126511234,-0.000191361085
29.8666667,0.126504855,-0.000548924733
29.9,0.126486558,-0.00090591992
29.9333333,0.12645636,-0.0013685691
29.9666667,0.126410741,-0.00168958176
30,0.126354422,-0.00199952864
30.0333333,0.126287771,-0.00229796533
30.0666667,0.126211172,-0.00263513701
30.1,0.126123334,-0.00294627947
30.1333333,0.126025125,-0.0031869619
30.1666667,0.125918893,-0.00341249665
30.2,0.125805143,-0.00362256304
30.2333333,0.125684391,-0.00387483327
30.2666667,0.12555523,-0.00403411388
30.3,0.125420759,-0.00417218003
30.3333333,0.125281687,-0.00429265129
30.3666667,0.125138598,-0.00440601086
30.4,0.124991731,-0.0044903662
30.4333333,0.124842052,-0.00453328853
30.4666667,0.124690943,-0.00455797049
30.5,0.12453901,-0.00456442608
30.5333333,0.124386863,-0.00453568773
30.5666667,0.124235673,-0.00448175995
30.6,0.124086281,-0.0044117126
30.6333333,0.123939224,-0.00432446255
30.6666667,0.123795076,-0.00420443153
30.7,0.123654928,-0.00403331839
30.7333333,0.123520484,-0.00387655956
30.7666667,0.123391265,-0.00370497153
30.8,0.123267766,-0.00351887555
30.8333333,0.12315047,-0.00325177711
30.8666667,0.123042078,-0.00300219781
30.9,0.122942004,-0.00276157503
30.9333333,0.122849952,-0.0025100584
30.9666667,0.122766283,-0.00222628585
31,0.122692074,-0.00186099812
31.0333333,0.122630041,-0.00157128014
31.0666667,0.122577665,-0.00127504477
31.1,0.122535163,-0.000972785612
31.1333333,0.122502737,-0.000584658752
31.1666667,0.122483248,-0.000226384169
31.2,0.122475702,9.11975687e-005
31.2333333,0.122478742,0.000410014634
31.2666667,0.122492409,0.00074209681
31.3,0.122517146,0.00117251989
31.3333333,0.12255623,0.00148719682
31.3666667,0.122605803,0.00179836965
31.4,0.122665749,0.00210555969
31.4333333,0.122735934,0.00247098436
31.4666667,0.1228183,0.00281236351
31.5,0.122912046,0.00309298547
31.5333333,0.123015145,0.0033653897
31.5666667,0.123127325,0.00362928216
31.6,0.123248301,0.00397409642
31.6333333,0.123380771,0.00420419528
31.6666667,0.123520911,0.00442263191
31.7,0.123668332,0.00462911214
31.7333333,0.123822635,0.00485317557
31.7666667,0.123984408,0.00505803137
31.8,0.124153009,0.00520787774
31.8333333,0.124326605,0.00534351014
31.8666667,0.124504722,0.00546475189
31.9,0.12468688,0.00559724696
31.9333333,0.124873455,0.00567313733
31.9666667,0.12506256,0.005730005
32,0.12525356,0.00577159563
32.0333333,0.125445946,0.00579753688
32.0666667,0.125639198,0.00579460958
32.1,0.125832351,0.00577084446
32.1333333,0.126024713,0.00573217122
32.1666667,0.126215785,0.00567869796
32.2,0.126405075,0.005579499
32.2333333,0.126591058,0.00547340156
32.2666667,0.126773505,0.00535979011
32.3,0.126952165,0.00523307561
32.3333333,0.127126601,0.00507746807
32.3666667,0.12729585,0.0048689104
32.4,0.127458147,0.00469105592
32.4333333,0.127614515,0.00450279476
32.4666667,0.127764608,0.00430446224
32.5,0.12790809,0.00403418836
32.5333333,0.128042563,0.00378257622
32.5666667,0.128168649,0.0035486466
32.6,0.128286937,0.00330817112
32.6333333,0.12839721,0.00304615264
32.6666667,0.128498748,0.00270635716
32.7,0.12858896,0.0024455318
32.7333333,0.128670478,0.00218210198
32.7666667,0.128743214,0.00191649563
32.8,0.128807098,0.00158575065
32.8333333,0.128859956,0.00127672864
32.8666667,0.128902514,0.00101064281
32.9,0.128936202,0.000746398385
32.9333333,0.128961082,0.000478928632
32.9666667,0.128977046,0.000127738207
33,0.128981304,-0.000121116276
33.0333333,0.128977267,-0.000364384062
33.0666667,0.128965121,-0.000601703299
33.1,0.128945064,-0.000875477387
33.1333333,0.128915881,-0.00113343915
33.1666667,0.1288781,-0.00133825894
33.2,0.128833491,-0.00153403799
33.2333333,0.128782357,-0.00172048742
33.2666667,0.128725007,-0.00195445947
33.3,0.128659858,-0.00210970128
33.3333333,0.128589535,-0.00225064992
33.3666667,0.128514513,-0.00238011648
33.4,0.128435176,-0.00251294863
33.4333333,0.128351411,-0.0026295417
33.4666667,0.12826376,-0.00270681798
33.5,0.128173533,-0.00277145108
33.5333333,0.128081151,-0.00282337516
33.5666667,0.127987038,-0.00286616209
33.6,0.1278915,-0.00287769488
33.6333333,0.127795576,-0.00287466711
33.6666667,0.127699754,-0.00285895506
33.7,0.127604456,-0.00282446006
33.7333333,0.127510307,-0.00275947686
33.7666667,0.127418325,-0.00269103815
33.8,0.127328623,-0.00261095804
33.8333333,0.127241591,-0.0025194021
33.8666667,0.127157611,-0.00237935174
33.9,0.1270783,-0.00224221161
33.9333333,0.127003559,-0.0021056782
33.9666667,0.12693337,-0.00195971809
34,0.126868046,-0.00179077567
34.0333333,0.126808353,-0.00156806665
34.0666667,0.126756085,-0.00138692054
34.1,0.126709854,-0.00119908947
34.1333333,0.126669884,-0.00100489585
34.1666667,0.126636388,-0.000750509293
34.2,0.126611371,-0.000512370118
34.2333333,0.126594292,-0.000297905156
34.2666667,0.126584361,-8.03106988e-005
34.3,0.126581684,0.000149510838
34.3333333,0.126586668,0.000450911072
34.3666667,0.126601699,0.000675266772
34.4,0.126624207,0.000899368713
34.4333333,0.126654186,0.00112286299
34.4666667,0.126691615,0.00139310851
34.5,0.126738052,0.00164878475
34.5333333,0.126793012,0.00186253716
34.5666667,0.126855096,0.00207245772
34.6,0.126924178,0.00227889224
34.6333333,0.127000141,0.00255310437
34.6666667,0.127085245,0.00274091996
34.7,0.127176609,0.00292208754
34.7333333,0.127274012,0.00309634985
34.7666667,0.127377223,0.00329070309
34.8,0.127486913,0.00347431314
34.8333333,0.127602724,0.0036141318
34.8666667,0.127723195,0.00374494059
34.9,0.127848026,0.00386655626
34.9333333,0.127976911,0.00401083403
34.9666667,0.128110606,0.00410391434
35,0.128247403,0.00418289066
35.0333333,0.128386833,0.00425146617
35.0666667,0.128528548,0.00431490851
35.1,0.128672379,0.00436248404
35.1333333,0.128817795,0.00438532695
35.1666667,0.128963972,0.00439743545
35.2,0.129110553,0.004398824
35.2333333,0.129257181,0.00437930466
35.2666667,0.129403158,0.00434488081
35.3,0.129547987,0.00430136511
35.3333333,0.129691366,0.0042477761
35.3666667,0.129832958,0.00417595579
35.4,0.129972157,0.00407168804
35.4333333,0.13010788,0.00397746882
35.4666667,0.130240462,0.00387461159
35.5,0.130369616,0.00376330997
35.5333333,0.13049506,0.00360609194
35.5666667,0.130615263,0.00345574484
35.6,0.130730454,0.00331278636
35.6333333,0.13084088,0.0031635385
35.6666667,0.130946332,0.0029978534
35.7,0.13104626,0.00277937764
35.7333333,0.131138906,0.00260816601
35.7666667,0.131225845,0.00243325728
35.8,0.131306953,0.0022549432
35.8333333,0.131382118,0.00202903718
35.8666667,0.131449753,0.0018154007
35.9,0.131510266,0.00162863143
35.9333333,0.131564554,0.00144127707
35.9666667,0.131612596,0.00124909866
36,0.131654233,0.000993787069
36.0333333,0.131687359,0.000809415671
36.0666667,0.13171434,0.000627238016
36.1,0.131735248,0.000447533511
36.1333333,0.131750166,0.000236527
36.1666667,0.13175805,3.46091487e-005
36.2,0.131759203,-0.000128993008
36.2333333,0.131754904,-0.000287653042
36.2666667,0.131745315,-0.000441130722
36.3,0.131730611,-0.000639601809
36.3333333,0.131709291,-0.000775109239
36.3666667,0.131683454,-0.00090157498
36.4,0.131653401,-0.00102093541
36.4333333,0.13161937,-0.00114874106
36.4666667,0.131581079,-0.00126821041
36.5,0.131538805,-0.00135404847
36.5333333,0.13149367,-0.00143149129
36.5666667,0.131445954,-0.00150044025
36.6,0.131395939,-0.00157459852
36.6333333,0.131343452,-0.00161759325
36.6666667,0.131289533,-0.00164865164
36.7,0.131234578,-0.00167073497
36.7333333,0.131178886,-0.00168339311
36.7666667,0.131122773,-0.0016789987
36.8,0.131066807,-0.00166276404
36.8333333,0.131011381,-0.00163780951
36.8666667,0.130956788,-0.00160420351
36.9,0.130903314,-0.00154410983
36.9333333,0.130851844,-0.00147891524
36.9666667,0.130802547,-0.00141022448
37,0.130755539,-0.00133391222
37.0333333,0.130711075,-0.00124201236
37.0666667,0.130669675,-0.00111612682
37.1,0.130632471,-0.00101012704
37.1333333,0.1305988,-0.000898115047
37.1666667,0.130568863,-0.000780290574
37.2,0.130542853,-0.000622078871
37.2333333,0.130522117,-0.000471269158
37.2666667,0.130506408,-0.000332979534
37.3,0.130495309,-0.000190962479
37.3333333,0.130488943,-3.86543501e-005
37.3666667,0.130487655,0.000163734272
37.4,0.130493113,0.000317227733
37.4333333,0.130503687,0.000472130144
37.4666667,0.130519425,0.000628190465
37.5,0.130540364,0.000819959085
37.5333333,0.130567696,0.00100352405
37.5666667,0.130601147,0.00115940364
37.6,0.130639794,0.00131409006
37.6333333,0.130683597,0.00146828498
37.6666667,0.13073254,0.00167582487
37.7,0.130788401,0.00182106279
37.7333333,0.130849103,0.00196292617
37.7666667,0.130914533,0.00210120551
37.8,0.130984574,0.00225867255
37.8333333,0.131059863,0.00241063683
37.8666667,0.131140217,0.0025295264
37.9,0.131224535,0.00264304275
37.9333333,0.131312636,0.00275102013
37.9666667,0.131404337,0.00288496093
38,0.131500502,0.00297594134
38.0333333,0.1315997,0.00305703361
38.0666667,0.131701601,0.00313135489
38.1,0.13180598,0.00320656506
38.1333333,0.131912865,0.00327391651
38.1666667,0.132021996,0.00331755037
38.2,0.132132581,0.00335376495
38.2333333,0.132244373,0.00338252604
38.2666667,0.132357124,0.00340536763
38.3,0.132470636,0.00341066186
38.3333333,0.132584325,0.00340726744
38.3666667,0.132697901,0.0033964658
38.4,0.132811116,0.00337500038
38.4333333,0.132923616,0.00333476802
38.4666667,0.133034775,0.00329322989
38.5,0.133144549,0.00324492427
38.5333333,0.133252714,0.00318995166
38.5666667,0.133359045,0.00310745492
38.6,0.133462627,0.00302489795
38.6333333,0.133563457,0.00294384836
38.6666667,0.133661585,0.00285735466
38.7,0.133756831,0.00275893722
38.7333333,0.133848795,0.00262609795
38.7666667,0.133936332,0.00251933417
38.8,0.134020309,0.00240874742
38.8333333,0.134100601,0.00229452797
38.8666667,0.134177085,0.0021469698
38.9,0.134248651,0.00200546853
38.9333333,0.1343155,0.00187976269
38.9666667,0.134378159,0.00175232324
39,0.134436569,0.00161980343
39.0333333,0.134490563,0.0014416711
39.0666667,0.134538619,0.00131066144
39.1,0.134582307,0.00117989631
39.1333333,0.134621637,0.00104958195
39.1666667,0.134656623,0.000894068215
39.2,0.134686426,0.000743337773
39.2333333,0.134711203,0.000619079743
39.2666667,0.134731839,0.000508510905
39.3,0.13474879,0.000353815207
39.3333333,0.134760584,0.000225745934
39.3666667,0.134768109,0.000116424442
39.4,0.134771989,1.09507996e-005
39.4333333,0.134772354,-9.51824883e-005
39.4666667,0.134769182,-0.000221005346
39.5,0.134761815,-0.00030713959
39.5333333,0.134751577,-0.000388094314
39.5666667,0.13473864,-0.000463757807
39.6,0.134723182,-0.000547277162
39.6333333,0.134704939,-0.000615581881
39.6666667,0.13468442,-0.00066655291
39.7,0.134662201,-0.000711427256
39.7333333,0.134638487,-0.000750452908
39.7666667,0.134613472,-0.000789499211
39.8,0.134587155,-0.000807423487
39.8333333,0.134560241,-0.000818965346
39.8666667,0.134532942,-0.000824131334
39.9,0.134505471,-0.000820379272
39.9333333,0.134478125,-0.0008040978
39.9666667,0.134451322,-0.000782320406
40,0.134425245,-0.000754471639
40.0333333,0.134400096,-0.000720609577
40.0666667,0.134376075,-0.000661713886
40.1,0.134354018,-0.000607896363
40.1333333,0.134333755,-0.00055000248
40.1666667,0.134315422,-0.000486937605
40.2,0.13429919,-0.000407378502
40.2333333,0.134285611,-0.000311771355
40.2666667,0.134275219,-0.000228940404
40.3,0.134267587,-0.000142171159
40.3333333,0.134262848,-5.16115764e-005
40.3666667,0.134261128,7.53314034e-005
40.4,0.134263639,0.000182705468
40.4333333,0.134269729,0.000286093412
40.4666667,0.134279266,0.00039173248
40.5,0.134292323,0.000511569483
40.5333333,0.134309376,0.000653221095
40.5666667,0.13433115,0.000765124492
40.6,0.134356654,0.000877606936
40.6333333,0.134385907,0.000990489596
40.6666667,0.134418924,0.00113566682
40.7,0.134456779,0.00125953829
40.7333333,0.134498764,0.00137037243
40.7666667,0.134544443,0.00147994936
40.8,0.134593775,0.00159550991
40.8333333,0.134646958,0.00173389273
40.8666667,0.134704755,0.00183496214
40.9,0.13476592,0.00193326974
40.9333333,0.134830362,0.0020286717
40.9666667,0.134897985,0.00214204677
41,0.134969386,0.00223935402
41.0333333,0.135044032,0.0023195018
41.0666667,0.135121348,0.00239554824
41.1,0.1352012,0.00246942677
41.1333333,0.135283514,0.00255675201
41.1666667,0.135368739,0.00261339482
41.2,0.135455852,0.00266510711
41.2333333,0.135544689,0.00271182897
41.2666667,0.135635084,0.00276000731
41.3,0.135727084,0.00279701481
41.3333333,0.135820318,0.00282135889
41.3666667,0.135914363,0.00284035996
41.4,0.136009042,0.00285400255
41.4333333,0.136104175,0.00286076213
41.4666667,0.136199534,0.00285684581
41.5,0.136294762,0.00284763901
41.5333333,0.136389683,0.00283321595
41.5666667,0.136484124,0.00280864946
41.6,0.136577745,0.00277291183
41.6333333,0.136670176,0.00273710142
41.6666667,0.136761413,0.00269663033
41.7,0.1368513,0.00265157754
41.7333333,0.136939686,0.00258172958
41.7666667,0.137025744,0.00252044256
41.8,0.137109759,0.0024577941
41.8333333,0.137191685,0.00239151544
41.8666667,0.137271402,0.00231184937
41.9,0.137348464,0.0022165379
41.9333333,0.137422348,0.00213709498
41.9666667,0.137493585,0.00205523309
42,0.137562093,0.00197109107
42.0333333,0.137627796,0.0018572832
42.0666667,0.137689705,0.00176010583
42.1,0.137748375,0.00166927157
42.1333333,0.137804018,0.00157753556
42.1666667,0.137856602,0.00147652155
42.2,0.13790582,0.00135561449
42.2333333,0.137951007,0.00126287303
42.2666667,0.137993103,0.00117063533
42.3,0.138032124,0.00107904657
42.3333333,0.138068092,0.000964657799
42.3666667,0.138100247,0.000865825833
42.4,0.138129108,0.000779990332
42.4333333,0.138155108,0.000696105432
42.4666667,0.138178311,0.000610209521
42.5,0.138198652,0.000506336938
42.5333333,0.138215529,0.000433119685
42.5666667,0.138229967,0.000362955647
42.6,0.138242065,0.000295944263
42.6333333,0.13825193,0.000219238314
42.6666667,0.138259238,0.000153576016
42.7,0.138264357,0.000101947424
42.7333333,0.138267756,5.4253467e-005
42.7666667,0.138269564,1.00527215e-005
42.8,0.138269899,-4.06024068e-005
42.8333333,0.138268546,-7.03983545e-005
42.8666667,0.138266199,-9.58190991e-005
42.9,0.138263005,-0.000116843195
42.9333333,0.13825911,-0.000134936547
42.9666667,0.138254612,-0.000144380843
43,0.1382498,-0.000146308846
43.0333333,0.138244923,-0.000143811722
43.0666667,0.138240129,-0.000136905157
43.1,0.138235566,-0.000117945924
43.1333333,0.138231634,-9.65852138e-005
43.1666667,0.138228414,-7.1475483e-005
43.2,0.138226032,-4.23276576e-005
43.2333333,0.138224621,-3.09408067e-006
43.2666667,0.138224518,4.68301521e-005
43.3,0.138226079,9.20040946e-005
43.3333333,0.138229146,0.000140532749
43.3666667,0.13823383,0.000192328909
43.4,0.138240241,0.000267329669
43.4333333,0.138249152,0.000332232233
43.4666667,0.138260227,0.000395942927
43.5,0.138273425,0.000461964031
43.5333333,0.138288823,0.000538244416
43.5666667,0.138306765,0.000629793489
43.6,0.138327758,0.000703498562
43.6333333,0.138351208,0.000778402777
43.6666667,0.138377155,0.000854383425
43.7,0.138405634,0.000953840063
43.7333333,0.138437429,0.00103971524
43.7666667,0.138472086,0.00111767488
43.8,0.138509342,0.00119553783
43.8333333,0.138549193,0.00127882313
43.8666667,0.138591821,0.00137978812
43.9,0.138637813,0.00145493154
43.9333333,0.138686311,0.00152885109
43.9666667,0.138737273,0.00160143467
44,0.138790654,0.00168940823
44.0333333,0.138846968,0.00176623382
44.0666667,0.138905842,0.00183085902
44.1,0.138966871,0.00189317792
44.1333333,0.139029977,0.00195502231
44.1666667,0.139095144,0.00203022172
44.2,0.139162818,0.0020810533
44.2333333,0.139232187,0.00212882483
44.2666667,0.139303147,0.002173474
44.3,0.139375597,0.00222226719
44.3333333,0.139449672,0.00226324352
44.3666667,0.139525114,0.00229339252
44.4,0.13960156,0.00231997193
44.4333333,0.139678892,0.00234294899
44.4666667,0.139756991,0.00236650158
44.5,0.139835874,0.00237741859
44.5333333,0.139915121,0.00238454915
44.5666667,0.139994606,0.00238797019
44.6,0.140074205,0.00238641412
44.6333333,0.140153752,0.00237746107
44.6666667,0.140233001,0.00236524094
44.7,0.140311843,0.00234950542
44.7333333,0.140390159,0.00233029033
44.7666667,0.140467836,0.00229721427
44.8,0.14054441,0.00226610905
44.8333333,0.140619947,0.00223301542
44.8666667,0.14069438,0.00219694466
44.9,0.140767612,0.00215208931
44.9333333,0.140839348,0.00209676746
44.9666667,0.14090924,0.00204933736
45,0.140977552,0.0019996549
45.0333333,0.141044207,0.00194780689
45.0666667,0.141109134,0.00187602464
45.1,0.141171668,0.00181374948
45.1333333,0.141232126,0.00175459889
45.1666667,0.141290613,0.00169417994
45.2,0.141347085,0.00162662226
45.2333333,0.141401306,0.00154475081
45.2666667,0.141452798,0.00148084365
45.3,0.141502159,0.00141663759
45.3333333,0.141549381,0.00135223604
45.3666667,0.141594455,0.00127043428
45.4,0.141636803,0.00119890407
45.4333333,0.141676766,0.00113582132
45.4666667,0.141714627,0.00107349895
45.5,0.14175041,0.001008724
45.5333333,0.141784035,0.00092924406
45.5666667,0.141815009,0.000871958174
45.6,0.141844075,0.00081629621
45.6333333,0.141871285,0.000762340186
45.6666667,0.141896696,0.000699040165
45.7,0.141919997,0.000643440098
45.7333333,0.141941445,0.000598382901
45.7666667,0.141961391,0.000555713029
45.8,0.141979915,0.000514892489
45.8333333,0.141997078,0.000465577016
45.8666667,0.142012597,0.000434163365
45.9,0.14202707,0.000405604534
45.9333333,0.14204059,0.000379933464
45.9666667,0.142053254,0.00035393702
46,0.142065052,0.000333774658
46.0333333,0.142076178,0.000321021612
46.0666667,0.142086879,0.000311347497
46.1,0.142097257,0.000304759555
46.1333333,0.142107415,0.000302535971
46.1666667,0.1421175,0.000306028771
46.2,0.142127701,0.000312574128
46.2333333,0.14213812,0.000322111578
46.2666667,0.142148857,0.00033739555
46.3,0.142160104,0.000359613905
46.3333333,0.142172091,0.000381398271
46.3666667,0.142184804,0.000405843623
46.4,0.142198332,0.000432903081
46.4333333,0.142212762,0.000474029105
46.4666667,0.142228563,0.000510866493
46.5,0.142245592,0.000547942579
46.5333333,0.142263857,0.000587076044
46.5666667,0.142283426,0.000633323893
46.6,0.142304537,0.000689927248
46.6333333,0.142327534,0.000736497555
46.6666667,0.142352084,0.000784421847
46.7,0.142378232,0.000833619612
46.7333333,0.142406019,0.00089925935
46.7666667,0.142435994,0.000956666169
46.8,0.142467883,0.00100955545
46.8333333,0.142501535,0.00106292246
46.8666667,0.142536966,0.00112081563
46.9,0.142574326,0.00119181756
46.9333333,0.142614054,0.00124560056
46.9666667,0.142655574,0.00129905344
47,0.142698875,0.00135209306
47.0333333,0.142743945,0.00141751255
47.0666667,0.142791196,0.00147543235
47.1,0.142840377,0.00152501208
47.1333333,0.14289121,0.00157343425
47.1666667,0.142943658,0.00162230974
47.2,0.142997735,0.00168289871
47.2333333,0.143053832,0.00172505648
47.2666667,0.143111334,0.00176542973
47.3,0.143170181,0.00180396243
47.3333333,0.143230313,0.0018475498
47.3666667,0.143291898,0.00188577955
47.4,0.143354758,0.0019153753
47.4333333,0.143418604,0.00194269033
47.4666667,0.14348336,0.00196768734
47.5,0.14354895,0.00199696014
47.5333333,0.143615515,0.00201395666
47.5666667,0.143682647,0.00202840338
47.6,0.14375026,0.00204031583
47.6333333,0.143818271,0.00205044933
47.6666667,0.143886619,0.00205580345
47.7,0.143955146,0.00205673247
47.7333333,0.144023704,0.00205512165
47.7666667,0.144092208,0.00205098142
47.8,0.144160574,0.00204007154
47.8333333,0.144228576,0.00202752644
47.8666667,0.14429616,0.0020129644
47.9,0.144363259,0.00199609621
47.9333333,0.144429796,0.00197379418
47.9666667,0.144495589,0.00194473097
48,0.144560413,0.00191872634
48.0333333,0.144624371,0.00189081645
48.0666667,0.144687398,0.00186105236
48.1,0.144749433,0.00181854279
48.1333333,0.144810051,0.00178083968
48.1666667,0.144869412,0.00174433366
48.2,0.144927557,0.00170652885
48.2333333,0.144984441,0.00166350168
48.2666667,0.145039891,0.0016105781
48.3,0.145093577,0.00156847759
48.3333333,0.14514586,0.00152571949
48.3666667,0.145196717,0.00148237445
48.4,0.14524613,0.00142635882
48.4333333,0.145293675,0.00137679481
48.4666667,0.145339568,0.00133243641
48.5,0.145383983,0.0012881644
48.5333333,0.145426921,0.0012415027
48.5666667,0.145468305,0.00118353507
48.6,0.145507756,0.00114094102
48.6333333,0.145545787,0.00109907749
48.6666667,0.145582423,0.00105800821
48.7,0.14561769,0.00100886443
48.7333333,0.145651319,0.000964919185
48.7666667,0.145683483,0.000928514759
48.8,0.145714433,0.000893455851
48.8333333,0.145744215,0.000859184286
48.8666667,0.145772855,0.000816529339
48.9,0.145800072,0.000788135541
48.9333333,0.145826344,0.000761512365
48.9666667,0.145851727,0.000736694448
49,0.145876284,0.000709965087
49.0333333,0.145899949,0.000687086052
49.0666667,0.145922852,0.000670624258
49.1,0.145945206,0.000656215671
49.1333333,0.14596708,0.000643877877
49.1666667,0.145988543,0.000631602015
49.2,0.146009596,0.00062605118
49.2333333,0.146030465,0.000622800718
49.2666667,0.146051225,0.000621673644
49.3,0.146071947,0.000623452381
49.3333333,0.146092729,0.000629593517
49.3666667,0.146113715,0.000637403418
49.4,0.146134962,0.000647217108
49.4333333,0.146156536,0.000659012995
49.4666667,0.146178503,0.000678713571
49.5,0.146201127,0.000697532856
49.5333333,0.146224378,0.00071721983
49.5666667,0.146248285,0.000738594137
49.6,0.146272905,0.000764675283
49.6333333,0.146298394,0.00079753827
49.6666667,0.146324979,0.000825337314
49.7,0.14635249,0.000854403297
49.7333333,0.14638097,0.000884685927
49.7666667,0.14641046,0.000926009349
49.8,0.146441327,0.000962715311
49.8333333,0.146473417,0.000997080536
49.8666667,0.146506653,0.00103214583
49.9,0.146541058,0.00107075806
49.9333333,0.14657675,0.00111869619
49.9666667,0.14661404,0.00115565389
50,0.146652562,0.0011927561
50.0333333,0.14669232,0.00122994376
50.0666667,0.146733318,0.00127657959
50.1,0.146775871,0.00131836773
50.1333333,0.146819817,0.00135469985
50.1666667,0.146864973,0.00139057238
50.2,0.146911326,0.00142731746
50.2333333,0.146958903,0.00147354046
50.2666667,0.147008021,0.00150644162
50.3,0.147058236,0.00153839311
50.3333333,0.147109515,0.00156934869
50.3666667,0.147161827,0.00160523175
50.4,0.147215335,0.00163753577
50.4333333,0.147269919,0.00166333345
50.4666667,0.147325364,0.00168775129
50.5,0.147381622,0.00171078835
50.5333333,0.147438648,0.00173933242
50.5666667,0.147496626,0.00175726821
50.6,0.147555202,0.00177356364
50.6333333,0.147614321,0.00178820086
50.6666667,0.147673927,0.00180287123
50.7,0.147734023,0.00181453351
50.7333333,0.147794507,0.00182177161
50.7666667,0.147855233,0.00182724952
50.8,0.147916141,0.00183096408
50.8333333,0.147977174,0.00183221645
50.8666667,0.148038247,0.00183019424
50.9,0.148099254,0.00182642009
50.9333333,0.148160135,0.00182094336
50.9666667,0.148220833,0.00181235123
51,0.148281244,0.00179954856
51.0333333,0.148341229,0.00178711458
51.0666667,0.1484008,0.00177317335
51.1,0.148459906,0.00175775242
51.1333333,0.148518497,0.00173464581
51.1666667,0.148576319,0.00171342609
51.2,0.148633433,0.00169234715
51.2333333,0.148689845,0.00167011112
51.2666667,0.148745515,0.00164423144
51.3,0.148800323,0.00161176366
51.3333333,0.148854048,0.00158535731
51.3666667,0.148906893,0.00155819852
51.4,0.148958833,0.00153033354
51.4333333,0.149009845,0.00149363393
51.4666667,0.149059632,0.00146073763
51.5,0.149108324,0.0014308495
51.5333333,0.149156019,0.00140071027
51.5666667,0.149202709,0.00136849732
51.6,0.149248326,0.00132800642
51.6333333,0.149292592,0.00129771325
51.6666667,0.149335849,0.001267629
51.7,0.149378104,0.00123780087
51.7333333,0.149419364,0.00120148043
51.7666667,0.149459413,0.0011685438
51.8,0.149498365,0.00114076396
51.8333333,0.14953639,0.0011136619
51.8666667,0.149573512,0.00108671554
51.9,0.149609736,0.00105250544
51.9333333,0.14964482,0.00102903752
51.9666667,0.149679121,0.00100660063
52,0.149712674,0.000985226033
52.0333333,0.149745515,0.000961379451
52.0666667,0.149777561,0.000940012163
52.1,0.149808895,0.000923772739
52.1333333,0.149839687,0.000908841115
52.1666667,0.149869982,0.00089523776
52.2,0.149899823,0.000879583384
52.2333333,0.149929143,0.000870381823
52.2666667,0.149958155,0.000862806462
52.3,0.149986915,0.000856676651
52.3333333,0.150015471,0.000851698339
52.3666667,0.150043861,0.000849372993
52.4,0.150072174,0.000849495367
52.4333333,0.15010049,0.000851060552
52.4666667,0.150128859,0.000854061817
52.5,0.150157328,0.000861008163
52.5333333,0.150186028,0.000868878491
52.5666667,0.150214991,0.000877785872
52.6,0.15024425,0.000887996887
52.6333333,0.15027385,0.000901159283
52.6666667,0.150303889,0.00091860251
52.7,0.150334509,0.000933969475
52.7333333,0.150365641,0.000950407501
52.7666667,0.150397321,0.000967887014
52.8,0.150429584,0.000992447541
52.8333333,0.150462666,0.00101472584
52.8666667,0.15049649,0.00103598153
52.9,0.150531023,0.00105795973
52.9333333,0.150566288,0.00108257534
52.9666667,0.150602374,0.001113577
53,0.150639493,0.00113793132
53.0333333,0.150677424,0.00116264195
53.0666667,0.150716179,0.0011876686
53.1,0.150755768,0.00121958662
53.1333333,0.150796421,0.00124852174
53.1666667,0.150838038,0.00127405498
53.2,0.150880507,0.00129952165
53.2333333,0.150923824,0.0013259679
53.2666667,0.150968023,0.00135964838
53.3,0.151013345,0.00138409527
53.3333333,0.151059481,0.00140811114
53.3666667,0.151106418,0.0014316601
53.4,0.15115414,0.00145949769
53.4333333,0.15120279,0.00148501557
53.4666667,0.151252291,0.00150585849
53.5,0.151302486,0.00152592439
53.5333333,0.15135335,0.001545265
53.5666667,0.151404859,0.00156996264
53.6,0.151457191,0.00158619969
53.6333333,0.151510064,0.00160142229
53.6666667,0.151563445,0.00161561139
53.7,0.151617299,0.00163073337
53.7333333,0.151671656,0.00164401778
53.7666667,0.151726457,0.00165343814
53.8,0.151781572,0.00166168891
53.8333333,0.151836961,0.00166876078
53.8666667,0.151892587,0.00167578188
53.9,0.151948446,0.00167907717
53.9333333,0.152004415,0.00168098756
53.9666667,0.152060448,0.00168169406
54,0.152116505,0.00168081064
54.0333333,0.152172532,0.00167741239
54.0666667,0.152228445,0.00167306071
54.1,0.152284214,0.00166757761
54.1333333,0.1523398,0.00166097592
54.1666667,0.152395166,0.00165009253
54.2,0.152450169,0.00163941151
54.2333333,0.152504816,0.00162836476
54.2666667,0.152559095,0.00161637056
54.3,0.152612974,0.00160195597
54.3333333,0.152666372,0.00158332403
54.3666667,0.15271915,0.00156772934
54.4,0.152771408,0.00155142853
54.4333333,0.152823122,0.00153445042
54.4666667,0.15287427,0.00151157925
54.5,0.152924656,0.00149075003
54.5333333,0.152974348,0.00147151001
54.5666667,0.153023398,0.00145188718
54.6,0.153071794,0.00143059944
54.6333333,0.153119481,0.00140350564
54.6666667,0.153166265,0.00138286615
54.7,0.15321236,0.00136215909
54.7333333,0.153257765,0.00134141787
54.7666667,0.153302479,0.00131573995
54.8,0.153346337,0.00129216752
54.8333333,0.15338941,0.00127196527
54.8666667,0.153431808,0.00125203663
54.9,0.153473543,0.00123192974
54.9333333,0.153514607,0.00120601809
54.9666667,0.153554808,0.00118782108
55,0.153594402,0.00117017315
55.0333333,0.153633408,0.00115310012
55.0666667,0.153671844,0.00113357647
55.1,0.15370963,0.00111560246
55.1333333,0.153746817,0.00110148707
55.1666667,0.153783533,0.00108816086
55.2,0.153819805,0.00107564317
55.2333333,0.15385566,0.00106029956
55.2666667,0.153891003,0.00105051821
55.3,0.153926021,0.0010418193
55.3333333,0.153960748,0.0010340629
55.3666667,0.153995217,0.00102645652
55.4,0.154029432,0.00102040087
55.4333333,0.154063445,0.00101683989
55.4666667,0.15409734,0.00101427513
55.5,0.154131149,0.00101270782
55.5333333,0.154164906,0.00101268756
55.5666667,0.154198662,0.00101437908
55.6,0.154232475,0.00101703956
55.6333333,0.154266376,0.00102065926
55.6666667,0.154300398,0.00102600996
55.7,0.154334599,0.00103395508
55.7333333,0.154369064,0.00104148817
55.7666667,0.15440378,0.00104986661
55.8,0.154438776,0.00105907439
55.8333333,0.154474078,0.00107258608
55.8666667,0.154509831,0.00108523951
55.9,0.154546006,0.001097612
55.9333333,0.154582593,0.00111062883
55.9666667,0.154619614,0.00112551561
56,0.154657131,0.00114461594
56.0333333,0.154695285,0.00115994837
56.0666667,0.15473395,0.00117569474
56.1,0.154773139,0.00119182876
56.1333333,0.154812867,0.00121278336
56.1666667,0.154853293,0.0012320189
56.2,0.15489436,0.0012492499
56.2333333,0.154936002,0.00126661085
56.2666667,0.154978222,0.00128488607
56.3,0.155021052,0.00130843022
56.3333333,0.155064666,0.00132583202
56.3666667,0.155108861,0.0013431044
56.4,0.155153631,0.00136022085
56.4333333,0.155198972,0.00138080487
56.4666667,0.155244998,0.00139994003
56.5,0.155291663,0.00141585827
56.5333333,0.155338858,0.001431384
56.5666667,0.155386571,0.00144660099
56.6,0.155434791,0.00146642485
56.6333333,0.155483672,0.0014798643
56.6666667,0.155533001,0.00149271415
56.7,0.155582758,0.00150495712
56.7333333,0.155632923,0.00151846878
56.7666667,0.155683539,0.0015308979
56.8,0.155734569,0.00154021961
56.8333333,0.155785909,0.00154879883
56.8666667,0.155837536,0.00155662443
56.9,0.155889423,0.0015655849
56.9333333,0.15594161,0.00157102096
56.9666667,0.155993977,0.00157543601
57,0.156046492,0.00157903453
57.0333333,0.156099126,0.0015819902
57.0666667,0.156151859,0.00158351924
57.1,0.156204643,0.001583593
57.1333333,0.156257429,0.00158285499
57.1666667,0.156310191,0.00158130943
57.2,0.156362902,0.00157766209
57.2333333,0.15641549,0.00157334899
57.2666667,0.156467935,0.0015684881
57.3,0.156520218,0.00156289724
57.3333333,0.156572315,0.00155578563
57.3666667,0.156624174,0.00154608884
57.4,0.156675711,0.00153761551
57.4333333,0.156726964,0.00152854568
57.4666667,0.156777916,0.00151889628
57.5,0.156828546,0.00150550394
57.5333333,0.156878729,0.00149303738
57.5666667,0.156928497,0.00148129233
57.6,0.156977874,0.00146914904
57.6333333,0.157026845,0.00145574828
57.6666667,0.15707537,0.00143843798
57.7,0.157123318,0.00142499226
57.7333333,0.157170818,0.00141135538
57.7666667,0.157217863,0.00139755004
57.8,0.157264448,0.00138016754
57.8333333,0.157310454,0.00136401833
57.8666667,0.157355921,0.00134996493
57.9,0.15740092,0.00133595837
57.9333333,0.157445452,0.00132163176
57.9666667,0.157489506,0.00130293475
58,0.157532937,0.00128953737
58.0333333,0.157575922,0.00127639104
58.0666667,0.157618468,0.00126351575
58.1,0.157660585,0.00124849975
58.1333333,0.157702202,0.0012344158
58.1666667,0.157743349,0.00122309255
58.2,0.157784119,0.00121221313
58.2333333,0.157824526,0.00120179395
58.2666667,0.157864586,0.00118852721
58.3,0.157904204,0.00117972303
58.3333333,0.157943528,0.00117159504
58.3666667,0.157982581,0.00116405259
58.4,0.158021383,0.00115615413
58.4333333,0.158059921,0.00114911793
58.4666667,0.158098225,0.00114426918
58.5,0.158136367,0.00114007992
58.5333333,0.15817437,0.00113655501
58.5666667,0.158212255,0.00113323609
58.6,0.15825003,0.00113181322
58.6333333,0.158287757,0.00113119058
58.6666667,0.158325463,0.00113124369
58.7,0.158363171,0.00113222065
58.7333333,0.158400912,0.0011346965
58.7666667,0.158438735,0.00113758406
58.8,0.158476655,0.00114110416
58.8333333,0.158514691,0.00114524924
58.8666667,0.158552866,0.00115183611
58.9,0.158591261,0.00115836702
58.9333333,0.158629873,0.00116499137
58.9666667,0.158668706,0.00117214249
59,0.158707778,0.00118055907
59.0333333,0.15874713,0.00119165207
59.0666667,0.158786851,0.00120080118
59.1,0.158826878,0.00121033995
59.1333333,0.158867223,0.00122025202
59.1666667,0.158907898,0.00123340022
59.2,0.158949011,0.00124565061
59.2333333,0.158990533,0.00125680341
59.2666667,0.159032426,0.00126816335
59.3,0.159074698,0.00128029303
59.3333333,0.159117375,0.00129610745
59.3666667,0.159160578,0.00130800719
59.4,0.159204179,0.00131993697
59.4333333,0.159248176,0.00133187806
59.4666667,0.159292572,0.00134647211
59.5,0.159337455,0.00136020366
59.5333333,0.159382795,0.00137181256
59.5666667,0.159428522,0.00138326068
59.6,0.159474631,0.00139464377
59.6333333,0.159521119,0.00140969595
59.6666667,0.159568109,0.00142014616
59.7,0.159615447,0.00143028227
59.7333333,0.159663123,0.00144008999
59.7666667,0.159711126,0.00145118116
59.8,0.159759499,0.0014616644
59.8333333,0.159808221,0.00146979336
59.8666667,0.159857214,0.00147747551
59.9,0.159906463,0.00148470027
59.9333333,0.159955953,0.00149350021
59.9666667,0.160005736,0.00149928175
60,0.160055713,0.00150435379
60.0333333,0.160105858,0.00150889539
60.0666667,0.160156154,0.00151333957
60.1,0.160206599,0.00151702945
60.1333333,0.160257166,0.00151921525
60.1666667,0.160307807,0.00152084266
60.2,0.160358502,0.0015219113
60.2333333,0.160409232,0.00152219435
60.2666667,0.160459972,0.00152145393
60.3,0.160510687,0.00152015855
60.3333333,0.160561359,0.00151832789
60.3666667,0.16061197,0.00151560653
60.4,0.16066249,0.00151138079
60.4333333,0.16071287,0.00150736961
60.4666667,0.160763115,0.00150288877
60.5,0.160813211,0.00149794747
60.5333333,0.160863143,0.00149076617
60.5666667,0.160912835,0.00148384542
60.6,0.160962297,0.00147715036
60.6333333,0.161011535,0.00147009979
60.6666667,0.161060538,0.00146214938
60.7,0.161109277,0.00145167394
60.7333333,0.161157666,0.00144334927
60.7666667,0.161205778,0.00143479896
60.8,0.161253604,0.00142603782
60.8333333,0.161301139,0.00141480008
60.8666667,0.161348299,0.00140422178
60.9,0.161395106,0.00139487125
60.9333333,0.161441602,0.00138545433
60.9666667,0.161487784,0.00137568974
61,0.16153364,0.00136279353
61.0333333,0.161579066,0.0013533781
61.0666667,0.161624179,0.00134404112
61.1,0.16166898,0.00133479731
61.1333333,0.161713474,0.001323829
61.1666667,0.161757601,0.00131339184
61.2,0.161801381,0.0013048399
61.2333333,0.161844876,0.00129651258
61.2666667,0.161888093,0.00128842282
61.3,0.16193104,0.00127783567
61.3333333,0.161973635,0.00127063457
61.3666667,0.162015989,0.0012638252
61.4,0.162058117,0.00125735883
61.4333333,0.162100029,0.00125033721
61.4666667,0.162141707,0.00124376267
61.5,0.162183165,0.00123894074
61.5333333,0.162224463,0.001234536
61.5666667,0.162265615,0.00123055442
61.6,0.162306633,0.00122611762
61.6333333,0.162347504,0.00122343725
61.6666667,0.162388285,0.00122136568
61.7,0.162428997,0.00121975068
61.7333333,0.162469655,0.00121855515
61.7666667,0.162510274,0.00121817431
61.8,0.16255088,0.00121852649
61.8333333,0.162591497,0.00121933081
61.8666667,0.162632142,0.00122058469
61.9,0.162672828,0.00122309148
61.9333333,0.162713598,0.0012259403
61.9666667,0.162754462,0.00122903674
62,0.16279543,0.00123253788
62.0333333,0.162836515,0.00123685447
62.0666667,0.162877743,0.00124280283
62.1,0.16291917,0.00124789953
62.1333333,0.162960767,0.00125332516
62.1666667,0.163002544,0.0012590701
62.2,0.163044513,0.0012668962
62.2333333,0.163086743,0.00127433136
62.2666667,0.163129221,0.00128122787
62.3,0.163171928,0.00128834169
62.3333333,0.163214873,0.0012960589
62.3666667,0.163258075,0.00130625843
62.4,0.163301617,0.00131407892
62.4333333,0.16334542,0.0013220008
62.4666667,0.163389486,0.00133001139
62.5,0.16343382,0.00133996116
62.5333333,0.163478485,0.00134943094
62.5666667,0.163523466,0.00135755949
62.6,0.163568718,0.00136565681
62.6333333,0.16361424,0.00137381581
62.6666667,0.163660034,0.00138473894
62.7,0.163706192,0.00139247747
62.7333333,0.163752608,0.00140007147
62.7666667,0.163799277,0.00140750988
62.8,0.163846194,0.00141608591
62.8333333,0.163893397,0.00142434369
62.8666667,0.163940875,0.00143090127
62.9,0.163988572,0.00143720793
62.9333333,0.164036479,0.00144325469
62.9666667,0.164084587,0.0014508996
63,0.16413295,0.00145612499
63.0333333,0.164181488,0.00146088421
63.0666667,0.164230184,0.00146531497
63.1,0.164279028,0.00146992895
63.1333333,0.164328026,0.00147418638
63.1666667,0.164377165,0.00147711045
63.2,0.164426402,0.00147966629
63.2333333,0.164475724,0.00148185136
63.2666667,0.164525119,0.00148398545
63.3,0.164574586,0.00148503514
63.3333333,0.164624087,0.00148560396
63.3666667,0.164673607,0.00148579712
63.4,0.164723133,0.00148551941
63.4333333,0.164772651,0.00148442475
63.4666667,0.164822132,0.00148304465
63.5,0.164871566,0.00148131426
63.5333333,0.164920944,0.00147923797
63.5666667,0.164970251,0.00147592603
63.6,0.165019449,0.00147251147
63.6333333,0.165068533,0.00146906522
63.6666667,0.165117502,0.00146532881
63.7,0.165166346,0.00146098164
63.7333333,0.165215045,0.001455077
63.7666667,0.165263548,0.00145024203
63.8,0.165311889,0.00144519399
63.8333333,0.165360062,0.00143994206
63.8666667,0.16540806,0.00143305416
63.9,0.165455829,0.00142646431
63.9333333,0.165503378,0.00142053783
63.9666667,0.165550729,0.00141450029
64,0.165597879,0.0014081477
64.0333333,0.165644817,0.00139965043
64.0666667,0.165691472,0.00139332897
64.1,0.165737916,0.00138699496
64.1333333,0.16578415,0.00138065879
64.1666667,0.165830172,0.0013730164
64.2,0.165875939,0.00136565209
64.2333333,0.165921461,0.00135951597
64.2666667,0.165966778,0.00135347298
64.3,0.166011894,0.00134753278
64.3333333,0.166056811,0.00133958338
64.3666667,0.166101464,0.00133408157
64.4,0.166145933,0.0013287843
64.4333333,0.166190226,0.00132367248
64.4666667,0.166234349,0.00131798169
64.5,0.166278281,0.00131249771
64.5333333,0.166322031,0.00130832843
64.5666667,0.166365642,0.00130440944
64.6,0.166409123,0.00130074647
64.6333333,0.166452481,0.00129637855
64.6666667,0.166495693,0.0012934824
64.7,0.16653881,0.00129102035
64.7333333,0.166581844,0.00128885377
64.7666667,0.166624805,0.0012868133
64.8,0.166667699,0.00128517884
64.8333333,0.166710538,0.00128432159
64.8666667,0.166753349,0.00128377415
64.9,0.166796142,0.00128353657
64.9333333,0.166838926,0.00128383585
64.9666667,0.166881721,0.00128462695
65,0.166924542,0.00128569798
65.0333333,0.166967398,0.00128706471
65.0666667,0.1670103,0.00128892859
65.1,0.167053265,0.00129174196
65.1333333,0.167096323,0.00129431155
65.1666667,0.167139466,0.00129713948
65.2,0.167182704,0.00130022054
65.2333333,0.167226045,0.00130457795
65.2666667,0.167269531,0.00130883635
65.3,0.167313159,0.00131287965
65.3333333,0.167356922,0.00131711714
65.3666667,0.167400825,0.00132180168
65.4,0.167444885,0.0013280994
65.4333333,0.167489155,0.00133303095
65.4666667,0.16753359,0.00133808425
65.5,0.167578193,0.00134325104
65.5333333,0.167622968,0.00134977932
65.5666667,0.16766796,0.00135606756
65.6,0.167713163,0.00136154757
65.6333333,0.167758547,0.00136706089
65.6666667,0.167804116,0.0013726888
65.7,0.167849872,0.00138030896
65.7333333,0.167895883,0.0013858082
65.7666667,0.167942076,0.00139126069
65.8,0.167988452,0.00139665833
65.8333333,0.168035007,0.00140298667
65.8666667,0.168081773,0.00140916725
65.9,0.168128745,0.00141416989
65.9333333,0.168175884,0.00141904535
65.9666667,0.168223186,0.00142378654
66,0.168270646,0.00142994391
66.0333333,0.16831831,0.00143425591
66.0666667,0.168366119,0.00143827904
66.1,0.168414061,0.00144211027
66.1333333,0.168462132,0.00144624088
66.1666667,0.16851034,0.00145023789
66.2,0.168558681,0.00145315253
66.2333333,0.16860712,0.00145583507
66.2666667,0.168655647,0.00145828231
66.3,0.168704257,0.00146104108
66.3333333,0.168752958,0.00146280908
66.3666667,0.168801718,0.00146419701
66.4,0.168850525,0.00146533212
66.4333333,0.168899369,0.00146626108
66.4666667,0.168948245,0.00146679127
66.5,0.168997138,0.00146683895
66.5333333,0.169046032,0.00146663718
66.5666667,0.16909492,0.00146618751
66.6,0.169143793,0.00146514137
66.6333333,0.169192631,0.00146382201
66.6666667,0.169241425,0.00146235791
66.7,0.169290171,0.00146067155
66.7333333,0.16933886,0.00145859377
66.7666667,0.16938748,0.00145560742
66.8,0.169436,0.00145304599
66.8333333,0.169484435,0.00145030485
66.8666667,0.169532778,0.00144738938
66.9,0.169581024,0.00144344924
66.9333333,0.169629139,0.00143959209
66.9666667,0.169677126,0.00143604952
67,0.169724994,0.00143238942
67.0333333,0.16977274,0.00142847238
67.0666667,0.169820356,0.00142315162
67.1,0.169867795,0.00141911141
67.1333333,0.169915098,0.00141501791
67.1666667,0.169962266,0.00141087814
67.2,0.170009295,0.0014058004
67.2333333,0.170056155,0.0014008465
67.2666667,0.17010285,0.0013966521
67.3,0.170149405,0.00139247759
67.3333333,0.170195821,0.00138832986
67.3666667,0.170242098,0.00138266726
67.4,0.170288187,0.00137869337
67.4333333,0.170334144,0.00137480889
67.4666667,0.170379971,0.00137101259
67.5,0.170425671,0.00136670243
67.5333333,0.170471228,0.00136246718
67.5666667,0.170516643,0.00135916506
67.6,0.170561949,0.00135600322
67.6333333,0.170607149,0.00135298654
67.6666667,0.170652249,0.00134924453
67.7,0.170697223,0.0013466516
67.7333333,0.170742112,0.00134435071
67.7666667,0.170786923,0.00134223212
67.8,0.170831665,0.00134008594
67.8333333,0.170876334,0.0013381145
67.8666667,0.170920938,0.00133682993
67.9,0.170965499,0.00133574886
67.9333333,0.171010024,0.00133487256
67.9666667,0.17105452,0.00133413391
68,0.171098991,0.00133389608
68.0333333,0.171143454,0.00133391068
68.0666667,0.171187918,0.00133413201
68.1,0.171232389,0.00133463649
68.1333333,0.171276877,0.00133566311
68.1666667,0.171321399,0.00133674891
68.2,0.171365957,0.00133802673
68.2333333,0.171410558,0.00133949407
68.2666667,0.171455208,0.00134170164
68.3,0.171499931,0.00134396152
68.3333333,0.17154473,0.00134617828
68.3666667,0.171589602,0.00134855327
68.4,0.171634554,0.00135124374
68.4333333,0.171679596,0.00135494573
68.4666667,0.17172476,0.00135791874
68.5,0.171770024,0.0013610071
68.5333333,0.171815391,0.00136420569
68.5666667,0.171860865,0.00136832521
68.6,0.171906476,0.00137234765
68.6333333,0.171952221,0.00137590924
68.6666667,0.171998084,0.00137952973
68.7,0.172044069,0.00138327498
68.7333333,0.172090178,0.0013884036
68.7666667,0.172136458,0.00139217159
68.8,0.172182864,0.00139594424
68.8333333,0.172229395,0.00139971584
68.8666667,0.172276052,0.00140420699
68.9,0.172322859,0.001408646
68.9333333,0.172369814,0.00141229909
68.9666667,0.172416891,0.00141589889
69,0.172464087,0.00141944012
69.0333333,0.172511402,0.00142413981
69.0666667,0.172558873,0.00142748744
69.1,0.172606456,0.00143066787
69.1333333,0.172654145,0.00143374462
69.1666667,0.172701937,0.00143714238
69.2,0.172749841,0.00144052253
69.2333333,0.172797859,0.00144307535
69.2666667,0.172845961,0.00144548936
69.3,0.172894144,0.00144776148
69.3333333,0.172942403,0.00145048367
69.3666667,0.172990752,0.00145237383
69.4,0.173039165,0.00145398251
69.4333333,0.173087631,0.0014554282
69.4666667,0.173136145,0.00145682374
69.5,0.173184706,0.00145806175
69.5333333,0.173233308,0.00145878668
69.5666667,0.173281934,0.00145934138
69.6,0.173330579,0.00145972588
69.6333333,0.173379237,0.00145989791
69.6666667,0.1734279,0.00145974144
69.7,0.173476558,0.00145940839
69.7333333,0.173525205,0.00145891352
69.7666667,0.173573835,0.00145818488
69.8,0.173622441,0.00145696511
69.8333333,0.173671007,0.00145581284
69.8666667,0.173719534,0.00145451978
69.9,0.173768018,0.00145308887
69.9333333,0.173816454,0.00145105815
69.9666667,0.173864823,0.00144899233
70,0.173913123,0.00144703823
70.0333333,0.173961357,0.00144497902
70.0666667,0.174009523,0.00144272588
70.1,0.174057614,0.00143959879
70.1333333,0.174105601,0.00143716479
70.1666667,0.174153506,0.00143466568
70.2,0.174201328,0.00143210601
70.2333333,0.174249065,0.00142890679
70.2666667,0.174296696,0.00142574179
70.3,0.17434422,0.00142301705
70.3333333,0.174391654,0.0014202758
70.3666667,0.174438997,0.00141751964
70.4,0.174486247,0.00141369324
70.4333333,0.17453337,0.00141096645
70.4666667,0.174580403,0.00140826697
70.5,0.174627345,0.00140559924
70.5333333,0.174674198,0.00140251788
70.5666667,0.174720949,0.00139944421
70.6,0.174767597,0.00139699906
70.6333333,0.174814164,0.00139462504
70.6666667,0.174860651,0.00139232601
70.7,0.174907062,0.00138939362
70.7333333,0.174953375,0.00138730751
70.7666667,0.174999619,0.0013854067
70.8,0.175045799,0.0013836121
70.8333333,0.175091919,0.00138172336
70.8666667,0.175137977,0.0013798876
70.9,0.175183973,0.00137859844
70.9333333,0.175229926,0.00137743705
70.9666667,0.175275841,0.0013764051
71,0.175321721,0.00137531339
71.0333333,0.175367565,0.00137466087
71.0666667,0.175413387,0.00137421037
71.1,0.175459194,0.00137389843
71.1333333,0.17550499,0.00137373343
71.1666667,0.175550782,0.00137383516
71.2,0.175596576,0.00137411819
71.2333333,0.17564238,0.00137453744
71.2666667,0.175688198,0.00137509199
71.3,0.175734034,0.00137604665
71.3333333,0.175779903,0.00137711753
71.3666667,0.175825806,0.00137822496
71.4,0.175871747,0.00137945323
71.4333333,0.175917729,0.00138089442
71.4666667,0.175963759,0.0013829473
71.5,0.176009857,0.00138465067
71.5333333,0.176056012,0.00138645122
71.5666667,0.176102227,0.00138834599
71.6,0.176148505,0.00139084214
71.6333333,0.176194867,0.00139332021
71.6666667,0.176241311,0.00139555306
71.7,0.176287829,0.00139784881
71.7333333,0.176334424,0.00140025765
71.7666667,0.176381099,0.00140359657
71.8,0.176427886,0.00140609464
71.8333333,0.176474756,0.00140862038
71.8666667,0.17652171,0.00141116993
71.9,0.176568749,0.0014142522
71.9333333,0.176615891,0.00141733216
71.9666667,0.176663135,0.0014199059
72,0.176710465,0.00142246734
72.0333333,0.176757881,0.0014250127
72.0666667,0.176805381,0.00142845525
72.1,0.176852996,0.00143093995
72.1333333,0.176900694,0.00143333621
72.1666667,0.176948472,0.00143568303
72.2,0.176996328,0.00143832399
72.2333333,0.177044272,0.0014410009
72.2666667,0.177092306,0.00144307328
72.3,0.177140408,0.00144506801
72.3333333,0.177188577,0.00144698248
72.3666667,0.17723681,0.00144936136
72.4,0.177285122,0.00145107972
72.4333333,0.177333491,0.00145260011
72.4666667,0.177381911,0.0014540203
72.5,0.177430379,0.00145547401
72.5333333,0.177478894,0.00145689995
72.5666667,0.177527458,0.00145786294
72.6,0.177576053,0.00145871454
72.6333333,0.177624677,0.00145945412
72.6666667,0.177673326,0.00146019504
72.7,0.177721999,0.0014606155
72.7333333,0.177770686,0.00146086862
72.7666667,0.177819381,0.00146100906
72.8,0.177868082,0.00146102336
72.8333333,0.177916783,0.00146080329
72.8666667,0.177965476,0.00146047317
72.9,0.178014158,0.00146003877
72.9333333,0.178062826,0.00145950148
72.9666667,0.178111476,0.00145864667
73,0.178160098,0.00145770018
73.0333333,0.178208688,0.00145675665
73.0666667,0.178257247,0.00145572763
73.1,0.178305771,0.00145456184
73.1333333,0.178354256,0.00145288464
73.1666667,0.178402686,0.00145153298
73.2,0.17845107,0.00145011942
73.2333333,0.178499407,0.00144864678
73.2666667,0.178547696,0.00144676214
73.3,0.178595921,0.00144486318
73.3333333,0.178644083,0.00144319683
73.3666667,0.17869219,0.00144149949
73.4,0.17874024,0.00143976715
73.4333333,0.178788232,0.00143732862
73.4666667,0.178836143,0.00143555529
73.5,0.178883995,0.00143378056
73.5333333,0.178931787,0.00143200753
73.5666667,0.178979521,0.00142992547
73.6,0.179027185,0.00142782089
73.6333333,0.179074779,0.00142611661
73.6666667,0.179122316,0.00142444239
73.7,0.179169798,0.0014228011
73.7333333,0.179217225,0.00142066008
73.7666667,0.17926458,0.00141910881
73.8,0.179311884,0.00141766757
73.8333333,0.179359139,0.00141628361
73.8666667,0.179406349,0.00141478949
73.9,0.179453508,0.00141329109
73.9333333,0.179500618,0.00141219514
73.9666667,0.179547691,0.00141117535
74,0.17959473,0.00141023336
74.0333333,0.179641738,0.00140915513
74.0666667,0.17968871,0.00140842714
74.1,0.179735657,0.00140784778
74.1333333,0.179782586,0.00140735737
74.1666667,0.179829498,0.00140693274
74.2,0.179876395,0.00140663068
74.2333333,0.179923283,0.0014065329
74.2666667,0.179970168,0.00140652772
74.3,0.180017052,0.00140661506
74.3333333,0.180063939,0.00140689879
74.3666667,0.180110836,0.0014073119
74.4,0.180157746,0.00140778867
74.4333333,0.180204672,0.0014083531
74.4666667,0.180251617,0.0014090553
74.5,0.180298586,0.00141011432
74.5333333,0.18034559,0.00141103437
74.5666667,0.180392624,0.00141203039
74.6,0.180439692,0.00141310072
74.6333333,0.180486795,0.00141455106
74.6666667,0.180533947,0.00141602175
74.7,0.180581148,0.00141737367
74.7333333,0.180628393,0.00141878191
74.7666667,0.180675686,0.00142028287
74.8,0.180723029,0.00142239218
74.8333333,0.180770442,0.00142400073
74.8666667,0.180817909,0.00142564373
74.9,0.18086543,0.00142731871
74.9333333,0.180913007,0.00142937485
74.9666667,0.180960653,0.0014314514
75,0.181008368,0.00143321236
75.0333333,0.181056142,0.00143498133
75.0666667,0.181103975,0.00143675575
75.1,0.181151867,0.00143919784
75.1333333,0.18119984,0.00144098005
75.1666667,0.181247873,0.00144272177
75.2,0.181295963,0.00144444536
75.2333333,0.181344111,0.00144641642
75.2666667,0.181392325,0.00144844245
75.3,0.181440607,0.00145004194
75.3333333,0.181488941,0.00145160202
75.3666667,0.181537328,0.00145312064
75.4,0.181585766,0.00145505749
75.4333333,0.181634267,0.00145649067
75.4666667,0.181682817,0.00145779062
75.5,0.18173141,0.00145903238
75.5333333,0.181780045,0.00146034587
75.5666667,0.181828723,0.00146169433
75.6,0.181877446,0.00146266004
75.6333333,0.181926201,0.00146355607
75.6666667,0.181974986,0.00146438157
75.7,0.182023799,0.00146531443
75.7333333,0.182072643,0.00146596482
75.7666667,0.182121509,0.00146647421
75.8,0.182170391,0.00146690838
75.8333333,0.182219288,0.0014672861
75.8666667,0.182268197,0.0014675792
75.9,0.182317117,0.00146769088
75.9333333,0.18236604,0.00146772885
75.9666667,0.182414964,0.00146769365
76,0.182463887,0.00146751966
76.0333333,0.182512805,0.00146723421
76.0666667,0.182561712,0.00146690047
76.1,0.182610609,0.00146650163
76.1333333,0.182659492,0.0014660128
76.1666667,0.18270836,0.00146525031
76.2,0.182757201,0.00146459584
76.2333333,0.182806021,0.00146388925
76.2666667,0.182854817,0.0014631322
76.3,0.182903588,0.00146212806
76.3333333,0.182952326,0.00146108634
76.3666667,0.183001029,0.0014601486
76.4,0.183049701,0.00145917748
76.4333333,0.18309834,0.00145816764
76.4666667,0.183146945,0.00145671968
76.5,0.183195503,0.00145564172
76.5333333,0.183244024,0.0014545495
76.5666667,0.183292509,0.00145344512
76.6,0.183340957,0.00145212518
76.6333333,0.183389361,0.00145077249
76.6666667,0.18343772,0.00144965782
76.7,0.183486042,0.00144855052
76.7333333,0.183534327,0.00144745263
76.7666667,0.183582576,0.00144599108
76.8,0.183630776,0.00144491643
76.8333333,0.183678939,0.00144390176
76.8666667,0.18372707,0.00144291446
76.9,0.183775167,0.00144182731
76.9333333,0.183823228,0.00144071435
76.9666667,0.183871251,0.00143987768
77,0.183919247,0.0014390835
77.0333333,0.183967217,0.00143833321
77.0666667,0.184015161,0.00143743704
77.1,0.184063076,0.00143679957
77.1333333,0.184110969,0.00143626383
77.1666667,0.184158845,0.00143578258
77.2,0.184206704,0.00143532287
77.2333333,0.184254548,0.00143491039
77.2666667,0.184302378,0.00143467714
77.3,0.184350201,0.00143450422
77.3333333,0.184398018,0.00143439193
77.3666667,0.184445831,0.00143436286
77.4,0.184493643,0.00143444981
77.4333333,0.184541458,0.00143460036
77.4666667,0.184589278,0.0014348117
77.5,0.184637105,0.00143510877
77.5333333,0.184684942,0.00143560728
77.5666667,0.184732796,0.00143607214
77.6,0.184780665,0.00143659307
77.6333333,0.184828551,0.00143716927
77.6666667,0.184876457,0.00143797893
77.7,0.184924389,0.00143882294
77.7333333,0.18497235,0.00143961708
77.7666667,0.185020337,0.00144045696
77.8,0.185068353,0.00144136796
77.8333333,0.185116398,0.00144266859
77.8666667,0.185164487,0.00144368077
77.9,0.18521261,0.00144472581
77.9333333,0.185260767,0.00144580219
77.9666667,0.185308961,0.00144714433
78,0.185357199,0.00144851431
78.0333333,0.185405483,0.00144969296
78.0666667,0.185453806,0.00145088773
78.1,0.185502169,0.00145209693
78.1333333,0.185550572,0.001453789
78.1666667,0.185599032,0.00145503593
78.2,0.185647533,0.00145626946
78.2333333,0.185696075,0.00145750146
78.2666667,0.185744658,0.00145893082
78.3,0.185793289,0.00146041664
78.3333333,0.18584197,0.00146160926
78.3666667,0.18589069,0.00146278511
78.4,0.18593945,0.00146394265
78.4333333,0.185988248,0.00146544991
78.4666667,0.186037096,0.00146658388
78.5,0.186085982,0.0014676316
78.5333333,0.186134903,0.00146864797
78.5666667,0.186183858,0.00146974775
78.6,0.18623285,0.00147090714
78.6333333,0.18628188,0.0014717667
78.6666667,0.186330939,0.00147258488
78.7,0.186380025,0.00147336083
78.7333333,0.186429137,0.0014742859
78.7666667,0.18647828,0.00147497635
78.8,0.186527446,0.00147555596
78.8333333,0.186576631,0.00147608746
78.8666667,0.186625834,0.00147660501
78.9,0.186675054,0.00147711955
78.9333333,0.186724292,0.00147743916
78.9666667,0.18677354,0.00147770888
79,0.186822797,0.00147792879
79.0333333,0.186872061,0.00147811691
79.0666667,0.186921331,0.00147819403
79.1,0.186970605,0.00147820452
79.1333333,0.187019878,0.00147816796
79.1666667,0.18706915,0.00147807699
79.2,0.18711842,0.00147786156
79.2333333,0.187167682,0.00147763434
79.2666667,0.187216936,0.00147736652
79.3,0.187266182,0.00147705899
79.3333333,0.187315417,0.00147661856
79.3666667,0.187364638,0.00147613199
79.4,0.187413842,0.00147567423
79.4333333,0.187463031,0.00147518654
79.4666667,0.187512204,0.00147466457
79.5,0.187561359,0.00147389255
79.5333333,0.187610489,0.00147329868
79.5666667,0.187659599,0.00147268674
79.6,0.187708689,0.00147205804
79.6333333,0.187757757,0.00147129
79.6666667,0.1878068,0.00147048889
79.7,0.187855817,0.00146981571
79.7333333,0.18790481,0.00146913869
79.7666667,0.187953782,0.00146845921
79.8,0.18800273,0.00146753558
79.8333333,0.188051648,0.00146684682
79.8666667,0.188100543,0.00146618665
79.9,0.188149416,0.00146553668
79.9333333,0.188198267,0.0014648084
79.9666667,0.188247094,0.00146405094
80,0.188295896,0.00146346924
80.0333333,0.188344678,0.00146290908
80.0666667,0.188393442,0.00146237156
80.1,0.188442188,0.00146171106
80.1333333,0.188490911,0.00146122758
80.1666667,0.188539619,0.00146080877
80.2,0.188588312,0.00146042151
80.2333333,0.188636993,0.00146003496
80.2666667,0.188685661,0.00145966072
80.3,0.188734316,0.00145942256
80.3333333,0.188782964,0.00145922198
80.3666667,0.188831605,0.00145905942
80.4,0.18888024,0.00145892403
80.4333333,0.188928871,0.00145887988
80.4666667,0.1889775,0.00145888737
80.5,0.18902613,0.00145893527
80.5333333,0.189074761,0.0014590348
80.5666667,0.189123395,0.00145924583
80.6,0.189172037,0.00145946669
80.6333333,0.189220686,0.00145972701
80.6666667,0.189269343,0.00146002648
80.7,0.189318011,0.00146046705
80.7333333,0.189366693,0.00146094226
80.7666667,0.189415391,0.0014614013
80.8,0.189464104,0.00146189504
80.8333333,0.189512834,0.00146244081
80.8666667,0.189561582,0.00146323344
80.9,0.189610357,0.00146386331
80.9333333,0.189659152,0.00146452081
80.9666667,0.18970797,0.00146520506
81,0.18975681,0.00146607171
81.0333333,0.189805679,0.00146696557
81.0666667,0.189854578,0.0014677454
81.1,0.189903502,0.00146854276
81.1333333,0.189952454,0.0014693566
81.1666667,0.190001432,0.00147051353
81.2,0.19005045,0.00147137348
81.2333333,0.190099495,0.00147223386
81.2666667,0.19014857,0.00147310037
81.3,0.190197673,0.00147411906
81.3333333,0.19024681,0.00147518787
81.3666667,0.190295983,0.00147605839
81.4,0.190345185,0.00147692456
81.4333333,0.190394416,0.00147778531
81.4666667,0.190443676,0.00147892589
81.5,0.190492973,0.00147979463
81.5333333,0.1905423,0.00148060938
81.5666667,0.190591653,0.00148140912
81.6,0.190641034,0.00148228986
81.6333333,0.190690443,0.00148323488
81.6666667,0.190739884,0.00148395276
81.7,0.19078935,0.0014846476
81.7333333,0.190838838,0.00148531869
81.7666667,0.190888348,0.0014861453
81.8,0.190937887,0.00148678398
81.8333333,0.190987446,0.00148733931
81.8666667,0.191037024,0.0014878653
81.9,0.19108662,0.00148840138
81.9333333,0.191136233,0.00148897464
81.9666667,0.191185865,0.00148936738
82,0.191235511,0.00148972776
82.0333333,0.191285169,0.00149005561
82.0666667,0.191334837,0.00149041128
82.1,0.191384518,0.00149066615
82.1333333,0.191434206,0.00149085327
82.1666667,0.191483901,0.0014910079
82.2,0.191533602,0.00149113364
82.2333333,0.191583306,0.00149122402
82.2666667,0.191633014,0.00149124331
82.3,0.191682722,0.00149123274
82.3333333,0.19173243,0.00149119273
82.3666667,0.191782136,0.00149109542
82.4,0.191831839,0.00149095146
82.4333333,0.191881538,0.00149079553
82.4666667,0.191931231,0.00149061536
82.5,0.191980918,0.00149040853
82.5333333,0.192030598,0.00149007782
82.5666667,0.192080267,0.00148980643
82.6,0.192129928,0.00148951773
82.6333333,0.192179578,0.00148921254
82.6666667,0.192229219,0.00148882624
82.7,0.192278846,0.00148841081
82.7333333,0.19232846,0.00148805202
82.7666667,0.192378062,0.00148768491
82.8,0.192427651,0.00148731038
82.8333333,0.192477228,0.00148678785
82.8666667,0.192526788,0.00148639124
82.9,0.192576334,0.00148600484
82.9333333,0.192625868,0.00148561955
82.9666667,0.192675388,0.00148518004
83,0.192724894,0.00148471606
83.0333333,0.192774385,0.00148435287
83.0666667,0.192823863,0.00148399891
83.1,0.19287333,0.00148365499
83.1333333,0.192922785,0.00148322309
83.1666667,0.192972226,0.00148290123
83.2,0.193021656,0.00148261685
83.2333333,0.193071076,0.00148234942
83.2666667,0.193120488,0.00148207574
83.3,0.193169891,0.00148180176
83.3333333,0.193219284,0.00148161872
83.3666667,0.193268671,0.00148145791
83.4,0.193318053,0.00148131979
83.4333333,0.193367431,0.00148118678
83.4666667,0.193416803,0.00148111752
83.5,0.193466174,0.00148108455
83.5333333,0.193515543,0.0014810773
83.5666667,0.193564913,0.00148110076
83.6,0.193614283,0.00148118692
83.6333333,0.193663656,0.0014812928
83.6666667,0.193713032,0.00148142528
83.7,0.193762413,0.00148158431
83.7333333,0.193811799,0.00148182948
83.7666667,0.193861193,0.0014821027
83.8,0.193910597,0.00148237315
83.8333333,0.193960009,0.0014826686
83.8666667,0.194009432,0.00148300092
83.9,0.194058865,0.00148349073
83.9333333,0.194108315,0.00148388731
83.9666667,0.194157777,0.00148430538
84,0.194207254,0.00148474445
84.0333333,0.194256746,0.0014853085
84.0666667,0.194306256,0.00148589526
84.1,0.194355786,0.00148641364
84.1333333,0.194405333,0.00148694775
84.1666667,0.194454898,0.00148749695
84.2,0.194504481,0.00148828886
84.2333333,0.194554091,0.00148888162
84.2666667,0.19460372,0.00148948079
84.3,0.19465337,0.00149008864
84.3333333,0.194703039,0.00149081178
84.3666667,0.194752733,0.00149157613
84.4,0.194802452,0.00149220669
84.4333333,0.194852192,0.00149283904
84.4666667,0.194901954,0.00149347244
84.5,0.194951736,0.00149432451
84.5333333,0.195001547,0.00149497957
84.5666667,0.19505138,0.00149560175
84.6,0.195101233,0.00149621826
84.6333333,0.195151107,0.00149690713
84.6666667,0.195201004,0.00149765554
84.7,0.195250926,0.00149823485
84.7333333,0.195300867,0.00149880248
84.7666667,0.195350827,0.00149935786
84.8,0.195400805,0.00150005806
84.8333333,0.195450807,0.00150061057
84.8666667,0.195500828,0.00150110211
84.9,0.195550864,0.00150157672
84.9333333,0.195600917,0.00150207361
84.9666667,0.195650986,0.00150262402
85,0.195701074,0.00150301883
85.0333333,0.195751174,0.00150339355
85.0666667,0.195801287,0.00150374796
85.1,0.195851412,0.00150416002
85.1333333,0.195901551,0.00150448489
85.1666667,0.1959517,0.00150474868
85.2,0.196001859,0.00150499096
85.2333333,0.196052025,0.00150522171
85.2666667,0.196102199,0.00150546706
85.3,0.196152381,0.0015056174
85.3333333,0.196202569,0.0015057468
85.3666667,0.19625276,0.00150585543
85.4,0.196302955,0.00150595453
85.4333333,0.196353154,0.00150601032
85.4666667,0.196403354,0.00150603444
85.5,0.196453555,0.00150604022
85.5333333,0.196503757,0.00150602735
85.5666667,0.196553958,0.00150597153
85.6,0.196604157,0.00150590544
85.6333333,0.196654354,0.00150582479
85.6666667,0.196704548,0.00150573009
85.7,0.196754739,0.00150559652
85.7333333,0.196804925,0.001505439
85.7666667,0.196855107,0.00150529416
85.8,0.196905283,0.00150514019
85.8333333,0.196955454,0.00150497763
85.8666667,0.19700562,0.00150473963
85.9,0.197055778,0.00150455267
85.9333333,0.19710593,0.00150436608
85.9666667,0.197156076,0.00150417643
86,0.197206215,0.00150395473
86.0333333,0.197256347,0.00150371585
86.0666667,0.19730647,0.0015035248
86.1,0.197356588,0.00150333622
86.1333333,0.197406699,0.0015031507
86.1666667,0.197456804,0.00150291313
86.2,0.197506901,0.00150273391
86.2333333,0.197556992,0.00150257341
86.2666667,0.197607078,0.00150242103
86.3,0.197657159,0.00150226297
86.3333333,0.197707234,0.00150210319
86.3666667,0.197757304,0.00150199478
86.4,0.197807371,0.00150189871
86.4333333,0.197857434,0.00150181535
86.4666667,0.197907495,0.00150173364
86.5,0.197957553,0.00150169019
86.5333333,0.198007609,0.00150166855
86.5666667,0.198057664,0.00150166253
86.6,0.19810772,0.00150167536
86.6333333,0.198157776,0.00150172682
86.6666667,0.198207833,0.00150179164
86.7,0.198257893,0.00150187364
86.7333333,0.198307955,0.00150197289
86.7666667,0.198358021,0.00150212795
86.8,0.198408092,0.00150230177
86.8333333,0.198458169,0.00150247555
86.8666667,0.198508251,0.0015026665
86.9,0.19855834,0.00150288325
86.9333333,0.198608436,0.00150320405
86.9666667,0.198658543,0.00150346651
87,0.198708659,0.00150374471
87.0333333,0.198758784,0.00150403842
87.0666667,0.198808918,0.00150441938
87.1,0.198859066,0.00150481717
87.1333333,0.198909226,0.00150517186
87.1666667,0.198959398,0.00150553927
87.2,0.199009583,0.00150591905
87.2333333,0.19905978,0.00150647277
87.2666667,0.199109996,0.0015068889
87.3,0.199160226,0.00150731313
87.3333333,0.19921047,0.00150774593
87.3666667,0.199260728,0.00150826594
87.4,0.199311003,0.00150881826
87.4333333,0.199361297,0.00150927882
87.4666667,0.199411607,0.00150974362
87.5,0.199461931,0.0015102122
87.5333333,0.199512272,0.00151085058
87.5666667,0.199562633,0.00151134458
87.6,0.199613012,0.00151181881
87.6333333,0.199663406,0.0015122923
87.6666667,0.199713815,0.00151282779
87.7,0.199764243,0.00151341471
87.7333333,0.19981469,0.00151387591
87.7666667,0.199865153,0.00151433208
87.8,0.19991563,0.0015147828
87.8333333,0.199966123,0.00151536134
87.8666667,0.200016635,0.00151582417
87.9,0.200067163,0.0015162429
87.9333333,0.200117704,0.00151665255
87.9666667,0.200168259,0.00151708956
88,0.200218829,0.0015175837
88.0333333,0.200269415,0.00151794833
88.0666667,0.200320013,0.00151830113
88.1,0.200370623,0.00151864187
88.1333333,0.200421245,0.00151905251
88.1666667,0.20047188,0.0015193894
88.2,0.200522526,0.00151967434
88.2333333,0.200573182,0.00151994564
88.2666667,0.200623847,0.0015202166
88.3,0.200674521,0.00152052789
88.3333333,0.200725205,0.00152073932
88.3666667,0.200775896,0.00152093671
88.4,0.200826594,0.00152112008
88.4333333,0.200877298,0.00152132257
88.4666667,0.200928009,0.00152148642
88.5,0.200978725,0.00152161102
88.5333333,0.201029445,0.00152172246
88.5666667,0.201080169,0.00152182233
88.6,0.201130897,0.00152192874
88.6333333,0.201181628,0.00152198698
88.6666667,0.201232361,0.00152203396
88.7,0.201283095,0.00152206993
88.7333333,0.201333831,0.00152209634
88.7666667,0.201384567,0.00152210367
88.8,0.201435304,0.00152209811
88.8333333,0.201486041,0.00152208434
88.8666667,0.201536777,0.0015220627
88.9,0.201587512,0.00152201768
88.9333333,0.201638246,0.00152197426
88.9666667,0.201688979,0.00152192668
89,0.20173971,0.00152187464
89.0333333,0.201790439,0.00152180892
89.0666667,0.201841166,0.00152173314
89.1,0.20189189,0.00152166955
89.1333333,0.201942612,0.00152160512
89.1666667,0.201993333,0.00152154026
89.2,0.202044051,0.00152145488
89.2333333,0.202094766,0.00152138983
89.2666667,0.202145479,0.00152133132
89.3,0.20219619,0.00152127591
89.3333333,0.202246899,0.00152121884
89.3666667,0.202297606,0.00152116341
89.4,0.202348312,0.00152112798
89.4333333,0.202399016,0.00152109878
89.4666667,0.202449719,0.00152107613
89.5,0.202500422,0.00152106069
89.5333333,0.202551124,0.00152106202
89.5666667,0.202601826,0.0015210733
89.6,0.202652528,0.00152109356
89.6333333,0.202703232,0.00152112671
89.6666667,0.202753936,0.00152118832
89.7,0.202804642,0.00152125081
89.7333333,0.20285535,0.00152132389
89.7666667,0.202906061,0.0015214077
89.8,0.202956775,0.00152153242
89.8333333,0.203007493,0.00152166632
89.8666667,0.203058215,0.00152179792
89.9,0.203108941,0.00152194084
89.9333333,0.203159673,0.00152210197
89.9666667,0.203210409,0.00152239609
90,0.203261156,0.00152335434
90.0333333,0.203311934,0.00152537957
90.0666667,0.20336278,0.00152855712
90.1,0.203413732,0.00153449828
90.1333333,0.203464882,0.0015426143
90.1666667,0.203516303,0.00155104032
90.2,0.203568004,0.0015606158
90.2333333,0.203620025,0.00157133012
90.2666667,0.203672402,0.0015886869
90.3,0.203725359,0.00160281437
90.3333333,0.203778786,0.00161787593
90.3666667,0.203832715,0.00163384374
90.4,0.203887176,0.00165394266
90.4333333,0.203942308,0.00167622831
90.4666667,0.203998182,0.00169549563
90.5,0.204054699,0.00171538051
90.5333333,0.204111878,0.00173584988
90.5666667,0.20416974,0.00176462273
90.6,0.20422856,0.00178736623
90.6333333,0.204288139,0.00180958493
90.6666667,0.204348459,0.00183205745
90.7,0.204409527,0.00185791066
90.7333333,0.204471458,0.0018865822
90.7666667,0.204534344,0.00190943793
90.8,0.204597992,0.00193220958
90.8333333,0.204662399,0.00195486207
90.8666667,0.204727561,0.00198424108
90.9,0.204793702,0.00200777864
90.9333333,0.204860628,0.00202918722
90.9666667,0.204928268,0.00205016226
91,0.204996606,0.00207260913
91.0333333,0.205065693,0.00209780958
91.0666667,0.20513562,0.00211635303
91.1,0.205206165,0.00213419538
91.1333333,0.205277305,0.00215131209
91.1666667,0.205349016,0.0021717074
91.2,0.205421406,0.00218800673
91.2333333,0.205494339,0.00220154656
91.2666667,0.205567724,0.00221416905
91.3,0.20564153,0.00222646076
91.3333333,0.205715745,0.00223975704
91.3666667,0.205790404,0.00224818341
91.4,0.205865343,0.00225558132
91.4333333,0.205940529,0.00226194459
91.4666667,0.206015928,0.00226801774
91.5,0.206091528,0.00227168641
91.5333333,0.206167251,0.00227354073
91.5666667,0.206243036,0.00227434708
91.6,0.206318847,0.00227406571
91.6333333,0.206394649,0.00227136737
91.6666667,0.206470362,0.00226777915
91.7,0.206545954,0.00226321396
91.7333333,0.206621395,0.00225768467
91.7666667,0.206696651,0.00224956783
91.8,0.206771637,0.00223971953
91.8333333,0.206846294,0.00223035554
91.8666667,0.206920639,0.0022201827
91.9,0.206994645,0.00220922069
91.9333333,0.207068286,0.00219252624
91.9666667,0.20714137,0.00217905752
92,0.207214005,0.00216520555
92.0333333,0.207286179,0.00215078482
92.0666667,0.207357872,0.00213330121
92.1,0.207428982,0.00211379569
92.1333333,0.207499442,0.00209746337
92.1666667,0.207569357,0.00208081946
92.2,0.207638718,0.00206389236
92.2333333,0.207707514,0.00204084485
92.2666667,0.207775542,0.00202239749
92.3,0.207842955,0.00200488307
92.3333333,0.207909785,0.00198735827
92.3666667,0.20797603,0.00196777125
92.4,0.208041623,0.00194577233
92.4333333,0.208106482,0.00192875418
92.4666667,0.208170773,0.00191198859
92.5,0.208234506,0.00189550193
92.5333333,0.20829769,0.00187477644
92.5666667,0.208360182,0.00185801195
92.6,0.208422116,0.00184325525
92.6333333,0.208483558,0.00182900502
92.6666667,0.208544525,0.00181425291
92.7,0.208605,0.00179764953
92.7333333,0.208664921,0.00178595764
92.7666667,0.208724453,0.00177495045
92.8,0.208783618,0.00176464312
92.8333333,0.20884244,0.00175298719
92.8666667,0.208900873,0.00174390838
92.9,0.208959003,0.00173687421
92.9333333,0.209016899,0.00173064795
92.9666667,0.209074587,0.00172506911
93,0.209132089,0.00171969718
93.0333333,0.209189413,0.0017170466
93.0666667,0.209246648,0.00171524316
93.1,0.209303822,0.00171428638
93.1333333,0.209360965,0.00171452109
93.1666667,0.209418116,0.00171636054
93.2,0.209475328,0.00171898359
93.2333333,0.209532627,0.00172241454
93.2666667,0.209590041,0.00172666545
93.3,0.209647597,0.00173431674
93.3333333,0.209705407,0.00174104366
93.3666667,0.209763442,0.00174847646
93.4,0.209821725,0.00175660044
93.4333333,0.209880278,0.00176720417
93.4666667,0.209939185,0.00177932746
93.5,0.209998496,0.00179009639
93.5333333,0.210058166,0.00180139606
93.5666667,0.210118212,0.00181320731
93.6,0.210178652,0.00183021956
93.6333333,0.21023966,0.00184388171
93.6666667,0.210301122,0.00185743358
93.7,0.210363037,0.00187129667
93.7333333,0.210425413,0.00188750304
93.7666667,0.21048833,0.00190569927
93.8,0.210551853,0.00192044848
93.8333333,0.210615868,0.00193529149
93.8666667,0.210680378,0.00195020504
93.9,0.210745385,0.00196988553
93.9333333,0.210811048,0.00198583811
93.9666667,0.210877242,0.00200055747
94,0.210943928,0.00201513204
94.0333333,0.211011099,0.00203096931
94.0666667,0.211078798,0.0020489988
94.1,0.211147098,0.00206254077
94.1333333,0.211215849,0.00207574258
94.1666667,0.21128504,0.00208858542
94.2,0.21135466,0.00210426275
94.2333333,0.211424802,0.00211708747
94.2666667,0.211495372,0.0021280227
94.3,0.211566306,0.00213844359
94.3333333,0.211637587,0.00214889936
94.3666667,0.211709217,0.00216072323
94.4,0.211781241,0.00216869778
94.4333333,0.211853531,0.00217604977
94.4666667,0.211926066,0.00218277113
94.5,0.211998825,0.00218998734
94.5333333,0.212071825,0.00219543604
94.5666667,0.212145006,0.00219932215
94.6,0.212218317,0.00220253052
94.6333333,0.212291734,0.00220509249
94.6666667,0.212365238,0.00220698005
94.7,0.212438804,0.00220727293
94.7333333,0.212512379,0.00220689702
94.7666667,0.212585943,0.00220585697
94.8,0.212659471,0.00220356116
94.8333333,0.212732923,0.00220003701
94.8666667,0.212806258,0.00219627164
94.9,0.212879467,0.00219191061
94.9333333,0.21295253,0.00218696358
94.9666667,0.213025429,0.00217890645
95,0.213098059,0.00217210377
95.0333333,0.213170463,0.00216490377
95.0666667,0.213242626,0.00215723636
95.1,0.213314534,0.00214767526
95.1333333,0.213386123,0.00213675015
95.1666667,0.213457348,0.00212738376
95.2,0.213528261,0.00211770123
95.2333333,0.213598851,0.00210771986
95.2666667,0.213669109,0.00209382887
95.3,0.213738903,0.00208254871
95.3333333,0.213808321,0.00207167756
95.3666667,0.213877377,0.00206067982
95.4,0.213946066,0.00204819556
95.4333333,0.21401434,0.00203399796
95.4666667,0.21408214,0.00202282112
95.5,0.214149567,0.00201169327
95.5333333,0.214216623,0.00200063257
95.5666667,0.214283311,0.00198646891
95.6,0.214349527,0.00197485263
95.6333333,0.214415355,0.00196445662
95.6666667,0.214480837,0.00195429037
95.7,0.21454598,0.00194357852
95.7333333,0.214610766,0.00193129242
95.7666667,0.214675142,0.00192240416
95.8,0.214739223,0.00191388347
95.8333333,0.214803019,0.00190574289
95.8666667,0.214866543,0.00189621152
95.9,0.21492975,0.00188847476
95.9333333,0.2149927,0.00188220107
95.9666667,0.21505544,0.00187640557
96,0.215117987,0.00187089571
96.0333333,0.21518035,0.0018649221
96.0666667,0.215242514,0.00186130903
96.1,0.215304557,0.00185823011
96.1333333,0.215366498,0.0018556883
96.1666667,0.215428355,0.00185348733
96.2,0.215490138,0.00185243078
96.2333333,0.215551885,0.00185222596
96.2666667,0.215613626,0.00185256353
96.3,0.215675378,0.00185345323
96.3333333,0.21573716,0.00185589167
96.3666667,0.215799023,0.00185850106
96.4,0.215860973,0.00186161444
96.4333333,0.215923027,0.00186522493
96.4666667,0.215985201,0.00187024194
96.5,0.216047543,0.00187628755
96.5333333,0.216110085,0.00188187284
96.5666667,0.216172815,0.00188787348
96.6,0.216235744,0.00189427911
96.6333333,0.216298886,0.00190380099
96.6666667,0.216362346,0.00191161126
96.7,0.216426067,0.00191949735
96.7333333,0.21649005,0.00192767338
96.7666667,0.216554306,0.00193740664
96.8,0.216618886,0.00194849283
96.8333333,0.216683836,0.00195763991
96.8666667,0.21674909,0.00196694323
96.9,0.216814655,0.00197638803
96.9333333,0.216880535,0.00198907331
96.9666667,0.216946837,0.0019994734
97,0.217013486,0.0020092025
97.0333333,0.21708046,0.00201893189
97.0666667,0.217147757,0.00202965665
97.1,0.217215413,0.00204201216
97.1333333,0.21728348,0.00205146051
97.1666667,0.217351862,0.00206077348
97.2,0.217420554,0.00206993752
97.2333333,0.217489552,0.00208134753
97.2666667,0.21755893,0.00209083777
97.3,0.217628625,0.0020990906
97.3333333,0.217698595,0.0021070776
97.3666667,0.217768831,0.0021152624
97.4,0.217839339,0.00212476525
97.4333333,0.217910165,0.00213141627
97.4666667,0.217981212,0.00213771043
97.5,0.218052469,0.00214364008
97.5333333,0.218123924,0.00215034888
97.5666667,0.218195602,0.0021558001
97.6,0.218267462,0.00216002963
97.6333333,0.218339463,0.00216384006
97.6666667,0.218411591,0.0021672999
97.7,0.218483834,0.00217092691
97.7333333,0.218556199,0.00217288576
97.7666667,0.218628628,0.00217440659
97.8,0.218701108,0.00217548987
97.8333333,0.218773625,0.00217609233
97.8666667,0.218846161,0.00217584323
97.9,0.218918689,0.00217507882
97.9333333,0.218991192,0.00217389811
97.9666667,0.219063655,0.00217230507
98,0.219136065,0.00216921037
98.0333333,0.219208372,0.00216630696
98.0666667,0.219280582,0.002163067
98.1,0.219352685,0.00215947227
98.1333333,0.219424667,0.00215477869
98.1666667,0.219496493,0.00214919431
98.2,0.219568133,0.00214424336
98.2333333,0.219639608,0.00213902126
98.2666667,0.219710908,0.00213353799
98.3,0.219782026,0.00212569007
98.3333333,0.219852883,0.00211919366
98.3666667,0.219923522,0.00211282367
98.4,0.21999395,0.00210629634
98.4333333,0.22006416,0.00209875675
98.4666667,0.220134118,0.00209006017
98.5,0.220203787,0.00208308791
98.5333333,0.220273223,0.00207607055
98.5666667,0.220342426,0.00206902007
98.6,0.220411393,0.00205982636
98.6333333,0.220480054,0.00205219005
98.6666667,0.22054846,0.00204525138
98.7,0.220616635,0.00203839036
98.7333333,0.220684582,0.00203104728
98.7666667,0.220752283,0.00202249994
98.8,0.2208197,0.00201618126
98.8333333,0.220886906,0.00201004035
98.8666667,0.220953907,0.00200408676
98.9,0.22102071,0.00199693956
98.9333333,0.221087275,0.0019909903
98.9666667,0.221153641,0.0019860268
99,0.221219842,0.00198132987
99.0333333,0.221285886,0.00197671782
99.0666667,0.221351777,0.00197145381
99.1,0.221417492,0.00196802104
99.1333333,0.221483093,0.00196490957
99.1666667,0.22154859,0.0019621234
99.2,0.221613994,0.00195926952
99.2333333,0.221679303,0.00195720514
99.2666667,0.221744543,0.00195587875
99.3,0.221809739,0.00195490087
99.3333333,0.221874902,0.00195427213
99.3666667,0.221940045,0.00195420679
99.4,0.222005185,0.00195472612
99.4333333,0.222070342,0.00195558833
99.4666667,0.222135529,0.00195679089
99.5,0.222200755,0.00195873683
99.5333333,0.222266046,0.00196136281
99.5666667,0.222331425,0.00196396037
99.6,0.22239689,0.00196686216
99.6333333,0.222462452,0.00197006308
99.6666667,0.222528121,0.0019750422
99.7,0.222593956,0.00197925466
99.7333333,0.222659931,0.00198360412
99.7666667,0.222726051,0.00198819108
99.8,0.222792324,0.00199377279
99.8333333,0.222858783,0.00200024593
99.8666667,0.222925458,0.00200569465
99.9,0.222992315,0.00201130267
99.9333333,0.223059358,0.00201706105
99.9666667,0.223126594,0.00202494212
100,0.223194092,0.00203148174
100.033333,0.223261808,0.00203768476
100.066667,0.223329731,0.00204394953
100.1,0.223397862,0.00205095349
100.133333,0.223466227,0.00205911262
100.166667,0.223534864,0.00206545706
100.2,0.223603713,0.00207177321
100.233333,0.223672772,0.00207805176
100.266667,0.22374204,0.00208600707
100.3,0.223811574,0.00209271119
100.333333,0.223881331,0.00209863735
100.366667,0.223951286,0.00210444287
100.4,0.224021434,0.0021104935
100.433333,0.224091784,0.00211764661
100.466667,0.224162372,0.0021227869
100.5,0.224233131,0.00212773643
100.533333,0.224304056,0.00213248884
100.566667,0.224375139,0.00213804165
100.6,0.224446407,0.00214272513
100.633333,0.224517831,0.00214651326
100.666667,0.224589381,0.00215005473
100.7,0.22466105,0.00215343144
100.733333,0.224732831,0.00215730979
100.766667,0.224804741,0.00215972812
100.8,0.224876732,0.00216187194
100.833333,0.224948795,0.00216373984
100.866667,0.225020919,0.00216554376
100.9,0.225093104,0.00216676932
100.933333,0.22516533,0.00216743858
100.966667,0.225237578,0.00216783004
101,0.225309839,0.00216794465
101.033333,0.225382104,0.00216748859
101.066667,0.225454353,0.00216671488
101.1,0.225526577,0.00216568665
101.133333,0.225598767,0.00216440468
101.166667,0.225670913,0.00216253865
101.2,0.225742998,0.00216010839
101.233333,0.225815002,0.0021578193
101.266667,0.225886929,0.00215531894
101.3,0.225958773,0.0021526127
101.333333,0.226030527,0.00214857156
101.366667,0.226102146,0.00214512406
101.4,0.22617365,0.00214166605
101.433333,0.226245039,0.00213806145
101.466667,0.226316307,0.00213380609
101.5,0.226387434,0.0021288053
101.533333,0.226458394,0.0021247107
101.566667,0.226529218,0.00212053813
101.6,0.226599903,0.00211629514
101.633333,0.226670446,0.00211065308
101.666667,0.226740801,0.00210590367
101.7,0.226810998,0.00210152236
101.733333,0.226881049,0.00209714281
101.766667,0.226950953,0.00209238422
101.8,0.227020699,0.002086772
101.833333,0.227090259,0.00208254269
101.866667,0.227159677,0.00207838425
101.9,0.227228956,0.00207430358
101.933333,0.2272981,0.00206930364
101.966667,0.227367076,0.00206506699
102,0.227435912,0.00206145717
102.033333,0.227504627,0.0020579844
102.066667,0.227573227,0.00205449807
102.1,0.22764171,0.00205040074
102.133333,0.227710057,0.00204761405
102.166667,0.22777831,0.00204501039
102.2,0.227846477,0.00204259358
102.233333,0.227914564,0.0020399544
102.266667,0.227982562,0.00203784108
102.3,0.22805049,0.00203629363
102.333333,0.228118367,0.00203496028
102.366667,0.228186199,0.00203383384
102.4,0.228253993,0.00203279808
102.433333,0.228321753,0.00203240907
102.466667,0.2283895,0.00203224316
102.5,0.228457242,0.00203230002
102.533333,0.228524985,0.00203271375
102.566667,0.228592742,0.00203356702
102.6,0.228660528,0.0020345634
102.633333,0.228728346,0.0020357711
102.666667,0.228796205,0.002037188
102.7,0.228864112,0.00203956529
102.733333,0.228932097,0.00204167989
102.766667,0.229000153,0.00204393144
102.8,0.229068284,0.00204636236
102.833333,0.229136496,0.00204940537
102.866667,0.22920481,0.00205302038
102.9,0.229273244,0.00205613612
102.933333,0.229341782,0.00205938822
102.966667,0.229410428,0.00206277155
103,0.229479187,0.0020675002
103.033333,0.229548104,0.00207147757
103.066667,0.229617153,0.0020753052
103.1,0.22968633,0.00207921096
103.133333,0.229755637,0.00208364129
103.166667,0.229825092,0.00208886003
103.2,0.22989472,0.00209298461
103.233333,0.229964486,0.00209713011
103.266667,0.230034391,0.00210129043
103.3,0.230104434,0.0021066488
103.333333,0.230174655,0.00211121546
103.366667,0.230245029,0.00211531138
103.4,0.23031554,0.0021193659
103.433333,0.230386185,0.00212365394
103.466667,0.230456974,0.00212879344
103.5,0.230527933,0.00213256518
103.533333,0.230599019,0.00213624483
103.566667,0.230670227,0.00213982758
103.6,0.230741555,0.00214411312
103.633333,0.230813025,0.00214781266
103.666667,0.230884619,0.00215088643
103.7,0.230956315,0.00215382341
103.733333,0.231028109,0.00215670421
103.766667,0.231099999,0.00216015807
103.8,0.231172005,0.00216244828
103.833333,0.231244086,0.00216457433
103.866667,0.231316239,0.00216653427
103.9,0.231388456,0.00216862905
103.933333,0.231460744,0.00217033818
103.966667,0.231533089,0.00217155418
104,0.231605474,0.00217259278
104.033333,0.231677894,0.00217345351
104.066667,0.231750342,0.0021742434
104.1,0.231822817,0.00217452413
104.133333,0.231895301,0.00217462753
104.166667,0.231967789,0.00217455824
104.2,0.232040274,0.00217422169
104.233333,0.232112748,0.00217353856
104.266667,0.232185199,0.00217276217
104.3,0.232257625,0.00217183187
104.333333,0.232330019,0.00217075029
104.366667,0.232402377,0.00216898866
104.4,0.232474677,0.00216739193
104.433333,0.232546923,0.00216573005
104.466667,0.232619114,0.00216394851
104.5,0.232691246,0.00216177561
104.533333,0.232763305,0.00215914524
104.566667,0.232835277,0.00215692997
104.6,0.232907174,0.00215463494
104.633333,0.232978995,0.00215226469
104.666667,0.233050738,0.00214903687
104.7,0.233122372,0.00214627392
104.733333,0.233193915,0.00214368214
104.766667,0.233265371,0.00214106017
104.8,0.233336739,0.00213816501
104.833333,0.233408012,0.00213470343
104.866667,0.233479168,0.00213204506
104.9,0.233550237,0.00212940211
104.933333,0.233621217,0.00212677925
104.966667,0.233692109,0.00212350511
105,0.233762893,0.00212069029
105.033333,0.233833582,0.00211824945
105.066667,0.233904191,0.00211587063
105.1,0.23397472,0.00211344025
105.133333,0.234045168,0.00211052728
105.166667,0.234115519,0.00210848817
105.2,0.234185802,0.00210654631
105.233333,0.23425602,0.00210470487
105.266667,0.234326177,0.00210261989
105.3,0.234396264,0.00210087128
105.333333,0.234466293,0.00209951955
105.366667,0.234536277,0.00209829297
105.4,0.23460622,0.00209718035
105.433333,0.234676126,0.00209597082
105.466667,0.234745992,0.00209531305
105.5,0.234815836,0.00209479416
105.533333,0.234885662,0.00209441477
105.566667,0.234955476,0.00209418321
105.6,0.235025282,0.00209422921
105.633333,0.23509509,0.00209445506
105.666667,0.235164905,0.002094821
105.7,0.235234732,0.00209532651
105.733333,0.235304576,0.00209631996
105.766667,0.235374454,0.0020972887
105.8,0.235444363,0.00209836958
105.833333,0.235514309,0.00209957798
105.866667,0.235584295,0.00210115056
105.9,0.235654333,0.00210308227
105.933333,0.235724436,0.00210479628
105.966667,0.235794596,0.00210661605
106,0.235864816,0.00210853884
106.033333,0.235935101,0.00211129125
106.066667,0.236005477,0.00211364293
106.1,0.236075932,0.00211594122
106.133333,0.236146464,0.00211831236
106.166667,0.236217074,0.00212104303
106.2,0.236287775,0.00212429702
106.233333,0.236358585,0.0021269109
106.266667,0.236429482,0.0021295629
106.3,0.236500468,0.0021322492
106.333333,0.236571543,0.00213576428
106.366667,0.236642735,0.00213879069
106.4,0.236714028,0.00214154198
106.433333,0.236785413,0.00214429113
106.466667,0.236856889,0.00214723774
106.5,0.236928464,0.00215080943
106.533333,0.237000157,0.00215347816
106.566667,0.23707194,0.00215611
106.6,0.23714381,0.00215870148
106.633333,0.237215767,0.0021618607
106.666667,0.237287829,0.00216463283
106.7,0.237359983,0.00216698284
106.733333,0.237432216,0.00216926278
106.766667,0.237504525,0.00217154445
106.8,0.23757691,0.00217435075
106.833333,0.237649388,0.0021762815
106.866667,0.237721931,0.00217811927
106.9,0.237794535,0.00217986218
106.933333,0.237867197,0.00218181455
106.966667,0.237939924,0.00218351365
107,0.238012708,0.00218481623
107.033333,0.238085535,0.00218601051
107.066667,0.238158402,0.0021870955
107.1,0.238231305,0.00218834947
107.133333,0.23830425,0.00218906931
107.166667,0.238377219,0.00218967407
107.2,0.238450208,0.0021901665
107.233333,0.238523214,0.00219057553
107.266667,0.238596233,0.00219077844
107.3,0.238669259,0.00219079766
107.333333,0.238742286,0.0021907106
107.366667,0.238815309,0.00219051837
107.4,0.238888327,0.00219004215
107.433333,0.238961328,0.00218950793
107.466667,0.239034312,0.00218889649
107.5,0.239107275,0.00218819515
107.533333,0.239180215,0.00218727907
107.566667,0.239253124,0.00218609776
107.6,0.239325994,0.00218505336
107.633333,0.239398829,0.00218394087
107.666667,0.239471627,0.00218276289
107.7,0.239544386,0.0021811011
107.733333,0.239617089,0.00217964115
107.766667,0.239689744,0.00217824176
107.8,0.239762352,0.0021768037
107.833333,0.239834912,0.00217518405
107.866667,0.239907418,0.00217321329
107.9,0.239979859,0.00217166741
107.933333,0.240052247,0.00217011164
107.966667,0.240124584,0.00216854903
108,0.240196869,0.00216656063
108.033333,0.240269088,0.00216482703
108.066667,0.240341249,0.00216329891
108.1,0.240413359,0.00216179216
108.133333,0.240485419,0.0021602284
108.166667,0.240557426,0.00215832518
108.2,0.240629371,0.00215696226
108.233333,0.240701269,0.00215564604
108.266667,0.240773124,0.00215437891
108.3,0.240844937,0.00215290795
108.333333,0.2409167,0.00215164125
108.366667,0.240988422,0.00215063089
108.4,0.241060109,0.00214968948
108.433333,0.241131766,0.00214880538
108.466667,0.241203393,0.00214778256
108.5,0.241274985,0.00214716633
108.533333,0.241346558,0.00214663255
108.566667,0.241418112,0.00214618217
108.6,0.241489651,0.00214577846
108.633333,0.241561177,0.00214554548
108.666667,0.241632696,0.00214546806
108.7,0.241704211,0.00214547948
108.733333,0.241775727,0.00214557993
108.766667,0.241847246,0.00214591431
108.8,0.241918777,0.00214631153
108.833333,0.241990321,0.00214679059
108.866667,0.24206188,0.00214735585
108.9,0.242133459,0.00214813264
108.933333,0.242205063,0.00214913138
108.966667,0.242276701,0.00215004935
109,0.242348369,0.00215104391
109.033333,0.242420071,0.00215211373
109.066667,0.242491808,0.00215368652
109.1,0.242563597,0.00215505398
109.133333,0.242635433,0.00215641211
109.166667,0.242707313,0.0021578295
109.2,0.242779241,0.00215948746
109.233333,0.242851224,0.00216148654
109.266667,0.242923273,0.00216311842
109.3,0.242995377,0.00216478948
109.333333,0.243067537,0.00216649742
109.366667,0.243139753,0.00216876686
109.4,0.243212046,0.00217073912
109.433333,0.243284403,0.00217255496
109.466667,0.243356822,0.00217438511
109.5,0.243429301,0.00217637128
109.533333,0.243501847,0.00217880194
109.566667,0.243574474,0.00218064735
109.6,0.243647162,0.00218248428
109.633333,0.243719912,0.00218431039
109.666667,0.243792722,0.00218657313
109.7,0.243865608,0.00218858337
109.733333,0.243938561,0.00219031566
109.766667,0.244011571,0.00219201627
109.8,0.244084638,0.00219374548
109.833333,0.244157763,0.00219590942
109.866667,0.24423096,0.00219743778
109.9,0.244304208,0.00219891696
109.933333,0.244377505,0.00220034539
109.966667,0.24445085,0.00220199324
110,0.24452425,0.00220347646
110.033333,0.244597699,0.00220465828
110.066667,0.244671188,0.00220577717
110.1,0.244744714,0.00220683216
110.133333,0.244818275,0.00220814873
110.166667,0.24489188,0.00220898215
110.2,0.244965512,0.00220974596
110.233333,0.245039171,0.00221043985
110.266667,0.245112852,0.00221114938
110.3,0.245186557,0.00221174079
110.333333,0.245260282,0.00221213181
110.366667,0.245334019,0.00221245282
110.4,0.245407768,0.00221270413
110.433333,0.245481525,0.00221289751
110.466667,0.245555288,0.0022129317
110.5,0.245629052,0.00221289583
110.533333,0.245702815,0.00221279641
110.566667,0.245776575,0.00221259674
110.6,0.245850328,0.00221225491
110.633333,0.24592407,0.00221190367
110.666667,0.2459978,0.00221149988
110.7,0.246071517,0.00221104493
110.733333,0.246145219,0.00221035212
110.766667,0.246218897,0.00220970758
110.8,0.246292554,0.00220906624
110.833333,0.246366189,0.00220838886
110.866667,0.246439802,0.00220760174
110.9,0.246513389,0.00220661487
110.933333,0.246586943,0.00220581755
110.966667,0.24666047,0.00220500157
111,0.24673397,0.00220416885
111.033333,0.246807443,0.00220308377
111.066667,0.246880879,0.002202121
111.1,0.246954283,0.00220125704
111.133333,0.247027658,0.00220039447
111.166667,0.247101004,0.00219948465
111.2,0.247174321,0.00219836094
111.233333,0.247247599,0.00219753949
111.266667,0.247320851,0.00219673671
111.3,0.247394075,0.00219595432
111.333333,0.247467274,0.00219502792
111.366667,0.247540441,0.00219421619
111.4,0.247613582,0.00219355482
111.433333,0.2476867,0.00219292855
111.466667,0.247759798,0.00219232781
111.5,0.247832875,0.00219161181
111.533333,0.247905929,0.00219115981
111.566667,0.247978968,0.0021907542
111.6,0.248051993,0.0021903959
111.633333,0.248125006,0.00219004459
111.666667,0.248198008,0.00218979478
111.7,0.248271001,0.00218965554
111.733333,0.248343989,0.00218957015
111.766667,0.248416975,0.00218953907
111.8,0.24848996,0.00218961892
111.833333,0.248562947,0.0021897714
111.866667,0.248635939,0.00218997865
111.9,0.248708939,0.0021902416
111.933333,0.248781947,0.00219062735
111.966667,0.248854968,0.00219114916
112,0.248928006,0.00219164644
112.033333,0.249001061,0.00219219627
112.066667,0.249074134,0.00219279807
112.1,0.249147227,0.00219370589
112.133333,0.249220351,0.00219450801
112.166667,0.249293501,0.0021953168
112.2,0.249366678,0.00219616988
112.233333,0.249439884,0.00219718241
112.266667,0.249513123,0.00219841589
112.3,0.249586404,0.00219943777
112.333333,0.249659718,0.002200493
112.366667,0.249733068,0.0022015803
112.4,0.249806454,0.00220304558
112.433333,0.249879889,0.00220432906
112.466667,0.249953367,0.00220552449
112.5,0.250026884,0.00220673864
112.533333,0.250100442,0.00220807135
112.566667,0.250174045,0.0022097151
112.6,0.250247702,0.00221098087
112.633333,0.250321401,0.00221225105
112.666667,0.250395143,0.00221352411
112.7,0.250468927,0.00221512422
112.733333,0.250542764,0.00221655949
112.766667,0.25061665,0.00221781365
112.8,0.250690577,0.00221905675
112.833333,0.250764545,0.00222033775
112.866667,0.250838557,0.00222196095
112.9,0.250912622,0.00222313104
112.933333,0.250986726,0.00222427757
112.966667,0.251060869,0.00222539934
113,0.251135049,0.00222672143
113.033333,0.251209273,0.00222793666
113.066667,0.251283538,0.0022289298
113.1,0.251357835,0.00222988845
113.133333,0.251432165,0.00223081428
113.166667,0.251506525,0.0022320107
113.2,0.251580926,0.00223280711
113.233333,0.251655353,0.00223356243
113.266667,0.251729805,0.00223427621
113.3,0.251804281,0.00223505346
113.333333,0.251878782,0.00223576605
113.366667,0.251953308,0.00223629444
113.4,0.252027851,0.00223677871
113.433333,0.25210241,0.00223721877
113.466667,0.252176984,0.00223772063
113.5,0.252251575,0.00223802931
113.533333,0.252326176,0.00223828162
113.566667,0.252400785,0.00223849123
113.6,0.252475402,0.00223867119
113.633333,0.252550024,0.00223878457
113.666667,0.25262465,0.00223881966
113.7,0.252699278,0.0022388169
113.733333,0.252773905,0.00223877697
113.766667,0.252848531,0.00223865353
113.8,0.252923152,0.0022384944
113.833333,0.252997769,0.00223831212
113.866667,0.253072379,0.00223810065
113.9,0.253146983,0.00223783196
113.933333,0.253221577,0.00223746447
113.966667,0.253296159,0.00223714743
114,0.253370731,0.00223681117
114.033333,0.253445291,0.00223645684
114.066667,0.25351984,0.00223597511
114.1,0.253594372,0.00223553321
114.133333,0.25366889,0.00223512609
114.166667,0.253743394,0.00223471207
114.2,0.253817885,0.00223426578
114.233333,0.25389236,0.00223370329
114.266667,0.253966817,0.00223328232
114.3,0.25404126,0.0022328657
114.333333,0.254115689,0.00223245458
114.366667,0.254190104,0.0022319587
114.4,0.254264502,0.00223151844
114.433333,0.254338886,0.00223115409
114.466667,0.254413258,0.00223080552
114.5,0.254487618,0.00223046662
114.533333,0.254561967,0.00223005787
114.566667,0.254636302,0.00222979466
114.6,0.254710629,0.00222955581
114.633333,0.254784947,0.00222934207
114.666667,0.254859259,0.00222912788
114.7,0.254933563,0.00222897104
114.733333,0.255007862,0.00222887903
114.766667,0.255082158,0.00222881809
114.8,0.255156452,0.00222878871
114.833333,0.255230745,0.00222882122
114.866667,0.255305039,0.00222890129
114.9,0.255379336,0.00222901528
114.933333,0.255453636,0.00222916366
114.966667,0.255527942,0.00222938697
115,0.255602255,0.00222969394
115.033333,0.255676578,0.00222999118
115.066667,0.255750911,0.00223032279
115.1,0.255825255,0.00223068863
115.133333,0.255899611,0.00223124831
115.166667,0.255973986,0.00223174593
115.2,0.256048378,0.00223225256
115.233333,0.256122786,0.00223279029
115.266667,0.256197212,0.00223343498
115.3,0.25627166,0.00223422422
115.333333,0.256346134,0.00223488508
115.366667,0.256420631,0.00223557158
115.4,0.25649515,0.00223628301
115.433333,0.256569692,0.00223725239
115.466667,0.256644267,0.00223810549
115.5,0.256718871,0.00223890762
115.533333,0.256793501,0.0022397272
115.566667,0.256868159,0.00224063546
115.6,0.256942847,0.00224176157
115.633333,0.257017572,0.00224263901
115.666667,0.257092327,0.00224352534
115.7,0.257167111,0.00224441961
115.733333,0.257241925,0.00224555728
115.766667,0.257316777,0.00224658479
115.8,0.257391663,0.00224749325
115.833333,0.257466579,0.00224840073
115.866667,0.257541526,0.0022493465
115.9,0.257616504,0.00225055571
115.933333,0.257691523,0.00225144183
115.966667,0.257766571,0.00225231849
116,0.257841648,0.00225318486
116.033333,0.257916754,0.00225422317
116.066667,0.257991895,0.00225519102
116.1,0.258067068,0.0022559969
116.133333,0.258142268,0.00225678529
116.166667,0.258217494,0.00225755985
116.2,0.258292746,0.00225858178
116.233333,0.258368032,0.00225928367
116.266667,0.258443342,0.0022599626
116.3,0.258518674,0.00226061811
116.333333,0.258594028,0.00226135601
116.366667,0.258669406,0.00226206053
116.4,0.258744808,0.0022626078
116.433333,0.258820228,0.00226312849
116.466667,0.258895666,0.00226362238
116.5,0.25897112,0.00226423482
116.533333,0.259046595,0.00226465367
116.566667,0.259122083,0.00226503017
116.6,0.259197584,0.00226537927
116.633333,0.259273097,0.0022657399
116.666667,0.259348621,0.00226607831
116.7,0.259424157,0.00226631218
116.733333,0.259499701,0.00226652024
116.766667,0.259575252,0.00226670278
116.8,0.259650809,0.00226689398
116.833333,0.259726372,0.00226700761
116.866667,0.259801939,0.00226708861
116.9,0.259877508,0.00226714793
116.933333,0.25995308,0.00226718632
116.966667,0.260028653,0.00226718992
117,0.260104226,0.00226716656
117.033333,0.260179798,0.0022671269
117.066667,0.260255369,0.00226707158
117.1,0.260330938,0.0022669742
117.133333,0.260406504,0.0022668675
117.166667,0.260482066,0.00226675941
117.2,0.260557625,0.00226664223
117.233333,0.260633179,0.00226650773
117.266667,0.26070873,0.00226632711
117.3,0.260784274,0.00226618487
117.333333,0.260859813,0.00226604054
117.366667,0.260935348,0.00226589487
117.4,0.261010878,0.00226571431
117.433333,0.261086402,0.00226555156
117.466667,0.26116192,0.0022654154
117.5,0.261237434,0.00226528473
117.533333,0.261312943,0.00226515727
117.566667,0.261388449,0.0022650061
117.6,0.261463949,0.00226491132
117.633333,0.261539446,0.00226482813
117.666667,0.26161494,0.00226475708
117.7,0.261690432,0.00226469287
117.733333,0.261765922,0.00226465828
117.766667,0.26184141,0.00226465025
117.8,0.261916899,0.00226465912
117.833333,0.261992387,0.0022646853
117.866667,0.262067877,0.00226476262
117.9,0.262143369,0.00226485144
117.933333,0.262218864,0.00226495964
117.966667,0.262294363,0.00226508812
118,0.262369866,0.00226526833
118.033333,0.262445375,0.00226550098
118.066667,0.262520891,0.0022657199
118.1,0.262596415,0.00226596032
118.133333,0.262671947,0.00226622226
118.166667,0.262747488,0.0022666186
118.2,0.262823042,0.00226696603
118.233333,0.262898607,0.00226731931
118.266667,0.262974185,0.00226769334
118.3,0.263049775,0.00226814217
118.333333,0.263125379,0.00226868857
118.366667,0.263201002,0.00226914737
118.4,0.26327664,0.00226962452
118.433333,0.263352295,0.00227011966
118.466667,0.263427965,0.00227079785
118.5,0.263503659,0.00227139415
118.533333,0.263579372,0.00227195814
118.566667,0.263655104,0.00227253621
118.6,0.263730855,0.00227318105
118.633333,0.263806628,0.00227398154
118.666667,0.263882427,0.00227461048
118.7,0.263958247,0.0022752486
118.733333,0.264034089,0.00227589535
118.766667,0.264109952,0.00227672575
118.8,0.264185843,0.00227747846
118.833333,0.264261759,0.00227815021
118.866667,0.264337697,0.00227882512
118.9,0.264413658,0.00227953504
118.933333,0.264489643,0.00228044781
118.966667,0.264565657,0.00228112542
119,0.264641695,0.00228180071
119.033333,0.264717755,0.00228247313
119.066667,0.264793837,0.00228328971
119.1,0.264869947,0.00228405794
119.133333,0.264946082,0.00228470686
119.166667,0.265022239,0.00228534792
119.2,0.265098418,0.00228598607
119.233333,0.265174617,0.00228683915
119.266667,0.265250845,0.00228743801
119.3,0.265327093,0.00228802487
119.333333,0.26540336,0.00228859934
119.366667,0.265479647,0.00228926016
119.4,0.265555956,0.00228990512
119.433333,0.265632286,0.00229041978
119.466667,0.265708633,0.0022909192
119.5,0.265784997,0.00229140316
119.533333,0.265861377,0.00229202758
119.566667,0.265937778,0.00229247194
119.6,0.266014194,0.00229288573
119.633333,0.266090624,0.0022932827
119.666667,0.266167066,0.00229371373
119.7,0.266243523,0.00229414722
119.733333,0.266319995,0.00229447146
119.766667,0.266396477,0.00229477893
119.8,0.26647297,0.00229506972
119.833333,0.266549472,0.00229542124
119.866667,0.266625986,0.00229567712
119.9,0.266702509,0.00229589927
119.933333,0.266779039,0.00229610629
119.966667,0.266855576,0.00229631628
120,0.26693212,0.00229653013
120.033333,0.267008671,0.0022966772
120.066667,0.267085227,0.00229681182
120.1,0.267161787,0.00229693434
120.133333,0.267238351,0.00229707043
120.166667,0.26731492,0.0022971692
120.2,0.267391493,0.00229724766
120.233333,0.267468068,0.00229731766
120.266667,0.267544645,0.00229738307
120.3,0.267621224,0.00229744954
120.333333,0.267697806,0.00229749147
120.366667,0.267774389,0.00229752914
120.4,0.267850973,0.00229756299
120.433333,0.267927559,0.00229760019
120.466667,0.268004146,0.00229763153
120.5,0.268080733,0.00229765856
120.533333,0.268157322,0.0022976861
120.566667,0.268233911,0.00229771556
120.6,0.268310502,0.00229775964
120.633333,0.268387094,0.00229779759
120.666667,0.268463687,0.00229784017
120.7,0.268540282,0.00229788778
120.733333,0.268616878,0.00229795459
120.766667,0.268693477,0.00229803366
120.8,0.268770078,0.00229811063
120.833333,0.268846681,0.00229819609
120.866667,0.268923288,0.00229829036
120.9,0.268999898,0.00229844251
120.933333,0.269076512,0.00229857088
120.966667,0.269153131,0.00229870938
121,0.269229755,0.00229885923
121.033333,0.269306384,0.00229905162
121.066667,0.269383019,0.00229927808
121.1,0.269459661,0.00229948027
121.133333,0.269536311,0.00229969531
121.166667,0.269612967,0.00229992328
121.2,0.269689631,0.00230025735
121.233333,0.269766307,0.00230054071
121.266667,0.269842991,0.00230082537
121.3,0.269919685,0.00230112326
121.333333,0.269996389,0.00230147742
121.366667,0.270073105,0.002301901
121.4,0.270149835,0.0023022544
121.433333,0.270226577,0.00230262021
121.466667,0.270303331,0.00230299829
121.5,0.270380098,0.00230351504
121.533333,0.270456882,0.00230396575
121.566667,0.270533681,0.00230439265
121.6,0.270610494,0.00230482995
121.633333,0.270687321,0.00230531899
121.666667,0.270764165,0.0023059236
121.7,0.270841029,0.00230640049
121.733333,0.270917909,0.00230688515
121.766667,0.270994806,0.00230737726
121.8,0.271071718,0.00230801266
121.833333,0.271148652,0.00230858845
121.866667,0.271225605,0.00230910566
121.9,0.271302575,0.00230962714
121.933333,0.271379563,0.00231017941
121.966667,0.271456569,0.00231089083
122,0.271533598,0.00231142396
122.033333,0.271610646,0.00231195796
122.066667,0.271687711,0.00231249249
122.1,0.271764794,0.00231314815
122.133333,0.271841899,0.0023137682
122.166667,0.271919025,0.0023142977
122.2,0.271996168,0.00231482444
122.233333,0.272073329,0.00231535412
122.266667,0.272150507,0.00231606771
122.3,0.272227709,0.00231657666
122.333333,0.272304929,0.0023170799
122.366667,0.272382165,0.00231757716
122.4,0.272459417,0.00231815799
122.433333,0.272536689,0.00231873216
122.466667,0.27261398,0.00231919863
122.5,0.272691287,0.00231965686
122.533333,0.272768609,0.00232010664
122.566667,0.272845946,0.00232070106
122.6,0.272923302,0.00232113253
122.633333,0.273000673,0.00232154237
122.666667,0.273078058,0.00232194236
122.7,0.273155456,0.00232238776
122.733333,0.273232869,0.0023228484
122.766667,0.273310297,0.00232320453
122.8,0.273387738,0.00232355023
122.833333,0.273465189,0.00232388549
122.866667,0.273542652,0.00232430885
122.9,0.273620129,0.00232463111
122.933333,0.273697617,0.00232492212
122.966667,0.273775114,0.00232520308
123,0.273852621,0.0023255021
123.033333,0.273930138,0.00232582701
123.066667,0.274007665,0.00232606701
123.1,0.274085201,0.00232629815
123.133333,0.274162744,0.0023265206
123.166667,0.274240295,0.00232679124
123.2,0.274317855,0.00232700953
123.233333,0.274395422,0.0023271987
123.266667,0.274472995,0.00232738109
123.3,0.274550574,0.00232756878
123.333333,0.27462816,0.00232778753
123.366667,0.274705753,0.00232794541
123.4,0.274783351,0.00232809888
123.433333,0.274860954,0.00232824819
123.466667,0.274938562,0.00232842829
123.5,0.275016177,0.00232858811
123.533333,0.275093796,0.00232872535
123.566667,0.275171421,0.00232886108
123.6,0.275249049,0.00232899995
123.633333,0.275326683,0.0023291819
123.666667,0.275404322,0.00232931635
123.7,0.275481966,0.00232945192
123.733333,0.275559614,0.00232958888
123.766667,0.275637267,0.00232975761
123.8,0.275714926,0.0023299278
123.833333,0.27579259,0.00233007602
123.866667,0.275870259,0.00233022803
123.9,0.275947934,0.00233038407
123.933333,0.276025613,0.00233061086
123.966667,0.2761033,0.00233078416
124,0.276180993,0.00233096221
124.033333,0.276258692,0.0023311462
124.066667,0.276336396,0.0023313709
124.1,0.276414109,0.00233161892
124.133333,0.276491829,0.00233183156
124.166667,0.276569557,0.00233205152
124.2,0.276647292,0.00233227889
124.233333,0.276725035,0.00233260139
124.266667,0.276802788,0.00233286516
124.3,0.27688055,0.00233312612
124.333333,0.276958321,0.00233339514
124.366667,0.277036101,0.00233371064
124.4,0.277113891,0.00233407905
124.433333,0.277191694,0.00233438281
124.466667,0.277269507,0.00233469458
124.5,0.27734733,0.00233501433
124.533333,0.277425164,0.00233544803
124.566667,0.277503012,0.00233582109
124.6,0.277580873,0.00233617357
124.633333,0.277658745,0.00233653325
124.666667,0.27773663,0.00233693508
124.7,0.277814527,0.00233742742
124.733333,0.277892442,0.00233781561
124.766667,0.277970369,0.00233820972
124.8,0.278048309,0.00233860958
124.833333,0.278126263,0.00233912687
124.866667,0.278204234,0.00233959356
124.9,0.27828222,0.00234001427
124.933333,0.278360221,0.00234043896
124.966667,0.278438235,0.00234089067
125,0.278516265,0.0023414715
125.033333,0.278594314,0.00234190934
125.066667,0.278672378,0.00234234917
125.1,0.278750456,0.00234279076
125.133333,0.278828549,0.00234333621
125.166667,0.27890666,0.0023438527
125.2,0.278984789,0.00234429726
125.233333,0.279062932,0.00234474149
125.266667,0.27914109,0.00234519164
125.3,0.279219263,0.00234580018
125.333333,0.279297456,0.00234623912
125.366667,0.279375664,0.00234667579
125.4,0.279453887,0.00234710999
125.433333,0.279532124,0.00234762279
125.466667,0.279610378,0.00234813313
125.5,0.279688649,0.00234855299
125.533333,0.279766934,0.00234896872
125.566667,0.279845233,0.00234938015
125.6,0.279923546,0.00234993266
125.633333,0.280001877,0.00235033789
125.666667,0.280080221,0.00235072793
125.7,0.280158579,0.0023511125
125.733333,0.28023695,0.00235154749
125.766667,0.280315334,0.0023520035
125.8,0.280393735,0.0023523628
125.833333,0.280472147,0.00235271591
125.866667,0.280550571,0.00235306277
125.9,0.280629006,0.00235351079
125.933333,0.280707456,0.00235385808
125.966667,0.280785918,0.00235417769
126,0.280864391,0.00235449095
126.033333,0.280942874,0.00235483137
126.066667,0.281021368,0.00235520923
126.1,0.281099875,0.0023554958
126.133333,0.281178392,0.00235577641
126.166667,0.281256918,0.00235605112
126.2,0.281335453,0.00235639464
126.233333,0.281413999,0.00235667826
126.266667,0.281492555,0.00235692958
126.3,0.281571119,0.00235717591
126.333333,0.281649692,0.00235743477
126.366667,0.281728273,0.00235774253
126.4,0.281806864,0.00235796987
126.433333,0.281885463,0.00235819349
126.466667,0.28196407,0.00235841353
126.5,0.282042684,0.0023586831
126.533333,0.282121306,0.00235892374
126.566667,0.282199937,0.00235913177
126.6,0.282278575,0.00235933776
126.633333,0.28235722,0.00235954904
126.666667,0.282435871,0.00235982278
126.7,0.282514532,0.00236002315
126.733333,0.282593199,0.0023602231
126.766667,0.282671874,0.00236042279
126.8,0.282750554,0.00236066499
126.833333,0.282829243,0.00236090187
126.866667,0.28290794,0.00236110394
126.9,0.282986643,0.00236130733
126.933333,0.283065354,0.0023615122
126.966667,0.283144071,0.00236180106
127,0.283222797,0.00236201357
127.033333,0.283301531,0.00236222808
127.066667,0.283380272,0.00236244543
127.1,0.28345902,0.00236270509
127.133333,0.283537777,0.00236298171
127.166667,0.283616543,0.00236321371
127.2,0.283695317,0.00236344962
127.233333,0.283774099,0.00236368953
127.266667,0.283852888,0.00236402242
127.3,0.283931689,0.00236428706
127.333333,0.284010499,0.00236454589
127.366667,0.284089317,0.0023648094
127.4,0.284168144,0.0023651149
127.433333,0.284246981,0.00236546374
127.466667,0.28432583,0.00236574806
127.5,0.284404688,0.00236603732
127.533333,0.284483556,0.00236633152
127.566667,0.284562434,0.00236672698
127.6,0.284641324,0.00236706181
127.633333,0.284720227,0.00236737692
127.666667,0.284799139,0.00236769677
127.7,0.284878062,0.00236805308
127.733333,0.284956997,0.0023684846
127.766667,0.285035947,0.00236882382
127.8,0.285114908,0.00236916723
127.833333,0.28519388,0.00236951472
127.866667,0.285272864,0.00236996393
127.9,0.285351863,0.0023703662
127.933333,0.285430875,0.00237072932
127.966667,0.285509899,0.00237109562
128,0.285588936,0.00237148614
128.033333,0.285667985,0.00237198586
128.066667,0.285747051,0.00237236367
128.1,0.28582613,0.00237274352
128.133333,0.285905222,0.0023731253
128.166667,0.285984326,0.0023735989
128.2,0.286063446,0.0023740465
128.233333,0.286142581,0.00237443379
128.266667,0.286221728,0.00237482177
128.3,0.286300889,0.00237521711
128.333333,0.286380063,0.00237575155
128.366667,0.286459255,0.00237613997
128.4,0.286538459,0.0023765278
128.433333,0.286617677,0.00237691492
128.466667,0.286696908,0.00237737572
128.5,0.286776153,0.00237783543
128.533333,0.286855415,0.002378217
128.566667,0.286934688,0.00237859673
128.6,0.287013975,0.00237897451
128.633333,0.287093274,0.00237948747
128.666667,0.28717259,0.00237986542
128.7,0.287251919,0.00238023259
128.733333,0.28733126,0.0023805969
128.766667,0.287410614,0.00238101342
128.8,0.287489981,0.00238145284
128.833333,0.287569362,0.00238180339
128.866667,0.287648756,0.00238215043
128.9,0.287728161,0.00238249394
128.933333,0.287807577,0.00238294391
128.966667,0.287887009,0.00238329556
129,0.287966452,0.002383623
129.033333,0.288045906,0.00238394659
129.066667,0.288125371,0.00238430269
129.1,0.288204848,0.00238470152
129.133333,0.288284338,0.00238500851
129.166667,0.288363838,0.00238531168
129.2,0.288443348,0.00238561107
129.233333,0.288522869,0.00238599102
129.266667,0.288602402,0.00238630745
129.3,0.288681945,0.00238659123
129.333333,0.288761499,0.00238687158
129.366667,0.288841061,0.00238716954
129.4,0.288920633,0.00238752623
129.433333,0.289000217,0.00238779298
129.466667,0.289079811,0.00238805693
129.5,0.289159412,0.00238831815
129.533333,0.289239023,0.0023886412
129.566667,0.289318644,0.00238893007
129.6,0.289398275,0.00238918135
129.633333,0.289477915,0.00238943074
129.666667,0.289557562,0.00238968775
129.7,0.289637219,0.00239001942
129.733333,0.289716886,0.00239026251
129.766667,0.289796561,0.00239050468
129.8,0.289876245,0.00239074601
129.833333,0.289955936,0.00239103822
129.866667,0.290035638,0.00239132064
129.9,0.290115348,0.00239156051
129.933333,0.290195067,0.00239180053
129.966667,0.290274794,0.00239204078
130,0.290354529,0.00239237635
130.033333,0.290434274,0.00239261892
130.066667,0.290514028,0.00239286246
130.1,0.29059379,0.00239310717
130.133333,0.290673561,0.00239339701
130.166667,0.290753341,0.00239369979
130.2,0.290833131,0.00239395121
130.233333,0.290912929,0.00239420457
130.266667,0.290992736,0.00239445994
130.3,0.291072551,0.00239481009
130.333333,0.291152378,0.00239508318
130.366667,0.291232214,0.00239534861
130.4,0.291312059,0.00239561662
130.433333,0.291391913,0.00239592512
130.466667,0.291471777,0.00239627125
130.5,0.291551653,0.00239655111
130.533333,0.291631538,0.00239683387
130.566667,0.291711432,0.00239711955
130.6,0.291791336,0.00239750081
130.633333,0.291871253,0.00239781902
130.666667,0.29195118,0.00239811751
130.7,0.292031118,0.00239841898
130.733333,0.292111065,0.00239875387
130.766667,0.292191023,0.0023991546
130.8,0.292270995,0.00239946855
130.833333,0.292350978,0.00239978528
130.866667,0.29243097,0.00240010476
130.9,0.292510974,0.00240051702
130.933333,0.292590991,0.00240088298
130.966667,0.292671021,0.00240121341
131,0.292751061,0.00240154617
131.033333,0.292831112,0.0024019013
131.066667,0.292911176,0.00240235265
131.1,0.292991254,0.00240269424
131.133333,0.293071344,0.00240303754
131.166667,0.293151445,0.00240338248
131.2,0.293231558,0.00240381142
131.233333,0.293311685,0.00240421512
131.266667,0.293391826,0.00240456564
131.3,0.293471978,0.00240491708
131.333333,0.293552142,0.0024052766
131.366667,0.293632318,0.00240576128
131.4,0.29371251,0.00240611523
131.433333,0.293792714,0.00240646934
131.466667,0.293872929,0.00240682353
131.5,0.293953157,0.00240724744
131.533333,0.294033398,0.00240767008
131.566667,0.294113654,0.00240802307
131.6,0.294193921,0.00240837539
131.633333,0.2942742,0.00240872699
131.666667,0.294354491,0.00240920795
131.7,0.294434798,0.00240956264
131.733333,0.294515117,0.00240990955
131.766667,0.294595447,0.0024102551
131.8,0.294675789,0.00241065316
131.833333,0.294756144,0.00241107401
131.866667,0.294836513,0.00241141259
131.9,0.294916894,0.0024117493
131.933333,0.294997286,0.0024120841
131.966667,0.295077688,0.00241252681
132,0.295158106,0.00241287383
132.033333,0.295238535,0.0024131996
132.066667,0.295318975,0.00241352314
132.1,0.295399426,0.00241388226
132.133333,0.295479889,0.0024142859
132.166667,0.295560365,0.00241459961
132.2,0.295640851,0.00241491097
132.233333,0.295721348,0.00241522
132.266667,0.295801856,0.00241561595
132.3,0.295882376,0.00241594674
132.333333,0.295962908,0.00241624583
132.366667,0.296043449,0.00241654267
132.4,0.296124001,0.00241686066
132.433333,0.296204563,0.00241724219
132.466667,0.296285138,0.0024175299
132.5,0.296365722,0.00241781563
132.533333,0.296446316,0.00241809943
132.566667,0.296526919,0.00241845284
132.6,0.296607534,0.0024187688
132.633333,0.29668816,0.00241904517
132.666667,0.296768795,0.00241932003
132.7,0.296849439,0.00241960468
132.733333,0.296930092,0.00241997107
132.766667,0.297010758,0.00242024052
132.8,0.297091432,0.00242050899
132.833333,0.297172116,0.00242077655
132.866667,0.297252809,0.00242110113
132.9,0.297333512,0.00242141284
132.933333,0.297414226,0.00242167773
132.966667,0.297494948,0.00242194231
133,0.29757568,0.00242220729
133.033333,0.29765642,0.00242257446
133.066667,0.297737173,0.00242283881
133.1,0.297817934,0.00242310342
133.133333,0.297898704,0.00242336836
133.166667,0.297979483,0.0024236814
133.2,0.298060272,0.00242400464
133.233333,0.298141072,0.00242427211
133.266667,0.298221881,0.00242454044
133.3,0.298302699,0.00242480968
133.333333,0.298383526,0.00242517695
133.366667,0.298464366,0.00242545971
133.4,0.298545214,0.00242573388
133.433333,0.298626072,0.00242600937
133.466667,0.298706939,0.00242632544
133.5,0.298787817,0.00242667557
133.533333,0.298868706,0.00242695745
133.566667,0.298949604,0.00242724096
133.6,0.299030512,0.00242752613
133.633333,0.29911143,0.00242790506
133.666667,0.29919236,0.00242821761
133.7,0.299273301,0.00242851024
133.733333,0.299354251,0.00242880465
133.766667,0.299435211,0.00242913117
133.8,0.299516182,0.00242951775
133.833333,0.299597166,0.00242981985
133.866667,0.29967816,0.00243012374
133.9,0.299759164,0.00243042939
133.933333,0.299840179,0.00243082321
133.966667,0.299921206,0.0024311697
134,0.300002245,0.00243148258
134.033333,0.300083294,0.00243179704
134.066667,0.300164354,0.00243213291
134.1,0.300245425,0.0024325566
134.133333,0.300326511,0.00243287732
134.166667,0.300407607,0.00243319936
134.2,0.300488713,0.00243352266
134.233333,0.300569831,0.00243392524
134.266667,0.300650962,0.00243430199
134.3,0.300732105,0.00243462985
134.333333,0.300813259,0.00243495857
134.366667,0.300894425,0.00243529583
134.4,0.300975601,0.00243574847
134.433333,0.301056793,0.00243608003
134.466667,0.301137995,0.00243641203
134.5,0.301219209,0.0024367444
134.533333,0.301300434,0.0024371437
134.566667,0.301381672,0.00243754066
134.6,0.301462923,0.00243787362
134.633333,0.301544186,0.00243820649
134.666667,0.301625459,0.00243853922
134.7,0.301706744,0.00243899667
134.733333,0.301788044,0.00243933348
134.766667,0.301869355,0.00243966461
134.8,0.301950677,0.00243999519
134.833333,0.30203201,0.00244037809
134.866667,0.302113356,0.00244078255
134.9,0.302194716,0.00244110991
134.933333,0.302276086,0.00244143634
134.966667,0.302357467,0.0024417618
135,0.302438859,0.002442195
135.033333,0.302520266,0.00244253456
135.066667,0.302601684,0.00244285528
135.1,0.302683112,0.00244317478
135.133333,0.302764551,0.00244353162
135.166667,0.302846002,0.00244393277
135.2,0.302927467,0.00244424667
135.233333,0.303008942,0.00244455919
135.266667,0.303090427,0.00244487033
135.3,0.303171923,0.00244527173
135.333333,0.303253432,0.00244560714
135.366667,0.303334952,0.00244591228
135.4,0.303416482,0.00244621602
135.433333,0.303498023,0.00244654332
135.466667,0.303579574,0.00244693586
135.5,0.303661139,0.00244723372
135.533333,0.303742713,0.00244753026
135.566667,0.303824298,0.0024478255
135.6,0.303905892,0.0024481952
135.633333,0.303987498,0.00244852527
135.666667,0.304069116,0.00244881539
135.7,0.304150743,0.00244910442
135.733333,0.30423238,0.00244940506
135.766667,0.304314027,0.00244979093
135.8,0.304395686,0.00245007579
135.833333,0.304477356,0.00245035983
135.866667,0.304559034,0.00245064309
135.9,0.304640722,0.00245098776
135.933333,0.304722422,0.00245131725
135.966667,0.304804133,0.00245159791
136,0.304885852,0.00245187813
136.033333,0.304967582,0.00245215944
136.066667,0.30504932,0.0024525468
136.1,0.305131072,0.0024528258
136.133333,0.305212833,0.0024531047
136.166667,0.305294603,0.00245338356
136.2,0.305376382,0.0024537132
136.233333,0.305458173,0.00245405098
136.266667,0.305539975,0.00245433039
136.3,0.305621786,0.0024546101
136.333333,0.305703606,0.00245489013
136.366667,0.305785436,0.0024552715
136.4,0.305867278,0.00245556247
136.433333,0.30594913,0.00245584462
136.466667,0.306030991,0.00245612738
136.5,0.306112862,0.00245645157
136.533333,0.306194744,0.00245680739
136.566667,0.306276638,0.00245709339
136.6,0.306358541,0.00245738025
136.633333,0.306440453,0.00245766798
136.666667,0.306522376,0.00245804958
136.7,0.306604311,0.00245836138
136.733333,0.306686256,0.00245865323
136.766667,0.306768211,0.0024589461
136.8,0.306850176,0.00245927083
136.833333,0.306932152,0.00245965191
136.866667,0.30701414,0.00245994934
136.9,0.307096139,0.00246024785
136.933333,0.307178147,0.00246054743
136.966667,0.307260165,0.00246093313
137,0.307342196,0.00246126976
137.033333,0.307424238,0.00246157387
137.066667,0.307506291,0.00246187901
137.1,0.307588354,0.00246220526
137.133333,0.307670427,0.00246261385
137.166667,0.307752514,0.00246292321
137.2,0.307834612,0.00246323348
137.233333,0.307916719,0.00246354462
137.266667,0.307998838,0.00246393248
137.3,0.308080969,0.00246429324
137.333333,0.308163112,0.00246460774
137.366667,0.308245265,0.00246492293
137.4,0.308327429,0.00246524713
137.433333,0.308409604,0.00246567994
137.466667,0.308491794,0.00246599762
137.5,0.308573994,0.00246631573
137.533333,0.308656204,0.00246663425
137.566667,0.308738425,0.00246701798
137.6,0.308820659,0.00246739786
137.633333,0.308902906,0.00246771754
137.666667,0.308985163,0.00246803735
137.7,0.309067431,0.00246835728
137.733333,0.30914971,0.00246879873
137.766667,0.309232003,0.00246912266
137.8,0.309314307,0.00246944241
137.833333,0.309396622,0.002469762
137.866667,0.309478947,0.00247013368
137.9,0.309561285,0.00247052527
137.933333,0.309643636,0.00247084361
137.966667,0.309725997,0.00247116155
138,0.309808369,0.00247147906
138.033333,0.309890752,0.00247190372
138.066667,0.309973149,0.00247223585
138.1,0.310055556,0.00247255104
138.133333,0.310137975,0.00247286559
138.166667,0.310220404,0.0024732186
138.2,0.310302844,0.00247361471
138.233333,0.310385298,0.00247392625
138.266667,0.310467762,0.00247423704
138.3,0.310550237,0.00247454706
138.333333,0.310632722,0.00247494907
138.366667,0.31071522,0.00247528438
138.4,0.31079773,0.0024755909
138.433333,0.310880249,0.00247589659
138.466667,0.310962779,0.00247622757
138.5,0.31104532,0.00247662373
138.533333,0.311127874,0.00247692581
138.566667,0.311210438,0.00247722707
138.6,0.311293013,0.00247752751
138.633333,0.311375597,0.00247790545
138.666667,0.311458194,0.002478242
138.7,0.311540802,0.00247853907
138.733333,0.31162342,0.00247883539
138.766667,0.311706048,0.00247914487
138.8,0.311788686,0.00247954081
138.833333,0.311871337,0.00247983419
138.866667,0.311953998,0.00248012697
138.9,0.312036669,0.00248041917
138.933333,0.31211935,0.00248077586
138.966667,0.312202042,0.00248111541
139,0.312284746,0.00248140546
139.033333,0.31236746,0.00248169511
139.066667,0.312450183,0.00248198676
139.1,0.312532916,0.0024823863
139.133333,0.312615662,0.00248267459
139.166667,0.312698418,0.00248296269
139.2,0.312781183,0.00248325062
139.233333,0.312863958,0.00248359159
139.266667,0.312946745,0.00248393884
139.3,0.313029543,0.00248422646
139.333333,0.31311235,0.0024845141
139.366667,0.313195167,0.0024848018
139.4,0.313277994,0.00248519375
139.433333,0.313360834,0.00248549075
139.466667,0.313443684,0.00248577917
139.5,0.313526543,0.00248606785
139.533333,0.313609412,0.00248639908
139.566667,0.313692292,0.00248675996
139.6,0.313775184,0.00248705008
139.633333,0.313858085,0.00248734062
139.666667,0.313940997,0.00248763158
139.7,0.314023918,0.00248801736
139.733333,0.314106852,0.00248833024
139.766667,0.314189796,0.00248862338
139.8,0.31427275,0.00248891708
139.833333,0.314355714,0.00248924295
139.866667,0.314438689,0.0024896225
139.9,0.314521676,0.00248991873
139.933333,0.314604674,0.00249021558
139.966667,0.314687681,0.00249051305
140,0.314770698,0.0024908961
140.033333,0.314853728,0.00249122806
140.066667,0.314936769,0.00249152828
140.1,0.31501982,0.00249182914
140.133333,0.315102881,0.00249215125
140.166667,0.315185952,0.0024925519
140.2,0.315269037,0.00249285542
140.233333,0.315352132,0.00249315952
140.266667,0.315435238,0.00249346421
140.3,0.315518353,0.00249384447
140.333333,0.315601481,0.00249419604
140.366667,0.315684621,0.00249450308
140.4,0.315767771,0.00249481061
140.433333,0.315850932,0.00249512763
140.466667,0.315934103,0.00249554846
140.5,0.316017288,0.00249585785
140.533333,0.316100483,0.0024961676
140.566667,0.316183688,0.0024964777
140.6,0.316266904,0.00249685214
140.633333,0.316350133,0.00249722108
140.666667,0.316433374,0.00249753237
140.7,0.316516625,0.00249784384
140.733333,0.316599886,0.00249815549
140.766667,0.316683158,0.00249858663
140.8,0.316766444,0.00249890165
140.833333,0.316849741,0.00249921365
140.866667,0.316933048,0.00249952567
140.9,0.317016365,0.00249988975
140.933333,0.317099695,0.00250027193
140.966667,0.317183038,0.00250058369
141,0.31726639,0.0025008953
141.033333,0.317349754,0.00250120675
141.066667,0.317433127,0.00250162478
141.1,0.317516515,0.00250195062
141.133333,0.317599913,0.00250226104
141.166667,0.317683322,0.00250257116
141.2,0.317766741,0.00250292055
141.233333,0.317850171,0.00250331143
141.266667,0.317933615,0.00250362008
141.3,0.318017069,0.00250392832
141.333333,0.318100533,0.00250423614
141.366667,0.318184008,0.00250463689
141.4,0.318267496,0.00250497015
141.433333,0.318350995,0.00250527602
141.466667,0.318434504,0.00250558141
141.5,0.318518023,0.00250591342
141.533333,0.318601554,0.00250630966
141.566667,0.318685097,0.00250661298
141.6,0.318768651,0.0025069158
141.633333,0.318852215,0.00250721811
141.666667,0.318935789,0.00250759984
141.7,0.319019376,0.00250793866
141.733333,0.319102974,0.00250823884
141.766667,0.319186582,0.00250853854
141.8,0.3192702,0.00250885274
141.833333,0.319353828,0.00250925331
141.866667,0.31943747,0.00250955109
141.9,0.319521121,0.00250984844
141.933333,0.319604783,0.00251014538
141.966667,0.319688455,0.002510509
142,0.319772138,0.00251085372
142.033333,0.319855833,0.00251114907
142.066667,0.319939538,0.0025114441
142.1,0.320023253,0.00251174214
142.133333,0.320106978,0.00251214857
142.166667,0.320190716,0.00251244247
142.2,0.320274464,0.00251273616
142.233333,0.320358222,0.00251302966
142.266667,0.32044199,0.00251337803
142.3,0.320525769,0.00251373097
142.333333,0.32060956,0.00251402389
142.366667,0.320693361,0.00251431675
142.4,0.320777171,0.00251460957
142.433333,0.320860992,0.00251500909
142.466667,0.320944825,0.00251531003
142.5,0.321028669,0.00251560291
142.533333,0.321112522,0.00251589585
142.566667,0.321196386,0.00251623255
142.6,0.32128026,0.00251659715
142.633333,0.321364147,0.00251689062
142.666667,0.321448043,0.00251718429
142.7,0.321531949,0.00251747815
142.733333,0.321615865,0.00251786814
142.766667,0.321699794,0.00251818238
142.8,0.321783733,0.00251847728
142.833333,0.321867683,0.00251877246
142.866667,0.321951642,0.00251910049
142.9,0.322035612,0.00251948006
142.933333,0.322119594,0.00251977658
142.966667,0.322203587,0.00252007345
143,0.322287589,0.00252037067
143.033333,0.322371602,0.00252075377
143.066667,0.322455627,0.00252108363
143.1,0.322539663,0.00252138242
143.133333,0.322623709,0.00252168159
143.166667,0.322707765,0.00252200246
143.2,0.322791832,0.00252239905
143.233333,0.322875912,0.00252269983
143.266667,0.322960002,0.00252300098
143.3,0.323044102,0.00252330251
143.333333,0.323128212,0.00252367937
143.366667,0.323212335,0.00252402573
143.4,0.323296469,0.00252432877
143.433333,0.323380613,0.00252463214
143.466667,0.323464768,0.0025249456
143.5,0.323548932,0.00252535934
143.533333,0.323633111,0.00252566402
143.566667,0.3237173,0.00252596897
143.6,0.323801499,0.0025262742
143.633333,0.323885708,0.00252664354
143.666667,0.323969929,0.00252700558
143.7,0.324054163,0.00252731174
143.733333,0.324138407,0.00252761809
143.766667,0.324222661,0.00252792459
143.8,0.324306925,0.00252834952
143.833333,0.324391203,0.00252865854
143.866667,0.324475492,0.00252896556
143.9,0.32455979,0.00252927266
143.933333,0.3246441,0.00252963201
143.966667,0.324728421,0.00253000754
144,0.324812754,0.00253031475
144.033333,0.324897098,0.00253062194
144.066667,0.324981452,0.00253092908
144.1,0.325065816,0.00253134251
144.133333,0.325150195,0.00253166347
144.166667,0.325234583,0.00253197028
144.2,0.325318982,0.00253227698
144.233333,0.325403392,0.00253262364
144.266667,0.325487812,0.00253300994
144.3,0.325572246,0.00253331594
144.333333,0.32565669,0.00253362175
144.366667,0.325741144,0.00253392734
144.4,0.325825608,0.00253432648
144.433333,0.325910086,0.00253465718
144.466667,0.325994574,0.00253496179
144.5,0.326079073,0.00253526614
144.533333,0.326163582,0.00253559815
144.566667,0.326248102,0.0025359929
144.6,0.326332635,0.00253629606
144.633333,0.326417178,0.00253659893
144.666667,0.326501731,0.00253690151
144.7,0.326586295,0.00253728482
144.733333,0.326670871,0.00253762379
144.766667,0.326755458,0.00253792513
144.8,0.326840056,0.00253822617
144.833333,0.326924663,0.00253854283
144.866667,0.327009282,0.0025389449
144.9,0.327093913,0.0025392447
144.933333,0.327178555,0.00253954422
144.966667,0.327263206,0.00253984346
145,0.327347867,0.00254021098
145.033333,0.327432541,0.00254055798
145.066667,0.327517226,0.00254085617
145.1,0.327601922,0.00254115413
145.133333,0.327686627,0.00254145606
145.166667,0.327771342,0.00254186589
145.2,0.327856071,0.00254216296
145.233333,0.32794081,0.00254245986
145.266667,0.328025558,0.0025427566
145.3,0.328110317,0.00254310971
145.333333,0.328195087,0.00254346576
145.366667,0.328279869,0.00254376197
145.4,0.328364661,0.00254405809
145.433333,0.328449463,0.00254435412
145.466667,0.328534275,0.00254475877
145.5,0.3286191,0.00254506197
145.533333,0.328703936,0.00254535779
145.566667,0.328788781,0.00254565361
145.6,0.328873636,0.00254599434
145.633333,0.328958503,0.00254636136
145.666667,0.329043381,0.00254665731
145.7,0.32912827,0.00254695332
145.733333,0.329213168,0.00254724939
145.766667,0.329298077,0.00254764289
145.8,0.329382998,0.00254795815
145.833333,0.32946793,0.00254825464
145.866667,0.329552872,0.00254855127
145.9,0.329637824,0.00254888157
145.933333,0.329722786,0.00254926162
145.966667,0.329807762,0.00254955893
146,0.329892747,0.00254985643
146.033333,0.329977742,0.0025501541
146.066667,0.330062747,0.00255053831
146.1,0.330147765,0.00255086721
146.133333,0.330232794,0.00255116571
146.166667,0.330317833,0.00255146442
146.2,0.330402882,0.0025517855
146.233333,0.330487941,0.00255218011
146.266667,0.330573014,0.00255247979
146.3,0.330658097,0.00255277969
146.333333,0.330743189,0.00255307981
146.366667,0.330828292,0.00255345553
146.4,0.330913407,0.0025537989
146.433333,0.330998534,0.00255409993
146.466667,0.331083671,0.00255440118
146.5,0.331168817,0.00255471322
146.533333,0.331253974,0.00255512286
146.566667,0.331339145,0.002555425
146.6,0.331424326,0.00255572732
146.633333,0.331509517,0.00255602982
146.666667,0.331594718,0.00255639663
146.7,0.331679931,0.00255675431
146.733333,0.331765156,0.00255705749
146.766667,0.331850391,0.0025573608
146.8,0.331935637,0.00255766427
146.833333,0.332020892,0.00255808586
146.866667,0.332106162,0.00255839088
146.9,0.332191442,0.00255869481
146.933333,0.332276731,0.00255899881
146.966667,0.332362031,0.00255935544
147,0.332447343,0.00255972637
147.033333,0.332532667,0.0025600306
147.066667,0.332618002,0.00256033486
147.1,0.332703346,0.00256063915
147.133333,0.332788701,0.00256104977
147.166667,0.332874069,0.00256136708
147.2,0.332959448,0.00256167133
147.233333,0.333044837,0.00256197553
147.266667,0.333130236,0.00256232039
147.3,0.333215647,0.00256270299
147.333333,0.33330107,0.00256300692
147.366667,0.333386504,0.00256331078
147.4,0.333471948,0.00256361456
147.433333,0.333557402,0.00256401245
147.466667,0.333642869,0.00256434069
147.5,0.333728347,0.00256464398
147.533333,0.333813835,0.00256494714
147.566667,0.333899333,0.00256527888
147.6,0.333984842,0.00256567164
147.633333,0.334070365,0.00256597416
147.666667,0.334155897,0.00256627653
147.7,0.33424144,0.00256657876
147.733333,0.334326992,0.00256696274
147.766667,0.334412558,0.00256730086
147.8,0.334498134,0.00256760235
147.833333,0.334583721,0.00256790367
147.866667,0.334669318,0.00256822165
147.9,0.334754925,0.00256862362
147.933333,0.334840546,0.00256892419
147.966667,0.334926177,0.0025692246
148,0.335011818,0.00256952484
148.033333,0.335097469,0.00256989464
148.066667,0.335183132,0.00257024223
148.1,0.335268807,0.00257054177
148.133333,0.335354491,0.00257084116
148.166667,0.335440186,0.00257114548
148.2,0.335525891,0.00257155662
148.233333,0.335611609,0.0025718554
148.266667,0.335697338,0.00257215406
148.3,0.335783076,0.00257245261
148.333333,0.335868825,0.0025728088
148.366667,0.335954585,0.00257316623
148.4,0.336040357,0.00257346433
148.433333,0.336126139,0.00257376234
148.466667,0.336211931,0.00257406027
148.5,0.336297733,0.00257446835
148.533333,0.336383549,0.0025747726
148.566667,0.336469375,0.0025750703
148.6,0.336555211,0.00257536797
148.633333,0.336641056,0.00257571166
148.666667,0.336726913,0.00257607993
148.7,0.336812783,0.00257637753
148.733333,0.336898662,0.00257667513
148.766667,0.336984551,0.00257697273
148.8,0.33707045,0.00257736898
148.833333,0.337156362,0.00257768479
148.866667,0.337242285,0.00257798256
148.9,0.337328218,0.00257828037
148.933333,0.337414161,0.00257861275
148.966667,0.337500114,0.00257899311
149,0.337586081,0.00257929121
149.033333,0.337672057,0.00257958939
149.066667,0.337758043,0.00257988766
149.1,0.33784404,0.00258027332
149.133333,0.337930049,0.0025806017
149.166667,0.338016069,0.00258090042
149.2,0.338102099,0.00258119925
149.233333,0.338188139,0.0025815212
149.266667,0.33827419,0.00258191469
149.3,0.338360253,0.00258221403
149.333333,0.338446327,0.00258251349
149.366667,0.338532411,0.00258281307
149.4,0.338618505,0.00258318883
149.433333,0.338704611,0.00258353043
149.466667,0.338790729,0.00258383059
149.5,0.338876856,0.00258413088
149.533333,0.338962994,0.0025844427
149.566667,0.339049142,0.00258484982
149.6,0.339135304,0.00258515064
149.633333,0.339221476,0.00258545157
149.666667,0.339307657,0.00258575261
149.7,0.339393849,0.00258611845
149.733333,0.339480053,0.00258647338
149.766667,0.339566269,0.00258677492
149.8,0.339652495,0.00258707656
149.833333,0.33973873,0.00258737828
149.866667,0.339824976,0.00258779826
149.9,0.339911236,0.00258810056
149.933333,0.339997506,0.00258840262
149.966667,0.340083786,0.00258870475
150,0.340170077,0.00258906006
150.033333,0.340256379,0.00258942785
150.066667,0.340342693,0.00258973025
150.1,0.340429017,0.00259003267
150.133333,0.340515352,0.00259033513
150.166667,0.340601696,0.0025907442
150.2,0.340688054,0.00259105879
150.233333,0.340774423,0.0025913613
150.266667,0.340860802,0.0025916638
150.3,0.34094719,0.00259200768
150.333333,0.341033591,0.00259238748
150.366667,0.341120004,0.00259268996
150.4,0.341206427,0.0025929924
150.433333,0.34129286,0.00259329481
150.466667,0.341379303,0.0025936919
150.5,0.341465759,0.00259401798
150.533333,0.341552226,0.00259432016
150.566667,0.341638704,0.00259462227
150.6,0.341725191,0.00259495386
150.633333,0.34181169,0.00259534471
150.666667,0.341898201,0.00259564655
150.7,0.341984723,0.0025959483
150.733333,0.342071254,0.00259624997
150.766667,0.342157796,0.00259663426
150.8,0.34224435,0.00259697113
150.833333,0.342330916,0.00259727237
150.866667,0.342417492,0.00259757353
150.9,0.342504078,0.00259789231
150.933333,0.342590674,0.00259829353
150.966667,0.342677284,0.00259852833
151,0.342763902,0.00259895075
151.033333,0.342850533,0.00259925085
151.066667,0.342937175,0.00259955229
151.1,0.343023827,0.00259985442
151.133333,0.343110488,0.00260021484
151.166667,0.343197162,0.00260058283
151.2,0.343283848,0.00260089076
151.233333,0.343370545,0.00260120068
151.266667,0.343457251,0.00260151273
151.3,0.343543969,0.00260194393
151.333333,0.3436307,0.00260227334
151.366667,0.343717442,0.00260259716
151.4,0.343804196,0.0026029242
151.433333,0.34389096,0.00260330482
151.466667,0.343977737,0.00260372396
151.5,0.344064527,0.00260406651
151.533333,0.34415133,0.00260441303
151.566667,0.344238143,0.00260476358
151.6,0.344324969,0.00260523684
151.633333,0.34441181,0.00260562511
151.666667,0.344498664,0.00260599408
151.7,0.344585531,0.00260636748
151.733333,0.34467241,0.00260678787
151.766667,0.344759303,0.00260728279
151.8,0.344846212,0.00260767539
151.833333,0.344933135,0.00260807243
151.866667,0.34502007,0.00260847389
151.9,0.345107019,0.00260899879
151.933333,0.345193986,0.00260945746
151.966667,0.345280968,0.00260987729
152,0.345367964,0.00261030117
152.033333,0.345454974,0.00261076003
152.066667,0.345541999,0.00261133412
152.1,0.345629044,0.00261177422
152.133333,0.345716103,0.0026122177
152.166667,0.345803177,0.0026126645
152.2,0.345890266,0.00261322753
152.233333,0.345977373,0.00261374922
152.266667,0.346064498,0.0026142083
152.3,0.346151638,0.00261466978
152.333333,0.346238794,0.00261514863
152.366667,0.346325966,0.0026157838
152.4,0.346413158,0.00261625349
152.433333,0.346500367,0.0026167245
152.466667,0.346587591,0.00261719672
152.5,0.346674831,0.00261776922
152.533333,0.34676209,0.00261833084
152.566667,0.346849368,0.0026188059
152.6,0.346936661,0.00261928108
152.633333,0.347023971,0.00261975624
152.666667,0.347111296,0.00262041389
152.7,0.347198643,0.00262089058
152.733333,0.347286006,0.00262136319
152.766667,0.347373385,0.00262183474
152.8,0.347460779,0.00262238464
152.833333,0.347548192,0.00262295602
152.866667,0.347635624,0.00262342112
152.9,0.347723071,0.00262388426
152.933333,0.347810534,0.00262434536
152.966667,0.347898012,0.00262496158
153,0.347985511,0.00262543578
153.033333,0.348073025,0.0026258865
153.066667,0.348160555,0.00262633451
153.1,0.3482481,0.00262683744
153.133333,0.348335661,0.00262739213
153.166667,0.34842324,0.00262782763
153.2,0.348510835,0.00262826003
153.233333,0.348598443,0.00262868929
153.266667,0.348686066,0.00262924437
153.3,0.348773708,0.00262969891
153.333333,0.348861364,0.00263011436
153.366667,0.348949035,0.00263052657
153.4,0.349036719,0.00263097274
153.433333,0.349124418,0.00263149702
153.466667,0.349212135,0.00263189563
153.5,0.349299865,0.00263229119
153.533333,0.349387608,0.00263268371
153.566667,0.349475364,0.00263317637
153.6,0.349563136,0.00263360734
153.633333,0.349650923,0.00263398775
153.666667,0.349738723,0.00263436558
153.7,0.349826535,0.00263476068
153.733333,0.34991436,0.00263525784
153.766667,0.350002202,0.00263562582
153.8,0.350090057,0.00263599185
153.833333,0.350177923,0.00263635601
153.866667,0.350265802,0.00263680099
153.9,0.350353695,0.00263721869
153.933333,0.350441602,0.00263757648
153.966667,0.350529521,0.00263793318
154,0.350617452,0.00263829398
154.033333,0.350705396,0.00263878243
154.066667,0.350793355,0.00263913611
154.1,0.350881326,0.00263948955
154.133333,0.350969309,0.00263984282
154.166667,0.351057304,0.00264026356
154.2,0.351145313,0.00264068842
154.233333,0.351233336,0.00264104277
154.266667,0.35132137,0.00264139778
154.3,0.351409417,0.00264175354
154.333333,0.351497476,0.00264224221
154.366667,0.35158555,0.0026426103
154.4,0.351673637,0.00264297099
154.433333,0.351761736,0.00264333314
154.466667,0.351849847,0.00264375262
154.5,0.351937972,0.00264420777
154.533333,0.352026113,0.00264457746
154.566667,0.352114265,0.0026449492
154.6,0.35220243,0.00264532304
154.633333,0.352290608,0.00264582428
154.666667,0.352378802,0.00264622955
154.7,0.35246701,0.00264661329
154.733333,0.35255523,0.00264699947
154.766667,0.352643463,0.00264743264
154.8,0.352731711,0.00264793576
154.833333,0.352819976,0.0026483329
154.866667,0.352908253,0.00264873267
154.9,0.352996544,0.00264913507
154.933333,0.353084849,0.00264965907
154.966667,0.353173171,0.0026501117
155,0.353261508,0.00265052527
155.033333,0.353349859,0.00265094138
155.066667,0.353438224,0.00265139139
155.1,0.353526603,0.00265194887
155.133333,0.353615002,0.00265237544
155.166667,0.353703414,0.0026528043
155.2,0.353791841,0.00265323542
155.233333,0.353880282,0.00265377847
155.266667,0.353968741,0.00265427781
155.3,0.354057217,0.00265471761
155.333333,0.354145708,0.0026551592
155.366667,0.354234213,0.00265561824
155.4,0.354322734,0.00265622341
155.433333,0.354411275,0.00265667162
155.466667,0.35449983,0.00265712108
155.5,0.354588401,0.0026575717
155.533333,0.354676987,0.00265811951
155.566667,0.354765591,0.0026586547
155.6,0.354854212,0.00265910897
155.633333,0.354942849,0.00265956378
155.666667,0.355031502,0.00266001905
155.7,0.355120169,0.0026606518
155.733333,0.355208857,0.00266110935
155.766667,0.355297561,0.00266156513
155.8,0.35538628,0.00266202075
155.833333,0.355475014,0.00266255474
155.866667,0.355563766,0.00266310888
155.9,0.355652536,0.0026635625
155.933333,0.355741321,0.00266401537
155.966667,0.355830122,0.00266446743
156,0.355918937,0.00266507549
156.033333,0.356007773,0.00266554338
156.066667,0.356096625,0.00266599084
156.1,0.356185491,0.00266643702
156.133333,0.356274372,0.00266694114
156.166667,0.35636327,0.00266749742
156.2,0.356452187,0.00266793732
156.233333,0.356541118,0.0026683756
156.266667,0.356630064,0.00266881222
156.3,0.356719024,0.00266938108
156.333333,0.356808004,0.00266984737
156.366667,0.356896999,0.00267027647
156.4,0.356986008,0.00267070376
156.433333,0.357075031,0.00267116934
156.466667,0.35716407,0.00267171687
156.5,0.357253128,0.00267213624
156.533333,0.357342199,0.00267255377
156.566667,0.357431284,0.00267296947
156.6,0.357520383,0.00267349482
156.633333,0.357609499,0.00267395448
156.666667,0.357698631,0.00267436268
156.7,0.357787777,0.00267476922
156.733333,0.357876936,0.00267519671
156.766667,0.357966109,0.00267573407
156.8,0.3580553,0.002676134
156.833333,0.358144504,0.00267653256
156.866667,0.358233722,0.00267692978
156.9,0.358322953,0.00267741734
156.933333,0.3584122,0.00267787374
156.966667,0.358501463,0.00267826612
157,0.358590738,0.00267865758
157.033333,0.358680027,0.00267905485
157.066667,0.358769329,0.00267959016
157.1,0.358858648,0.00267997851
157.133333,0.358947981,0.00268036638
157.166667,0.359037327,0.00268075384
157.2,0.359126685,0.00268121593
157.233333,0.359216059,0.00268167943
157.266667,0.359305448,0.00268206619
157.3,0.359394851,0.00268245302
157.333333,0.359484266,0.00268283997
157.366667,0.359573694,0.00268337086
157.4,0.359663139,0.00268376729
157.433333,0.359752598,0.00268415584
157.466667,0.35984207,0.00268454497
157.5,0.359931555,0.00268499535
157.533333,0.360021055,0.00268547944
157.566667,0.360110571,0.00268587194
157.6,0.3602001,0.00268626542
157.633333,0.360289642,0.00268665989
157.666667,0.360379197,0.00268718743
157.7,0.36046877,0.00268760969
157.733333,0.360558357,0.00268800918
157.766667,0.360647958,0.00268840998
157.8,0.360737571,0.00268885906
157.833333,0.3608272,0.00268937556
157.866667,0.360916846,0.00268978238
157.9,0.361006505,0.00269019067
157.933333,0.361096178,0.00269060044
157.966667,0.361185865,0.00269113303
158,0.361275569,0.00269158881
158.033333,0.361365289,0.00269200509
158.066667,0.361455022,0.0026924229
158.1,0.36154477,0.00269287478
158.133333,0.361634532,0.00269342983
158.166667,0.361724313,0.00269385412
158.2,0.361814108,0.00269427987
158.233333,0.361903918,0.00269470705
158.266667,0.361993741,0.0026952451
158.3,0.362083583,0.0026957362
158.333333,0.362173441,0.00269616913
158.366667,0.362263313,0.00269660331
158.4,0.3623532,0.0026970554
158.433333,0.362443102,0.00269764759
158.466667,0.362533023,0.0026980866
158.5,0.362622959,0.00269852656
158.533333,0.36271291,0.00269896744
158.566667,0.362802876,0.00269950444
158.6,0.362892859,0.00270002636
158.633333,0.36298286,0.00270047047
158.666667,0.363072876,0.00270091518
158.7,0.363162906,0.00270136044
158.733333,0.363252952,0.00270198101
158.766667,0.363343018,0.00270242789
158.8,0.363433099,0.00270287462
158.833333,0.363523195,0.00270332154
158.866667,0.363613305,0.00270384721
158.9,0.363703434,0.00270439096
158.933333,0.36379358,0.00270483784
158.966667,0.363883741,0.00270528455
159,0.363973917,0.00270573106
159.033333,0.364064108,0.00270633431
159.066667,0.364154319,0.00270679733
159.1,0.364244546,0.00270724214
159.133333,0.364334787,0.00270768642
159.166667,0.364425044,0.00270819072
159.2,0.364515317,0.00270874612
159.233333,0.364605608,0.00270918754
159.266667,0.364695914,0.00270962818
159.3,0.364786235,0.00271006802
159.333333,0.364876571,0.00271064409
159.366667,0.364966926,0.00271111549
159.4,0.365057296,0.00271155146
159.433333,0.365147681,0.00271198645
159.466667,0.365238081,0.00271246281
159.5,0.365328496,0.00271302212
159.533333,0.36541893,0.00271345275
159.566667,0.365509379,0.00271388236
159.6,0.365599842,0.00271431093
159.633333,0.365690319,0.00271485529
159.666667,0.365780814,0.00271533065
159.7,0.365871325,0.00271575478
159.733333,0.36596185,0.00271617789
159.766667,0.366052389,0.00271662484
159.8,0.366142943,0.00271718529
159.833333,0.366233516,0.00271760425
159.866667,0.366324103,0.00271802234
159.9,0.366414704,0.00271843955
159.933333,0.366505318,0.00271895367
159.966667,0.36659595,0.00271943333
160,0.366686598,0.00271984717
160.033333,0.36677726,0.00272026033
160.066667,0.366867935,0.0027206811
160.1,0.366958624,0.00272124568
160.133333,0.367049333,0.00272165635
160.166667,0.367140054,0.00272206659
160.2,0.36723079,0.00272247643
160.233333,0.367321539,0.00272296636
160.266667,0.367412305,0.00272345517
160.3,0.367503087,0.00272386382
160.333333,0.367593882,0.00272427232
160.366667,0.367684691,0.00272468071
160.4,0.367775514,0.00272524152
160.433333,0.367866355,0.00272565762
160.466667,0.36795721,0.00272606621
160.5,0.368048079,0.00272647497
160.533333,0.368138962,0.00272694857
160.566667,0.36822986,0.00272745405
160.6,0.368320775,0.00272786406
160.633333,0.368411704,0.00272827449
160.666667,0.368502646,0.00272868535
160.7,0.368593603,0.00272923467
160.733333,0.368684577,0.00272967106
160.766667,0.368775566,0.00273008434
160.8,0.368866569,0.00273049827
160.833333,0.368957586,0.00273096233
160.866667,0.369048618,0.00273149193
160.9,0.369139667,0.00273190896
160.933333,0.369230731,0.00273232679
160.966667,0.369321809,0.00273274541
161,0.3694129,0.00273328937
161.033333,0.36950401,0.00273375137
161.066667,0.369595135,0.00273417368
161.1,0.369686274,0.00273459687
161.133333,0.369777427,0.00273505499
161.166667,0.369868596,0.00273561354
161.2,0.369959783,0.00273604053
161.233333,0.370050984,0.0027364684
161.266667,0.3701422,0.00273689714
161.3,0.37023343,0.00273743747
161.333333,0.370324678,0.00273792735
161.366667,0.370415942,0.00273835977
161.4,0.37050722,0.00273879299
161.433333,0.370598514,0.00273924488
161.466667,0.370689822,0.00273983305
161.5,0.37078115,0.0027402695
161.533333,0.370872492,0.00274070662
161.566667,0.370963849,0.0027411444
161.6,0.37105522,0.00274167853
161.633333,0.371146609,0.00274219485
161.666667,0.371238016,0.00274263514
161.7,0.371329437,0.00274307592
161.733333,0.371420873,0.0027435181
161.766667,0.371512324,0.00274413238
161.8,0.371603795,0.00274457486
161.833333,0.371695281,0.0027450176
161.866667,0.371786781,0.00274546061
161.9,0.371878296,0.00274598316
161.933333,0.371969829,0.00274652142
161.966667,0.37206138,0.00274696513
162,0.372152945,0.00274740889
162.033333,0.372244526,0.00274785268
162.066667,0.372336121,0.00274845414
162.1,0.372427736,0.00274891405
162.133333,0.372519366,0.00274935747
162.166667,0.372611012,0.00274980073
162.2,0.372702672,0.0027503057
162.233333,0.372794349,0.00275086002
162.266667,0.372886044,0.0027513022
162.3,0.372977754,0.00275174405
162.333333,0.373069479,0.00275218554
162.366667,0.373161218,0.00275276596
162.4,0.373252977,0.00275323945
162.433333,0.373344752,0.00275367908
162.466667,0.373436541,0.00275411822
162.5,0.373528345,0.00275460106
162.533333,0.373620165,0.0027551663
162.566667,0.373712004,0.00275560322
162.6,0.373803857,0.00275603959
162.633333,0.373895725,0.00275647538
162.666667,0.373987608,0.00275703107
162.7,0.374079509,0.00275751481
162.733333,0.374171426,0.00275794809
162.766667,0.374263358,0.00275838079
162.8,0.374355304,0.00275883965
162.833333,0.374447265,0.00275941316
162.866667,0.374539245,0.00275984343
162.9,0.37463124,0.00276027314
162.933333,0.374723249,0.00276070231
162.966667,0.374815273,0.00276123297
163,0.374907314,0.00276172622
163.033333,0.374999371,0.00276215319
163.066667,0.375091443,0.00276257971
163.1,0.375183529,0.0027630156
163.133333,0.37527563,0.00276359803
163.166667,0.37536775,0.00276402281
163.2,0.375459884,0.00276444725
163.233333,0.375552032,0.00276487136
163.266667,0.375644194,0.00276537969
163.3,0.375736374,0.00276588445
163.333333,0.37582857,0.00276630745
163.366667,0.37592078,0.00276673027
163.4,0.376013004,0.00276715295
163.433333,0.376105243,0.00276773445
163.466667,0.376197501,0.00276816353
163.5,0.376289773,0.00276858587
163.533333,0.376382059,0.00276900821
163.566667,0.376474359,0.00276949849
163.6,0.376566676,0.00277001874
163.633333,0.37665901,0.00277044137
163.666667,0.376751358,0.00277086416
163.7,0.37684372,0.00277128713
163.733333,0.376936096,0.00277185324
163.766667,0.377028491,0.00277230014
163.8,0.377120901,0.00277272413
163.833333,0.377213325,0.00277314842
163.866667,0.377305764,0.00277362483
163.9,0.377398218,0.00277416504
163.933333,0.37749069,0.00277459084
163.966667,0.377583176,0.00277501705
164,0.377675677,0.00277544369
164.033333,0.377768192,0.00277599853
164.066667,0.377860725,0.0027764667
164.1,0.377953274,0.00277689529
164.133333,0.378045837,0.00277732437
164.166667,0.378138415,0.00277778963
164.2,0.378231008,0.00277835321
164.233333,0.378323619,0.00277878443
164.266667,0.378416246,0.00277921618
164.3,0.378508886,0.00277964846
164.333333,0.378601541,0.00278019386
164.366667,0.378694214,0.00278068527
164.4,0.378786904,0.00278111973
164.433333,0.378879608,0.00278155469
164.466667,0.378972326,0.00278200933
164.5,0.37906506,0.00278259752
164.533333,0.379157813,0.00278303453
164.566667,0.379250581,0.00278347201
164.6,0.379343363,0.00278390994
164.633333,0.37943616,0.00278444519
164.666667,0.379528975,0.00278495971
164.7,0.379621807,0.00278539936
164.733333,0.379714654,0.00278583936
164.766667,0.379807515,0.00278628192
164.8,0.379900391,0.00278689344
164.833333,0.379993288,0.00278733477
164.866667,0.380086199,0.00278777637
164.9,0.380179125,0.00278821821
164.933333,0.380272065,0.00278874067
164.966667,0.380365023,0.00278927622
165,0.380457999,0.00278971883
165.033333,0.38055099,0.00279016156
165.066667,0.380643995,0.00279060439
165.1,0.380737015,0.00279120604
165.133333,0.380830055,0.00279166406
165.166667,0.380923111,0.00279210709
165.2,0.381016181,0.00279255012
165.233333,0.381109266,0.00279305634
165.266667,0.381202368,0.00279360969
165.3,0.381295488,0.00279405243
165.333333,0.381388623,0.00279449504
165.366667,0.381481773,0.00279493751
165.4,0.381574938,0.00279552098
165.433333,0.381668122,0.0027959951
165.466667,0.381761322,0.00279643682
165.5,0.381854536,0.00279687832
165.533333,0.381947766,0.00279736536
165.566667,0.382041011,0.00279793328
165.6,0.382134276,0.00279837369
165.633333,0.382227555,0.0027988138
165.666667,0.382320848,0.00279925362
165.7,0.382414157,0.00279981623
165.733333,0.382507484,0.00280030415
165.766667,0.382600828,0.00280074267
165.8,0.382694186,0.00280118086
165.833333,0.382787558,0.00280164711
165.866667,0.382880947,0.00280222753
165.9,0.382974354,0.00280266432
165.933333,0.383067776,0.00280310077
165.966667,0.383161213,0.0028035369
166,0.383254664,0.00280407782
166.033333,0.383348134,0.00280457859
166.066667,0.383441619,0.00280501341
166.1,0.38353512,0.00280544795
166.133333,0.383628635,0.00280589345
166.166667,0.383722165,0.00280648609
166.2,0.383815714,0.00280691945
166.233333,0.383909278,0.00280735257
166.266667,0.384002857,0.00280778544
166.3,0.384096449,0.00280830568
166.333333,0.38419006,0.00280881993
166.366667,0.384283687,0.002809252
166.4,0.384377329,0.00280968391
166.433333,0.384470985,0.00281011566
166.466667,0.384564655,0.00281071088
166.5,0.384658346,0.00281114785
166.533333,0.384752051,0.00281157914
166.566667,0.38484577,0.00281201038
166.6,0.384939504,0.00281251214
166.633333,0.385033254,0.00281304184
166.666667,0.385127022,0.00281347303
166.7,0.385220805,0.00281390424
166.733333,0.385314601,0.00281433548
166.766667,0.385408413,0.00281491361
166.8,0.385502243,0.00281536746
166.833333,0.385596089,0.00281579904
166.866667,0.385689949,0.00281623073
166.9,0.385783823,0.00281671647
166.933333,0.385877713,0.00281726419
166.966667,0.385971622,0.00281769659
167,0.386065545,0.00281812918
167.033333,0.386159483,0.00281856196
167.066667,0.386253435,0.0028191256
167.1,0.386347406,0.00281959844
167.133333,0.386441393,0.00282003218
167.166667,0.386535394,0.00282046617
167.2,0.386629409,0.00282093775
167.233333,0.38672344,0.00282150573
167.266667,0.386817491,0.00282194091
167.3,0.386911555,0.00282237638
167.333333,0.387005635,0.00282281213
167.366667,0.387099728,0.00282336278
167.4,0.38719384,0.00282385606
167.433333,0.387287969,0.00282429304
167.466667,0.387382112,0.00282473032
167.5,0.38747627,0.00282518845
167.533333,0.387570443,0.00282577784
167.566667,0.387664635,0.00282621639
167.6,0.387758842,0.00282665521
167.633333,0.387853064,0.00282709431
167.666667,0.387947301,0.00282763201
167.7,0.388041555,0.00282814608
167.733333,0.388135827,0.00282858627
167.766667,0.388230113,0.0028290267
167.8,0.388324414,0.00282947089
167.833333,0.38841873,0.00283008143
167.866667,0.388513066,0.00283052281
167.9,0.388607416,0.00283096438
167.933333,0.388701782,0.00283140613
167.966667,0.388796162,0.00283192969
168,0.38889056,0.00283246369
168.033333,0.388984975,0.00283290607
168.066667,0.389079405,0.00283334857
168.1,0.38917385,0.00283379119
168.133333,0.38926831,0.00283439392
168.166667,0.38936279,0.00283485052
168.2,0.389457285,0.00283529346
168.233333,0.389551795,0.00283573643
168.266667,0.389646319,0.00283624398
168.3,0.389740861,0.00283679622
168.333333,0.38983542,0.00283723922
168.366667,0.389929995,0.0028376822
168.4,0.390024585,0.00283812517
168.433333,0.390119189,0.00283871083
168.466667,0.390213812,0.00283918456
168.5,0.390308452,0.00283962725
168.533333,0.390403106,0.00284006985
168.566667,0.390497775,0.00284055957
168.6,0.39059246,0.0028411281
168.633333,0.390687165,0.0028415702
168.666667,0.390781884,0.00284201218
168.7,0.390876617,0.00284245402
168.733333,0.390971366,0.00284302081
168.766667,0.391066133,0.0028435102
168.8,0.391160917,0.00284395137
168.833333,0.391255715,0.00284439236
168.866667,0.391350528,0.00284486304
168.9,0.391445357,0.00284544641
168.933333,0.391540205,0.00284588662
168.966667,0.391635068,0.00284632666
169,0.391729946,0.00284676653
169.033333,0.391824838,0.00284731361
169.066667,0.391919749,0.00284781781
169.1,0.392014676,0.00284825688
169.133333,0.392109618,0.00284869577
169.166667,0.392204574,0.00284914714
169.2,0.392299546,0.00284974482
169.233333,0.392394537,0.00285018296
169.266667,0.392489543,0.00285062096
169.3,0.392584564,0.00285105881
169.333333,0.392679599,0.00285158642
169.366667,0.392774652,0.00285210549
169.4,0.392869722,0.00285254274
169.433333,0.392964807,0.00285297986
169.466667,0.393059906,0.00285341686
169.5,0.39315502,0.0028540206
169.533333,0.393250154,0.00285446167
169.566667,0.393345303,0.00285489829
169.6,0.393440466,0.00285533484
169.633333,0.393535644,0.00285584402
169.666667,0.393630839,0.00285637886
169.7,0.393726052,0.0028568152
169.733333,0.393821279,0.00285725151
169.766667,0.393916521,0.0028576878
169.8,0.394011777,0.00285827381
169.833333,0.394107053,0.00285873149
169.866667,0.394202344,0.00285916783
169.9,0.394297649,0.00285960422
169.933333,0.394392969,0.00286009637
169.966667,0.394488306,0.00286064836
170,0.394583661,0.00286108497
170.033333,0.39467903,0.00286152165
170.066667,0.394774414,0.00286195841
170.1,0.394869813,0.00286252825
170.133333,0.394965231,0.00286300375
170.166667,0.395060664,0.00286344097
170.2,0.395156112,0.00286387831
170.233333,0.395251575,0.00286435461
170.266667,0.395347053,0.00286492513
170.3,0.395442551,0.00286536303
170.333333,0.395538063,0.00286580107
170.366667,0.39563359,0.00286623925
170.4,0.395729131,0.00286679398
170.433333,0.395824691,0.00286728829
170.466667,0.395920267,0.00286772716
170.5,0.396015858,0.00286816619
170.533333,0.396111463,0.00286862727
170.566667,0.396207084,0.0028692172
170.6,0.396302725,0.00286965691
170.633333,0.39639838,0.00287009678
170.666667,0.39649405,0.00287053679
170.7,0.396589735,0.00287107672
170.733333,0.396685437,0.00287159025
170.766667,0.396781157,0.00287203095
170.8,0.396876891,0.0028724718
170.833333,0.39697264,0.00287291759
170.866667,0.397068404,0.00287352705
170.9,0.397164188,0.00287396847
170.933333,0.397259987,0.00287441
170.966667,0.397355801,0.00287485165
171,0.397451629,0.0028753763
171.033333,0.397547475,0.00287590876
171.066667,0.397643339,0.00287635089
171.1,0.397739217,0.00287679309
171.133333,0.39783511,0.00287723538
171.166667,0.397931018,0.00287783888
171.2,0.398026946,0.00287829379
171.233333,0.398122889,0.00287873632
171.266667,0.398218847,0.0028791789
171.3,0.39831482,0.00287968731
171.333333,0.398410809,0.00288023786
171.366667,0.398506817,0.00288068058
171.4,0.39860284,0.00288112331
171.433333,0.398698877,0.00288156604
171.466667,0.39879493,0.00288215273
171.5,0.398891001,0.00288262506
171.533333,0.398987089,0.00288306769
171.566667,0.399083191,0.00288351028
171.6,0.399179308,0.00288400137
171.633333,0.399275442,0.00288456891
171.666667,0.399371594,0.00288501132
171.7,0.399467761,0.00288545367
171.733333,0.399563943,0.00288589595
171.766667,0.399660139,0.00288646471
171.8,0.399756355,0.00288695354
171.833333,0.399852586,0.00288739545
171.866667,0.399948833,0.00288783726
171.9,0.400045094,0.00288831023
171.933333,0.400141371,0.00288889377
171.966667,0.400237668,0.00288933519
172,0.400333979,0.0028897765
172.033333,0.400430305,0.0028902177
172.066667,0.400526645,0.00289076785
172.1,0.400623004,0.00289127256
172.133333,0.40071938,0.00289171327
172.166667,0.40081577,0.00289215387
172.2,0.400912176,0.00289260838
172.233333,0.401008596,0.00289320742
172.266667,0.401105036,0.00289364757
172.3,0.401201491,0.00289408762
172.333333,0.401297961,0.00289452757
172.366667,0.401394445,0.00289505905
172.4,0.401490947,0.00289557947
172.433333,0.401587466,0.00289601897
172.466667,0.401684,0.00289645839
172.5,0.401780549,0.00289689773
172.533333,0.401877112,0.00289750609
172.566667,0.401973696,0.00289794831
172.6,0.402070294,0.00289838733
172.633333,0.402166907,0.00289882628
172.666667,0.402263534,0.00289933954
172.7,0.402360179,0.00289987602
172.733333,0.402456841,0.00290031472
172.766667,0.402553519,0.00290075339
172.8,0.40265021,0.00290119203
172.833333,0.402746917,0.00290178246
172.866667,0.402843643,0.00290224122
172.9,0.402940384,0.00290267976
172.933333,0.40303714,0.00290311829
172.966667,0.403133911,0.00290361408
173,0.403230698,0.00290416732
173.033333,0.403327504,0.00290460585
173.066667,0.403424324,0.0029050444
173.1,0.403521159,0.00290548299
173.133333,0.403618008,0.00290605639
173.166667,0.403714877,0.00290653235
173.2,0.403811761,0.00290697107
173.233333,0.40390866,0.00290740984
173.266667,0.404005574,0.00290788887
173.3,0.404102503,0.00290845967
173.333333,0.404199452,0.00290889864
173.366667,0.404296415,0.0029093377
173.4,0.404393393,0.00290977682
173.433333,0.404490386,0.00291033389
173.466667,0.404587397,0.00291082767
173.5,0.404684424,0.00291126709
173.533333,0.404781467,0.00291170658
173.566667,0.404878524,0.00291216933
173.6,0.404975596,0.00291275828
173.633333,0.405072688,0.0029131981
173.666667,0.405169794,0.00291363801
173.7,0.405266916,0.00291407801
173.733333,0.405364052,0.00291461907
173.766667,0.405461206,0.00291513099
173.8,0.405558377,0.00291557133
173.833333,0.405655562,0.00291601173
173.866667,0.405752763,0.00291645828
173.9,0.405849978,0.00291706559
173.933333,0.405947213,0.0029175063
173.966667,0.406044464,0.00291794709
174,0.406141729,0.00291838796
174.033333,0.406239008,0.00291891288
174.066667,0.406336305,0.00291944291
174.1,0.40643362,0.00291988402
174.133333,0.40653095,0.00292032517
174.166667,0.406628294,0.00292076637
174.2,0.406725653,0.00292136959
174.233333,0.406823032,0.00292182202
174.266667,0.406920426,0.00292226339
174.3,0.407017834,0.0029227048
174.333333,0.407115258,0.00292321312
174.366667,0.407212698,0.00292376085
174.4,0.407310157,0.00292420233
174.433333,0.40740763,0.00292464381
174.466667,0.407505119,0.00292508529
174.5,0.407602621,0.00292567162
174.533333,0.407700144,0.00292614138
174.566667,0.407797682,0.00292658285
174.6,0.407895235,0.0029270243
174.633333,0.407992802,0.00292751542
174.666667,0.408090386,0.00292808023
174.7,0.408187989,0.00292852156
174.733333,0.408285606,0.00292896285
174.766667,0.408383238,0.00292940409
174.8,0.408480885,0.00292997285
174.833333,0.408578551,0.0029304594
174.866667,0.408676233,0.00293090046
174.9,0.408773929,0.00293134147
174.933333,0.408871641,0.00293181487
174.966667,0.408969368,0.00293239614
175,0.409067114,0.00293283688
175.033333,0.409164876,0.00293327753
175.066667,0.409262652,0.00293371811
175.1,0.409360442,0.00293426884
175.133333,0.409458251,0.00293477173
175.166667,0.409556077,0.00293521203
175.2,0.409653917,0.00293565225
175.233333,0.409751772,0.00293610767
175.266667,0.409849643,0.00293670499
175.3,0.409947533,0.00293714488
175.333333,0.410045438,0.00293758469
175.366667,0.410143357,0.00293802441
175.4,0.410241291,0.00293855695
175.433333,0.410339243,0.00293907597
175.466667,0.410437212,0.00293951541
175.5,0.410535196,0.00293995478
175.533333,0.410633195,0.00294039407
175.566667,0.410731208,0.00294100364
175.6,0.410829241,0.00294144456
175.633333,0.410927289,0.00294188355
175.666667,0.411025352,0.00294232248
175.7,0.41112343,0.00294283701
175.733333,0.411221524,0.00294337224
175.766667,0.411319637,0.00294381097
175.8,0.411417764,0.00294424964
175.833333,0.411515905,0.00294468827
175.866667,0.411614062,0.0029452799
175.9,0.411712238,0.0029457373
175.933333,0.411810429,0.00294617574
175.966667,0.411908635,0.00294661414
176,0.412006855,0.00294711103
176.033333,0.412105092,0.0029476628
176.066667,0.412203348,0.00294810112
176.1,0.412301618,0.00294853943
176.133333,0.412399902,0.00294897772
176.166667,0.412498202,0.00294955191
176.2,0.41259652,0.00295002612
176.233333,0.412694854,0.00295046435
176.266667,0.412793203,0.00295090258
176.3,0.412891566,0.00295138226
176.333333,0.412989946,0.00295195098
176.366667,0.413088344,0.00295238927
176.4,0.413186757,0.00295282756
176.433333,0.413285185,0.00295326585
176.466667,0.413383627,0.00295382305
176.5,0.413482088,0.00295431442
176.533333,0.413580565,0.00295475277
176.566667,0.413679057,0.00295519114
176.6,0.413777563,0.00295565394
176.633333,0.413876085,0.00295623998
176.666667,0.413974626,0.00295667848
176.7,0.414073182,0.002957117
176.733333,0.414171753,0.00295755555
176.766667,0.414270338,0.00295809601
176.8,0.414368941,0.00295860477
176.833333,0.414467561,0.00295904341
176.866667,0.414566196,0.00295948208
176.9,0.414664845,0.00295992813
176.933333,0.41476351,0.00296053166
176.966667,0.414862194,0.00296097046
177,0.414960893,0.00296140929
177.033333,0.415059607,0.00296184814
177.066667,0.415158335,0.00296237187
177.1,0.415257081,0.00296289805
177.133333,0.415355844,0.00296333696
177.166667,0.415454622,0.0029637759
177.2,0.415553414,0.00296421487
177.233333,0.415652221,0.00296481629
177.266667,0.415751049,0.00296526505
177.3,0.415849891,0.00296570406
177.333333,0.415948748,0.00296614308
177.366667,0.416047619,0.00296664989
177.4,0.416146507,0.00296719328
177.433333,0.416245414,0.00296763228
177.466667,0.416344335,0.00296807128
177.5,0.416443271,0.00296851028
177.533333,0.416542221,0.00296909461
177.566667,0.416641191,0.00296956042
177.6,0.416740176,0.00296999936
177.633333,0.416839176,0.00297043828
177.666667,0.416938191,0.00297092786
177.7,0.417037222,0.00297148813
177.733333,0.417136271,0.00297192692
177.766667,0.417235335,0.00297236569
177.8,0.417334414,0.00297280444
177.833333,0.417433508,0.0029733713
177.866667,0.41753262,0.00297385383
177.9,0.417631749,0.00297429241
177.933333,0.417730892,0.00297473094
177.966667,0.417830049,0.00297520298
178,0.417929223,0.00297577973
178.033333,0.418028416,0.00297621804
178.066667,0.418127623,0.00297665631
178.1,0.418226845,0.00297709453
178.133333,0.418326081,0.00297764362
178.166667,0.418425336,0.00297814256
178.2,0.418524607,0.00297858054
178.233333,0.418623893,0.00297901845
178.266667,0.418723194,0.00297947276
178.3,0.41882251,0.00298006569
178.333333,0.418921845,0.00298050333
178.366667,0.419021195,0.00298094092
178.4,0.41912056,0.00298137845
178.433333,0.419219939,0.00298190963
178.466667,0.419319336,0.00298242479
178.5,0.419418751,0.00298286205
178.533333,0.419518179,0.00298329924
178.566667,0.419617623,0.00298373636
178.6,0.41971708,0.00298434418
178.633333,0.419816559,0.00298478167
178.666667,0.419916051,0.00298521854
178.7,0.420015559,0.00298565536
178.733333,0.42011508,0.00298616869
178.766667,0.420214619,0.00298670003
178.8,0.420314176,0.0029871366
178.833333,0.420413747,0.00298757311
178.866667,0.420513333,0.00298800956
178.9,0.420612933,0.0029885995
178.933333,0.420712553,0.00298905335
178.966667,0.420812188,0.00298948961
179,0.420911838,0.00298992582
179.033333,0.421011502,0.00299042147
179.066667,0.421111183,0.00299096911
179.1,0.421210882,0.00299140514
179.133333,0.421310596,0.00299184112
179.166667,0.421410324,0.00299227705
179.2,0.421510066,0.00299284938
179.233333,0.421609828,0.00299331972
179.266667,0.421709605,0.00299375554
179.3,0.421809397,0.00299419133
179.333333,0.421909203,0.00299466956
179.366667,0.422009026,0.00299523368
179.4,0.422108867,0.00299566935
179.433333,0.422208722,0.00299610499
179.466667,0.422308593,0.0029965406
179.5,0.422408477,0.00299709559
179.533333,0.42250838,0.00299758259
179.566667,0.4226083,0.00299801815
179.6,0.422708234,0.0029984537
179.633333,0.422808182,0.00299891472
179.666667,0.422908146,0.00299949552
179.7,0.423008129,0.002999931
179.733333,0.423108127,0.00300036646
179.766667,0.423208139,0.00300080189
179.8,0.423308166,0.00300133972
179.833333,0.423408211,0.00300184352
179.866667,0.423508272,0.00300227894
179.9,0.423608348,0.00300271435
179.933333,0.423708438,0.00300315829
179.966667,0.423808544,0.00300375589
180,0.423908669,0.00300419124
180.033333,0.424008809,0.00300462658
180.066667,0.424108963,0.0030050619
180.1,0.424209132,0.00300558265
180.133333,0.424309318,0.00300610326
180.166667,0.424409521,0.00300653856
180.2,0.424509739,0.00300697384
180.233333,0.424609972,0.00300740911
180.266667,0.424710219,0.00300800665
180.3,0.424810485,0.00300845026
180.333333,0.424910767,0.00300888544
180.366667,0.425011063,0.00300932059
180.4,0.425111374,0.00300982419
180.433333,0.425211701,0.00301036152
180.466667,0.425312047,0.00301079661
180.5,0.425412407,0.00301123168
180.533333,0.425512781,0.00301166671
180.566667,0.42561317,0.00301224698
180.6,0.425713578,0.00301270725
180.633333,0.425814002,0.00301314214
180.666667,0.42591444,0.00301357699
180.7,0.426014892,0.0030140633
180.733333,0.426115361,0.00301461713
180.766667,0.426215848,0.00301505187
180.8,0.42631635,0.00301548655
180.833333,0.426416866,0.0030159212
180.866667,0.426517397,0.003016484
180.9,0.426617947,0.00301696072
180.933333,0.426718512,0.00301739515
180.966667,0.426819092,0.00301782953
181,0.426919686,0.00301829839
181.033333,0.427020296,0.00301886849
181.066667,0.427120925,0.00301930269
181.1,0.427221568,0.00301973683
181.133333,0.427322226,0.00302017091
181.166667,0.427422899,0.00302071607
181.2,0.427523589,0.00302120903
181.233333,0.427624296,0.00302164285
181.266667,0.427725018,0.00302207661
181.3,0.427825753,0.00302252791
181.333333,0.427926504,0.00302311404
181.366667,0.428027275,0.00302354757
181.4,0.42812806,0.00302398104
181.433333,0.428228859,0.00302441445
181.466667,0.428329673,0.00302494187
181.5,0.428430504,0.0030254509
181.533333,0.428531353,0.00302588401
181.566667,0.428632216,0.00302631707
181.6,0.428733093,0.00302675077
181.633333,0.428833984,0.00302735278
181.666667,0.428934896,0.00302778559
181.7,0.429035822,0.00302821832
181.733333,0.429136763,0.003028651
181.766667,0.429237718,0.0030291607
181.8,0.42933869,0.00302968571
181.833333,0.42943968,0.0030301181
181.866667,0.429540684,0.00303055043
181.9,0.429641702,0.00303098272
181.933333,0.429742735,0.00303156831
181.966667,0.429843787,0.00303201653
182,0.429944854,0.00303244856
182.033333,0.430045936,0.00303288053
182.066667,0.430147032,0.00303337261
182.1,0.430248144,0.0030339136
182.133333,0.430349275,0.00303434532
182.166667,0.430450419,0.00303477699
182.2,0.430551579,0.00303520862
182.233333,0.430652752,0.00303577653
182.266667,0.430753945,0.0030362409
182.3,0.430855153,0.0030366723
182.333333,0.430956375,0.00303710366
182.366667,0.431057612,0.00303757825
182.4,0.431158865,0.00303813529
182.433333,0.431260136,0.00303856642
182.466667,0.431361421,0.00303899753
182.5,0.431462721,0.00303942859
182.533333,0.431564036,0.003039979
182.566667,0.431665368,0.00304045957
182.6,0.431766717,0.00304089044
182.633333,0.43186808,0.00304132127
182.666667,0.431969457,0.00304177853
182.7,0.43207085,0.00304235168
182.733333,0.432172262,0.00304278233
182.766667,0.432273688,0.00304321295
182.8,0.432375128,0.00304364354
182.833333,0.432476583,0.00304417659
182.866667,0.432578055,0.0030446734
182.9,0.432679545,0.00304510382
182.933333,0.432781048,0.00304553419
182.966667,0.432882566,0.00304597422
183,0.432984098,0.00304656353
183.033333,0.43308565,0.00304699374
183.066667,0.433187217,0.00304742392
183.1,0.433288798,0.00304785407
183.133333,0.433390393,0.00304836984
183.166667,0.433492005,0.00304888289
183.2,0.433593635,0.00304931287
183.233333,0.433695278,0.00304974281
183.266667,0.433796936,0.0030501727
183.3,0.433898609,0.00305076405
183.333333,0.434000301,0.00305120086
183.366667,0.434102008,0.0030516306
183.4,0.434203729,0.0030520603
183.433333,0.434305464,0.00305255879
183.466667,0.434407216,0.00305308801
183.5,0.434508986,0.00305351752
183.533333,0.43461077,0.00305394697
183.566667,0.434712568,0.00305437638
183.6,0.43481438,0.00305495034
183.633333,0.434916212,0.00305540335
183.666667,0.435018059,0.00305583257
183.7,0.43511992,0.00305626175
183.733333,0.435221795,0.00305674292
183.766667,0.435323687,0.00305728818
183.8,0.435425596,0.00305771713
183.833333,0.43552752,0.00305814602
183.866667,0.435629458,0.00305857485
183.9,0.435731411,0.00305913133
183.933333,0.435833382,0.00305960041
183.966667,0.435935369,0.00306002902
184,0.43603737,0.00306045757
184.033333,0.436139385,0.00306092136
184.066667,0.436241416,0.00306148247
184.1,0.436343465,0.00306191076
184.133333,0.436445529,0.00306233897
184.166667,0.436547607,0.00306276712
184.2,0.436649699,0.00306330606
184.233333,0.436751809,0.00306379103
184.266667,0.436853935,0.00306421893
184.3,0.436956076,0.00306464677
184.333333,0.437058231,0.00306509311
184.366667,0.437160401,0.0030656699
184.4,0.43726259,0.00306609743
184.433333,0.437364793,0.00306652489
184.466667,0.43746701,0.00306695228
184.5,0.437569242,0.00306747361
184.533333,0.437671491,0.00306797434
184.566667,0.437773757,0.00306840145
184.6,0.437876037,0.00306882849
184.633333,0.437978331,0.00306925739
184.666667,0.43808064,0.00306984971
184.7,0.438182968,0.00307027644
184.733333,0.438285311,0.00307070308
184.766667,0.438387668,0.00307112965
184.8,0.438490039,0.0030716334
184.833333,0.438592426,0.00307214977
184.866667,0.438694831,0.00307257606
184.9,0.438797251,0.00307300227
184.933333,0.438899684,0.00307342842
184.966667,0.439002132,0.00307400688
185,0.439104599,0.00307444744
185.033333,0.43920708,0.00307487326
185.066667,0.439309576,0.003075299
185.1,0.439412086,0.00307578522
185.133333,0.439514612,0.00307631717
185.166667,0.439617156,0.00307674265
185.2,0.439719714,0.00307716806
185.233333,0.439822286,0.00307759339
185.266667,0.439924873,0.00307815421
185.3,0.440027478,0.0030786105
185.333333,0.440130098,0.00307903552
185.366667,0.440232733,0.00307946047
185.4,0.440335381,0.00307992925
185.433333,0.440438046,0.00308047677
185.466667,0.440540728,0.00308090148
185.5,0.440643425,0.00308132611
185.533333,0.440746136,0.00308175067
185.566667,0.440848861,0.00308229397
185.6,0.440951604,0.00308276597
185.633333,0.441054363,0.00308319023
185.666667,0.441157136,0.00308361444
185.7,0.441259923,0.00308406589
185.733333,0.441362725,0.00308462898
185.766667,0.441465546,0.00308505295
185.8,0.441568381,0.00308547685
185.833333,0.441671231,0.00308590069
185.866667,0.441774094,0.00308642657
185.9,0.441876975,0.00308691426
185.933333,0.441979872,0.00308733782
185.966667,0.442082783,0.00308776132
186,0.442185709,0.00308819554
186.033333,0.442288648,0.00308877418
186.066667,0.442391608,0.00308919744
186.1,0.442494581,0.00308962063
186.133333,0.442597568,0.00309004377
186.166667,0.44270057,0.00309055231
186.2,0.442803588,0.00309105567
186.233333,0.442906623,0.00309147852
186.266667,0.443009673,0.00309190132
186.3,0.443112736,0.00309232407
186.333333,0.443215813,0.00309290681
186.366667,0.44331891,0.00309333506
186.4,0.443422021,0.00309375755
186.433333,0.443525147,0.00309417997
186.466667,0.443628286,0.00309467122
186.5,0.443731442,0.00309519016
186.533333,0.443834615,0.0030956123
186.566667,0.443937802,0.00309603438
186.6,0.444041003,0.0030964564
186.633333,0.444144218,0.00309702171
186.666667,0.444247452,0.00309746564
186.7,0.444350701,0.00309788738
186.733333,0.444453964,0.00309830906
186.766667,0.444557241,0.00309878302
186.8,0.444660534,0.00309931744
186.833333,0.444763844,0.00309973881
186.866667,0.444867169,0.00310016012
186.9,0.444970508,0.00310058137
186.933333,0.44507386,0.00310112923
186.966667,0.445177231,0.00310158872
187,0.445280618,0.00310200966
187.033333,0.445384018,0.00310243053
187.066667,0.445487432,0.0031028872
187.1,0.445590862,0.00310343695
187.133333,0.44569431,0.00310385749
187.166667,0.445797772,0.00310427797
187.2,0.445901248,0.00310469838
187.233333,0.446004738,0.00310522878
187.266667,0.446108245,0.00310570369
187.3,0.446211769,0.00310612376
187.333333,0.446315306,0.00310654376
187.366667,0.446418858,0.00310698313
187.4,0.446522424,0.00310754807
187.433333,0.446626009,0.00310796772
187.466667,0.446729608,0.0031083873
187.5,0.44683322,0.0031088068
187.533333,0.446936847,0.00310931973
187.566667,0.447040491,0.00310980993
187.6,0.447144152,0.00311022909
187.633333,0.447247826,0.00311064816
187.666667,0.447351514,0.00311107025
187.7,0.447455217,0.00311165023
187.733333,0.447558938,0.00311206894
187.766667,0.447662674,0.00311248758
187.8,0.447766423,0.00311290614
187.833333,0.447870187,0.00311340162
187.866667,0.447973967,0.003113907
187.9,0.448077764,0.0031143252
187.933333,0.448181575,0.0031147433
187.966667,0.4482854,0.00311516132
188,0.448389238,0.00311572993
188.033333,0.448493096,0.00311616084
188.066667,0.448596968,0.00311657851
188.1,0.448700854,0.00311699611
188.133333,0.448804754,0.00311747419
188.166667,0.44890867,0.00311799465
188.2,0.449012603,0.00311841188
188.233333,0.44911655,0.00311882902
188.266667,0.449220511,0.00311924606
188.3,0.449324486,0.00311979713
188.333333,0.449428479,0.00312024328
188.366667,0.449532487,0.00312065999
188.4,0.449636509,0.00312107662
188.433333,0.449740545,0.00312153739
188.466667,0.449844596,0.00312207286
188.5,0.449948665,0.00312248913
188.533333,0.450052748,0.0031229053
188.566667,0.450156845,0.00312332139
188.6,0.450260956,0.00312385501
188.633333,0.450365084,0.00312431633
188.666667,0.450469228,0.00312473208
188.7,0.450573386,0.00312514776
188.733333,0.450677557,0.0031255913
188.766667,0.450781744,0.00312614173
188.8,0.450885949,0.00312655705
188.833333,0.450990167,0.00312697228
188.866667,0.4510944,0.00312738741
188.9,0.451198646,0.00312790368
188.933333,0.451302909,0.00312838011
188.966667,0.451407189,0.00312879493
189,0.451511482,0.00312920966
189.033333,0.451615789,0.00312963607
189.066667,0.45172011,0.0031302014
189.1,0.45182445,0.00313061577
189.133333,0.451928804,0.00313103006
189.166667,0.452033172,0.00313144426
189.2,0.452137553,0.00313194325
189.233333,0.452241951,0.00313243473
189.266667,0.452346366,0.00313284861
189.3,0.452450794,0.00313326241
189.333333,0.452555236,0.00313367612
189.366667,0.452659692,0.00313424753
189.4,0.452764167,0.00313466534
189.433333,0.452868656,0.00313507868
189.466667,0.452973158,0.00313549193
189.5,0.453077675,0.0031359737
189.533333,0.453182207,0.00313648015
189.566667,0.453286756,0.00313689308
189.6,0.45339132,0.00313730592
189.633333,0.453495896,0.00313771867
189.666667,0.453600487,0.00313827271
189.7,0.453705096,0.0031387056
189.733333,0.45380972,0.00313911797
189.766667,0.453914357,0.00313953026
189.8,0.454019008,0.00313999486
189.833333,0.454123674,0.00314051616
189.866667,0.454228358,0.0031409281
189.9,0.454333056,0.00314133996
189.933333,0.454437767,0.00314175173
189.966667,0.454542492,0.00314228841
190,0.454647235,0.00314273628
190.033333,0.454751993,0.00314314764
190.066667,0.454856765,0.00314355892
190.1,0.45496155,0.00314400638
190.133333,0.45506635,0.00314454241
190.166667,0.455171168,0.00314495333
190.2,0.455276,0.00314536416
190.233333,0.455380845,0.0031457749
190.266667,0.455485705,0.00314629425
190.3,0.455590581,0.00314675697
190.333333,0.455695473,0.00314716729
190.366667,0.455800379,0.00314757752
190.4,0.455905298,0.00314800788
190.433333,0.456010231,0.00314855849
190.466667,0.456115183,0.00314896834
190.5,0.456220149,0.0031493781
190.533333,0.456325128,0.00314978776
190.566667,0.456430121,0.00315028981
190.6,0.456535131,0.00315076725
190.633333,0.456640156,0.00315117648
190.666667,0.456745196,0.00315158563
190.7,0.456850249,0.00315199892
190.733333,0.456955315,0.00315256398
190.766667,0.457060401,0.00315297273
190.8,0.4571655,0.00315338138
190.833333,0.457270612,0.00315378993
190.866667,0.457375739,0.00315427472
190.9,0.457480881,0.00315476675
190.933333,0.45758604,0.00315517487
190.966667,0.457691213,0.00315558289
191,0.457796399,0.00315599082
191.033333,0.457901598,0.0031565469
191.066667,0.458006817,0.00315696617
191.1,0.458112049,0.00315737368
191.133333,0.458217295,0.00315778109
191.166667,0.458322554,0.00315824869
191.2,0.458427829,0.0031587552
191.233333,0.458533121,0.00315916217
191.266667,0.458638426,0.00315956906
191.3,0.458743745,0.00315997585
191.333333,0.458849078,0.00316051454
191.366667,0.458954428,0.00316094846
191.4,0.459059793,0.00316135483
191.433333,0.459165172,0.00316176109
191.466667,0.459270564,0.00316221156
191.5,0.459375971,0.00316273245
191.533333,0.459481395,0.00316313828
191.566667,0.459586833,0.00316354401
191.6,0.459692285,0.00316394966
191.633333,0.45979775,0.00316447105
191.666667,0.459903232,0.00316491952
191.7,0.460008729,0.00316532474
191.733333,0.46011424,0.00316572985
191.766667,0.460219764,0.00316616328
191.8,0.460325303,0.00316669846
191.833333,0.46043086,0.00316710313
191.866667,0.46053643,0.00316750772
191.9,0.460642013,0.00316791221
191.933333,0.460747611,0.00316841639
191.966667,0.460853224,0.00316887933
192,0.460958854,0.00316928339
192.033333,0.461064496,0.00316968735
192.066667,0.461170153,0.00317010383
192.1,0.461275823,0.0031706532
192.133333,0.461381511,0.00317105672
192.166667,0.461487213,0.00317146015
192.2,0.461592929,0.0031718635
192.233333,0.461698657,0.00317235054
192.266667,0.461804402,0.00317282785
192.3,0.461910163,0.00317323076
192.333333,0.462015938,0.00317363356
192.366667,0.462121725,0.00317403625
192.4,0.462227527,0.00317459355
192.433333,0.462333346,0.00317499899
192.466667,0.46243918,0.00317540126
192.5,0.462545026,0.00317580344
192.533333,0.462650887,0.00317627343
192.566667,0.462756762,0.00317676501
192.6,0.462862654,0.00317716674
192.633333,0.46296856,0.00317756837
192.666667,0.463074479,0.00317796989
192.7,0.463180411,0.00317850995
192.733333,0.463286362,0.00317892983
192.766667,0.463392326,0.00317933092
192.8,0.463498304,0.00317973191
192.833333,0.463604295,0.00318018491
192.866667,0.463710301,0.00318069065
192.9,0.463816324,0.00318109119
192.933333,0.46392236,0.00318149161
192.966667,0.46402841,0.00318189193
193,0.464134473,0.00318241481
193.033333,0.464240554,0.00318284901
193.066667,0.464346649,0.00318324889
193.1,0.464452757,0.00318364867
193.133333,0.464558878,0.00318408475
193.166667,0.464665015,0.0031846045
193.2,0.464771168,0.00318500381
193.233333,0.464877335,0.00318540301
193.266667,0.464983515,0.0031858021
193.3,0.465089708,0.00318630784
193.333333,0.465195919,0.00318675624
193.366667,0.465302144,0.00318715488
193.4,0.465408382,0.00318755341
193.433333,0.465514634,0.00318797262
193.466667,0.4656209,0.00318850625
193.5,0.465727183,0.00318890431
193.533333,0.46583348,0.00318930224
193.566667,0.46593979,0.00318970006
193.6,0.466046114,0.00319018873
193.633333,0.466152453,0.00319065118
193.666667,0.466258808,0.00319104855
193.7,0.466365177,0.0031914458
193.733333,0.466471558,0.00319184821
193.766667,0.466577953,0.00319239558
193.8,0.466684366,0.00319279235
193.833333,0.466790793,0.00319318899
193.866667,0.466897232,0.00319358551
193.9,0.467003685,0.00319405717
193.933333,0.467110154,0.00319453354
193.966667,0.467216638,0.0031949296
194,0.467323136,0.00319532555
194.033333,0.467429647,0.00319572138
194.066667,0.467536171,0.00319626205
194.1,0.467642713,0.00319666765
194.133333,0.467749268,0.00319706297
194.166667,0.467855837,0.00319745817
194.2,0.467962419,0.00319791289
194.233333,0.468069016,0.00319840305
194.266667,0.46817563,0.00319879778
194.3,0.468282256,0.0031991924
194.333333,0.468388896,0.0031995869
194.366667,0.468495549,0.00320011041
194.4,0.468602219,0.00320052999
194.433333,0.468708904,0.00320092397
194.466667,0.468815601,0.00320131783
194.5,0.468922312,0.00320175569
194.533333,0.469029037,0.00320225952
194.566667,0.469135779,0.00320265291
194.6,0.469242534,0.00320304618
194.633333,0.469349302,0.00320343934
194.666667,0.469456083,0.00320394577
194.7,0.469562882,0.00320437921
194.733333,0.469669694,0.00320477184
194.766667,0.46977652,0.00320516435
194.8,0.469883359,0.00320558544
194.833333,0.469990212,0.00320610282
194.866667,0.470097082,0.00320649485
194.9,0.470203965,0.00320688677
194.933333,0.470310861,0.00320727857
194.966667,0.47041777,0.00320776801
195,0.470524696,0.0032082152
195.033333,0.470631636,0.00320860648
195.066667,0.47073859,0.00320899763
195.1,0.470845557,0.00320940205
195.133333,0.470952537,0.00320993285
195.166667,0.471059534,0.00321032352
195.2,0.471166545,0.00321071408
195.233333,0.471273569,0.00321110451
195.266667,0.471380606,0.00321157706
195.3,0.471487658,0.00321203787
195.333333,0.471594726,0.00321242778
195.366667,0.471701807,0.00321281757
195.4,0.471808901,0.00321320725
195.433333,0.471916008,0.00321374766
195.466667,0.472023133,0.00321413881
195.5,0.472130271,0.00321452798
195.533333,0.472237422,0.00321491703
195.566667,0.472344586,0.00321537277
195.6,0.472451765,0.00321584709
195.633333,0.47255896,0.00321623561
195.666667,0.472666168,0.00321662402
195.7,0.472773388,0.00321701231
195.733333,0.472880622,0.0032175357
195.766667,0.472987873,0.00321794055
195.8,0.473095138,0.00321832832
195.833333,0.473202416,0.00321871597
195.866667,0.473309706,0.003219155
195.9,0.473417011,0.00321964269
195.933333,0.473524333,0.0032200298
195.966667,0.473631667,0.0032204168
196,0.473739014,0.00322080369
196.033333,0.473846374,0.00322131013
196.066667,0.473953751,0.00322172855
196.1,0.474061142,0.0032221149
196.133333,0.474168546,0.00322250113
196.166667,0.474275963,0.00322292352
196.2,0.474383394,0.00322342445
196.233333,0.474490841,0.00322381013
196.266667,0.474598302,0.0032241957
196.3,0.474705775,0.00322458115
196.333333,0.474813261,0.00322507072
196.366667,0.474920763,0.00322550258
196.4,0.47502828,0.00322588749
196.433333,0.47513581,0.00322627227
196.466667,0.475243352,0.00322667811
196.5,0.475350908,0.00322719211
196.533333,0.475458481,0.00322757634
196.566667,0.475566067,0.00322796045
196.6,0.475673665,0.00322834444
196.633333,0.475781277,0.00322881721
196.666667,0.475888904,0.00322926237
196.7,0.475996546,0.0032296458
196.733333,0.476104201,0.00323002911
196.766667,0.476211869,0.00323041847
196.8,0.476319549,0.00323094541
196.833333,0.476427248,0.00323132816
196.866667,0.476534959,0.00323171079
196.9,0.476642682,0.00323209329
196.933333,0.476750419,0.00323254934
196.966667,0.47685817,0.00323300765
197,0.476965937,0.00323338958
197.033333,0.477073717,0.00323377139
197.066667,0.477181509,0.00323415305
197.1,0.477289314,0.00323467542
197.133333,0.477397137,0.00323506534
197.166667,0.477504972,0.00323544646
197.2,0.477612821,0.00323582745
197.233333,0.477720682,0.00323626688
197.266667,0.477828557,0.00323673818
197.3,0.477936448,0.0032371186
197.333333,0.478044352,0.00323749888
197.366667,0.478152269,0.00323787902
197.4,0.478260198,0.00323838452
197.433333,0.478368144,0.00323878767
197.466667,0.478476104,0.00323916725
197.5,0.478584076,0.00323954671
197.533333,0.478692061,0.00323996961
197.566667,0.47880006,0.00324045378
197.6,0.478908075,0.00324083265
197.633333,0.479016103,0.00324121138
197.666667,0.479124143,0.00324158998
197.7,0.479232196,0.00324207871
197.733333,0.479340266,0.00324249495
197.766667,0.479448349,0.00324287298
197.8,0.479556445,0.00324325089
197.833333,0.479664553,0.00324365735
197.866667,0.479772675,0.00324415424
197.9,0.479880813,0.00324453156
197.933333,0.479988964,0.00324490873
197.966667,0.480097128,0.00324528576
198,0.480205304,0.00324575782
198.033333,0.480313496,0.00324618701
198.066667,0.480421702,0.00324656348
198.1,0.480529921,0.00324693982
198.133333,0.480638152,0.00324732996
198.166667,0.480746397,0.00324783943
198.2,0.480854658,0.00324821517
198.233333,0.480962932,0.00324859077
198.266667,0.481071218,0.00324896622
198.3,0.481179517,0.00324942171
198.333333,0.481287831,0.00324986371
198.366667,0.48139616,0.0032502386
198.4,0.481504501,0.00325061335
198.433333,0.481612855,0.00325098796
198.466667,0.481721221,0.0032515085
198.5,0.481829605,0.00325188333
198.533333,0.481938001,0.00325225734
198.566667,0.48204641,0.0032526312
198.6,0.482154831,0.00325307022
198.633333,0.482263266,0.00325352489
198.666667,0.482371717,0.00325389819
198.7,0.48248018,0.00325427134
198.733333,0.482588656,0.00325464435
198.766667,0.482697144,0.00325514815
198.8,0.482805649,0.00325553589
198.833333,0.482914167,0.00325590828
198.866667,0.483022697,0.00325628053
198.9,0.48313124,0.00325670318
198.933333,0.483239797,0.00325717038
198.966667,0.483348369,0.00325754206
199,0.483456954,0.00325791359
199.033333,0.483565551,0.00325828498
199.066667,0.483674161,0.00325877215
199.1,0.483782786,0.00325917264
199.133333,0.483891425,0.0032595434
199.166667,0.484000077,0.00325991402
199.2,0.484108741,0.0032603204
199.233333,0.484217418,0.00326079997
199.266667,0.484326111,0.00326117001
199.3,0.484434817,0.0032615399
199.333333,0.484543535,0.00326190964
199.366667,0.484652265,0.00326238028
199.4,0.484761011,0.00326279337
199.433333,0.484869771,0.00326316248
199.466667,0.484978543,0.00326353145
199.5,0.485087328,0.00326392167
199.533333,0.485196125,0.00326441345
199.566667,0.485304939,0.00326478182
199.6,0.485413765,0.00326515004
199.633333,0.485522603,0.00326551812
199.666667,0.485631454,0.00326597232
199.7,0.485740319,0.00326639786
199.733333,0.485849199,0.0032667653
199.766667,0.485958092,0.00326713259
199.8,0.486066996,0.00326750675
199.833333,0.486175913,0.00326801058
199.866667,0.486284847,0.00326837726
199.9,0.486393792,0.0032687438
199.933333,0.486502751,0.00326911018
199.966667,0.486611721,0.00326954804
200,0.486720706,0.00326998588
200.033333,0.486829705,0.00327035161
200.066667,0.486938717,0.0032707172
200.1,0.487047741,0.00327108266
200.133333,0.487156777,0.00327158388
200.166667,0.48726583,0.0032719561
200.2,0.487374895,0.00327232092
200.233333,0.487483972,0.00327268558
200.266667,0.487593062,0.00327310721
200.3,0.487702166,0.00327355718
200.333333,0.487811284,0.00327392119
200.366667,0.487920415,0.00327428506
200.4,0.488029558,0.00327464879
200.433333,0.488138713,0.0032751335
200.466667,0.488247884,0.0032755181
200.5,0.488357068,0.00327588118
200.533333,0.488466264,0.00327624411
200.566667,0.488575472,0.00327664962
200.6,0.488684694,0.00327711155
200.633333,0.488793931,0.00327747382
200.666667,0.48890318,0.00327783595
200.7,0.489012441,0.00327819793
200.733333,0.489121714,0.00327866624
200.766667,0.489231003,0.00327906307
200.8,0.489340305,0.00327942439
200.833333,0.489449619,0.00327978557
200.866667,0.489558945,0.00328017506
200.9,0.489668285,0.00328064881
200.933333,0.48977764,0.00328100932
200.966667,0.489887007,0.00328136968
201,0.489996386,0.0032817299
201.033333,0.490105777,0.00328218192
201.066667,0.490215183,0.00328259081
201.1,0.490324602,0.00328295037
201.133333,0.490434034,0.00328330977
201.166667,0.490543478,0.00328368337
201.2,0.490652934,0.00328416876
201.233333,0.490762406,0.00328452749
201.266667,0.49087189,0.00328488608
201.3,0.490981387,0.00328524451
201.333333,0.491090895,0.00328568035
201.366667,0.491200417,0.00328610116
201.4,0.491309954,0.00328645893
201.433333,0.491419503,0.00328681654
201.466667,0.491529063,0.00328717437
201.5,0.491638636,0.00328767125
201.533333,0.491748225,0.00328802818
201.566667,0.491857826,0.00328838496
201.6,0.491967439,0.0032887416
201.633333,0.492077063,0.00328916138
201.666667,0.492186702,0.00328959394
201.7,0.492296355,0.0032899499
201.733333,0.49240602,0.0032903057
201.766667,0.492515697,0.00329066133
201.8,0.492625386,0.00329114263
201.833333,0.49273509,0.0032915112
201.866667,0.492844807,0.00329186617
201.9,0.492954536,0.00329222099
201.933333,0.493064277,0.00329262483
201.966667,0.493174031,0.00329306898
202,0.4932838,0.00329342311
202.033333,0.493393581,0.00329377707
202.066667,0.493503374,0.00329413087
202.1,0.493613178,0.00329459595
202.133333,0.493722998,0.00329497638
202.166667,0.49383283,0.00329532951
202.2,0.493942675,0.00329568248
202.233333,0.494052531,0.0032960705
202.266667,0.4941624,0.00329652607
202.3,0.494272284,0.00329687835
202.333333,0.49438218,0.00329723046
202.366667,0.494492088,0.00329758241
202.4,0.494602007,0.00329803137
202.433333,0.494711941,0.00329842349
202.466667,0.494821889,0.00329877476
202.5,0.494931848,0.00329912587
202.533333,0.495041819,0.00329949818
202.566667,0.495151802,0.00329996501
202.6,0.495261801,0.00330031541
202.633333,0.495371811,0.00330066565
202.666667,0.495481834,0.00330101572
202.7,0.495591867,0.00330144868
202.733333,0.495701916,0.00330185233
202.766667,0.495811977,0.00330220171
202.8,0.495922051,0.00330255094
202.833333,0.496032136,0.00330290767
202.866667,0.496142233,0.00330338557
202.9,0.496252346,0.00330373408
202.933333,0.49636247,0.00330408242
202.966667,0.496472606,0.00330443059
203,0.496582754,0.00330484766
203.033333,0.496692916,0.00330526266
203.066667,0.496803091,0.00330561014
203.1,0.496913278,0.00330595746
203.133333,0.497023477,0.0033063046
203.166667,0.497133687,0.00330678166
203.2,0.497243913,0.00330713412
203.233333,0.497354151,0.00330748054
203.266667,0.4974644,0.00330782679
203.3,0.497574661,0.0033082281
203.333333,0.497684935,0.00330865428
203.366667,0.497795224,0.00330899983
203.4,0.497905524,0.00330934521
203.433333,0.498015835,0.00330969043
203.466667,0.498126158,0.0033101514
203.5,0.498236496,0.00331051532
203.533333,0.498346847,0.0033108598
203.566667,0.498457209,0.00331120411
203.6,0.498567582,0.00331158978
203.633333,0.498677969,0.00331202696
203.666667,0.49878837,0.00331237056
203.7,0.498898782,0.003312714
203.733333,0.499009206,0.00331305726
203.766667,0.499119641,0.00331350228
203.8,0.499230091,0.00331387749
203.833333,0.499340554,0.00331422
203.866667,0.499451028,0.00331456234
203.9,0.499561513,0.00331493251
203.933333,0.499672011,0.00331538051
203.966667,0.499782524,0.00331572215
204,0.499893048,0.00331606361
204.033333,0.500003583,0.00331640489
204.066667,0.50011413,0.0033168341
204.1,0.500224691,0.00331722041
204.133333,0.500335265,0.00331756095
204.166667,0.50044585,0.00331790131
204.2,0.500556447,0.0033182561
204.233333,0.500667056,0.00331871475
204.266667,0.500777679,0.0033190544
204.3,0.500888315,0.00331939387
204.333333,0.500998961,0.00331973316
204.366667,0.501109619,0.00332014667
204.4,0.50122029,0.0033205432
204.433333,0.501330975,0.00332086396
204.466667,0.501441671,0.00332115303
204.5,0.501552376,0.00332140087
204.533333,0.501663089,0.003321629
204.566667,0.50177381,0.00332171392
204.6,0.501884534,0.0033217524
204.633333,0.501995259,0.00332174525
204.666667,0.502105984,0.00332166928
204.7,0.502216706,0.00332150856
204.733333,0.502327423,0.00332132381
204.766667,0.502438134,0.00332110258
204.8,0.502548837,0.00332084598
204.833333,0.502659532,0.00332042811
204.866667,0.502770213,0.00332006035
204.9,0.502880882,0.0033196783
204.933333,0.502991538,0.00331927251
204.966667,0.50310218,0.00331877888
205,0.503212806,0.00331820164
205.033333,0.503323413,0.00331772038
205.066667,0.503434003,0.00331722817
205.1,0.503544578,0.00331672639
205.133333,0.503655135,0.00331605244
205.166667,0.50376567,0.0033154993
205.2,0.503876187,0.00331498581
205.233333,0.503986687,0.00331447549
205.266667,0.504097169,0.0033139193
205.3,0.504207633,0.00331328739
205.333333,0.504318076,0.00331281524
205.366667,0.504428503,0.00331235796
205.4,0.504538915,0.00331191668
205.433333,0.504649312,0.00331138671
205.466667,0.504759692,0.00331096501
205.5,0.504870057,0.00331061467
205.533333,0.504980411,0.0033102898
205.566667,0.505090754,0.00330997545
205.6,0.505201087,0.00330964593
205.633333,0.505311408,0.0033094453
205.666667,0.505421723,0.00330927699
205.7,0.505532032,0.00330914155
205.733333,0.505642337,0.00330903226
205.766667,0.505752638,0.00330899725
205.8,0.505862938,0.00330901178
205.833333,0.505973238,0.00330906261
205.866667,0.50608354,0.0033091537
205.9,0.506193846,0.00330935809
205.933333,0.506304158,0.00330956676
205.966667,0.506414476,0.00330981211
206,0.506524803,0.00331009395
206.033333,0.50663514,0.00331049044
206.066667,0.50674549,0.00331095265
206.1,0.506855855,0.00331138602
206.133333,0.506966234,0.00331185295
206.166667,0.507076629,0.00331235299
206.2,0.507187041,0.00331311299
206.233333,0.507297478,0.00331372229
206.266667,0.507407936,0.00331435202
206.3,0.507518414,0.00331500919
206.333333,0.507628914,0.00331581178
206.366667,0.507739441,0.00331670915
206.4,0.507849998,0.00331746883
206.433333,0.507960581,0.00331824843
206.466667,0.508071189,0.00331904708
206.5,0.508181824,0.00332015162
206.533333,0.508292496,0.00332104457
206.566667,0.508403197,0.00332190515
206.6,0.508513927,0.00332277606
206.633333,0.508624686,0.00332376666
206.666667,0.508735479,0.00332489773
206.7,0.508846309,0.00332579438
206.733333,0.508957168,0.00332669236
206.766667,0.509068058,0.00332759074
206.8,0.509178978,0.0033287554
206.833333,0.509289936,0.00332972553
206.866667,0.509400927,0.00333060616
206.9,0.509511947,0.00333147875
206.933333,0.509622997,0.00333241393
206.966667,0.509734077,0.00333351639
207,0.509845194,0.00333433912
207.033333,0.509956339,0.00333514652
207.066667,0.510067511,0.00333593792
207.1,0.510178708,0.00333690473
207.133333,0.510289939,0.00333773588
207.166667,0.510401196,0.00333844581
207.2,0.510512478,0.00333913436
207.233333,0.510623782,0.00333982976
207.266667,0.51073511,0.0033406738
207.3,0.510846466,0.00334126292
207.333333,0.510957841,0.00334182728
207.366667,0.511069236,0.00334236665
207.4,0.511180648,0.00334298362
207.433333,0.511292081,0.00334352441
207.466667,0.511403531,0.00334395355
207.5,0.511514997,0.00334435676
207.533333,0.511626475,0.00334473636
207.566667,0.511737966,0.00334519999
207.6,0.511849473,0.00334549327
207.633333,0.511960989,0.00334576177
207.666667,0.512072515,0.00334600574
207.7,0.512184048,0.00334625745
207.733333,0.51229559,0.00334646848
207.766667,0.512407139,0.00334661338
207.8,0.512518693,0.00334673699
207.833333,0.512630251,0.00334683974
207.866667,0.512741812,0.00334693699
207.9,0.512853377,0.00334697987
207.933333,0.512964943,0.00334700388
207.966667,0.51307651,0.00334701187
208,0.513188077,0.0033469997
208.033333,0.513299643,0.00334695905
208.066667,0.513411209,0.00334691015
208.1,0.513522772,0.00334685103
208.133333,0.513634334,0.00334678234
208.166667,0.513745893,0.00334667554
208.2,0.513857449,0.00334657825
208.233333,0.513969002,0.00334648269
208.266667,0.514080551,0.00334638379
208.3,0.514192097,0.0033462714
208.333333,0.51430364,0.00334613956
208.366667,0.514415178,0.003346039
208.4,0.514526712,0.00334594118
208.433333,0.514638244,0.00334584672
208.466667,0.514749772,0.00334573452
208.5,0.514861296,0.00334564907
208.533333,0.514972818,0.00334558145
208.566667,0.515084337,0.00334552256
208.6,0.515195855,0.00334547088
208.633333,0.515307371,0.00334543015
208.666667,0.515418885,0.00334541789
208.7,0.515530399,0.00334541865
208.733333,0.515641913,0.00334543283
208.766667,0.515753427,0.00334547516
208.8,0.515864943,0.00334554276
208.833333,0.515976461,0.00334562132
208.866667,0.516087982,0.00334571611
208.9,0.516199506,0.00334583127
208.933333,0.516311033,0.00334602227
208.966667,0.516422568,0.00334619
209,0.516534107,0.0033463753
209.033333,0.516645653,0.00334657819
209.066667,0.516757206,0.00334685102
209.1,0.516868767,0.0033471545
209.133333,0.516980339,0.00334743286
209.166667,0.51709192,0.0033477285
209.2,0.517203511,0.00334804131
209.233333,0.517315113,0.00334851101
209.266667,0.51742673,0.00334888185
209.3,0.517538359,0.0033492645
209.333333,0.517650001,0.00334966245
209.366667,0.517761657,0.00335014829
209.4,0.517873328,0.00335068787
209.433333,0.517985018,0.0033511457
209.466667,0.518096723,0.00335161589
209.5,0.518208443,0.00335209807
209.533333,0.51832018,0.00335276834
209.566667,0.518431939,0.00335330975
209.6,0.518543716,0.00335383477
209.633333,0.51865551,0.00335436792
209.666667,0.518767322,0.00335497873
209.7,0.518879155,0.00335567779
209.733333,0.518991011,0.0033562372
209.766667,0.519102886,0.00335680051
209.8,0.519214779,0.00335736726
209.833333,0.519326691,0.00335811043
209.866667,0.519438628,0.00335873326
209.9,0.519550586,0.00335930493
209.933333,0.519662563,0.00335987575
209.966667,0.519774559,0.00336049477
210,0.519886575,0.00336123141
210.033333,0.519998616,0.0033617903
210.066667,0.520110676,0.00336234437
210.1,0.520222754,0.00336289324
210.133333,0.52033485,0.00336357623
210.166667,0.52044697,0.00336417243
210.2,0.520559109,0.00336469137
210.233333,0.520671265,0.00336520186
210.266667,0.520783439,0.00336572722
210.3,0.520895629,0.00336637896
210.333333,0.521007842,0.00336684798
210.366667,0.52112007,0.00336730615
210.4,0.521232314,0.0033677533
210.433333,0.521344572,0.00336828205
210.466667,0.521456848,0.00336876281
210.5,0.52156914,0.00336915933
210.533333,0.521681446,0.00336954355
210.566667,0.521793764,0.00336991881
210.6,0.521906095,0.003370404
210.633333,0.522018441,0.00337073449
210.666667,0.522130799,0.00337105245
210.7,0.522243168,0.00337135792
210.733333,0.522355546,0.00337170112
210.766667,0.522467936,0.00337202572
210.8,0.522580337,0.00337227903
210.833333,0.522692746,0.00337252071
210.866667,0.522805164,0.00337275092
210.9,0.522917589,0.00337304065
210.933333,0.523030023,0.0033732416
210.966667,0.523142465,0.00337342648
211,0.523254912,0.0033736017
211.033333,0.523367366,0.00337378955
211.066667,0.523479825,0.00337397576
211.1,0.523592291,0.0033741144
211.133333,0.523704762,0.00337424582
211.166667,0.523817237,0.00337437031
211.2,0.523929716,0.00337452257
211.233333,0.5240422,0.003374636
211.266667,0.524154688,0.00337473724
211.3,0.524267179,0.00337483444
211.333333,0.524379673,0.00337493751
211.366667,0.524492171,0.00337505118
211.4,0.524604673,0.00337513711
211.433333,0.524717178,0.00337522198
211.466667,0.524829685,0.0033753061
211.5,0.524942195,0.00337541416
211.533333,0.525054709,0.00337550877
211.566667,0.525167226,0.00337559621
211.6,0.525279746,0.00337568574
211.633333,0.525392269,0.00337578444
211.666667,0.525504795,0.00337591352
211.7,0.525617325,0.00337601719
211.733333,0.525729859,0.00337612542
211.766667,0.525842397,0.00337623844
211.8,0.525954938,0.00337638854
211.833333,0.526067484,0.0033765376
211.866667,0.526180035,0.0033766756
211.9,0.526292591,0.00337682026
211.933333,0.526405152,0.00337697678
211.966667,0.526517718,0.00337719975
212,0.526630291,0.00337737563
212.033333,0.52674287,0.00337755936
212.066667,0.526855456,0.00337775102
212.1,0.526968047,0.00337799551
212.133333,0.527080647,0.0033782515
212.166667,0.527193256,0.0033784784
212.2,0.527305872,0.00337871363
212.233333,0.527418495,0.00337895719
212.266667,0.527531127,0.003379313
212.3,0.527643771,0.00337958576
212.333333,0.527756424,0.00337986443
212.366667,0.527869086,0.00338015104
212.4,0.527981758,0.00338049757
212.433333,0.528094441,0.00338087568
212.466667,0.528207137,0.00338119449
212.5,0.528319843,0.00338152024
212.533333,0.528432561,0.00338185277
212.566667,0.528545289,0.00338231356
212.6,0.528658033,0.00338268252
212.633333,0.528770789,0.00338304074
212.666667,0.528883557,0.00338340419
212.7,0.528996337,0.00338382148
212.733333,0.529109131,0.00338429706
212.766667,0.529221941,0.00338467914
212.8,0.529334764,0.00338506456
212.833333,0.529447599,0.00338545309
212.866667,0.529560448,0.00338596568
212.9,0.529673313,0.00338639542
212.933333,0.529786193,0.00338679266
212.966667,0.529899086,0.00338719097
213,0.530011992,0.0033876263
213.033333,0.530124913,0.00338814616
213.066667,0.530237852,0.00338854486
213.1,0.530350803,0.00338894258
213.133333,0.530463768,0.00338933912
213.166667,0.530576746,0.00338983865
213.2,0.53068974,0.00339027806
213.233333,0.53080275,0.00339066538
213.266667,0.530915772,0.00339104973
213.3,0.531028807,0.00339145028
213.333333,0.531141855,0.00339195279
213.366667,0.53125492,0.00339232125
213.4,0.531367998,0.00339268525
213.433333,0.531481087,0.00339304466
213.466667,0.531594189,0.00339347795
213.5,0.531707305,0.00339387863
213.533333,0.531820434,0.00339421599
213.566667,0.531933574,0.00339454778
213.6,0.532046726,0.00339487795
213.633333,0.532159889,0.00339531446
213.666667,0.532273066,0.00339562117
213.7,0.532386253,0.00339592182
213.733333,0.53249945,0.00339621637
213.766667,0.532612658,0.00339655716
213.8,0.532725876,0.00339688967
213.833333,0.532839106,0.00339715798
213.866667,0.532952345,0.00339742027
213.9,0.533065592,0.00339767656
213.933333,0.533178848,0.00339801379
213.966667,0.533292115,0.00339825745
214,0.53340539,0.00339848912
214.033333,0.533518673,0.00339871535
214.066667,0.533631964,0.00339896801
214.1,0.533745263,0.00339923042
214.133333,0.53385857,0.00339943512
214.166667,0.533971885,0.00339963533
214.2,0.534085206,0.00339983115
214.233333,0.534198534,0.00340008272
214.266667,0.53431187,0.00340027812
214.3,0.534425212,0.0034004579
214.333333,0.534538561,0.00340063453
214.366667,0.534651915,0.003400827
214.4,0.534765276,0.00340104347
214.433333,0.534878644,0.00340120943
214.466667,0.534992018,0.00340137364
214.5,0.535105397,0.00340153627
214.533333,0.535218782,0.00340174339
214.566667,0.535332173,0.00340191943
214.6,0.53544557,0.0034020784
214.633333,0.535558973,0.00340223719
214.666667,0.535672381,0.00340240753
214.7,0.535785795,0.003402618
214.733333,0.535899215,0.00340277873
214.766667,0.536012641,0.00340294061
214.8,0.536126072,0.00340310376
214.833333,0.536239509,0.00340331031
214.866667,0.536352953,0.00340350281
214.9,0.536466403,0.00340367395
214.933333,0.536579859,0.00340384746
214.966667,0.53669332,0.00340402951
215,0.536806788,0.00340427493
215.033333,0.536920264,0.00340446033
215.066667,0.537033746,0.00340464894
215.1,0.537147234,0.0034048408
215.133333,0.537260729,0.00340507852
215.166667,0.537374232,0.00340531753
215.2,0.537487742,0.0034055245
215.233333,0.53760126,0.00340573517
215.266667,0.537714784,0.00340594958
215.3,0.537828316,0.00340625556
215.333333,0.537941858,0.00340648367
215.366667,0.538055407,0.00340671446
215.4,0.538168964,0.00340694906
215.433333,0.538282529,0.00340722955
215.466667,0.538396104,0.00340752938
215.5,0.538509688,0.00340777994
215.533333,0.53862328,0.00340803404
215.566667,0.538736882,0.00340829166
215.6,0.538850491,0.0034086461
215.633333,0.538964113,0.0034089262
215.666667,0.539077744,0.00340919771
215.7,0.539191384,0.00340947216
215.733333,0.539305033,0.00340978686
215.766667,0.539418692,0.00341014233
215.8,0.539532364,0.00341042787
215.833333,0.539646045,0.00341071558
215.866667,0.539759735,0.00341100534
215.9,0.539873435,0.0034113883
215.933333,0.539987148,0.00341170795
215.966667,0.540100872,0.00341200453
216,0.540214605,0.00341230224
216.033333,0.540328349,0.00341262904
216.066667,0.540442103,0.00341301864
216.1,0.54055587,0.00341331922
216.133333,0.540669648,0.00341361996
216.166667,0.540783435,0.00341392074
216.2,0.540897232,0.00341430244
216.233333,0.541011042,0.00341463879
216.266667,0.541124864,0.00341493767
216.3,0.541238695,0.00341523565
216.333333,0.541352536,0.00341554873
216.366667,0.541466388,0.00341594306
216.4,0.541580253,0.0034162355
216.433333,0.541694127,0.00341652622
216.466667,0.541808011,0.00341681514
216.5,0.541921905,0.00341716754
216.533333,0.542035811,0.00341749574
216.566667,0.542149727,0.00341777549
216.6,0.542263653,0.00341805281
216.633333,0.542377588,0.00341833186
216.666667,0.542491533,0.00341870412
216.7,0.542605489,0.00341897009
216.733333,0.542719455,0.0034192332
216.766667,0.542833429,0.00341949343
216.8,0.542947413,0.0034197991
216.833333,0.543061406,0.00342010084
216.866667,0.543175409,0.00342034829
216.9,0.543289421,0.0034205927
216.933333,0.543403441,0.00342083407
216.966667,0.543517468,0.00342115781
217,0.543631507,0.00342139474
217.033333,0.543745554,0.0034216232
217.066667,0.543859608,0.00342184871
217.1,0.543973669,0.00342210463
217.133333,0.544087739,0.00342237379
217.166667,0.544201819,0.00342258727
217.2,0.544315905,0.00342279812
217.233333,0.544429998,0.00342300637
217.266667,0.544544098,0.00342327828
217.3,0.544658208,0.00342349137
217.333333,0.544772324,0.00342368958
217.366667,0.544886447,0.0034238857
217.4,0.545000576,0.00342410161
217.433333,0.545114713,0.00342434534
217.466667,0.545228858,0.00342453369
217.5,0.545343009,0.00342472056
217.533333,0.545457166,0.003424906
217.566667,0.54557133,0.00342514302
217.6,0.545685501,0.00342534326
217.633333,0.54579968,0.0034255241
217.666667,0.545913864,0.00342570419
217.7,0.546028054,0.0034258971
217.733333,0.54614225,0.0034261323
217.766667,0.546256455,0.00342631054
217.8,0.546370665,0.0034264887
217.833333,0.546484881,0.00342666683
217.866667,0.546599104,0.00342689011
217.9,0.546713333,0.00342709398
217.933333,0.54682757,0.00342727339
217.966667,0.546941812,0.00342745338
218,0.547056061,0.00342764068
218.033333,0.547170315,0.00342788743
218.066667,0.547284578,0.00342807096
218.1,0.547398847,0.00342825555
218.133333,0.547513123,0.00342844126
218.166667,0.547627404,0.00342866854
218.2,0.547741693,0.00342889194
218.233333,0.547855989,0.00342908324
218.266667,0.547970292,0.00342927599
218.3,0.548084601,0.00342947024
218.333333,0.548198917,0.00342974375
218.366667,0.548313242,0.00342994364
218.4,0.548427573,0.0034301447
218.433333,0.548541911,0.0034303474
218.466667,0.548656256,0.00343058793
218.5,0.548770609,0.00343084073
218.533333,0.548884971,0.00343105055
218.566667,0.548999339,0.00343126201
218.6,0.549113714,0.00343147512
218.633333,0.549228097,0.00343176643
218.666667,0.549342489,0.00343199363
218.7,0.549456889,0.00343221342
218.733333,0.549571296,0.00343243467
218.766667,0.54968571,0.00343268785
218.8,0.549800133,0.0034329709
218.833333,0.549914566,0.00343319788
218.866667,0.550029006,0.00343342604
218.9,0.550143453,0.00343365535
218.933333,0.550257908,0.00343395827
218.966667,0.550372374,0.00343420931
219,0.550486847,0.00343444262
219.033333,0.550601329,0.00343467667
219.066667,0.550715818,0.00343493415
219.1,0.550830316,0.00343523958
219.133333,0.550944824,0.00343547591
219.166667,0.55105934,0.00343571253
219.2,0.551173863,0.0034359494
219.233333,0.551288395,0.00343625119
219.266667,0.551402937,0.00343651648
219.3,0.551517487,0.00343675335
219.333333,0.551632046,0.00343699
219.366667,0.551746612,0.00343723993
219.4,0.551861187,0.00343755446
219.433333,0.551975772,0.00343778927
219.466667,0.552090365,0.00343802344
219.5,0.552204966,0.00343825691
219.533333,0.552319574,0.00343854371
219.566667,0.552434192,0.00343881111
219.6,0.552548819,0.00343904075
219.633333,0.552663454,0.00343926933
219.666667,0.552778096,0.00343950099
219.7,0.552892746,0.0034398107
219.733333,0.553007407,0.00344003412
219.766667,0.553122074,0.00344025621
219.8,0.55323675,0.00344047693
219.833333,0.553351432,0.00344073852
219.866667,0.553466123,0.00344099762
219.9,0.553580823,0.00344121209
219.933333,0.55369553,0.00344142503
219.966667,0.553810245,0.00344163642
220,0.553924966,0.00344192296
220.033333,0.554039697,0.00344213346
220.066667,0.554154434,0.00344233813
220.1,0.554269179,0.00344254122
220.133333,0.55438393,0.00344277377
220.166667,0.55449869,0.00344301917
220.2,0.554613457,0.0034432156
220.233333,0.554728231,0.00344341053
220.266667,0.554843011,0.00344360395
220.3,0.554957798,0.00344385876
220.333333,0.555072593,0.00344405882
220.366667,0.555187395,0.0034442462
220.4,0.555302203,0.00344443227
220.433333,0.555417018,0.00344463845
220.466667,0.555531839,0.00344487115
220.5,0.555646668,0.00344505203
220.533333,0.555761503,0.00344523182
220.566667,0.555876344,0.00344541056
220.6,0.555991191,0.00344563997
220.633333,0.556106046,0.00344583309
220.666667,0.556220907,0.00344600801
220.7,0.556335774,0.00344618218
220.733333,0.556450647,0.00344636914
220.766667,0.556565526,0.0034465956
220.8,0.556680412,0.00344676718
220.833333,0.556795304,0.00344693833
220.866667,0.556910202,0.00344710907
220.9,0.557025106,0.00344732277
220.933333,0.557140017,0.00344751597
220.966667,0.557254934,0.00344768569
221,0.557369857,0.00344785532
221.033333,0.557484785,0.00344803158
221.066667,0.55759972,0.003448261
221.1,0.557714662,0.00344843077
221.133333,0.557829609,0.00344860071
221.166667,0.557944563,0.00344877085
221.2,0.558059522,0.00344897818
221.233333,0.558174488,0.00344917931
221.266667,0.55828946,0.00344935082
221.3,0.558404439,0.00344952273
221.333333,0.558519423,0.00344969518
221.366667,0.558634413,0.00344993613
221.4,0.55874941,0.00345011012
221.433333,0.558864414,0.00345028466
221.466667,0.558979424,0.00345045977
221.5,0.559094439,0.0034506668
221.533333,0.559209461,0.0034508817
221.566667,0.559324491,0.00345105941
221.6,0.559439526,0.00345123775
221.633333,0.559554567,0.00345141671
221.666667,0.559669614,0.00345166033
221.7,0.55978467,0.00345184825
221.733333,0.559899731,0.00345202987
221.766667,0.560014799,0.00345221208
221.8,0.560129873,0.00345242033
221.833333,0.560244953,0.00345265091
221.866667,0.560360042,0.00345283557
221.9,0.560475136,0.00345302073
221.933333,0.560590237,0.00345320638
221.966667,0.560705344,0.00345345142
222,0.560820459,0.00345365292
222.033333,0.560935581,0.00345384037
222.066667,0.561050709,0.00345402816
222.1,0.561165843,0.00345423501
222.133333,0.561280984,0.00345447885
222.166667,0.561396133,0.00345466774
222.2,0.561511289,0.00345485679
222.233333,0.561626451,0.00345504596
222.266667,0.561741619,0.00345528748
222.3,0.561856795,0.00345549879
222.333333,0.561971979,0.00345568802
222.366667,0.562087168,0.00345587717
222.4,0.562202364,0.00345607762
222.433333,0.562317567,0.00345632898
222.466667,0.562432778,0.00345651734
222.5,0.562547995,0.0034567054
222.533333,0.562663218,0.00345689313
222.566667,0.562778448,0.00345712472
222.6,0.562893686,0.00345734017
222.633333,0.56300893,0.00345752606
222.666667,0.563124181,0.00345771143
222.7,0.563239438,0.00345790021
222.733333,0.563354702,0.00345815222
222.766667,0.563469973,0.00345833503
222.8,0.563585251,0.00345851716
222.833333,0.563700535,0.00345869858
222.866667,0.563815825,0.0034589148
222.9,0.563931122,0.00345912878
222.933333,0.564046427,0.00345930694
222.966667,0.564161737,0.00345948428
223,0.564277053,0.0034596608
223.033333,0.564392375,0.0034599016
223.066667,0.564507705,0.00346007837
223.1,0.564623041,0.0034602512
223.133333,0.564738383,0.00346042314
223.166667,0.56485373,0.00346062116
223.2,0.564969084,0.00346082997
223.233333,0.565084445,0.00346099809
223.266667,0.565199812,0.00346116531
223.3,0.565315184,0.00346133166
223.333333,0.565430562,0.00346155205
223.366667,0.565545947,0.00346172483
223.4,0.565661338,0.00346188745
223.433333,0.565776734,0.00346204923
223.466667,0.565892135,0.00346222936
223.5,0.566007543,0.00346243219
223.533333,0.566122957,0.00346259053
223.566667,0.566238377,0.00346274811
223.6,0.566353802,0.00346290497
223.633333,0.566469232,0.00346310702
223.666667,0.566584669,0.00346327644
223.7,0.566700112,0.00346343038
223.733333,0.566815559,0.0034635837
223.766667,0.566931012,0.00346374875
223.8,0.56704647,0.00346394764
223.833333,0.567161935,0.00346409858
223.866667,0.567277405,0.00346424905
223.9,0.56739288,0.00346439906
223.933333,0.56750836,0.00346458701
223.966667,0.567623846,0.00346475575
224,0.567739338,0.00346490411
224.033333,0.567854835,0.00346505215
224.066667,0.567970337,0.00346520613
224.1,0.568085844,0.00346540496
224.133333,0.568201357,0.00346555193
224.166667,0.568316876,0.00346569872
224.2,0.568432399,0.00346584537
224.233333,0.568547927,0.00346602391
224.266667,0.568663461,0.00346619554
224.3,0.568779001,0.00346634176
224.333333,0.568894546,0.00346648793
224.366667,0.569010095,0.00346663457
224.4,0.56912565,0.00346683751
224.433333,0.569241211,0.00346698369
224.466667,0.569356777,0.00346712993
224.5,0.569472348,0.00346727622
224.533333,0.569587924,0.00346744898
224.566667,0.569703506,0.00346762659
224.6,0.569819093,0.00346777326
224.633333,0.569934686,0.00346792004
224.666667,0.570050283,0.00346806693
224.7,0.570165885,0.00346826649
224.733333,0.570281494,0.00346841902
224.766667,0.570397108,0.00346856647
224.8,0.570512727,0.00346871406
224.833333,0.570628351,0.00346888266
224.866667,0.57074398,0.00346906775
224.9,0.570859616,0.00346921588
224.933333,0.570975256,0.00346936411
224.966667,0.571090902,0.00346951245
225,0.571206552,0.00346970812
225.033333,0.571322209,0.00346986781
225.066667,0.571437872,0.00347001652
225.1,0.571553539,0.00347016528
225.133333,0.571669211,0.00347032931
225.166667,0.571784889,0.00347052133
225.2,0.571900573,0.00347067019
225.233333,0.572016262,0.00347081902
225.266667,0.572131956,0.00347096783
225.3,0.572247655,0.00347115803
225.333333,0.57236336,0.00347132348
225.366667,0.572479071,0.00347147196
225.4,0.572594786,0.00347162032
225.433333,0.572710507,0.0034717779
225.466667,0.572826233,0.00347197449
225.5,0.572941965,0.00347212211
225.533333,0.573057703,0.00347226951
225.566667,0.573173445,0.00347241668
225.6,0.573289192,0.00347259871
225.633333,0.573404946,0.00347276733
225.666667,0.573520705,0.00347291327
225.7,0.573636468,0.00347305888
225.733333,0.573752237,0.00347320767
225.766667,0.573868011,0.00347340551
225.8,0.573983791,0.00347354951
225.833333,0.574099576,0.00347369308
225.866667,0.574215365,0.00347383621
225.9,0.57433116,0.00347400741
225.933333,0.57444696,0.0034741763
225.966667,0.574562766,0.00347431744
226,0.574678577,0.00347445807
226.033333,0.574794392,0.0034745982
226.066667,0.574910212,0.00347479008
226.1,0.575026038,0.00347493048
226.133333,0.575141869,0.00347506831
226.166667,0.575257705,0.00347520557
226.2,0.575373545,0.00347536427
226.233333,0.575489391,0.00347553111
226.266667,0.575605242,0.00347566596
226.3,0.575721097,0.00347580022
226.333333,0.575836957,0.00347593391
226.366667,0.575952822,0.00347611167
226.4,0.576068692,0.00347625054
226.433333,0.576184567,0.00347638174
226.466667,0.576300446,0.00347651237
226.5,0.57641633,0.00347665831
226.533333,0.576532219,0.00347682204
226.566667,0.576648113,0.00347695025
226.6,0.576764011,0.00347707792
226.633333,0.576879914,0.00347720504
226.666667,0.576995821,0.00347736924
226.7,0.577111733,0.00347750629
226.733333,0.57722765,0.00347763116
226.766667,0.577343571,0.00347775554
226.8,0.577459496,0.00347788979
226.833333,0.577575426,0.00347805074
226.866667,0.577691361,0.0034781731
226.9,0.5778073,0.00347829502
226.933333,0.577923243,0.00347841651
226.966667,0.57803919,0.00347856894
227,0.578155142,0.00347870496
227.033333,0.578271099,0.00347882473
227.066667,0.57838706,0.00347894414
227.1,0.578503025,0.00347906856
227.133333,0.578618994,0.00347922813
227.166667,0.578734968,0.00347934611
227.2,0.578850946,0.00347946378
227.233333,0.578966928,0.00347958117
227.266667,0.579082914,0.00347972414
227.3,0.579198905,0.00347986056
227.333333,0.579314901,0.00347997683
227.366667,0.5794309,0.00348009287
227.4,0.579546903,0.00348020942
227.433333,0.57966291,0.00348036945
227.466667,0.579778922,0.00348048462
227.5,0.579894938,0.0034805996
227.533333,0.580010958,0.00348071442
227.566667,0.580126982,0.00348084999
227.6,0.580243011,0.00348098826
227.633333,0.580359043,0.00348110241
227.666667,0.58047508,0.00348121643
227.7,0.580591121,0.00348133032
227.733333,0.580707165,0.00348148492
227.766667,0.580823215,0.00348160211
227.8,0.580939268,0.00348171549
227.833333,0.581055325,0.00348182876
227.866667,0.581171386,0.00348195819
227.9,0.581287451,0.00348209917
227.933333,0.581403521,0.00348221197
227.966667,0.581519595,0.00348232466
228,0.581635673,0.00348243724
228.033333,0.581751754,0.00348258572
228.066667,0.58186784,0.00348270597
228.1,0.58198393,0.00348281806
228.133333,0.582100024,0.00348293003
228.166667,0.582216122,0.00348305361
228.2,0.582332224,0.00348319724
228.233333,0.58244833,0.00348330863
228.266667,0.582564441,0.00348341987
228.3,0.582680555,0.00348353096
228.333333,0.582796672,0.00348367305
228.366667,0.582912795,0.00348379582
228.4,0.583028921,0.00348390617
228.433333,0.583145051,0.00348401633
228.466667,0.583261185,0.00348413354
228.5,0.583377323,0.00348427885
228.533333,0.583493466,0.00348438809
228.566667,0.583609612,0.0034844971
228.6,0.583725762,0.00348460586
228.633333,0.583841915,0.00348474061
228.666667,0.583958073,0.00348486471
228.7,0.584074236,0.00348497234
228.733333,0.584190401,0.00348507967
228.766667,0.584306571,0.00348518962
228.8,0.584422744,0.00348533501
228.833333,0.584538921,0.00348544101
228.866667,0.584655103,0.00348554669
228.9,0.584771288,0.00348565202
228.933333,0.584887476,0.00348577829
228.966667,0.585003669,0.0034859022
229,0.585119865,0.003486006
229.033333,0.585236066,0.00348610941
229.066667,0.585352269,0.00348621244
229.1,0.585468476,0.00348635381
229.133333,0.585584688,0.00348645673
229.166667,0.585700903,0.00348655806
229.2,0.585817122,0.00348665897
229.233333,0.585933344,0.00348677592
229.266667,0.58604957,0.00348689827
229.3,0.5861658,0.00348699737
229.333333,0.586282033,0.00348709604
229.366667,0.58639827,0.00348719428
229.4,0.586514509,0.00348732516
229.433333,0.586630754,0.0034874269
229.466667,0.586747001,0.00348752326
229.5,0.586863252,0.00348761919
229.533333,0.586979506,0.00348772661
229.566667,0.587095763,0.00348784648
229.6,0.587212025,0.00348794053
229.633333,0.58732829,0.00348803413
229.666667,0.587444557,0.0034881273
229.7,0.587560828,0.00348824783
229.733333,0.587677103,0.00348834787
229.766667,0.587793382,0.00348843921
229.8,0.587909663,0.00348853012
229.833333,0.588025947,0.00348862845
229.866667,0.588142235,0.00348874559
229.9,0.588258526,0.00348883475
229.933333,0.588374821,0.0034889235
229.966667,0.588491118,0.00348901186
230,0.588607419,0.00348912282
230.033333,0.588723723,0.00348922119
230.066667,0.58884003,0.00348930792
230.1,0.58895634,0.00348939428
230.133333,0.589072654,0.0034894844
230.166667,0.58918897,0.00348959915
230.2,0.58930529,0.003489684
230.233333,0.589421612,0.0034897685
230.266667,0.589537938,0.00348985267
230.3,0.589654266,0.00348995522
230.333333,0.589770598,0.00349005235
230.366667,0.589886933,0.00349013517
230.4,0.590003271,0.00349021768
230.433333,0.590119612,0.00349030065
230.466667,0.590235955,0.00349041367
230.5,0.590352302,0.00349049493
230.533333,0.590468652,0.00349057592
230.566667,0.590585005,0.00349065663
230.6,0.59070136,0.00349075194
230.633333,0.590817718,0.00349084837
230.666667,0.59093408,0.00349092796
230.7,0.591050444,0.00349100731
230.733333,0.591166811,0.00349108641
230.766667,0.591283181,0.00349119365
230.8,0.591399554,0.00349127429
230.833333,0.59151593,0.00349135235
230.866667,0.591632308,0.00349143018
230.9,0.591748689,0.00349151912
230.933333,0.591865073,0.00349161521
230.966667,0.59198146,0.00349169206
231,0.59209785,0.00349176869
231.033333,0.592214242,0.00349184508
231.066667,0.592330637,0.00349194574
231.1,0.592447035,0.00349202661
231.133333,0.592563436,0.00349210203
231.166667,0.592679839,0.00349217722
231.2,0.592796245,0.00349226024
231.233333,0.592912654,0.00349235598
231.266667,0.593029066,0.00349243019
231.3,0.59314548,0.00349250416
231.333333,0.593261897,0.0034925779
231.366667,0.593378316,0.00349267217
231.4,0.593494739,0.003492753
231.433333,0.593611164,0.00349282569
231.466667,0.593727591,0.00349289812
231.5,0.593844021,0.00349297527
231.533333,0.593960454,0.00349307018
231.566667,0.594076889,0.0034931415
231.6,0.594193328,0.00349321256
231.633333,0.594309768,0.00349328335
231.666667,0.594426211,0.00349337105
231.7,0.594542656,0.00349345122
231.733333,0.594659105,0.00349352079
231.766667,0.594775555,0.00349359006
231.8,0.594892008,0.00349366111
231.833333,0.595008464,0.00349375438
231.866667,0.595124922,0.00349382236
231.9,0.595241383,0.00349389002
231.933333,0.595357846,0.00349395737
231.966667,0.595474311,0.00349403812
232,0.595590779,0.0034941168
232.033333,0.59570725,0.00349418274
232.066667,0.595823723,0.00349424834
232.1,0.595940198,0.0034943136
232.133333,0.596056675,0.00349440311
232.166667,0.596173155,0.0034944678
232.2,0.596289637,0.00349453156
232.233333,0.596406121,0.00349459497
232.266667,0.596522608,0.00349466848
232.3,0.596639097,0.00349474481
232.333333,0.596755588,0.00349480666
232.366667,0.596872082,0.00349486813
232.4,0.596988577,0.00349492924
232.433333,0.597105075,0.00349501061
232.466667,0.597221575,0.00349507337
232.5,0.597338078,0.00349513286
232.533333,0.597454582,0.00349519197
232.566667,0.597571089,0.00349525819
232.6,0.597687597,0.00349533149
232.633333,0.597804108,0.00349538897
232.666667,0.597920621,0.00349544607
232.7,0.598037136,0.0034955028
232.733333,0.598153653,0.00349557611
232.766667,0.598270172,0.00349563644
232.8,0.598386693,0.00349569153
232.833333,0.598503216,0.00349574624
232.866667,0.598619741,0.0034958054
232.9,0.598736268,0.00349587527
232.933333,0.598852797,0.00349592837
232.966667,0.598969328,0.0034959811
233,0.599085861,0.00349603346
233.033333,0.599202395,0.00349609912
233.066667,0.599318932,0.00349615678
233.1,0.599435471,0.00349620758
233.133333,0.599552011,0.00349625801
233.166667,0.599668553,0.00349631062
233.2,0.599785097,0.00349637696
233.233333,0.599901642,0.00349642587
233.266667,0.60001819,0.00349647042
233.3,0.600134739,0.00349652629
233.333333,0.60025129,0.00349658587
233.366667,0.600367843,0.00349663358
233.4,0.600484397,0.00349668238
233.433333,0.600600953,0.00349673293
233.466667,0.600717511,0.0034968079
233.5,0.600834071,0.00349688274
233.533333,0.600950634,0.00349696551
233.566667,0.6010672,0.00349706136
233.6,0.601183768,0.00349718604
233.633333,0.601300341,0.00349736648
233.666667,0.60141692,0.00349753107
233.7,0.601533504,0.00349771198
233.733333,0.601650095,0.00349790907
233.766667,0.601766692,0.00349819096
233.8,0.601883298,0.00349846595
233.833333,0.601999914,0.00349873429
233.866667,0.602116538,0.00349902169
233.9,0.602233172,0.00349935112
233.933333,0.602349817,0.00349981099
233.966667,0.602466478,0.00350019368
234,0.602583151,0.0035006001
234.033333,0.602699837,0.00350103
234.066667,0.602816538,0.0035016026
234.1,0.602933258,0.00350217357
234.133333,0.603049998,0.00350269349
234.166667,0.603166754,0.00350323215
234.2,0.603283528,0.003503804
234.233333,0.603400322,0.00350460806
234.266667,0.603517142,0.00350522684
234.3,0.603633983,0.00350586525
234.333333,0.603750845,0.00350652325
234.366667,0.603867729,0.00350734518
234.4,0.603984641,0.00350819489
234.433333,0.604101581,0.00350892953
234.466667,0.604218545,0.0035096782
234.5,0.604335534,0.00351043996
234.533333,0.604452549,0.0035115138
234.566667,0.604569599,0.00351231842
234.6,0.604686677,0.00351312036
234.633333,0.604803781,0.00351393027
234.666667,0.604920912,0.00351488355
234.7,0.605038075,0.00351590635
234.733333,0.605155271,0.00351674725
234.766667,0.605272496,0.00351759324
234.8,0.605389749,0.00351844361
234.833333,0.605507031,0.00351958686
234.866667,0.60562435,0.00352048383
234.9,0.6057417,0.00352133227
234.933333,0.605859078,0.00352217663
234.966667,0.605976484,0.00352311887
235,0.606093921,0.00352416994
235.033333,0.606211393,0.0035249899
235.066667,0.606328893,0.00352580352
235.1,0.60644642,0.00352661065
235.133333,0.606563973,0.00352764648
235.166667,0.606681561,0.00352850036
235.2,0.606799178,0.00352927029
235.233333,0.606916821,0.00353002849
235.266667,0.607034488,0.00353083536
235.3,0.607152183,0.00353177645
235.333333,0.607269909,0.0035324734
235.366667,0.607387658,0.00353315506
235.4,0.607505429,0.00353382152
235.433333,0.607623224,0.00353463558
235.466667,0.607741045,0.0035353383
235.5,0.607858889,0.00353594244
235.533333,0.607976754,0.00353653193
235.566667,0.608094638,0.00353713182
235.6,0.608212543,0.00353786868
235.633333,0.608330472,0.00353838969
235.666667,0.608448418,0.00353889344
235.7,0.608566381,0.00353937996
235.733333,0.608684361,0.00353994634
235.766667,0.608802359,0.00354045707
235.8,0.608920374,0.0035408749
235.833333,0.609038403,0.00354127878
235.866667,0.609156446,0.00354167183
235.9,0.609274502,0.00354218367
235.933333,0.609392574,0.00354253321
235.966667,0.609510659,0.0035428705
236,0.609628754,0.00354319553
236.033333,0.609746861,0.00354356139
236.066667,0.60986498,0.00354391129
236.1,0.60998311,0.00354418628
236.133333,0.61010125,0.00354445153
236.166667,0.610219398,0.00354470762
236.2,0.610337555,0.00354503993
236.233333,0.610455723,0.00354528226
236.266667,0.610573899,0.00354551244
236.3,0.610692083,0.00354573846
236.333333,0.610810274,0.00354599194
236.366667,0.610928474,0.00354626124
236.4,0.611046682,0.00354647294
236.433333,0.611164898,0.00354668217
236.466667,0.611283121,0.00354688922
236.5,0.611401351,0.00354716054
236.533333,0.611519589,0.00354738114
236.566667,0.611637835,0.00354758955
236.6,0.611756088,0.00354780082
236.633333,0.611874348,0.00354803918
236.666667,0.611992616,0.00354832625
236.7,0.612110894,0.00354855699
236.733333,0.612229179,0.003548793
236.766667,0.612347472,0.00354903432
236.8,0.612465773,0.00354935396
236.833333,0.612584085,0.00354964101
236.866667,0.612702406,0.00354990737
236.9,0.612820737,0.00355018077
236.933333,0.612939076,0.0035504814
236.966667,0.613057425,0.00355087355
237,0.613175788,0.00355118393
237.033333,0.613294161,0.00355150405
237.066667,0.613412544,0.00355183392
237.1,0.613530939,0.00355226094
237.133333,0.613649347,0.00355267271
237.166667,0.61376777,0.00355304207
237.2,0.613886205,0.00355342
237.233333,0.614004652,0.00355381767
237.266667,0.614123112,0.00355436451
237.3,0.614241591,0.00355477956
237.333333,0.614360084,0.00355520378
237.366667,0.614478591,0.00355563721
237.4,0.614597112,0.00355617428
237.433333,0.614715651,0.00355672108
237.466667,0.614834208,0.00355719222
237.5,0.614952782,0.00355767086
237.533333,0.615071371,0.00355815664
237.566667,0.615189976,0.00355884159
237.6,0.615308604,0.00355935189
237.633333,0.615427249,0.00355986182
237.666667,0.615545911,0.0035603767
237.7,0.61566459,0.00356098409
237.733333,0.61578329,0.00356163242
237.766667,0.615902011,0.00356216688
237.8,0.61602075,0.00356270504
237.833333,0.616139506,0.00356324662
237.866667,0.616258281,0.00356397882
237.9,0.616377081,0.0035645536
237.933333,0.616495899,0.0035651013
237.966667,0.616614736,0.00356564878
238,0.616733591,0.00356626477
238.033333,0.616852466,0.00356695393
238.066667,0.616971365,0.00356749638
238.1,0.617090281,0.0035680371
238.133333,0.617209216,0.00356857597
238.166667,0.617328168,0.00356927407
238.2,0.617447144,0.00356985197
238.233333,0.617566139,0.00357037845
238.266667,0.617685152,0.00357090064
238.3,0.617804182,0.00357146282
238.333333,0.617923231,0.00357212478
238.366667,0.618042301,0.00357262304
238.4,0.618161389,0.00357311493
238.433333,0.618280493,0.0035736004
238.466667,0.618399613,0.00357420262
238.5,0.618518753,0.00357472772
238.533333,0.61863791,0.0035751855
238.566667,0.618757083,0.00357563658
238.6,0.618876271,0.00357610203
238.633333,0.618995475,0.00357668189
238.666667,0.619114697,0.0035771014
238.7,0.619233934,0.00357751279
238.733333,0.619353184,0.00357791601
238.766667,0.619472448,0.00357839641
238.8,0.619591728,0.00357883828
238.833333,0.619711023,0.00357920736
238.866667,0.61983033,0.0035795691
238.9,0.619949649,0.00357992711
238.933333,0.62006898,0.00358040136
238.966667,0.620188326,0.00358073351
239,0.620307684,0.00358105889
239.033333,0.620427053,0.0035813775
239.066667,0.620546432,0.00358174506
239.1,0.620665823,0.00358210519
239.133333,0.620785227,0.00358239544
239.166667,0.62090464,0.00358267972
239.2,0.621024063,0.00358295827
239.233333,0.621143495,0.00358332698
239.266667,0.621262939,0.00358359783
239.3,0.621382392,0.00358385709
239.333333,0.621501854,0.0035841127
239.366667,0.621621325,0.00358440119
239.4,0.621740805,0.00358470744
239.433333,0.621860295,0.00358494935
239.466667,0.621979793,0.00358518851
239.5,0.622099299,0.00358542505
239.533333,0.622218814,0.0035857339
239.566667,0.622338338,0.00358598025
239.6,0.622457871,0.00358621011
239.633333,0.622577411,0.00358643951
239.666667,0.622696959,0.0035866938
239.7,0.622816516,0.00358698908
239.733333,0.622936082,0.00358722034
239.766667,0.623055656,0.00358745258
239.8,0.623175238,0.00358768585
239.833333,0.623294827,0.0035879879
239.866667,0.623414427,0.00358825049
239.9,0.623534035,0.00358848983
239.933333,0.623653651,0.00358873118
239.966667,0.623773276,0.00358899208
240,0.623892909,0.00358932056
240.033333,0.624012553,0.00358957389
240.066667,0.624132205,0.00358983069
240.1,0.624251866,0.00359009101
240.133333,0.624371536,0.00359042179
240.166667,0.624491217,0.00359073246
240.2,0.624610908,0.00359100792
240.233333,0.624730608,0.0035912868
240.266667,0.624850318,0.00359157804
240.3,0.624970037,0.0035919704
240.333333,0.625089769,0.0035922645
240.366667,0.625209511,0.00359256246
240.4,0.625329264,0.00359286431
240.433333,0.625449026,0.00359323527
240.466667,0.6255688,0.00359360681
240.5,0.625688587,0.00359392528
240.533333,0.625808385,0.00359424725
240.566667,0.625928193,0.00359457261
240.6,0.626048012,0.00359502983
240.633333,0.626167846,0.00359536731
240.666667,0.626287692,0.00359570472
240.7,0.626407549,0.00359604467
240.733333,0.626527417,0.00359644566
240.766667,0.626647298,0.00359687028
240.8,0.626767194,0.0035972204
240.833333,0.626887101,0.00359757257
240.866667,0.62700702,0.00359792669
240.9,0.627126951,0.00359840641
240.933333,0.627246898,0.00359878158
240.966667,0.627366858,0.00359914061
241,0.627486829,0.00359950009
241.033333,0.627606812,0.00359990652
241.066667,0.627726809,0.00360036056
241.1,0.627846821,0.00360071984
241.133333,0.627966845,0.00360107875
241.166667,0.628086881,0.0036014372
241.2,0.628206929,0.00360190426
241.233333,0.628326992,0.00360229077
241.266667,0.628447069,0.00360264521
241.3,0.628567157,0.0036029981
241.333333,0.628687257,0.00360338081
241.366667,0.62880737,0.00360383272
241.4,0.628927497,0.00360417622
241.433333,0.629047637,0.00360451706
241.466667,0.629167787,0.00360485517
241.5,0.629287949,0.00360527862
241.533333,0.629408125,0.00360564906
241.566667,0.629528313,0.00360597483
241.6,0.629648512,0.00360629754
241.633333,0.629768722,0.00360663341
241.666667,0.629888943,0.0036070539
241.7,0.630009179,0.00360736196
241.733333,0.630129424,0.00360766619
241.766667,0.63024968,0.00360796654
241.8,0.630369945,0.00360832884
241.833333,0.630490223,0.00360866442
241.866667,0.630610512,0.0036089479
241.9,0.63073081,0.00360922757
241.933333,0.630851117,0.00360950698
241.966667,0.630971434,0.00360987909
242,0.631091764,0.00361014297
242.033333,0.631212102,0.00361040318
242.066667,0.631332448,0.0036106597
242.1,0.631452804,0.00361095908
242.133333,0.631573169,0.00361125441
242.166667,0.631693544,0.00361149517
242.2,0.631813927,0.00361173245
242.233333,0.631934318,0.00361196633
242.266667,0.632054717,0.00361227894
242.3,0.632175127,0.0036125088
242.333333,0.632295544,0.00361273007
242.366667,0.632415968,0.00361294876
242.4,0.6325364,0.00361319682
242.433333,0.632656839,0.00361345961
242.466667,0.632777288,0.00361366811
242.5,0.632897744,0.00361387444
242.533333,0.633018206,0.00361407865
242.566667,0.633138676,0.00361434576
242.6,0.633259154,0.00361455714
242.633333,0.633379639,0.00361475416
242.666667,0.633500131,0.00361494998
242.7,0.633620629,0.00361516632
242.733333,0.633741135,0.00361541385
242.766667,0.633861648,0.00361560632
242.8,0.633982169,0.00361579831
242.833333,0.634102695,0.00361598988
242.866667,0.634223228,0.00361623605
242.9,0.634343769,0.00361644659
242.933333,0.634464318,0.0036166373
242.966667,0.634584872,0.0036168281
243,0.634705433,0.00361703304
243.033333,0.634826001,0.00361728606
243.066667,0.634946577,0.00361747887
243.1,0.63506716,0.00361767252
243.133333,0.635187749,0.00361786704
243.166667,0.635308344,0.00361811177
243.2,0.635428948,0.00361833747
243.233333,0.635549559,0.00361853623
243.266667,0.635670177,0.00361873601
243.3,0.635790802,0.0036189437
243.333333,0.635911433,0.00361921903
243.366667,0.636032074,0.00361942364
243.4,0.636152721,0.00361962955
243.433333,0.636273376,0.00361983681
243.466667,0.636394037,0.00362008998
243.5,0.636514707,0.00362033988
243.533333,0.636635385,0.00362055317
243.566667,0.63675607,0.00362076778
243.6,0.636876762,0.00362098367
243.633333,0.636997461,0.00362128585
243.666667,0.637118171,0.00362150658
243.7,0.637238888,0.00362172723
243.733333,0.637359612,0.00362194889
243.766667,0.637480344,0.00362221009
243.8,0.637601084,0.00362248415
243.833333,0.637721833,0.00362270994
243.866667,0.63784259,0.00362293659
243.9,0.637963355,0.00362316405
243.933333,0.638084127,0.00362347217
243.966667,0.63820491,0.00362371161
244,0.6383257,0.00362394129
244.033333,0.638446498,0.00362417121
244.066667,0.638567304,0.00362443182
244.1,0.638688118,0.00362472162
244.133333,0.638808942,0.00362495157
244.166667,0.638929774,0.00362518135
244.2,0.639050613,0.00362541093
244.233333,0.63917146,0.00362571098
244.266667,0.639292317,0.00362595839
244.3,0.639413183,0.00362618619
244.333333,0.639534055,0.00362641331
244.366667,0.639654936,0.00362666073
244.4,0.639775825,0.00362695238
244.433333,0.639896723,0.0036271753
244.466667,0.640017629,0.00362739698
244.5,0.640138542,0.0036276174
244.533333,0.640259463,0.00362789497
244.566667,0.640380392,0.0036281375
244.6,0.64050133,0.00362835194
244.633333,0.640622275,0.00362856487
244.666667,0.640743228,0.00362878768
244.7,0.640864187,0.0036290665
244.733333,0.640985156,0.00362927217
244.766667,0.641106132,0.00362947594
244.8,0.641227114,0.00362967776
244.833333,0.641348104,0.00362992289
244.866667,0.641469101,0.00363015005
244.9,0.641590106,0.00363034318
244.933333,0.641711118,0.00363053427
244.966667,0.641832135,0.00363072629
245,0.64195316,0.00363098189
245.033333,0.642074192,0.00363116432
245.066667,0.642195231,0.00363134471
245.1,0.642316276,0.00363152304
245.133333,0.642437327,0.00363173245
245.166667,0.642558384,0.00363193897
245.2,0.642679449,0.00363210836
245.233333,0.642800519,0.0036322757
245.266667,0.642921595,0.00363244102
245.3,0.643042677,0.00363266309
245.333333,0.643163765,0.00363282592
245.366667,0.64328486,0.00363298324
245.4,0.643405959,0.00363313883
245.433333,0.643527064,0.00363331588
245.466667,0.643648174,0.00363350264
245.5,0.643769291,0.00363365119
245.533333,0.643890413,0.00363379818
245.566667,0.644011539,0.00363394364
245.6,0.644132671,0.00363413413
245.633333,0.644253808,0.00363428382
245.666667,0.644374951,0.00363442343
245.7,0.644496099,0.00363456186
245.733333,0.644617251,0.00363471472
245.766667,0.644738408,0.00363488786
245.8,0.644859571,0.0036350221
245.833333,0.644980738,0.00363515552
245.866667,0.64510191,0.00363528814
245.9,0.645223086,0.00363545797
245.933333,0.645344268,0.00363560154
245.966667,0.645465455,0.00363573125
246,0.645586646,0.00363586042
246.033333,0.645707841,0.00363599879
246.066667,0.645829041,0.00363616733
246.1,0.645950247,0.00363629495
246.133333,0.646071457,0.00363642241
246.166667,0.646192671,0.00363654971
246.2,0.646313889,0.00363670897
246.233333,0.646435113,0.00363685381
246.266667,0.646556341,0.00363698086
246.3,0.646677574,0.00363710789
246.333333,0.646798811,0.00363723962
246.366667,0.646920052,0.00363741193
246.4,0.647041299,0.00363753923
246.433333,0.647162551,0.0036376667
246.466667,0.647283806,0.00363779435
246.5,0.647405066,0.00363794961
246.533333,0.647526331,0.00363810093
246.566667,0.647647601,0.00363822963
246.6,0.647768875,0.00363835859
246.633333,0.647890154,0.0036384878
246.666667,0.648011437,0.00363866791
246.7,0.648132726,0.00363879807
246.733333,0.648254019,0.00363892814
246.766667,0.648375317,0.00363905839
246.8,0.648496619,0.00363921163
246.833333,0.648617926,0.00363937084
246.866667,0.648739238,0.00363950181
246.9,0.648860555,0.00363963293
246.933333,0.648981876,0.00363976418
246.966667,0.649103201,0.00363994171
247,0.649224533,0.00364007853
247.033333,0.649345869,0.00364020991
247.066667,0.649467209,0.00364034121
247.1,0.649588554,0.00364049015
247.133333,0.649709903,0.00364065459
247.166667,0.649831258,0.00364078514
247.2,0.649952618,0.00364091544
247.233333,0.650073982,0.00364104547
247.266667,0.65019535,0.00364121551
247.3,0.650316724,0.00364135481
247.333333,0.650438102,0.00364148331
247.366667,0.650559485,0.00364161134
247.4,0.650680872,0.00364175109
247.433333,0.650802264,0.0036419149
247.466667,0.650923661,0.00364204035
247.5,0.651045062,0.00364216506
247.533333,0.651166468,0.00364228903
247.566667,0.651287878,0.00364244545
247.6,0.651409292,0.00364258139
247.633333,0.651530712,0.00364270185
247.666667,0.651652135,0.00364282143
247.7,0.651773563,0.00364294686
247.733333,0.651894994,0.00364310298
247.766667,0.652016431,0.00364321838
247.8,0.652137871,0.00364333269
247.833333,0.652259316,0.00364344591
247.866667,0.652380764,0.00364358371
247.9,0.652502217,0.00364371075
247.933333,0.652623674,0.00364381898
247.966667,0.652745135,0.00364392601
248,0.652866599,0.0036440338
248.033333,0.652988067,0.00364417639
248.066667,0.653109539,0.00364427825
248.1,0.653231015,0.00364437888
248.133333,0.653352494,0.00364447827
248.166667,0.653473977,0.0036445951
248.2,0.653595463,0.00364470955
248.233333,0.653716954,0.0036448035
248.266667,0.653838447,0.00364489616
248.3,0.653959944,0.00364498756
248.333333,0.654081443,0.0036451102
248.366667,0.654202947,0.00364519934
248.4,0.654324454,0.00364528549
248.433333,0.654445963,0.00364537047
248.466667,0.654567476,0.00364546706
248.5,0.654688991,0.00364556793
248.533333,0.65481051,0.003645648
248.566667,0.654932032,0.00364572695
248.6,0.655053556,0.00364577193
248.633333,0.655175082,0.0036451318
248.666667,0.655296586,0.00364232441
248.7,0.655417997,0.00363785058
248.733333,0.655539258,0.00363173866
248.766667,0.655660316,0.00362276116
248.8,0.655781075,0.00360929855
248.833333,0.655901385,0.00359662385
248.866667,0.656021273,0.00358256697
248.9,0.656140691,0.00356716128
248.933333,0.656259597,0.00354479044
248.966667,0.656377756,0.00352371384
249,0.656495214,0.0035032987
249.033333,0.65661199,0.00348189323
249.066667,0.656728053,0.00345766603
249.1,0.656843309,0.00342640289
249.133333,0.656957522,0.00340155441
249.166667,0.657070907,0.00337612317
249.2,0.657183445,0.0033501537
249.233333,0.657295117,0.00331676877
249.266667,0.657405676,0.00328594365
249.3,0.657515207,0.0032585988
249.333333,0.657623827,0.00323113636
249.366667,0.657731532,0.00320251029
249.4,0.657838282,0.00316539657
249.433333,0.657943795,0.00313822929
249.466667,0.658048403,0.00311134145
249.5,0.658152114,0.00308477194
249.533333,0.65825494,0.00305310613
249.566667,0.65835671,0.00302345999
249.6,0.658457492,0.00299901548
249.633333,0.658557459,0.00297522482
249.666667,0.658656633,0.00295210272
249.7,0.658755037,0.00292171658
249.733333,0.658852427,0.00290126704
249.766667,0.658949136,0.0028817297
249.8,0.659045194,0.0028631256
249.833333,0.659140632,0.00284269837
249.866667,0.659235388,0.00282366659
249.9,0.65932951,0.00280944015
249.933333,0.659423158,0.00279630158
249.966667,0.659516368,0.00278426212
250,0.659609177,0.00277036414
250.033333,0.659701523,0.00276165222
250.066667,0.659793578,0.00275447696
250.1,0.659885394,0.00274844591
250.133333,0.659977008,0.00274317796
250.166667,0.660068448,0.0027397156
250.2,0.660159772,0.00273853586
250.233333,0.660251056,0.0027384526
250.266667,0.660342338,0.00273945586
250.3,0.660433653,0.00274288814
250.333333,0.660525083,0.00274750364
250.366667,0.660616666,0.00275288442
250.4,0.660708429,0.00275921242
250.433333,0.660800403,0.00276734821
250.466667,0.660892648,0.00277874764
250.5,0.660985273,0.00278875251
250.533333,0.661078231,0.00279950242
250.566667,0.661171548,0.00281097306
250.6,0.661265247,0.00282684443
250.633333,0.661359475,0.00284180753
250.666667,0.661454202,0.00285582823
250.7,0.661549396,0.00287032113
250.733333,0.661645074,0.00288620255
250.766667,0.66174128,0.00290692443
250.8,0.661838178,0.00292291626
250.833333,0.661935608,0.0029391144
250.866667,0.662033579,0.00295549069
250.9,0.662132095,0.00297595785
250.933333,0.662231294,0.00299514049
250.966667,0.662331132,0.00301170533
251,0.662431522,0.00302818929
251.033333,0.662532462,0.00304491489
251.066667,0.662633959,0.00306694029
251.1,0.66273619,0.00308207722
251.133333,0.662838926,0.00309544213
251.166667,0.662942107,0.00310650545
251.2,0.663045658,0.00308178655
251.233333,0.663148384,0.00300670186
251.266667,0.663248607,0.00285975264
251.3,0.663343932,0.00259333513
251.333333,0.663430377,0.00227291614
251.366667,0.663506141,0.00181223906
251.4,0.663566549,0.001292308
251.433333,0.663609626,0.000523675752
251.466667,0.663627081,-0.0001825092
251.5,0.663620998,-0.000953807351
251.533333,0.663589204,-0.00197949608
251.566667,0.663523221,-0.00324652787
251.6,0.663415003,-0.0043139553
251.633333,0.663271205,-0.00543482062
251.666667,0.663090044,-0.00682579466
251.7,0.662862518,-0.00833636332
251.733333,0.662584639,-0.00984896893
251.766667,0.66225634,-0.0114005495
251.8,0.661876322,-0.0130037903
251.833333,0.661442862,-0.014650488
251.866667,0.660954512,-0.0163322531
251.9,0.660410104,-0.0180406293
251.933333,0.65980875,-0.0197672214
251.966667,0.659149842,-0.0215037696
252,0.65843305,-0.0233163334
252.033333,0.657655839,-0.0247253894
252.066667,0.656831659,-0.0269885909
252.1,0.655932039,-0.0285246424
252.133333,0.654981218,-0.0300231958
252.166667,0.653980445,-0.0315007522
252.2,0.65293042,-0.0335222007
252.233333,0.651813013,-0.0349765317
252.266667,0.650647129,-0.0363044847
252.3,0.649436979,-0.0375939382
252.333333,0.648183848,-0.0392528252
252.366667,0.64687542,-0.0405081254
252.4,0.64552515,-0.0415748283
252.433333,0.644139322,-0.0425896032
252.466667,0.642719669,-0.043807093
252.5,0.641259432,-0.0447599233
252.533333,0.639767435,-0.0455006212
252.566667,0.638250747,-0.0461804816
252.6,0.636711398,-0.0469203665
252.633333,0.635147386,-0.0474846546
252.666667,0.633564564,-0.047857507
252.7,0.631969314,-0.0481645161
252.733333,0.63036383,-0.0484237886
252.766667,0.628749703,-0.0485345961
252.8,0.627131884,-0.0485227072
252.833333,0.62551446,-0.0484451121
252.866667,0.623899623,-0.048256317
252.9,0.622291079,-0.047881553
252.933333,0.620695027,-0.0474964218
252.966667,0.619111813,-0.0470499723
253,0.617543481,-0.0464736256
253.033333,0.61599436,-0.0456114245
253.066667,0.614473979,-0.0448852009
253.1,0.612977806,-0.0441053791
253.133333,0.611507626,-0.043217972
253.166667,0.610067027,-0.0418963741
253.2,0.608670482,-0.040881337
253.233333,0.60730777,-0.0398241354
253.266667,0.605980299,-0.0387164466
253.3,0.604689751,-0.0369985067
253.333333,0.603456467,-0.0357649442
253.366667,0.602264303,-0.0345025459
253.4,0.601114218,-0.0332117449
253.433333,0.60000716,-0.0313008018
253.466667,0.5989638,-0.0298690524
253.5,0.597968164,-0.0284805572
253.533333,0.597018813,-0.0270780623
253.566667,0.59611621,-0.0251178107
253.6,0.59527895,-0.0235541654
253.633333,0.594493811,-0.0221245438
253.666667,0.593756326,-0.0206960188
253.7,0.593066459,-0.0188058207
253.733333,0.592439599,-0.0171988778
253.766667,0.591866303,-0.0158120644
253.8,0.591339234,-0.0144401948
253.833333,0.590857894,-0.0127194656
253.866667,0.590433912,-0.0111608537
253.9,0.590061883,-0.00989187049
253.933333,0.589732154,-0.00865011271
253.966667,0.589443817,-0.00717590183
254,0.58920462,-0.00575838894
254.033333,0.589012674,-0.00467333929
254.066667,0.588856896,-0.00362570094
254.1,0.588736039,-0.00245252572
254.133333,0.588654289,-0.00126244837
254.166667,0.588612207,-0.000412095707
254.2,0.58859847,0.000394020168
254.233333,0.588611604,0.00123998066
254.266667,0.588652937,0.00213248298
254.3,0.58872402,0.00271617421
254.333333,0.588814559,0.00325185111
254.366667,0.588922954,0.0037690852
254.4,0.58904859,0.00431114466
254.433333,0.589192295,0.00461309016
254.466667,0.589346065,0.00486649226
254.5,0.589508281,0.00507425134
254.533333,0.589677423,0.0052358012
254.566667,0.58985195,0.00526060367
254.6,0.590027303,0.00523991381
254.633333,0.590201967,0.00517387253
254.666667,0.590374429,0.00496012974
254.7,0.590539767,0.00472709769
254.733333,0.590697337,0.00445785332
254.766667,0.590845932,0.00414898067
254.8,0.590984231,0.00362409709
254.833333,0.591105035,0.00314887154
254.866667,0.591209997,0.00267012741
254.9,0.591299001,0.00215988723
254.933333,0.591370997,0.00140638449
254.966667,0.591417877,0.000721518356
255,0.591441928,8.53133465e-005
255.033333,0.591444771,-0.000572371789
255.066667,0.591425692,-0.00146505159
255.1,0.591376857,-0.00230992272
255.133333,0.59129986,-0.00304436089
255.166667,0.591198381,-0.0037896376
255.2,0.59107206,-0.00473534122
255.233333,0.590914215,-0.00567855481
255.266667,0.59072493,-0.00644943915
255.3,0.590509949,-0.00722018234
255.333333,0.590269276,-0.00813937029
255.366667,0.589997964,-0.0091085091
255.4,0.589694347,-0.00985353118
255.433333,0.589365896,-0.0105879436
255.466667,0.589012964,-0.0114121446
255.5,0.588632559,-0.0123306233
255.533333,0.588221539,-0.0129931084
255.566667,0.587788435,-0.0136360185
255.6,0.587333901,-0.0143137828
255.633333,0.586856775,-0.0151076236
255.666667,0.586353187,-0.0156396397
255.7,0.585831866,-0.016144695
255.733333,0.58529371,-0.0166411969
255.766667,0.584739003,-0.0172415023
255.8,0.584164286,-0.017605073
255.833333,0.583577451,-0.0179365619
255.866667,0.582979565,-0.0182358445
255.9,0.582371704,-0.0185829834
255.933333,0.581752271,-0.0187557096
255.966667,0.581127081,-0.0188923715
256,0.580497335,-0.0189944267
256.033333,0.579864187,-0.0190503096
256.066667,0.579229177,-0.0190215912
256.1,0.578595124,-0.0189558282
256.133333,0.577963263,-0.0188553384
256.166667,0.577334752,-0.0186381445
256.2,0.57671348,-0.0183911899
256.233333,0.576100441,-0.0181288756
256.266667,0.575496145,-0.0178342647
256.3,0.574901669,-0.0173801686
256.333333,0.57432233,-0.016914415
256.366667,0.573758516,-0.0164753753
256.4,0.573209337,-0.0160086405
256.433333,0.572675716,-0.015367174
256.466667,0.572163477,-0.0146974919
256.5,0.57167356,-0.0141119221
256.533333,0.571203163,-0.0135047988
256.566667,0.570753003,-0.01273221
256.6,0.570328596,-0.0118878715
256.633333,0.569932334,-0.0111943834
256.666667,0.569559187,-0.0104868816
256.7,0.569209625,-0.00964337244
256.733333,0.568888179,-0.00866822984
256.766667,0.568599238,-0.00791186081
256.8,0.568335509,-0.00714964655
256.833333,0.568097188,-0.00629408292
256.866667,0.567887385,-0.00524266149
256.9,0.56771263,-0.00447109549
256.933333,0.567563593,-0.00370211926
256.966667,0.567440189,-0.00288854272
257,0.567343904,-0.00182330356
257.033333,0.567283128,-0.00108345976
257.066667,0.567247012,-0.000353978375
257.1,0.567235213,0.000373367083
257.133333,0.567247659,0.00138825439
257.166667,0.567293934,0.00205387288
257.2,0.567362396,0.00270248768
257.233333,0.567452479,0.00333397447
257.266667,0.567563612,0.00419326557
257.3,0.567703387,0.00477969276
257.333333,0.56786271,0.00532441287
257.366667,0.568040191,0.00585023896
257.4,0.568235199,0.00653000958
257.433333,0.568452866,0.00701911555
257.466667,0.568686836,0.0074410211
257.5,0.56893487,0.00783940064
257.533333,0.569196183,0.00831785781
257.566667,0.569473445,0.00867143452
257.6,0.569762493,0.0089485736
257.633333,0.570060779,0.00919941444
257.666667,0.570367426,0.00946881027
257.7,0.570683053,0.00965745588
257.733333,0.571004968,0.00977897799
257.766667,0.571330934,0.00987343081
257.8,0.571660049,0.00994177355
257.833333,0.571991441,0.00994730457
257.866667,0.572323018,0.00991337687
257.9,0.572653464,0.00985351239
257.933333,0.572981914,0.00974183095
257.966667,0.573306642,0.00955888552
258,0.573625271,0.00938033902
258.033333,0.573937949,0.00917883664
258.066667,0.574243911,0.00891880344
258.1,0.574541204,0.00855628826
258.133333,0.574826414,0.0082537652
258.166667,0.575101539,0.00793277012
258.2,0.575365965,0.0075630968
258.233333,0.575618068,0.00704343275
258.266667,0.575852849,0.00664506522
258.3,0.576074351,0.00623379709
258.333333,0.576282145,0.00579616484
258.366667,0.57647535,0.00515387342
258.4,0.576647146,0.00469327351
258.433333,0.576803588,0.00422607887
258.466667,0.576944458,0.0037524914
258.5,0.577069541,0.00305172672
258.533333,0.577171265,0.00255592395
258.566667,0.577256462,0.00206963953
258.6,0.57732545,0.0015834289
258.633333,0.577378231,0.000905384451
258.666667,0.577408411,0.000396124553
258.7,0.577421615,-7.29339513e-005
258.733333,0.577419184,-0.000535761762
258.766667,0.577401325,-0.00114471157
258.8,0.577363168,-0.0016290743
258.833333,0.577308866,-0.00204723834
258.866667,0.577240624,-0.00245369864
258.9,0.577158834,-0.00295693393
258.933333,0.57706027,-0.00337800749
258.966667,0.57694767,-0.00371662491
259,0.576823782,-0.00403919559
259.033333,0.576689142,-0.004412042
259.066667,0.576542074,-0.00473486114
259.1,0.576384245,-0.00497230215
259.133333,0.576218502,-0.00519070053
259.166667,0.576045479,-0.00542081836
259.2,0.575864785,-0.005616336
259.233333,0.575677574,-0.00573885382
259.266667,0.575486278,-0.00584082007
259.3,0.575291584,-0.00592757464
259.333333,0.575093999,-0.00597518246
259.366667,0.574894826,-0.00597776552
259.4,0.574695567,-0.00595988551
259.433333,0.574496904,-0.00591352876
259.466667,0.574299787,-0.00580324716
259.5,0.574106345,-0.00568968726
259.533333,0.573916689,-0.00555721562
259.566667,0.573731448,-0.00539668219
259.6,0.573551559,-0.00512980173
259.633333,0.573380565,-0.00491176807
259.666667,0.57321684,-0.00467767861
259.7,0.573060917,-0.00442763688
259.733333,0.572913329,-0.00401793565
259.766667,0.572779398,-0.00371367982
259.8,0.572655609,-0.00339773605
259.833333,0.572542351,-0.00306981754
259.866667,0.572440024,-0.00257597192
259.9,0.572354158,-0.00219227579
259.933333,0.572281082,-0.00181923068
259.966667,0.572220441,-0.00143886453
260,0.572172479,-0.000902936031
260.033333,0.572142381,-0.000462747725
260.066667,0.572126956,-6.02909406e-005
260.1,0.572124946,0.000344478749
260.133333,0.572136429,0.000881659426
260.166667,0.572165818,0.0013496953
260.2,0.572210807,0.00175273274
260.233333,0.572269232,0.00215308719
260.266667,0.572341001,0.00265469268
260.3,0.572429491,0.00311840528
260.333333,0.572533438,0.00349430497
260.366667,0.572649915,0.00386294251
260.4,0.57277868,0.00429877628
260.433333,0.572921972,0.00472504522
260.466667,0.573079474,0.00504911095
260.5,0.573247777,0.0053620157
260.533333,0.573426511,0.00570982858
260.566667,0.573616839,0.00606756386
260.6,0.573819091,0.0063222831
260.633333,0.574029834,0.00656470207
260.666667,0.574248657,0.00681887436
260.7,0.574475953,0.00709363609
260.733333,0.574712408,0.00727343137
260.766667,0.574954855,0.00743925775
260.8,0.575202831,0.00759932774
260.833333,0.575456141,0.00777142918
260.866667,0.575715189,0.00786741797
260.9,0.575977436,0.00794838162
260.933333,0.576242382,0.00801491512
260.966667,0.576509546,0.0080682425
261,0.576778488,0.0080765248
261.033333,0.577047705,0.00806982809
261.066667,0.577316699,0.00804817386
261.1,0.577584972,0.00797797351
261.133333,0.577850904,0.00789935221
261.166667,0.578114216,0.00780847818
261.2,0.578374499,0.00770376238
261.233333,0.578631291,0.00752569143
261.266667,0.578882147,0.00736033662
261.3,0.579127492,0.00719376972
261.333333,0.579367284,0.0070152657
261.366667,0.579601126,0.00675108662
261.4,0.579826162,0.00650451568
261.433333,0.58004298,0.0062752471
261.466667,0.580252155,0.00603674427
261.5,0.580453379,0.00571217173
261.533333,0.580643785,0.00539645034
261.566667,0.580823667,0.00512135527
261.6,0.580994379,0.00484020647
261.633333,0.581155719,0.00448225323
261.666667,0.581305127,0.00411446032
261.7,0.581442276,0.00381224212
261.733333,0.581569351,0.00350734845
261.766667,0.581686262,0.0031417978
261.8,0.581790989,0.00274301962
261.833333,0.581882423,0.00243334726
261.866667,0.581963534,0.00212447496
261.9,0.58203435,0.00177506002
261.933333,0.582093519,0.00136960993
261.966667,0.582139173,0.00107194503
262,0.582174904,0.000778281047
262.033333,0.582200847,0.000464705315
262.066667,0.582216337,7.74948022e-005
262.1,0.58221892,-0.000190838397
262.133333,0.582212559,-0.000452425622
262.166667,0.582197478,-0.000715674196
262.2,0.582173622,-0.00106060316
262.233333,0.582138269,-0.00128489671
262.266667,0.582095439,-0.00150022853
262.3,0.582045431,-0.00170653997
262.333333,0.581988547,-0.00198150285
262.366667,0.581922496,-0.00215344683
262.4,0.581850715,-0.00231213047
262.433333,0.581773644,-0.00246040299
262.466667,0.58169163,-0.00264257052
262.5,0.581603545,-0.00275834655
262.533333,0.5815116,-0.00285456166
262.566667,0.581416448,-0.00293974648
262.6,0.581318456,-0.00303012565
262.633333,0.581217452,-0.00308092083
262.666667,0.581114755,-0.00311301634
262.7,0.581010988,-0.00313421272
262.733333,0.580906514,-0.00313961239
262.766667,0.58080186,-0.00312113049
262.8,0.580697822,-0.00309193984
262.833333,0.580594758,-0.00305279302
262.866667,0.580492998,-0.00298543664
262.9,0.580393483,-0.00289874816
262.933333,0.580296858,-0.00281526048
262.966667,0.580203016,-0.00272336538
263,0.580112238,-0.00259890323
263.033333,0.580025607,-0.00244987037
263.066667,0.579943945,-0.00232210685
263.1,0.579866542,-0.0021879785
263.133333,0.579793609,-0.00202392589
263.166667,0.579726145,-0.00182325093
263.2,0.57966537,-0.00166391327
263.233333,0.579609906,-0.00150064924
263.266667,0.579559884,-0.00131542797
263.3,0.579516037,-0.00107822933
263.333333,0.579480096,-0.00090162472
263.366667,0.579450042,-0.000723639928
263.4,0.57942592,-0.000534646477
263.433333,0.579408099,-0.000278800635
263.466667,0.579398805,-9.88109819e-005
263.5,0.579395512,8.1701396e-005
263.533333,0.579398235,0.000263389194
263.566667,0.579407015,0.000531702303
263.6,0.579424738,0.000713986867
263.633333,0.579448538,0.000895462977
263.666667,0.579478386,0.00107605649
263.7,0.579514255,0.00132970718
263.733333,0.579558578,0.00151122178
263.766667,0.579608953,0.00168117849
263.8,0.579664992,0.0018479487
263.833333,0.57972659,0.00206864542
263.866667,0.579795545,0.00223550142
263.9,0.579870062,0.00238148865
263.933333,0.579949445,0.00252229822
263.966667,0.580033521,0.00269699723
264,0.580123421,0.0028350492
264.033333,0.580217923,0.00294680493
264.066667,0.58031615,0.00305185209
264.1,0.580417878,0.00317227713
264.133333,0.580523621,0.00326886802
264.166667,0.580632583,0.00333890293
264.2,0.58074388,0.00340122642
264.233333,0.580857254,0.0034638522
264.266667,0.580972716,0.00350876618
264.3,0.581089674,0.00353274006
264.333333,0.581207432,0.00354859851
264.366667,0.581325719,0.00355451316
264.4,0.581444203,0.00354100512
264.433333,0.581562236,0.00351801738
264.466667,0.581679504,0.00348711339
264.5,0.581795741,0.00344149942
264.533333,0.581910457,0.00336688259
264.566667,0.582022687,0.00329930886
264.6,0.582132664,0.00322456462
264.633333,0.582240149,0.0031357494
264.666667,0.582344674,0.00300163592
264.7,0.582444729,0.00289482844
264.733333,0.582541223,0.0027820885
264.766667,0.582633959,0.00266065677
264.8,0.582722648,0.00247309867
264.833333,0.582805084,0.00233497702
264.866667,0.582882917,0.00219253475
264.9,0.582956002,0.00204582658
264.933333,0.583024196,0.00182379327
264.966667,0.583084989,0.0016596408
265,0.58314031,0.00149746511
265.033333,0.583190226,0.00133287598
265.066667,0.583234655,0.00109867729
265.1,0.583271278,0.000914851271
265.133333,0.583301773,0.000743884271
265.166667,0.583326569,0.000572461043
265.2,0.583345651,0.000342056383
265.233333,0.583357053,0.000149693643
265.266667,0.583362042,-1.89333958e-005
265.3,0.583361411,-0.00018611494
265.333333,0.583355207,-0.000398693307
265.366667,0.583341918,-0.000587389502
265.4,0.583322338,-0.000743214969
265.433333,0.583297564,-0.00089588056
265.466667,0.583267702,-0.00107936974
265.5,0.583231723,-0.00125200294
265.533333,0.583189989,-0.0013858638
265.566667,0.583143794,-0.00151514051
265.6,0.583093289,-0.00166150111
265.633333,0.583037906,-0.00180640994
265.666667,0.582977692,-0.00191103748
265.7,0.582913991,-0.00201005228
265.733333,0.582846989,-0.00211480769
265.766667,0.582776495,-0.00222208925
265.8,0.582702426,-0.00229258869
265.833333,0.582626006,-0.00235689122
265.866667,0.582547443,-0.00241906415
265.9,0.582466808,-0.00248131508
265.933333,0.582384097,-0.00251533552
265.966667,0.582300253,-0.00254303736
266,0.582215485,-0.0025647813
266.033333,0.582129992,-0.00257771743
266.066667,0.582044068,-0.00257554312
266.1,0.581958217,-0.00256739369
266.133333,0.581872637,-0.00255328575
266.166667,0.581787527,-0.00251675345
266.2,0.581703635,-0.0024809392
266.233333,0.581620937,-0.00244016438
266.266667,0.581539599,-0.00239419836
266.3,0.581459792,-0.00231682501
266.333333,0.581382565,-0.00224952821
266.366667,0.58130758,-0.00218144998
266.4,0.581234865,-0.00210928356
266.433333,0.581164556,-0.00200226132
266.466667,0.581097814,-0.00190789107
266.5,0.581034217,-0.00181952343
266.533333,0.580973567,-0.00172842074
266.566667,0.580915953,-0.00160383941
266.6,0.580862491,-0.00148917433
266.633333,0.580812852,-0.00138864413
266.666667,0.580766564,-0.0012868622
266.7,0.580723669,-0.00115665739
266.733333,0.580685113,-0.00103033395
266.766667,0.580650769,-0.00092623502
266.8,0.580619894,-0.000822392544
266.833333,0.580592481,-0.000697508799
266.866667,0.580569231,-0.00056945952
266.9,0.580550249,-0.000470284296
266.933333,0.580534573,-0.000372791669
266.966667,0.580522147,-0.000262508381
267,0.580513396,-0.000143217179
267.033333,0.580508622,-5.67351755e-005
267.066667,0.580506731,2.68286667e-005
267.1,0.580507625,0.000115470057
267.133333,0.580511474,0.000215814426
267.166667,0.580518668,0.000283082342
267.2,0.580528104,0.000346459135
267.233333,0.580539653,0.000408907121
267.266667,0.580553283,0.00048114291
267.3,0.580569321,0.000524285957
267.333333,0.580586797,0.000562888556
267.366667,0.58060556,0.00059713394
267.4,0.580625465,0.000633878467
267.433333,0.580646594,0.000649912148
267.466667,0.580668258,0.000661118917
267.5,0.580690295,0.000667496858
267.533333,0.580712545,0.000663996308
267.566667,0.580734678,0.000651883314
267.6,0.580756408,0.00063512076
267.633333,0.580777578,0.000613616449
267.666667,0.580798032,0.000572798622
267.7,0.580817126,0.000531056509
267.733333,0.580834828,0.000487738062
267.766667,0.580851085,0.000440108154
267.8,0.580865756,0.000367697595
267.833333,0.580878012,0.000296854941
267.866667,0.580887907,0.000230237497
267.9,0.580895582,0.000160037949
267.933333,0.580900917,6.35077357e-005
267.966667,0.580903034,-3.36641151e-005
268,0.580901911,-0.000118810945
268.033333,0.580897951,-0.000206583035
268.066667,0.580891065,-0.000318788738
268.1,0.580880439,-0.000437433928
268.133333,0.580865858,-0.000535226107
268.166667,0.580848017,-0.000634530714
268.2,0.580826866,-0.000753692302
268.233333,0.580801743,-0.000887134436
268.266667,0.580772171,-0.000991001836
268.3,0.580739138,-0.00109520134
268.333333,0.580702631,-0.00121300423
268.366667,0.580662198,-0.00135322923
268.4,0.58061709,-0.00145643298
268.433333,0.580568542,-0.00155881232
268.466667,0.580516582,-0.00166796176
268.5,0.580460983,-0.00180620683
268.533333,0.580400776,-0.00190230841
268.566667,0.580337366,-0.00199652853
268.6,0.580270815,-0.00209116181
268.633333,0.58020111,-0.00221852087
268.666667,0.580127159,-0.00230180089
268.7,0.580050432,-0.0023823179
268.733333,0.579971022,-0.00246004794
268.766667,0.57988902,-0.00256467715
268.8,0.579803531,-0.00263228216
268.833333,0.579715788,-0.00269472717
268.866667,0.579625964,-0.00275374625
268.9,0.579534172,-0.00282758514
268.933333,0.57943992,-0.00287674704
268.966667,0.579344028,-0.00291815989
269,0.579246756,-0.00295577339
269.033333,0.57914823,-0.00299787007
269.066667,0.579048301,-0.00302466476
269.1,0.578947479,-0.00304364435
269.133333,0.578846024,-0.00305873745
269.166667,0.578744066,-0.00307045267
269.2,0.578641718,-0.00307251322
269.233333,0.578539301,-0.00306926876
269.266667,0.578436992,-0.00306232905
269.3,0.578334914,-0.00304699646
269.333333,0.578233348,-0.00302373457
269.366667,0.578132557,-0.00299998113
269.4,0.578032557,-0.00297297423
269.433333,0.577933458,-0.00293543133
269.466667,0.57783561,-0.0028881397
269.5,0.577739339,-0.00284692558
269.533333,0.577644441,-0.00280311256
269.566667,0.577551004,-0.0027492112
269.6,0.577459364,-0.00268104461
269.633333,0.577369996,-0.00262649318
269.666667,0.577282446,-0.00257015089
269.7,0.577196774,-0.0025062015
269.733333,0.577113234,-0.00242196044
269.766667,0.577032502,-0.00235891693
269.8,0.576953872,-0.00229497941
269.833333,0.576877372,-0.00222721578
269.866667,0.576803132,-0.00213302564
269.9,0.576732031,-0.00206670322
269.933333,0.576663141,-0.0020004076
269.966667,0.576596461,-0.00193416724
270,0.576531988,-0.00183781727
270.033333,0.576470728,-0.00177304309
270.066667,0.576411626,-0.0017095466
270.1,0.576354642,-0.00164697587
270.133333,0.576299742,-0.00156119007
270.166667,0.576247703,-0.00150012039
270.2,0.576197699,-0.00144413248
270.233333,0.576149561,-0.00138983202
270.266667,0.576103233,-0.00131990049
270.3,0.576059237,-0.00126763131
270.333333,0.576016982,-0.00122312043
270.366667,0.575976211,-0.00118090135
270.4,0.575936848,-0.00113038099
270.433333,0.575899169,-0.00109156854
270.466667,0.575862783,-0.00106150671
270.5,0.5758274,-0.00103414366
270.533333,0.575792928,-0.00100475511
270.566667,0.575759436,-0.000983210942
270.6,0.575726663,-0.000969402984
270.633333,0.575694349,-0.000958485331
270.666667,0.5756624,-0.000950191964
270.7,0.575630727,-0.000948567267
270.733333,0.575599108,-0.000951587888
270.766667,0.575567388,-0.000957470145
270.8,0.575535472,-0.000968673821
270.833333,0.575503183,-0.000988203748
270.866667,0.575470243,-0.00100739707
270.9,0.575436663,-0.0010292124
270.933333,0.575402356,-0.00105702785
270.966667,0.575367122,-0.00109738046
271,0.575330543,-0.00113095804
271.033333,0.575292844,-0.00116673609
271.066667,0.575253953,-0.0012073648
271.1,0.575213707,-0.00126663822
271.133333,0.575171486,-0.0013118621
271.166667,0.575127757,-0.00135871968
271.2,0.575082467,-0.00140784364
271.233333,0.575035538,-0.00148265674
271.266667,0.574986117,-0.00153605826
271.3,0.574934915,-0.00159042742
271.333333,0.5748819,-0.00164574238
271.366667,0.574827042,-0.00172714694
271.4,0.574769471,-0.00178695547
271.433333,0.574709906,-0.00184487041
271.466667,0.57464841,-0.00190302006
271.5,0.574584976,-0.00198371999
271.533333,0.574518852,-0.00204672161
271.566667,0.574450628,-0.00210411478
271.6,0.574380491,-0.00216104043
271.633333,0.574308456,-0.00223568082
271.666667,0.574233933,-0.0022975453
271.7,0.574157348,-0.00235052713
271.733333,0.574078998,-0.00240239856
271.766667,0.573998918,-0.00246659353
271.8,0.573916698,-0.00252286106
271.833333,0.573832602,-0.00256799448
271.866667,0.573747003,-0.00261147925
271.9,0.573659953,-0.0026620497
271.933333,0.573571218,-0.00270848191
271.966667,0.573480936,-0.00274302346
272,0.573389501,-0.00277562737
272.033333,0.573296981,-0.00281116432
272.066667,0.573203275,-0.00284549845
272.1,0.573108425,-0.00286920269
272.133333,0.573012785,-0.00289100884
272.166667,0.572916418,-0.00291298055
272.2,0.572819319,-0.0029339718
272.233333,0.57272152,-0.00294628845
272.266667,0.57262331,-0.00295657384
272.3,0.572524758,-0.00296515382
272.333333,0.572425919,-0.00297077494
272.366667,0.572326893,-0.00297124772
272.4,0.572227852,-0.002969701
272.433333,0.572128862,-0.00296590365
272.466667,0.572029998,-0.00295515474
272.5,0.571931493,-0.00294415882
272.533333,0.571833354,-0.00293130068
272.566667,0.571735644,-0.00291658718
272.6,0.571638425,-0.00289034307
272.633333,0.57154208,-0.00286867887
272.666667,0.571446457,-0.00284578181
272.7,0.571351598,-0.00282131187
272.733333,0.571257554,-0.00278327514
272.766667,0.571164778,-0.00275153521
272.8,0.571073061,-0.00272049038
272.833333,0.570982378,-0.00268825502
272.866667,0.570892769,-0.00264215988
272.9,0.570804697,-0.00260199538
272.933333,0.570717964,-0.00256519199
272.966667,0.570632458,-0.00252765056
273,0.570548203,-0.00247742477
273.033333,0.570465622,-0.00243120118
273.066667,0.570384582,-0.0023913167
273.1,0.570304871,-0.00235117524
273.133333,0.570226499,-0.00230059178
273.166667,0.570149812,-0.00225120483
273.2,0.570074772,-0.00221100256
273.233333,0.570001072,-0.00217102328
273.266667,0.569928705,-0.00212347014
273.3,0.569857922,-0.00207417406
273.333333,0.569788783,-0.00203633359
273.366667,0.569720905,-0.00199915906
273.4,0.569654267,-0.00195743184
273.433333,0.569589019,-0.00191157446
273.466667,0.5695253,-0.00187848028
273.5,0.569462684,-0.00184642381
273.533333,0.569401136,-0.00181255046
273.566667,0.569340718,-0.00177330095
273.6,0.569281608,-0.00174689342
273.633333,0.569223378,-0.00172180606
273.666667,0.569165985,-0.00169700608
273.7,0.569109418,-0.00166714135
273.733333,0.569053846,-0.00164881603
273.766667,0.568998886,-0.0016319837
273.8,0.568944486,-0.00161664832
273.833333,0.568890598,-0.00159832474
273.866667,0.568837321,-0.00158881696
273.9,0.56878436,-0.00158086835
273.933333,0.568731664,-0.00157446584
273.966667,0.568679182,-0.00156931005
274,0.568626872,-0.00156854402
274.033333,0.568574587,-0.00156945255
274.066667,0.568522272,-0.00157184319
274.1,0.568469877,-0.00157851963
274.133333,0.56841726,-0.00158680991
274.166667,0.568364366,-0.00159592061
274.2,0.568311169,-0.00160634076
274.233333,0.568257624,-0.00162279066
274.266667,0.568203531,-0.00163972075
274.3,0.568148874,-0.00165580374
274.333333,0.56809368,-0.00167293322
274.366667,0.568037916,-0.00169660445
274.4,0.567981362,-0.00172104817
274.433333,0.567923994,-0.00174242852
274.466667,0.567865913,-0.00176452721
274.5,0.567807096,-0.00179263447
274.533333,0.567747341,-0.00182282034
274.566667,0.56768658,-0.00184750558
274.6,0.567624997,-0.0018725379
274.633333,0.567562579,-0.00190227105
274.666667,0.56749917,-0.0019358754
274.7,0.567434641,-0.00196169815
274.733333,0.567369251,-0.00198748509
274.766667,0.567303001,-0.00201623367
274.8,0.567235794,-0.00205056524
274.833333,0.567167441,-0.00207536176
274.866667,0.567098263,-0.00209975662
274.9,0.567028271,-0.00212529866
274.933333,0.566957427,-0.00215749164
274.966667,0.566885511,-0.00217924173
275,0.56681287,-0.00220026402
275.033333,0.566739528,-0.00222087531
275.066667,0.566665498,-0.00224808555
275.1,0.566590562,-0.00226504635
275.133333,0.566515061,-0.00228101853
275.166667,0.566439027,-0.00229599533
275.2,0.566362494,-0.0023147768
275.233333,0.566285334,-0.00232604323
275.266667,0.5662078,-0.00233570816
275.3,0.566129943,-0.00234420088
275.333333,0.566051803,-0.00235308755
275.366667,0.565973366,-0.00235746213
275.4,0.565894784,-0.00236004023
275.433333,0.565816116,-0.00236135843
275.466667,0.565737404,-0.00236032626
275.5,0.565658727,-0.00235671332
275.533333,0.56558017,-0.00235194742
275.566667,0.565501771,-0.00234592913
275.6,0.565423574,-0.00233568899
275.633333,0.565345717,-0.00232354014
275.666667,0.565268266,-0.00231169914
275.7,0.565191209,-0.00229870192
275.733333,0.565114586,-0.00228056341
275.766667,0.565038567,-0.00225992697
275.8,0.564963236,-0.00224175398
275.833333,0.564888511,-0.00222259925
275.866667,0.564814425,-0.00219830871
275.9,0.564741148,-0.00216985452
275.933333,0.564668819,-0.00214650757
275.966667,0.564597269,-0.00212241824
276,0.564526522,-0.00209399903
276.033333,0.564456722,-0.00205899699
276.066667,0.564388088,-0.00203195236
276.1,0.564320357,-0.00200444734
276.133333,0.564253542,-0.0019740076
276.166667,0.564187742,-0.00193423239
276.2,0.564123267,-0.00190515934
276.233333,0.564059762,-0.00187592965
276.266667,0.563997231,-0.00184549345
276.3,0.563935714,-0.00180311338
276.333333,0.563875611,-0.00177376138
276.366667,0.563816485,-0.00174455666
276.4,0.563758333,-0.00171550845
276.433333,0.56370115,-0.00167377805
276.466667,0.563645357,-0.00164542673
276.5,0.56359051,-0.00161792332
276.533333,0.563536579,-0.00159085491
276.566667,0.56348355,-0.00155397988
276.6,0.563431751,-0.0015272874
276.633333,0.563380841,-0.00150297199
276.666667,0.563330742,-0.00147932785
276.7,0.563281431,-0.00144885815
276.733333,0.563233136,-0.00142548932
276.766667,0.56318562,-0.00140557134
276.8,0.563138767,-0.00138650327
276.833333,0.563092551,-0.00136339205
276.866667,0.563047104,-0.00134481524
276.9,0.563002277,-0.00133014466
276.933333,0.562957939,-0.00131643297
276.966667,0.562914058,-0.00130101555
277,0.562870691,-0.0012883739
277.033333,0.562827745,-0.00127939739
277.066667,0.562785098,-0.00127141598
277.1,0.562742718,-0.00126345879
277.133333,0.562700602,-0.00125747814
277.166667,0.562658687,-0.0012542299
277.2,0.562616879,-0.00125193955
277.233333,0.562575148,-0.00125071439
277.266667,0.562533457,-0.00125162343
277.3,0.562491736,-0.00125373063
277.333333,0.562449945,-0.00125669017
277.366667,0.562408056,-0.00126107448
277.4,0.56236602,-0.00126857022
277.433333,0.562323734,-0.00127529949
277.466667,0.562281224,-0.00128271913
277.5,0.562238467,-0.00129133249
277.533333,0.562195422,-0.00130459714
277.566667,0.562151936,-0.00131492348
277.6,0.562108105,-0.00132573447
277.633333,0.562063914,-0.00133706866
277.666667,0.562019345,-0.00135480832
277.7,0.561974185,-0.00136749132
277.733333,0.561928602,-0.00138042624
277.766667,0.561882587,-0.0013936056
277.8,0.561836134,-0.00141287205
277.833333,0.561789038,-0.00142719063
277.866667,0.561741465,-0.00144088721
277.9,0.561693436,-0.00145458769
277.933333,0.561644949,-0.0014733152
277.966667,0.561595839,-0.00148796243
278,0.56154624,-0.00150106102
278.033333,0.561496205,-0.00151393214
278.066667,0.56144574,-0.00153040539
278.1,0.561394727,-0.00154391097
278.133333,0.561343263,-0.00155514679
278.166667,0.561291425,-0.0015659501
278.2,0.561239226,-0.00157881811
278.233333,0.561186599,-0.00158971457
278.266667,0.561133609,-0.00159800928
278.3,0.561080342,-0.00160570698
278.333333,0.561026818,-0.00161405028
278.366667,0.560973017,-0.00162098941
278.4,0.560918984,-0.0016255162
278.433333,0.5608648,-0.0016293312
278.466667,0.560810489,-0.00163267883
278.5,0.560756066,-0.00163453805
278.533333,0.560701581,-0.00163493944
278.566667,0.560647083,-0.00163402763
278.6,0.560592616,-0.00163205692
278.633333,0.560538214,-0.00162931315
278.666667,0.560483903,-0.001624956
278.7,0.560429738,-0.00161808886
278.733333,0.560375802,-0.00161165091
278.766667,0.56032208,-0.00160446523
278.8,0.560268598,-0.00159549912
278.833333,0.560215415,-0.00158259205
278.866667,0.560162662,-0.0015719656
278.9,0.560110263,-0.00156067344
278.933333,0.56005824,-0.00154794425
278.966667,0.560006642,-0.00152924348
279,0.559955668,-0.00151500056
279.033333,0.559905167,-0.0015002203
279.066667,0.55985516,-0.00148477851
279.1,0.559805668,-0.00146096079
279.133333,0.559756969,-0.00144391132
279.166667,0.559708838,-0.00142648725
279.2,0.559661289,-0.00140869413
279.233333,0.559614332,-0.00138239231
279.266667,0.559568253,-0.00136272993
279.3,0.559522828,-0.00134366323
279.333333,0.55947804,-0.00132441271
279.366667,0.559433892,-0.00129750724
279.4,0.559390642,-0.00127606047
279.433333,0.559348107,-0.00125643689
279.466667,0.559306226,-0.00123682188
279.5,0.559264998,-0.001210839
279.533333,0.559224637,-0.00118874295
279.566667,0.559185012,-0.00116965009
279.6,0.559146024,-0.00115075055
279.633333,0.559107666,-0.00112701171
279.666667,0.559070098,-0.00110549468
279.7,0.559033249,-0.00108794603
279.733333,0.558996984,-0.00107075562
279.766667,0.558961292,-0.0010503043
279.8,0.558926282,-0.00103059877
279.833333,0.558891928,-0.00101546839
279.866667,0.55885808,-0.00100082987
279.9,0.558824719,-0.000984381219
279.933333,0.558791906,-0.000967624372
279.966667,0.558759652,-0.000955587563
280,0.558727799,-0.000944136267
280.033333,0.558696328,-0.000932054151
280.066667,0.558665259,-0.00091919611
280.1,0.558634619,-0.000910691328
280.133333,0.558604263,-0.000902821255
280.166667,0.558574169,-0.000895131341
280.2,0.558544331,-0.000886860502
280.233333,0.558514769,-0.000882069438
280.266667,0.558485367,-0.000877915512
280.3,0.558456103,-0.000874337936
280.333333,0.558426958,-0.000871017293
280.366667,0.558397924,-0.000869859052
280.4,0.558368929,-0.000869295286
280.433333,0.558339953,-0.000869324
280.466667,0.558310975,-0.00087090301
280.5,0.558281945,-0.000873078728
280.533333,0.558252842,-0.000875740095
280.566667,0.558223651,-0.000878910118
280.6,0.558194354,-0.000884529103
280.633333,0.55816487,-0.000889749985
280.666667,0.558135211,-0.000895066785
280.7,0.558105376,-0.000900776043
280.733333,0.55807535,-0.000909286609
280.766667,0.55804504,-0.000917099511
280.8,0.55801447,-0.000924072381
280.833333,0.557983668,-0.000931494388
280.866667,0.557952618,-0.000942358961
280.9,0.557921206,-0.000950709945
280.933333,0.557889516,-0.000958542159
280.966667,0.557857565,-0.000966346
281,0.557825353,-0.000976744996
281.033333,0.557792795,-0.00098491918
281.066667,0.557759964,-0.000991954024
281.1,0.557726899,-0.000998725998
281.133333,0.557693608,-0.00100694537
281.166667,0.557660043,-0.0010134418
281.2,0.557626262,-0.00101844737
281.233333,0.557592314,-0.00102300128
281.266667,0.557558214,-0.00102782543
281.3,0.557523953,-0.00103126701
281.333333,0.557489577,-0.00103329243
281.366667,0.557455134,-0.00103473193
281.4,0.557420643,-0.00103545541
281.433333,0.557386128,-0.00103469588
281.466667,0.557351638,-0.0010330147
281.5,0.557317204,-0.00103037186
281.533333,0.557282858,-0.00102563181
281.566667,0.557248671,-0.00101661306
281.6,0.557214784,-0.00100739973
281.633333,0.557181204,-0.000996732107
281.666667,0.557147979,-0.00098301449
281.7,0.557115212,-0.000962391717
281.733333,0.557083132,-0.000945042813
281.766667,0.557051631,-0.000926409161
281.8,0.557020751,-0.00090526433
281.833333,0.556990575,-0.000873606059
281.866667,0.556961455,-0.000849321257
281.9,0.556933144,-0.000824021006
281.933333,0.556905677,-0.00079758679
281.966667,0.556879091,-0.000756377367
282,0.556853878,-0.000726843844
282.033333,0.55682965,-0.000696632702
282.066667,0.556806429,-0.000665755628
282.1,0.556784237,-0.000620207365
282.133333,0.556763563,-0.000585997821
282.166667,0.55674403,-0.000552970603
282.2,0.556725598,-0.000519667551
282.233333,0.556708276,-0.00047337932
282.266667,0.556692496,-0.000436448743
282.3,0.556677948,-0.000402882641
282.333333,0.556664519,-0.000369440316
282.366667,0.556652204,-0.000325519194
282.4,0.556641353,-0.00028828254
282.433333,0.556631744,-0.000256420607
282.466667,0.556623196,-0.000225062295
282.5,0.556615694,-0.000186158076
282.533333,0.556609489,-0.000151212505
282.566667,0.556604449,-0.000123143952
282.6,0.556600344,-9.59188442e-005
282.633333,0.556597147,-6.41166622e-005
282.666667,0.556595009,-3.40610801e-005
282.7,0.556593874,-1.15700795e-005
282.733333,0.556593488,9.81043544e-006
282.766667,0.556593815,3.31455217e-005
282.8,0.55659492,5.59685973e-005
282.833333,0.556596786,7.15499505e-005
282.866667,0.556599171,8.58390257e-005
282.9,0.556602032,0.000100087234
282.933333,0.556605368,0.000113742495
282.966667,0.55660916,0.000121572082
283,0.556613212,0.000128020105
283.033333,0.55661748,0.000133247555
283.066667,0.556621921,0.000136364008
283.1,0.556626467,0.000136151759
283.133333,0.556631005,0.000134572173
283.166667,0.556635491,0.000131498583
283.2,0.556639874,0.000123439146
283.233333,0.556643989,0.000115463987
283.266667,0.556647837,0.000106227885
283.3,0.556651378,9.57355321e-005
283.333333,0.55665457,7.7321662e-005
283.366667,0.556657147,6.2003505e-005
283.4,0.556659214,4.59645308e-005
283.433333,0.556660746,2.88607118e-005
283.466667,0.556661708,2.5299291e-006
283.5,0.556661792,-1.96845288e-005
283.533333,0.556661136,-4.12353996e-005
283.566667,0.556659762,-6.35902047e-005
283.6,0.556657642,-9.5307956e-005
283.633333,0.556654465,-0.000123288012
283.666667,0.556650355,-0.000148739226
283.7,0.556645397,-0.000174692272
283.733333,0.556639574,-0.00020917883
283.766667,0.556632602,-0.000241337987
283.8,0.556624557,-0.000268899619
283.833333,0.556615594,-0.0002966392
283.866667,0.556605706,-0.000331370151
283.9,0.55659466,-0.00036574361
283.933333,0.556582469,-0.000393549384
283.966667,0.55656935,-0.000421209941
284,0.55655531,-0.000453911041
284.033333,0.55654018,-0.000488303419
284.066667,0.556523903,-0.000514562039
284.1,0.556506751,-0.000540381564
284.133333,0.556488738,-0.000569204442
284.166667,0.556469765,-0.000601380644
284.2,0.556449719,-0.000624504551
284.233333,0.556428902,-0.000646939696
284.266667,0.556407337,-0.00067053354
284.3,0.556384986,-0.000698356908
284.333333,0.556361707,-0.000717040692
284.366667,0.556337806,-0.000734847471
284.4,0.556313311,-0.000752397815
284.433333,0.556288231,-0.000774012318
284.466667,0.556262431,-0.00078733479
284.5,0.556236186,-0.000799667863
284.533333,0.556209531,-0.000811009049
284.566667,0.556182497,-0.000824835203
284.6,0.556155003,-0.000832392071
284.633333,0.556127256,-0.000838836389
284.666667,0.556099295,-0.000844255261
284.7,0.556071153,-0.000849336177
284.733333,0.556042842,-0.000851108467
284.766667,0.556014472,-0.000851681367
284.8,0.555986082,-0.00085127353
284.833333,0.555957706,-0.000848505173
284.866667,0.555929423,-0.000844303546
284.9,0.55590128,-0.000839456692
284.933333,0.555873298,-0.000833746252
284.966667,0.555845506,-0.000824506036
285,0.555818023,-0.000814622937
285.033333,0.555790868,-0.00080517697
285.066667,0.555764029,-0.000795041678
285.1,0.555737528,-0.000781010909
285.133333,0.555711494,-0.00076620429
285.166667,0.555685954,-0.000753274413
285.2,0.555660845,-0.000739875364
285.233333,0.555636182,-0.000722902124
285.266667,0.555612086,-0.000704376206
285.3,0.555588606,-0.000689297191
285.333333,0.55556563,-0.000673995985
285.366667,0.555543163,-0.000655938269
285.4,0.555521299,-0.000635249808
285.433333,0.555500124,-0.00061945543
285.466667,0.555479475,-0.000603691461
285.5,0.555459352,-0.00058625707
285.533333,0.55543981,-0.000565198325
285.566667,0.55542097,-0.000550120843
285.6,0.555402633,-0.000535316935
285.633333,0.555384789,-0.000519966803
285.666667,0.555367457,-0.000500455818
285.7,0.555350775,-0.000487434502
285.733333,0.555334527,-0.000474900754
285.766667,0.555318697,-0.000462758658
285.8,0.555303272,-0.000446676701
285.833333,0.555288383,-0.000436850087
285.866667,0.555273821,-0.000427680916
285.9,0.555259565,-0.000419173535
285.933333,0.555245592,-0.000408817036
285.966667,0.555231965,-0.000402760576
286,0.55521854,-0.000397778437
286.033333,0.555205281,-0.000393573619
286.066667,0.555192161,-0.000389668006
286.1,0.555179173,-0.000388282277
286.133333,0.55516623,-0.00038798834
286.166667,0.555153297,-0.000388525525
286.2,0.555140346,-0.000391056273
286.233333,0.555127311,-0.000395042793
286.266667,0.555114143,-0.000399583802
286.3,0.555100823,-0.000404947651
286.333333,0.555087325,-0.000413422485
286.366667,0.555073544,-0.000423124475
286.4,0.55505944,-0.00043230886
286.433333,0.55504503,-0.000442250049
286.466667,0.555030288,-0.000455794014
286.5,0.555015095,-0.000471155479
286.533333,0.55499939,-0.000484474025
286.566667,0.554983241,-0.000498430043
286.6,0.554966626,-0.000515873879
286.633333,0.554949431,-0.000536416427
286.666667,0.55493155,-0.000553084914
286.7,0.554913114,-0.000570230831
286.733333,0.554894106,-0.000590235924
286.766667,0.554874432,-0.000615095917
286.8,0.554853928,-0.000634132272
286.833333,0.554832791,-0.000653458561
286.866667,0.554811009,-0.000674641618
286.9,0.554788521,-0.000702621586
286.933333,0.5547651,-0.000722914201
286.966667,0.554741003,-0.000743294556
287,0.554716226,-0.000764325614
287.033333,0.554690749,-0.000793966165
287.066667,0.554664283,-0.000814355881
287.1,0.554637138,-0.000834633766
287.133333,0.554609317,-0.000854793806
287.166667,0.554580824,-0.000883584625
287.2,0.554551371,-0.000903410925
287.233333,0.554521257,-0.000922487839
287.266667,0.554490508,-0.000941264308
287.3,0.554459132,-0.000966714331
287.333333,0.554426908,-0.000985402788
287.366667,0.554394062,-0.00100230347
287.4,0.554360652,-0.0010187494
287.433333,0.554326693,-0.00103986071
287.466667,0.554292031,-0.00105631202
287.5,0.554256821,-0.00107025337
287.533333,0.554221146,-0.00108362578
287.566667,0.554185025,-0.00109980526
287.6,0.554148365,-0.00111306205
287.633333,0.554111263,-0.00112350271
287.666667,0.554073812,-0.00113330546
287.7,0.554036036,-0.00114435977
287.733333,0.55399789,-0.00115367841
287.766667,0.553959434,-0.00116033916
287.8,0.553920756,-0.0011663414
287.833333,0.553881878,-0.00117244809
287.866667,0.553842797,-0.00117736963
287.9,0.553803551,-0.00118024901
287.933333,0.553764209,-0.00118249838
287.966667,0.553724793,-0.00118416257
288,0.553685321,-0.00118456257
288.033333,0.553645835,-0.00118392501
288.066667,0.553606371,-0.00118272936
288.1,0.553566947,-0.0011807031
288.133333,0.55352759,-0.00117680132
288.166667,0.553488363,-0.00117314199
288.2,0.553449259,-0.00116903365
288.233333,0.553410291,-0.00116423233
288.266667,0.553371483,-0.00115659179
288.3,0.55333293,-0.00115059924
288.333333,0.553294577,-0.00114429497
288.366667,0.553256434,-0.00113768351
288.4,0.553218511,-0.0011272409
288.433333,0.553180936,-0.0011197062
288.466667,0.553143613,-0.00111204416
288.5,0.553106544,-0.00110422835
288.533333,0.553069737,-0.00109285732
288.566667,0.553033308,-0.00108429136
288.6,0.552997165,-0.0010761662
288.633333,0.552961293,-0.00106804524
288.666667,0.552925691,-0.00105703215
288.7,0.552890457,-0.00104833267
288.733333,0.552855513,-0.00104063511
288.766667,0.552820825,-0.0010330924
288.8,0.552786388,-0.00102354543
288.833333,0.55275227,-0.00101567701
288.866667,0.552718414,-0.00100922562
288.9,0.552684773,-0.00100306092
288.933333,0.552651338,-0.000995840094
288.966667,0.552618143,-0.000989756854
289,0.552585152,-0.000985244393
289.033333,0.55255231,-0.000981123983
289.066667,0.552519606,-0.00097680949
289.1,0.552487046,-0.00097338399
289.133333,0.552454599,-0.000971336717
289.166667,0.552422222,-0.000969753149
289.2,0.552389896,-0.000968629289
289.233333,0.552357609,-0.000968574559
289.266667,0.552325323,-0.000969316485
289.3,0.552293012,-0.000970555924
289.333333,0.552260661,-0.000972617684
289.366667,0.55222824,-0.000976425719
289.4,0.552195692,-0.000980066532
289.433333,0.552163024,-0.000984248108
289.466667,0.552130215,-0.000989361471
289.5,0.552097237,-0.000998218118
289.533333,0.552063963,-0.0010061013
289.566667,0.552030426,-0.00101487449
289.6,0.551996597,-0.00102469636
289.633333,0.55196244,-0.00104121589
289.666667,0.551927733,-0.00105404825
289.7,0.551892598,-0.0010676441
289.733333,0.55185701,-0.00108199829
289.766667,0.551820943,-0.00110450594
289.8,0.551784126,-0.0011220095
289.833333,0.551746726,-0.00113952002
289.866667,0.551708742,-0.00115760397
289.9,0.551670155,-0.00118394035
289.933333,0.551630691,-0.00120550727
289.966667,0.551590507,-0.00122577933
290,0.551549648,-0.00124640619
290.033333,0.551508101,-0.00127463342
290.066667,0.551465613,-0.00129914514
290.1,0.551422308,-0.00132086487
290.133333,0.551378279,-0.00134269898
290.166667,0.551333523,-0.00137090367
290.2,0.551287826,-0.00139694099
290.233333,0.551241261,-0.00141872063
290.266667,0.551193971,-0.00144037422
290.3,0.551145958,-0.00146682411
290.333333,0.551097064,-0.00149279524
290.366667,0.551047304,-0.0015132985
290.4,0.550996861,-0.00153345384
290.433333,0.550945746,-0.00155672438
290.466667,0.550893855,-0.00158097873
290.5,0.550841156,-0.00159899813
290.533333,0.550787856,-0.0016164775
290.566667,0.550733973,-0.00163550118
290.6,0.550679456,-0.00165643621
290.633333,0.550624242,-0.0016709694
290.666667,0.550568543,-0.00168481722
290.7,0.550512382,-0.00169894494
290.733333,0.550455751,-0.00171516071
290.766667,0.550398579,-0.00172549316
290.8,0.550341062,-0.00173504938
290.833333,0.550283227,-0.00174406159
290.866667,0.550225092,-0.00175446248
290.9,0.55016661,-0.00176018902
290.933333,0.550107937,-0.00176510499
290.966667,0.5500491,-0.00176921024
291,0.549990127,-0.00177298918
291.033333,0.549931027,-0.00177408146
291.066667,0.549871891,-0.0017743428
291.1,0.549812746,-0.00177382245
291.133333,0.549753619,-0.00177118784
291.166667,0.549694579,-0.00176768369
291.2,0.549635656,-0.00176360556
291.233333,0.549576869,-0.00175882851
291.266667,0.549518242,-0.00175082989
291.3,0.549459881,-0.00174287679
291.333333,0.549401785,-0.00173505259
291.366667,0.54934395,-0.00172665754
291.4,0.549286395,-0.00171459829
291.433333,0.549229241,-0.00170269896
291.466667,0.549172485,-0.00169196111
291.5,0.549116086,-0.00168081766
291.533333,0.549060059,-0.00166615448
291.566667,0.54900452,-0.00165114969
291.6,0.548949482,-0.00163850214
291.633333,0.548894865,-0.00162563487
291.666667,0.548840677,-0.0016098377
291.7,0.548787016,-0.00159283268
291.733333,0.548733922,-0.00157936116
291.766667,0.548681276,-0.00156586322
291.8,0.548629081,-0.00155030488
291.833333,0.548577404,-0.00153260329
291.866667,0.548526317,-0.00151940956
291.9,0.54847567,-0.00150637736
291.933333,0.548425458,-0.00149225433
291.966667,0.548375716,-0.00147526696
292,0.54832654,-0.0014633856
292.033333,0.548277761,-0.00145183203
292.066667,0.548229366,-0.00144007806
292.1,0.548181364,-0.00142519832
292.133333,0.548133857,-0.00141551854
292.166667,0.548086673,-0.00140630191
292.2,0.548039796,-0.00139754959
292.233333,0.547993211,-0.00138606007
292.266667,0.547947009,-0.00137928152
292.3,0.547901033,-0.00137306212
292.333333,0.547855265,-0.0013674039
292.366667,0.547809685,-0.0013608385
292.4,0.547764323,-0.00135718865
292.433333,0.547719084,-0.00135437898
292.466667,0.547673938,-0.00135217755
292.5,0.547628865,-0.00135059502
292.533333,0.547583845,-0.00135061474
292.566667,0.547538825,-0.00135136155
292.6,0.547493779,-0.00135271736
292.633333,0.547448689,-0.00135579962
292.666667,0.547403496,-0.00135977715
292.7,0.54735817,-0.0013639688
292.733333,0.547312704,-0.0013687246
292.766667,0.54726708,-0.00137583857
292.8,0.547221219,-0.00138376168
292.833333,0.547175093,-0.00139103539
292.866667,0.547128725,-0.00139878691
292.9,0.547082099,-0.00140905553
292.933333,0.547035131,-0.0014205999
292.966667,0.546987777,-0.00143038199
293,0.546940098,-0.00144052397
293.033333,0.54689208,-0.00145292991
293.066667,0.546843649,-0.00146748266
293.1,0.546794733,-0.00147904099
293.133333,0.546745432,-0.00149081794
293.166667,0.546695738,-0.00150428977
293.2,0.546645595,-0.00152097527
293.233333,0.546594896,-0.001533468
293.266667,0.54654378,-0.00154602595
293.3,0.546492246,-0.00155952189
293.333333,0.546440262,-0.00157726396
293.366667,0.546387686,-0.00158981029
293.4,0.546334693,-0.00160226935
293.433333,0.546281284,-0.00161486405
293.466667,0.546227455,-0.00163247036
293.5,0.546173039,-0.00164421478
293.533333,0.546118232,-0.0016557297
293.566667,0.546063041,-0.001667011
293.6,0.546007474,-0.00168256178
293.633333,0.545951389,-0.00169307026
293.666667,0.545894953,-0.00170288455
293.7,0.54583819,-0.0017123451
293.733333,0.545781112,-0.00172458728
293.766667,0.545723626,-0.0017332592
293.8,0.545665851,-0.00174076295
293.833333,0.545607825,-0.00174782284
293.866667,0.545549564,-0.00175627273
293.9,0.545491022,-0.0017623749
293.933333,0.545432276,-0.0017671378
293.966667,0.545373372,-0.00177140062
294,0.545314325,-0.00177588497
294.033333,0.545255129,-0.00177883725
294.066667,0.545195834,-0.00178063071
294.1,0.54513648,-0.00178190584
294.133333,0.545077083,-0.00178255119
294.166667,0.545017664,-0.00178198685
294.2,0.544958265,-0.00178079875
294.233333,0.544898905,-0.00177911171
294.266667,0.544839601,-0.00177630664
294.3,0.544780391,-0.00177210511
294.333333,0.544721321,-0.00176812693
294.366667,0.544662383,-0.00176370311
294.4,0.544603593,-0.00175803584
294.433333,0.544544992,-0.00175033705
294.466667,0.544486647,-0.00174394355
294.5,0.544428516,-0.00173718772
294.533333,0.54437061,-0.00172938744
294.566667,0.544312963,-0.00171859692
294.6,0.544255677,-0.00171031706
294.633333,0.544198666,-0.0017017803
294.666667,0.54414194,-0.00169264643
294.7,0.544085519,-0.00167940613
294.733333,0.544029539,-0.00166987425
294.766667,0.543973876,-0.00166020417
294.8,0.543918536,-0.00165039971
294.833333,0.543863523,-0.00163581083
294.866667,0.543808996,-0.00162558687
294.9,0.543754809,-0.0016154823
294.933333,0.54370096,-0.00160536726
294.966667,0.543647448,-0.00159115994
295,0.543594409,-0.00158056983
295.033333,0.543541723,-0.00157072982
295.066667,0.543489366,-0.0015609979
295.1,0.543437332,-0.00154807573
295.133333,0.54338573,-0.00153784525
295.166667,0.543334468,-0.00152891583
295.2,0.543283505,-0.00152019952
295.233333,0.543232831,-0.00150927499
295.266667,0.543182522,-0.0015001327
295.3,0.543132518,-0.0014926677
295.333333,0.543082762,-0.00148550084
295.366667,0.543033245,-0.00147706674
295.4,0.54298401,-0.00146968579
295.433333,0.54293502,-0.00146411001
295.466667,0.542886217,-0.00145889114
295.5,0.542837587,-0.00145320112
295.533333,0.542789147,-0.00144813827
295.566667,0.542740876,-0.00144472015
295.6,0.542692718,-0.00144168873
295.633333,0.542644662,-0.00143876534
295.666667,0.542596703,-0.00143641696
295.7,0.542548823,-0.00143525975
295.733333,0.542500981,-0.00143448927
295.766667,0.542453164,-0.0014341497
295.8,0.542405359,-0.00143471461
295.833333,0.542357535,-0.00143575317
295.866667,0.542309677,-0.00143714918
295.9,0.542261772,-0.00143903741
295.933333,0.542213804,-0.00144249098
295.966667,0.542165721,-0.00144550202
296,0.542117538,-0.0014488159
296.033333,0.542069244,-0.00145245179
296.066667,0.542020829,-0.00145854604
296.1,0.541972211,-0.0014631735
296.133333,0.541923438,-0.00146802867
296.166667,0.541874504,-0.00147310889
296.2,0.5418254,-0.00148088722
296.233333,0.541776037,-0.00148691784
296.266667,0.541726473,-0.00149283821
296.3,0.541676712,-0.00149889347
296.333333,0.541626749,-0.00150750012
296.366667,0.541576499,-0.00151450914
296.4,0.541526015,-0.00152095825
296.433333,0.541475317,-0.00152744558
296.466667,0.541424402,-0.00153609224
296.5,0.541373199,-0.00154352741
296.533333,0.541321748,-0.00154995012
296.566667,0.541270083,-0.00155631474
296.6,0.541218206,-0.00156429231
296.633333,0.541166063,-0.00157153183
296.666667,0.541113678,-0.00157751768
296.7,0.541061094,-0.00158369202
296.733333,0.541008305,-0.00159204722
296.766667,0.540955236,-0.00160251802
296.8,0.540901819,-0.00161215204
296.833333,0.540848081,-0.00162259981
296.866667,0.540793994,-0.00163612054
296.9,0.540739457,-0.001652852
296.933333,0.540684362,-0.00166675682
296.966667,0.540628803,-0.00168126351
297,0.540572761,-0.0016983851
297.033333,0.540516148,-0.00172020113
297.066667,0.540458808,-0.00173705308
297.1,0.540400906,-0.00175425479
297.133333,0.540342431,-0.00177313845
297.166667,0.540283327,-0.00179841027
297.2,0.54022338,-0.00181673969
297.233333,0.540162822,-0.00183515571
297.266667,0.54010165,-0.00185408546
297.3,0.540039847,-0.00188088584
297.333333,0.539977151,-0.00189916882
297.366667,0.539913845,-0.00191726953
297.4,0.539849936,-0.00193517983
297.433333,0.53978543,-0.00196038463
297.466667,0.539720084,-0.001977589
297.5,0.539654164,-0.00199389589
297.533333,0.539587701,-0.00200977094
297.566667,0.539520709,-0.00203074274
297.6,0.539453017,-0.00204578433
297.633333,0.539384824,-0.00205903241
297.666667,0.53931619,-0.00207165019
297.7,0.539247135,-0.00208713286
297.733333,0.539177564,-0.00209855543
297.766667,0.539107612,-0.00210771927
297.8,0.539037355,-0.00211610019
297.833333,0.538966818,-0.00212532188
297.866667,0.538895974,-0.0021318336
297.9,0.538824913,-0.00213620103
297.933333,0.538753706,-0.00213970051
297.966667,0.538682383,-0.00214245679
298,0.538610968,-0.00214310614
298.033333,0.538539531,-0.00214235598
298.066667,0.538468119,-0.00214071808
298.1,0.538396762,-0.00213731245
298.133333,0.538325518,-0.0021315209
298.166667,0.538254467,-0.0021256758
298.2,0.538183611,-0.00211898309
298.233333,0.538112979,-0.00211010897
298.266667,0.538042642,-0.0020977268
298.3,0.537972717,-0.00208716543
298.333333,0.537903145,-0.00207586166
298.366667,0.53783395,-0.00206256978
298.4,0.537765197,-0.00204395916
298.433333,0.537697065,-0.00202939553
298.466667,0.537629419,-0.00201424098
298.5,0.537562278,-0.00199779465
298.533333,0.537495684,-0.00197375378
298.566667,0.537429893,-0.00195612622
298.6,0.537364688,-0.0019380935
298.633333,0.537300085,-0.00191966184
298.666667,0.537236097,-0.0018917194
298.7,0.537173039,-0.0018719883
298.733333,0.53711064,-0.00185222895
298.766667,0.537048899,-0.0018322836
298.8,0.536987823,-0.00180373965
298.833333,0.536927698,-0.00178226467
298.866667,0.536868289,-0.00176200646
298.9,0.536809556,-0.00174177506
298.933333,0.536751496,-0.00171435047
298.966667,0.536694351,-0.00169235098
299,0.53663794,-0.00167278587
299.033333,0.53658218,-0.00165345009
299.066667,0.536527065,-0.00162861633
299.1,0.536472778,-0.00160741463
299.133333,0.536419197,-0.00158965599
299.166667,0.536366209,-0.00157230701
299.2,0.536313799,-0.00155122579
299.233333,0.536262091,-0.00153213463
299.266667,0.53621102,-0.00151711734
299.3,0.536160449,-0.00150264837
299.333333,0.536110361,-0.00148606945
299.366667,0.536060826,-0.00147025674
299.4,0.536011817,-0.00145867073
299.433333,0.535963195,-0.00144772834
299.466667,0.535914937,-0.00143600736
299.5,0.53586707,-0.00142444377
299.533333,0.535819589,-0.00141672729
299.566667,0.535772364,-0.00140969997
299.6,0.535725374,-0.00140282176
299.633333,0.535678614,-0.0013961779
299.666667,0.535632074,-0.00139246719
299.7,0.535585659,-0.00138943566
299.733333,0.535539344,-0.00138702146
299.766667,0.53549311,-0.00138558622
299.8,0.535446924,-0.00138572279
299.833333,0.535400733,-0.00138648267
299.866667,0.535354517,-0.00138788853
299.9,0.535308254,-0.00139158037
299.933333,0.535261868,-0.00139515634
299.966667,0.535215363,-0.00139925599
300,0.535168721,-0.00140387544
300.033333,0.535121925,-0.00141176072
300.066667,0.535074867,-0.0014183523
300.1,0.535027588,-0.00142510696
300.133333,0.534980085,-0.00143224446
300.166667,0.534932343,-0.00144293655
300.2,0.534884245,-0.00145198271
300.233333,0.534835846,-0.00146055362
300.266667,0.534787161,-0.00146935143
300.3,0.534738182,-0.00148148364
300.333333,0.5346888,-0.00149217524
300.366667,0.53463906,-0.00150163626
300.4,0.534589006,-0.00151115624
300.433333,0.534538634,-0.00152340611
300.466667,0.534487854,-0.00153473818
300.5,0.534436696,-0.00154412416
300.533333,0.534385225,-0.00155340331
300.566667,0.534333445,-0.00156458865
300.6,0.534281292,-0.00157545356
300.633333,0.534228777,-0.00158385308
300.666667,0.534175982,-0.00159199702
300.7,0.534122915,-0.00160117341
300.733333,0.534069543,-0.00161045175
300.766667,0.534015861,-0.00161706222
300.8,0.533961959,-0.00162329074
300.833333,0.533907849,-0.00162977138
300.866667,0.533853524,-0.00163639261
300.9,0.533798977,-0.00164055998
300.933333,0.533744292,-0.00164425282
300.966667,0.533689483,-0.00164764094
301,0.533634562,-0.00165069298
301.033333,0.533579539,-0.00165197368
301.066667,0.533524473,-0.00165272713
301.1,0.533469382,-0.00165292849
301.133333,0.533414285,-0.00165173217
301.166667,0.533359227,-0.00164990318
301.2,0.53330423,-0.00164753261
301.233333,0.533249312,-0.00164462064
301.266667,0.533194492,-0.0016389401
301.3,0.53313986,-0.00163391366
301.333333,0.533085396,-0.00162846051
301.366667,0.533031114,-0.00162249501
301.4,0.532977031,-0.00161290324
301.433333,0.532923268,-0.00160458598
301.466667,0.532869782,-0.00159631883
301.5,0.532816571,-0.00158760491
301.533333,0.532763651,-0.00157487235
301.566667,0.532711155,-0.00156343242
301.6,0.532659041,-0.00155280189
301.633333,0.532607281,-0.00154181863
301.666667,0.532555887,-0.00152686486
301.7,0.532504991,-0.00151270587
301.733333,0.532454568,-0.00150031364
301.766667,0.532404557,-0.00148768666
301.8,0.532354968,-0.00147151903
301.833333,0.532305917,-0.00145527255
301.866667,0.532257408,-0.00144182963
301.9,0.532209347,-0.00142828195
301.933333,0.532161738,-0.00141190037
301.966667,0.532114674,-0.00139436614
302,0.532068195,-0.00138062352
302.033333,0.532022175,-0.00136690805
302.066667,0.531976611,-0.00135122375
302.1,0.53193157,-0.00133331847
302.133333,0.531887126,-0.00132002388
302.166667,0.531843125,-0.00130688308
302.2,0.531799563,-0.00129267562
302.233333,0.531756473,-0.00127537746
302.266667,0.531713961,-0.00126322385
302.3,0.531671853,-0.00125133373
302.333333,0.531630142,-0.00123919433
302.366667,0.531588836,-0.00122345057
302.4,0.531548054,-0.00121301814
302.433333,0.53150762,-0.00120293575
302.466667,0.531467522,-0.00119320582
302.5,0.531427749,-0.00117993962
302.533333,0.531388417,-0.00117163696
302.566667,0.531349363,-0.00116377874
302.6,0.53131057,-0.00115633116
302.633333,0.531272026,-0.00114683231
302.666667,0.531233798,-0.00114064209
302.7,0.531195777,-0.0011352528
302.733333,0.531157935,-0.00113029932
302.766667,0.531120258,-0.00112453597
302.8,0.531082774,-0.00112080181
302.833333,0.531045414,-0.00111794149
302.866667,0.531008149,-0.00111551072
302.9,0.530970965,-0.00111320428
302.933333,0.530933859,-0.00111209305
302.966667,0.530896789,-0.0011116506
303,0.530859734,-0.00111160169
303.033333,0.53082268,-0.00111227388
303.066667,0.530785605,-0.00111374924
303.1,0.53074848,-0.00111544822
303.133333,0.530711298,-0.00111747718
303.166667,0.530674049,-0.00112049376
303.2,0.530636699,-0.00112430717
303.233333,0.530599222,-0.00112773322
303.266667,0.530561631,-0.00113140595
303.3,0.530523917,-0.00113605131
303.333333,0.530486049,-0.00114176718
303.366667,0.53044799,-0.00114641004
303.4,0.530409776,-0.00115120249
303.433333,0.530371403,-0.00115674033
303.466667,0.530332845,-0.00116375571
303.5,0.530294053,-0.00116903994
303.533333,0.530255085,-0.00117436974
303.566667,0.53021594,-0.00118009318
303.6,0.530176603,-0.00118767823
303.633333,0.530137014,-0.00119301061
303.666667,0.530097247,-0.00119828722
303.7,0.530057304,-0.00120357861
303.733333,0.530017185,-0.0012109409
303.766667,0.52997682,-0.00121575694
303.8,0.529936295,-0.00122042436
303.833333,0.529895614,-0.00122494051
303.866667,0.529854783,-0.00123097138
303.9,0.52981375,-0.00123491698
303.933333,0.529772586,-0.00123848482
303.966667,0.529731303,-0.00124182432
304,0.529689909,-0.00124586628
304.033333,0.52964838,-0.00124848465
304.066667,0.529606764,-0.00125056726
304.1,0.529565079,-0.00125236587
304.133333,0.529523333,-0.00125412514
304.166667,0.529481529,-0.00125496006
304.2,0.529439697,-0.00125529742
304.233333,0.529397854,-0.00125531812
304.266667,0.52935601,-0.00125470723
304.3,0.529314186,-0.00125340986
304.333333,0.529272406,-0.00125187662
304.366667,0.529230677,-0.00125001932
304.4,0.529189009,-0.00124714568
304.433333,0.529147438,-0.00124351417
304.466667,0.529105987,-0.00124012976
304.5,0.52906465,-0.00123643903
304.533333,0.529023435,-0.0012315807
304.566667,0.528982382,-0.00122558099
304.6,0.52894153,-0.00122049846
304.633333,0.528900846,-0.00121514894
304.666667,0.528860341,-0.00120870757
304.7,0.528820051,-0.00120047584
304.733333,0.528780035,-0.00119396393
304.766667,0.528740236,-0.0011872433
304.8,0.528700662,-0.00117970418
304.833333,0.528661338,-0.00116954981
304.866667,0.528622353,-0.00116197488
304.9,0.528583621,-0.00115426324
304.933333,0.528545145,-0.00114615063
304.966667,0.52850694,-0.00113453478
305,0.528469122,-0.00112632614
305.033333,0.528431578,-0.00111805996
305.066667,0.52839431,-0.00110973878
305.1,0.528357318,-0.00109753389
305.133333,0.528320734,-0.00108900393
305.166667,0.528284434,-0.00108064536
305.2,0.528248412,-0.00107231318
305.233333,0.528212668,-0.00106071677
305.266667,0.528177311,-0.00105205812
305.3,0.528142243,-0.00104406358
305.333333,0.52810744,-0.00103617217
305.366667,0.528072901,-0.00102574886
305.4,0.52803871,-0.00101744962
305.433333,0.528004795,-0.00101023319
305.466667,0.52797112,-0.00100318634
305.5,0.527937681,-0.000994366893
305.533333,0.527904535,-0.000986908056
305.566667,0.527871638,-0.000980817359
305.6,0.527838944,-0.000974948967
305.633333,0.527806446,-0.000968017352
305.666667,0.527774179,-0.00096183737
305.7,0.527742118,-0.000957132326
305.733333,0.527710213,-0.00095268445
305.766667,0.527678457,-0.000947766977
305.8,0.527646865,-0.000943220617
305.833333,0.527615424,-0.00094005504
305.866667,0.527584089,-0.000937162098
305.9,0.52755285,-0.00093423378
305.933333,0.527521709,-0.000931565077
305.966667,0.527490657,-0.000929984018
306,0.527459657,-0.000928671851
306.033333,0.527428702,-0.000927578078
306.066667,0.527397782,-0.000926900181
306.1,0.527366886,-0.000926840221
306.133333,0.527335991,-0.000927026458
306.166667,0.52730509,-0.000927504433
306.2,0.527274173,-0.000928782565
306.233333,0.527243214,-0.00093007836
306.266667,0.527212211,-0.000931581658
306.3,0.527181159,-0.000933292917
306.333333,0.527150049,-0.000936347678
306.366667,0.527118837,-0.000938751485
306.4,0.527087546,-0.000941311706
306.433333,0.527056169,-0.000944026542
306.466667,0.527024701,-0.000948249761
306.5,0.526993093,-0.00095159786
306.533333,0.526961373,-0.000954894812
306.566667,0.526929543,-0.000958286252
306.6,0.5268976,-0.000963130281
306.633333,0.526865496,-0.000967217081
306.666667,0.526833255,-0.000971332875
306.7,0.526800877,-0.000975842381
306.733333,0.526768349,-0.000982949416
306.766667,0.526735584,-0.000990307938
306.8,0.526702574,-0.000997343083
306.833333,0.526669329,-0.00100486139
306.866667,0.526635834,-0.00101531488
306.9,0.52660199,-0.00102612709
306.933333,0.526567786,-0.00103562498
306.966667,0.526533265,-0.00104546078
307,0.526498416,-0.00105802258
307.033333,0.526463149,-0.00107151508
307.066667,0.526427432,-0.00108259218
307.1,0.526391345,-0.00109384444
307.133333,0.526354884,-0.00110726251
307.166667,0.526317975,-0.00112243495
307.2,0.526280561,-0.00113414641
307.233333,0.526242756,-0.00114586495
307.266667,0.52620456,-0.00115898339
307.3,0.526165927,-0.0011746632
307.333333,0.526126772,-0.00118604554
307.366667,0.526087237,-0.00119726954
307.4,0.526047328,-0.00120907336
307.433333,0.526007026,-0.00122398212
307.466667,0.525966226,-0.00123412704
307.5,0.525925089,-0.00124396958
307.533333,0.525883623,-0.00125367699
307.566667,0.525841834,-0.00126657087
307.6,0.525799615,-0.00127471064
307.633333,0.525757124,-0.00128243138
307.666667,0.525714377,-0.00128972995
307.7,0.525671386,-0.00129906281
307.733333,0.525628084,-0.00130479206
307.766667,0.525584591,-0.00130981609
307.8,0.52554093,-0.00131433602
307.833333,0.525497119,-0.00131936708
307.866667,0.52545314,-0.00132217921
307.9,0.525409067,-0.00132415237
307.933333,0.525364929,-0.00132558306
307.966667,0.525320743,-0.00132629333
308,0.525276533,-0.00132571381
308.033333,0.525232343,-0.00132452099
308.066667,0.525188192,-0.0013227868
308.1,0.525144099,-0.00131947002
308.133333,0.525100117,-0.00131524651
308.166667,0.525056275,-0.00131098959
308.2,0.525012575,-0.00130623161
308.233333,0.524969034,-0.00129944262
308.266667,0.52492572,-0.00129159394
308.3,0.524882666,-0.00128459912
308.333333,0.524839846,-0.00127718132
308.366667,0.524797274,-0.00126769187
308.4,0.524755017,-0.00125652395
308.433333,0.524713133,-0.00124730324
308.466667,0.524671556,-0.00123776347
308.5,0.524630298,-0.001226455
308.533333,0.524589416,-0.00121252
308.566667,0.524548999,-0.00120171482
308.6,0.524508941,-0.00119071479
308.633333,0.524469251,-0.00117850746
308.666667,0.524429967,-0.00116259319
308.7,0.524391214,-0.00115094566
308.733333,0.524352849,-0.00113923874
308.766667,0.524314875,-0.00112703101
308.8,0.524277307,-0.0011101069
308.833333,0.524240303,-0.00109839079
308.866667,0.52420369,-0.00108674797
308.9,0.524167465,-0.00107518247
308.933333,0.524131626,-0.00105859878
308.966667,0.524096339,-0.00104741248
309,0.524061426,-0.0010365694
309.033333,0.524026873,-0.00102592729
309.066667,0.523992676,-0.00101149705
309.1,0.523958959,-0.00100116354
309.133333,0.523925587,-0.000991783092
309.166667,0.523892528,-0.000982708421
309.2,0.523859771,-0.000971115809
309.233333,0.5238274,-0.00096237191
309.266667,0.523795321,-0.000954982965
309.3,0.523763488,-0.000947976962
309.333333,0.523731889,-0.000939626544
309.366667,0.523700568,-0.0009331165
309.4,0.523669464,-0.000928089392
309.433333,0.523638528,-0.000923493748
309.466667,0.523607745,-0.000918530065
309.5,0.523577127,-0.000914765411
309.533333,0.523546635,-0.000912298807
309.566667,0.523516225,-0.000910278711
309.6,0.523485883,-0.000908590525
309.633333,0.523455596,-0.000907886324
309.666667,0.523425333,-0.000907984673
309.7,0.523395067,-0.00090851106
309.733333,0.523364783,-0.000909758515
309.766667,0.523334458,-0.000912207018
309.8,0.523304051,-0.000914698775
309.833333,0.523273561,-0.000917571754
309.866667,0.523242976,-0.00092125253
309.9,0.523212267,-0.000926720692
309.933333,0.523181376,-0.000931278424
309.966667,0.523150334,-0.000936143935
310,0.523119129,-0.000941637034
310.033333,0.523087741,-0.000949751221
310.066667,0.523056083,-0.000955909068
310.1,0.523024219,-0.000962282037
310.133333,0.522992143,-0.000968906122
310.166667,0.522959846,-0.000979083815
310.2,0.52292721,-0.000986288123
310.233333,0.522894334,-0.000993604517
310.266667,0.522861214,-0.00100102965
310.3,0.522827846,-0.00101184464
310.333333,0.522794118,-0.00101983386
310.366667,0.522760123,-0.00102748617
310.4,0.522725874,-0.00103513913
310.433333,0.522691369,-0.00104562659
310.466667,0.522656515,-0.00105383294
310.5,0.522621387,-0.00106121174
310.533333,0.522586013,-0.0010684884
310.566667,0.522550397,-0.00107788467
310.6,0.522514468,-0.00108565822
310.633333,0.522478279,-0.00109220558
310.666667,0.522441872,-0.00109856051
310.7,0.522405254,-0.00110627104
310.733333,0.522368378,-0.0011129634
310.766667,0.522331279,-0.00111820125
310.8,0.522294006,-0.00112317322
310.833333,0.522256567,-0.00112878734
310.866667,0.52221894,-0.00113379886
310.9,0.522181147,-0.00113736059
310.933333,0.522143235,-0.00114060659
310.966667,0.522105215,-0.00114392032
311,0.522067084,-0.00114676187
311.033333,0.522028859,-0.00114842118
311.066667,0.521990578,-0.00114974022
311.1,0.521952253,-0.00115074832
311.133333,0.521913895,-0.00115107483
311.166667,0.521875526,-0.0011507469
311.2,0.521837168,-0.00115007954
311.233333,0.521798832,-0.00114894661
311.266667,0.521760534,-0.0011465867
311.3,0.521722314,-0.00114433274
311.333333,0.52168417,-0.00114176625
311.366667,0.521646111,-0.00113880489
311.4,0.52160815,-0.00113379057
311.433333,0.521570357,-0.00112981174
311.466667,0.521532697,-0.0011255689
311.5,0.521495178,-0.00112106387
311.533333,0.521457809,-0.00111388666
311.566667,0.52142068,-0.0011083643
311.6,0.521383734,-0.00110277553
311.633333,0.521346975,-0.00109699105
311.666667,0.521310409,-0.00108847852
311.7,0.521274126,-0.00108193081
311.733333,0.521238062,-0.00107656255
311.766667,0.521202176,-0.00107189892
311.8,0.521166446,-0.00106778915
311.833333,0.521130853,-0.00106651263
311.866667,0.521095303,-0.00106662206
311.9,0.521059749,-0.00106772267
311.933333,0.521024158,-0.00107113039
311.966667,0.520988454,-0.00107635739
312,0.520952575,-0.0010820135
312.033333,0.520916508,-0.00108856209
312.066667,0.520880223,-0.00109830318
312.1,0.520843613,-0.00110983691
312.133333,0.520806618,-0.00112032031
312.166667,0.520769274,-0.00113153951
312.2,0.520731556,-0.00114610308
312.233333,0.520693353,-0.00116328103
312.266667,0.520654577,-0.00117758697
312.3,0.520615324,-0.00119242468
312.333333,0.520575576,-0.00121013405
312.366667,0.520535238,-0.00123181745
312.4,0.520494178,-0.00124867988
312.433333,0.520452555,-0.00126583238
312.466667,0.520410361,-0.00128492992
312.5,0.52036753,-0.00130955413
312.533333,0.520323878,-0.00132756692
312.566667,0.520279626,-0.00134562297
312.6,0.520234772,-0.001364481
312.633333,0.520189289,-0.00139024843
312.666667,0.520142947,-0.00140800818
312.7,0.520096014,-0.00142556854
312.733333,0.520048495,-0.00144292208
312.766667,0.520000397,-0.00146759352
312.8,0.519951478,-0.00148387431
312.833333,0.519902015,-0.00149959697
312.866667,0.519852028,-0.00151489171
312.9,0.519801532,-0.001535321
312.933333,0.519750355,-0.00154950839
312.966667,0.519698704,-0.00156224899
313,0.519646629,-0.00157438683
313.033333,0.51959415,-0.00158947505
313.066667,0.519541167,-0.0016002933
313.1,0.519487824,-0.00160917208
313.133333,0.519434185,-0.00161731933
313.166667,0.519380275,-0.00162644448
313.2,0.51932606,-0.00163277655
313.233333,0.519271634,-0.00163719328
313.266667,0.519217061,-0.00164080758
313.3,0.519162367,-0.00164383938
313.333333,0.519107573,-0.00164486935
313.366667,0.519052744,-0.0016445827
313.4,0.518997924,-0.00164348814
313.433333,0.518943141,-0.00164078884
313.466667,0.518888448,-0.00163608077
313.5,0.518833912,-0.00163118979
313.533333,0.518779539,-0.0016255391
313.566667,0.518725355,-0.0016178289
313.6,0.518671427,-0.00160732581
313.633333,0.518617849,-0.00159822997
313.666667,0.518564575,-0.00158847776
313.7,0.518511626,-0.00157676786
313.733333,0.518459067,-0.00156086167
313.766667,0.518407038,-0.00154826344
313.8,0.518355429,-0.00153515783
313.833333,0.518304257,-0.00152066406
313.866667,0.518253569,-0.00150016689
313.9,0.518203563,-0.00148497933
313.933333,0.518154064,-0.00146945963
313.966667,0.518105082,-0.00145344362
314,0.518056634,-0.00142949838
314.033333,0.518008984,-0.0014127688
314.066667,0.517961891,-0.00139590285
314.1,0.517915361,-0.00137890678
314.133333,0.517869398,-0.00135434463
314.166667,0.517824253,-0.00133651864
314.2,0.517779702,-0.00131944434
314.233333,0.517735721,-0.00130243736
314.266667,0.517692306,-0.00127918699
314.3,0.517649667,-0.00126122158
314.333333,0.517607626,-0.00124502877
314.366667,0.517566125,-0.00122908468
314.4,0.517525156,-0.00120846094
314.433333,0.517484874,-0.00119154009
314.466667,0.517445156,-0.00117721624
314.5,0.517405915,-0.00116330085
314.533333,0.517367138,-0.00114631979
314.566667,0.517328928,-0.00113161694
314.6,0.517291207,-0.00111999043
314.633333,0.517253874,-0.00110889419
314.666667,0.517216911,-0.00109619923
314.7,0.517180371,-0.00108474561
314.733333,0.517144213,-0.00107640484
314.766667,0.517108333,-0.00106867145
314.8,0.51707271,-0.00106051605
314.833333,0.51703736,-0.00105313133
314.866667,0.517002255,-0.00104841825
314.9,0.516967308,-0.0010443457
314.933333,0.516932497,-0.00104064792
314.966667,0.516897808,-0.00103788685
315,0.516863212,-0.00103688033
315.033333,0.516828649,-0.00103649706
315.066667,0.516794099,-0.00103685424
315.1,0.516759538,-0.0010389182
315.133333,0.516724907,-0.00104141838
315.166667,0.516690193,-0.00104448033
315.2,0.516655377,-0.00104823639
315.233333,0.516620436,-0.00105497275
315.266667,0.51658527,-0.00106055256
315.3,0.516549918,-0.00106659665
315.333333,0.516514365,-0.00107310144
315.366667,0.516478595,-0.00108369645
315.4,0.516442472,-0.00109188895
315.433333,0.516406076,-0.00110025654
315.466667,0.5163694,-0.00110895381
315.5,0.516332435,-0.00112186554
315.533333,0.51629504,-0.00113223555
315.566667,0.516257299,-0.00114212459
315.6,0.516219228,-0.00115219551
315.633333,0.516180821,-0.00116613137
315.666667,0.51614195,-0.00117791552
315.7,0.516102686,-0.00118846206
315.733333,0.516063071,-0.00119903646
315.766667,0.516023103,-0.00121277974
315.8,0.515982677,-0.00122505853
315.833333,0.515941842,-0.00123538023
315.866667,0.515900662,-0.00124557801
315.9,0.515859143,-0.00125804808
315.933333,0.515817208,-0.00126980823
315.966667,0.515774881,-0.0012790728
316,0.515732245,-0.00128807912
316.033333,0.51568931,-0.00129842278
316.066667,0.515646029,-0.0013086576
316.1,0.515602407,-0.0013161517
316.133333,0.515558535,-0.00132327728
316.166667,0.515514426,-0.00133090166
316.2,0.515470062,-0.00133866995
316.233333,0.51542544,-0.00134382571
316.266667,0.515380646,-0.00134853275
316.3,0.515335695,-0.00135310891
316.333333,0.515290591,-0.00135761129
316.366667,0.515245338,-0.00136005129
316.4,0.515200002,-0.00136200049
316.433333,0.515154602,-0.00136347979
316.466667,0.515109153,-0.0013641446
316.5,0.515063682,-0.0013637062
316.533333,0.515018225,-0.00136277133
316.566667,0.514972799,-0.00136134024
316.6,0.514927421,-0.00135786652
316.633333,0.514882159,-0.00135458072
316.666667,0.514837006,-0.00135083668
316.7,0.514791978,-0.00134662824
316.733333,0.514747091,-0.00133950207
316.766667,0.514702441,-0.00133335699
316.8,0.514657995,-0.00132708174
316.833333,0.514613759,-0.00132040815
316.866667,0.514569746,-0.00131038533
316.9,0.514526066,-0.0013015707
316.933333,0.51448268,-0.00129321111
316.966667,0.514439573,-0.00128454406
317,0.514396755,-0.0012725073
317.033333,0.514354338,-0.00126141774
317.066667,0.514312291,-0.00125154461
317.1,0.514270573,-0.00124147418
317.133333,0.514229191,-0.00122836533
317.166667,0.514188245,-0.00121559223
317.2,0.514147725,-0.00120486868
317.233333,0.514107563,-0.0011940689
317.266667,0.514067761,-0.00118081946
317.3,0.5140284,-0.00116710671
317.333333,0.513989496,-0.0011562282
317.366667,0.513950956,-0.00114539392
317.4,0.513912776,-0.00113284052
317.433333,0.513875014,-0.00111902114
317.466667,0.513837714,-0.00110866366
317.5,0.513800758,-0.00109846393
317.533333,0.513764143,-0.00108730618
317.566667,0.513727899,-0.00107425642
317.6,0.513692091,-0.00106504026
317.633333,0.513656589,-0.00105607978
317.666667,0.513621387,-0.00104684374
317.7,0.513586492,-0.0010354083
317.733333,0.513551978,-0.00102784581
317.766667,0.513517717,-0.00102061352
317.8,0.513483696,-0.00101361934
317.833333,0.513449909,-0.00100453928
317.866667,0.513416424,-0.000999005794
317.9,0.513383124,-0.00099385154
317.933333,0.513349996,-0.000989077533
317.966667,0.513317027,-0.000983235403
318,0.513284252,-0.000979811122
318.033333,0.513251592,-0.00097692983
318.066667,0.513219027,-0.000974446994
318.1,0.513186546,-0.000971961651
318.133333,0.513154147,-0.000970834157
318.166667,0.513121786,-0.000970249073
318.2,0.513089444,-0.000970050753
318.233333,0.513057109,-0.00097062125
318.266667,0.513024755,-0.000971904454
318.3,0.512992358,-0.000973480473
318.333333,0.512959909,-0.000975405413
318.366667,0.512927396,-0.000978556072
318.4,0.512894777,-0.00098218456
318.433333,0.512862037,-0.000985643711
318.466667,0.512829183,-0.000989389776
318.5,0.512796203,-0.000994512589
318.533333,0.512763053,-0.00100022995
318.566667,0.512729712,-0.00100517013
318.6,0.512696206,-0.00101031728
318.633333,0.512662529,-0.00101673222
318.666667,0.512628638,-0.00102411258
318.7,0.512594501,-0.00103004923
318.733333,0.512560166,-0.0010361023
318.766667,0.512525629,-0.00104312328
318.8,0.512490858,-0.00105160112
318.833333,0.512455805,-0.00105800141
318.866667,0.512420538,-0.00106442237
318.9,0.512385057,-0.00107140065
318.933333,0.512349344,-0.00108030125
318.966667,0.512313334,-0.00108661984
319,0.512277113,-0.00109286649
319.033333,0.512240684,-0.00109923896
319.066667,0.512204043,-0.00110783687
319.1,0.512167115,-0.00111356233
319.133333,0.512129996,-0.00111913303
319.166667,0.512092692,-0.00112454659
319.2,0.512055207,-0.00113194577
319.233333,0.512017475,-0.00113671675
319.266667,0.511979585,-0.00114117773
319.3,0.511941546,-0.00114541365
319.333333,0.511903365,-0.00115077183
319.366667,0.511865006,-0.00115431655
319.4,0.511826529,-0.00115733122
319.433333,0.511787951,-0.00116007309
319.466667,0.511749282,-0.00116315106
319.5,0.51171051,-0.00116507112
319.533333,0.511671675,-0.00116642385
319.566667,0.511632794,-0.00116747818
319.6,0.511593878,-0.00116823242
319.633333,0.511554937,-0.00116823296
319.666667,0.511515996,-0.00116783325
319.7,0.511477068,-0.00116713205
319.733333,0.511438164,-0.0011656936
319.766667,0.511399307,-0.00116361193
319.8,0.51136052,-0.00116149887
319.833333,0.511321803,-0.00115910428
319.866667,0.511283167,-0.00115575804
319.9,0.511244641,-0.00115158671
319.933333,0.511206255,-0.00114792275
319.966667,0.511167991,-0.00114401685
320,0.511129857,-0.00113915977
320.033333,0.511091885,-0.00113304574
320.066667,0.511054117,-0.00112809503
320.1,0.511016514,-0.00112295799
320.133333,0.510979082,-0.00111705494
320.166667,0.510941847,-0.00110929557
320.2,0.51090487,-0.00110340541
320.233333,0.51086809,-0.00109739665
320.266667,0.51083151,-0.00109094287
320.3,0.510795145,-0.00108197127
320.333333,0.51075908,-0.00107554405
320.366667,0.510723228,-0.00106907163
320.4,0.510687593,-0.00106254707
320.433333,0.510652174,-0.00105289575
320.466667,0.510617078,-0.00104635455
320.5,0.510582199,-0.0010398422
320.533333,0.510547538,-0.00103336093
320.566667,0.510513092,-0.0010242572
320.6,0.510478951,-0.00101770496
320.633333,0.510445027,-0.00101156587
320.666667,0.510411308,-0.00100552713
320.7,0.510377791,-0.000997501288
320.733333,0.510344541,-0.00099136504
320.766667,0.510311495,-0.000985970265
320.8,0.510278629,-0.000980734736
320.833333,0.510245938,-0.000974169195
320.866667,0.510213466,-0.000968871613
320.9,0.51018117,-0.000964525067
320.933333,0.510149019,-0.000960383226
320.966667,0.510117007,-0.000955519955
321,0.510085156,-0.000951440217
321.033333,0.510053441,-0.000948363408
321.066667,0.510021829,-0.000945520459
321.1,0.509990312,-0.000942457487
321.133333,0.509958897,-0.000939896994
321.166667,0.509927567,-0.000938213442
321.2,0.509896293,-0.000936774664
321.233333,0.509865067,-0.000935469747
321.266667,0.509833885,-0.000934624447
321.3,0.509802731,-0.000934355811
321.333333,0.509771585,-0.000934325331
321.366667,0.509740441,-0.000934617761
321.4,0.509709287,-0.000935564061
321.433333,0.509678102,-0.000936635027
321.466667,0.509646881,-0.000937920794
321.5,0.509615617,-0.000939555453
321.533333,0.509584298,-0.00094223753
321.566667,0.50955289,-0.000944481811
321.6,0.509521407,-0.000946903023
321.633333,0.509489844,-0.000949557734
321.666667,0.509458192,-0.000953788167
321.7,0.509426399,-0.00095696572
321.733333,0.5093945,-0.000960271757
321.766667,0.509362491,-0.000963704629
321.8,0.509330368,-0.000968955477
321.833333,0.509298069,-0.000972885471
321.866667,0.50926564,-0.00097677633
321.9,0.509233081,-0.0009807382
321.933333,0.509200389,-0.000986392089
321.966667,0.50916751,-0.000990855585
322,0.509134481,-0.000995002883
322.033333,0.509101314,-0.000999162876
322.066667,0.509068009,-0.00100474486
322.1,0.509034517,-0.00100941016
322.133333,0.50900087,-0.001013484
322.166667,0.508967088,-0.00101751437
322.2,0.50893317,-0.00102261074
322.233333,0.508899083,-0.00102711631
322.266667,0.508864846,-0.00103080756
322.3,0.508830486,-0.00103440475
322.333333,0.508796006,-0.0010386839
322.366667,0.508761383,-0.0010426638
322.4,0.508726627,-0.00104570376
322.433333,0.508691771,-0.00104860842
322.466667,0.508656817,-0.00105183821
322.5,0.508621756,-0.0010549538
322.533333,0.508586591,-0.00105713372
322.566667,0.508551353,-0.00105914911
322.6,0.508516048,-0.00106120477
322.633333,0.508480674,-0.00106317171
322.666667,0.508445235,-0.0010643534
322.7,0.508409757,-0.00106535453
322.733333,0.508374245,-0.00106621375
322.766667,0.508338705,-0.00106682381
322.8,0.508303144,-0.00106694607
322.833333,0.508267579,-0.00106688596
322.866667,0.508232016,-0.00106662057
322.9,0.508196462,-0.00106576274
322.933333,0.508160937,-0.00106484426
322.966667,0.508125442,-0.0010637552
323,0.508089983,-0.00106249611
323.033333,0.508054567,-0.00106020499
323.066667,0.508019227,-0.00105831854
323.1,0.507983949,-0.00105630456
323.133333,0.507948739,-0.00105414474
323.166667,0.507913601,-0.00105075067
323.2,0.507878576,-0.00104793962
323.233333,0.507843645,-0.00104516709
323.266667,0.507808806,-0.00104228292
323.3,0.507774063,-0.00103812381
323.333333,0.507739459,-0.00103453238
323.366667,0.507704974,-0.00103121626
323.4,0.507670601,-0.00102782947
323.433333,0.50763634,-0.0010232646
323.466667,0.507602231,-0.00101910458
323.5,0.507568261,-0.00101548958
323.533333,0.507534411,-0.0010118484
323.566667,0.507500683,-0.00100722898
323.6,0.507467108,-0.00100276618
323.633333,0.507433683,-0.000999109552
323.666667,0.507400379,-0.000995471649
323.7,0.507367197,-0.000991117217
323.733333,0.50733416,-0.000986653309
323.766667,0.507301271,-0.000983206113
323.8,0.507268498,-0.000979819373
323.833333,0.507235837,-0.000975995478
323.866667,0.507203304,-0.00097184362
323.9,0.507170909,-0.000968832149
323.933333,0.507138615,-0.000965916915
323.966667,0.507106417,-0.000962820806
324,0.507074323,-0.000959282888
324.033333,0.507042347,-0.00095689507
324.066667,0.507010451,-0.000954631112
324.1,0.50697863,-0.000952385344
324.133333,0.506946884,-0.000949728898
324.166667,0.506915226,-0.000948102134
324.2,0.506883623,-0.000946616772
324.233333,0.506852069,-0.00094526667
324.266667,0.50682056,-0.00094370184
324.3,0.506789103,-0.000942914747
324.333333,0.506757673,-0.000942275861
324.366667,0.506726263,-0.000941785181
324.4,0.50669487,-0.00094146862
324.433333,0.506663488,-0.000941529326
324.466667,0.506632104,-0.000941744125
324.5,0.506600712,-0.000942102738
324.533333,0.506569309,-0.000942932384
324.566667,0.506537878,-0.000943875629
324.6,0.506506415,-0.000944891655
324.633333,0.506474919,-0.000946036944
324.666667,0.506443384,-0.000947828086
324.7,0.50641179,-0.00094962895
324.733333,0.506380136,-0.000951340458
324.766667,0.506348425,-0.000953158228
324.8,0.506316653,-0.000955678575
324.833333,0.506284797,-0.000958246627
324.866667,0.506252855,-0.000960504951
324.9,0.506220838,-0.000962866472
324.933333,0.506188743,-0.00096598917
324.966667,0.506156543,-0.000970085168
325,0.506124207,-0.000974208913
325.033333,0.506091733,-0.000978906692
325.066667,0.506059103,-0.000985340924
325.1,0.506026258,-0.000993788833
325.133333,0.505993132,-0.00100110036
325.166667,0.505959762,-0.00100889847
325.2,0.505926132,-0.00101834045
325.233333,0.505892187,-0.00103075582
325.266667,0.505857829,-0.00104060367
325.3,0.505823142,-0.0010508015
325.333333,0.505788115,-0.00106218394
325.366667,0.505752709,-0.00107776789
325.4,0.505716784,-0.0010893268
325.433333,0.505680473,-0.00110108159
325.466667,0.50564377,-0.00111332838
325.5,0.505606659,-0.00113103453
325.533333,0.505568958,-0.00114339882
325.566667,0.505530845,-0.00115579422
325.6,0.505492318,-0.00116821555
325.633333,0.505453378,-0.00118614208
325.666667,0.50541384,-0.00119868767
325.7,0.505373883,-0.0012107802
325.733333,0.505333524,-0.00122273726
325.766667,0.505292766,-0.00123901756
325.8,0.505251465,-0.00125109908
325.833333,0.505209762,-0.00126201294
325.866667,0.505167695,-0.00127264892
325.9,0.505125273,-0.00128628517
325.933333,0.505082397,-0.00129694669
325.966667,0.505039166,-0.00130592369
326,0.504995635,-0.00131450338
326.033333,0.504951818,-0.00132477692
326.066667,0.504907659,-0.00133310574
326.1,0.504863222,-0.00133954129
326.133333,0.504818571,-0.00134549421
326.166667,0.504773721,-0.00135200677
326.2,0.504728654,-0.00135723535
326.233333,0.504683413,-0.00136073928
326.266667,0.504638055,-0.00136371529
326.3,0.504592598,-0.00136640009
326.333333,0.504547051,-0.00136796649
326.366667,0.504501452,-0.00136836676
326.4,0.50445584,-0.00136823128
326.433333,0.504410232,-0.00136729619
326.466667,0.504364656,-0.00136487571
326.5,0.50431916,-0.00136221797
326.533333,0.504273752,-0.00135905737
326.566667,0.504228451,-0.00135495772
326.6,0.504183285,-0.00134852443
326.633333,0.504138335,-0.00134307966
326.666667,0.504093565,-0.00133720056
326.7,0.504048992,-0.00133058285
326.733333,0.504004639,-0.00132040787
326.766667,0.503960625,-0.00131262607
326.8,0.503916871,-0.00130450522
326.833333,0.503873388,-0.0012960486
326.866667,0.503830186,-0.00128281036
326.9,0.503787426,-0.00127321707
326.933333,0.503744985,-0.00126347106
326.966667,0.50370287,-0.00125350814
327,0.503661086,-0.00123893876
327.033333,0.503619788,-0.00122777452
327.066667,0.503578862,-0.00121711744
327.1,0.503538292,-0.00120637248
327.133333,0.503498079,-0.00119157115
327.166667,0.50345836,-0.00117952576
327.2,0.503419043,-0.00116869821
327.233333,0.503380086,-0.00115791183
327.266667,0.503341489,-0.00114387408
327.3,0.50330336,-0.0011317384
327.333333,0.503265635,-0.00112146741
327.366667,0.503228253,-0.00111136028
327.4,0.503191208,-0.00109893504
327.433333,0.503154576,-0.00108755023
327.466667,0.503118325,-0.00107849863
327.5,0.503082375,-0.00106971541
327.533333,0.503046718,-0.00105953941
327.566667,0.5030114,-0.00104971285
327.6,0.502976409,-0.00104242267
327.633333,0.502941662,-0.00103548144
327.666667,0.502907146,-0.00102795443
327.7,0.502872881,-0.00102040722
327.733333,0.502838867,-0.00101528031
327.766667,0.502805024,-0.00101055566
327.8,0.502771339,-0.00100584885
327.833333,0.502737811,-0.00100116096
327.866667,0.502704439,-0.0009984312
327.9,0.502671158,-0.000996124092
327.933333,0.502637954,-0.000994176706
327.966667,0.502604814,-0.000992720075
328,0.502571724,-0.000992436085
328.033333,0.502538643,-0.000992564059
328.066667,0.502505557,-0.000993117711
328.1,0.502472453,-0.000995037145
328.133333,0.502439285,-0.000997079284
328.166667,0.502406049,-0.000999493878
328.2,0.502372733,-0.00100227916
328.233333,0.502339324,-0.00100720203
328.266667,0.50230575,-0.00101142559
328.3,0.502272036,-0.00101581866
328.333333,0.502238175,-0.00102051505
328.366667,0.502204158,-0.0010276916
328.4,0.502169902,-0.00103417822
328.433333,0.502135429,-0.00104127777
328.466667,0.50210072,-0.00104945318
328.5,0.502065738,-0.00106325834
328.533333,0.502030296,-0.00107794349
328.566667,0.501994365,-0.00109239672
328.6,0.501957951,-0.00110806798
328.633333,0.501921016,-0.00113046969
328.666667,0.501883334,-0.00115370977
328.7,0.501844877,-0.00117453038
328.733333,0.501805726,-0.00119626862
328.766667,0.50176585,-0.00122458005
328.8,0.501725031,-0.001254896
328.833333,0.501683201,-0.00128021803
328.866667,0.501640527,-0.0013061057
328.9,0.50159699,-0.00133750721
328.933333,0.501552406,-0.00137284489
328.966667,0.501506645,-0.00140059003
329,0.501459959,-0.00142852197
329.033333,0.501412341,-0.00146030929
329.066667,0.501363664,-0.00149813086
329.1,0.501313726,-0.00152609578
329.133333,0.501262857,-0.00155386125
329.166667,0.501211061,-0.00158356446
329.2,0.501158276,-0.00162099519
329.233333,0.501104243,-0.00164703259
329.266667,0.501049341,-0.00167252132
329.3,0.500993591,-0.00169814549
329.333333,0.500936986,-0.00173228889
329.366667,0.500879243,-0.00175450577
329.4,0.500820759,-0.00177587571
329.433333,0.500761564,-0.00179639028
329.466667,0.500701684,-0.00182367369
329.5,0.500640895,-0.00184088263
329.533333,0.500579532,-0.00185661469
329.566667,0.500517645,-0.00187126454
329.6,0.500455269,-0.00188901538
329.633333,0.500392302,-0.0019001862
329.666667,0.500328963,-0.0019092333
329.7,0.500265322,-0.00191706622
329.733333,0.500201419,-0.00192487058
329.766667,0.500137257,-0.00192867833
329.8,0.500072968,-0.00193051738
329.833333,0.500008617,-0.00193109806
329.866667,0.499944247,-0.00192927876
329.9,0.499879938,-0.00192485526
329.933333,0.499815776,-0.00191945703
329.966667,0.499751794,-0.00191272416
330,0.499688037,-0.00190156417
330.033333,0.499624651,-0.00188512949
330.066667,0.499561814,-0.00186782659
330.1,0.499499553,-0.00184784425
330.133333,0.499437958,-0.00181948504
330.166667,0.499377308,-0.00178324021
330.2,0.499317867,-0.00175118765
330.233333,0.499259494,-0.00171686161
330.266667,0.499202265,-0.00167415022
330.3,0.49914646,-0.00161977889
330.333333,0.499092468,-0.00157579311
330.366667,0.499039941,-0.00153012574
330.4,0.498988937,-0.00147783973
330.433333,0.498939676,-0.00140865668
330.466667,0.498892721,-0.00135634397
330.5,0.498847509,-0.00130302825
330.533333,0.498804075,-0.00124606144
330.566667,0.498762539,-0.00116652191
330.6,0.498723655,-0.00110988843
330.633333,0.498686659,-0.00105298594
330.666667,0.49865156,-0.000995837762
330.7,0.498618365,-0.000911708509
330.733333,0.498587975,-0.000854832573
330.766667,0.49855948,-0.000798580569
330.8,0.498532861,-0.000742813671
330.833333,0.4985081,-0.000665311344
330.866667,0.498485923,-0.000609657589
330.9,0.498465602,-0.00055804057
330.933333,0.498447,-0.000507561068
330.966667,0.498430081,-0.000441400752
331,0.498415368,-0.000391198982
331.033333,0.498402328,-0.000347707762
331.066667,0.498390738,-0.000305910262
331.1,0.498380541,-0.000254576932
331.133333,0.498372055,-0.000213931882
331.166667,0.498364924,-0.000181410219
331.2,0.498358877,-0.000150992716
331.233333,0.498353844,-0.000116546283
331.266667,0.498349959,-8.89847891e-005
331.3,0.498346993,-6.93412261e-005
331.333333,0.498344681,-5.2034684e-005
331.366667,0.498342947,-3.50220155e-005
331.4,0.49834178,-2.3204185e-005
331.433333,0.498341006,-1.73778143e-005
331.466667,0.498340427,-1.39554151e-005
331.5,0.498339962,-1.36591689e-005
331.533333,0.498339506,-1.92405189e-005
331.566667,0.498338865,-2.72054892e-005
331.6,0.498337958,-3.74591599e-005
331.633333,0.498336709,-5.20115386e-005
331.666667,0.498334976,-7.53523092e-005
331.7,0.498332464,-9.60629077e-005
331.733333,0.498329262,-0.000118782779
331.766667,0.498325302,-0.000145394841
331.8,0.498320456,-0.000185539713
331.833333,0.498314271,-0.000217125294
331.866667,0.498307034,-0.000250317494
331.9,0.49829869,-0.00028569151
331.933333,0.498289167,-0.000340482237
331.966667,0.498277817,-0.000380407546
332,0.498265137,-0.000421428557
332.033333,0.49825109,-0.000463528002
332.066667,0.498235639,-0.000526542155
332.1,0.498218087,-0.000573274777
332.133333,0.498198978,-0.000619003009
332.166667,0.498178345,-0.000665241209
332.2,0.49815617,-0.000730321056
332.233333,0.498131826,-0.000781539531
332.266667,0.498105775,-0.000828695541
332.3,0.498078151,-0.000875786725
332.333333,0.498048958,-0.000938364979
332.366667,0.49801768,-0.000990674764
332.4,0.497984657,-0.00103600247
332.433333,0.497950124,-0.00108071089
332.466667,0.4979141,-0.00113682622
332.5,0.497876206,-0.00118655424
332.533333,0.497836654,-0.00122703911
332.566667,0.497795753,-0.00126642401
332.6,0.497753539,-0.00131302916
332.633333,0.497709771,-0.00135659517
332.666667,0.497664551,-0.00138972964
332.7,0.497618227,-0.00142138576
332.733333,0.497570847,-0.00145648507
332.766667,0.497522298,-0.00149063791
332.8,0.49747261,-0.00151451372
332.833333,0.497422126,-0.00153664924
332.866667,0.497370904,-0.00155926621
332.9,0.497318929,-0.00158131988
332.933333,0.497266218,-0.00159475301
332.966667,0.49721306,-0.00160632819
333,0.497159516,-0.00161653859
333.033333,0.497105631,-0.0016246824
333.066667,0.497051475,-0.00162730841
333.1,0.496997231,-0.00162809745
333.133333,0.496942961,-0.0016268943
333.166667,0.496888731,-0.00162029114
333.2,0.496834722,-0.00161249533
333.233333,0.496780972,-0.00160301205
333.266667,0.496727538,-0.00159184786
333.3,0.496674477,-0.00157118408
333.333333,0.496622104,-0.00155384253
333.366667,0.496570309,-0.00153532078
333.4,0.496519132,-0.00151539539
333.433333,0.496468619,-0.00148408075
333.466667,0.496419149,-0.00145791353
333.5,0.496370552,-0.00143218825
333.533333,0.496322812,-0.00140542274
333.566667,0.496275965,-0.00136696748
333.6,0.496230399,-0.00133357059
333.633333,0.496185947,-0.00130288335
333.666667,0.496142518,-0.00127157896
333.7,0.496100132,-0.00122962092
333.733333,0.496059144,-0.00119125353
333.766667,0.496019436,-0.00115812638
333.8,0.495980832,-0.00112483742
333.833333,0.495943337,-0.00108290504
333.866667,0.49590724,-0.00104233843
333.9,0.495872496,-0.00100936564
333.933333,0.49583885,-0.000976674337
333.966667,0.495806294,-0.000937874894
334,0.495775032,-0.000898140711
334.033333,0.495745094,-0.000867779828
334.066667,0.495716168,-0.000838106689
334.1,0.495688231,-0.000804961804
334.133333,0.495661399,-0.000769174007
334.166667,0.49563576,-0.000743622131
334.2,0.495610972,-0.000719100394
334.233333,0.495587002,-0.000693443174
334.266667,0.495563887,-0.000664548123
334.3,0.495541736,-0.000645568044
334.333333,0.495520217,-0.000627867001
334.366667,0.495499288,-0.000610730814
334.4,0.49547893,-0.000591233974
334.433333,0.495459223,-0.000580040786
334.466667,0.495439888,-0.000570275795
334.5,0.495420879,-0.000561931647
334.533333,0.495402148,-0.00055374881
334.566667,0.495383689,-0.000550981825
334.6,0.495365323,-0.000549683086
334.633333,0.495347,-0.000549851488
334.666667,0.495328672,-0.000553851875
334.7,0.49531021,-0.00055965509
334.733333,0.495291555,-0.000566718026
334.766667,0.495272665,-0.000575172319
334.8,0.495253492,-0.000589996275
334.833333,0.495233826,-0.000604575283
334.866667,0.495213673,-0.000619312927
334.9,0.495193029,-0.000635272392
334.933333,0.495171854,-0.000658921757
334.966667,0.49514989,-0.000681847936
335,0.495127161,-0.000703074426
335.033333,0.495103725,-0.000725270256
335.066667,0.49507955,-0.00075531064
335.1,0.495054373,-0.00078548255
335.133333,0.49502819,-0.000811586569
335.166667,0.495001137,-0.000838346088
335.2,0.494973192,-0.000872122218
335.233333,0.494944122,-0.000907844394
335.266667,0.49491386,-0.000936944768
335.3,0.494882629,-0.000966355747
335.333333,0.494850417,-0.00100124808
335.366667,0.494817042,-0.0010403636
335.4,0.494782363,-0.00107045236
335.433333,0.494746681,-0.00110049616
335.466667,0.494709998,-0.0011340855
335.5,0.494672195,-0.00117409258
335.533333,0.494633059,-0.00120315901
335.566667,0.494592953,-0.00123184284
335.6,0.494551892,-0.00126207199
335.633333,0.494509823,-0.00130033109
335.666667,0.494466479,-0.00132652962
335.7,0.494422261,-0.001352052
335.733333,0.494377193,-0.00137736639
335.766667,0.49433128,-0.00141130956
335.8,0.494284237,-0.00143307319
335.833333,0.494236468,-0.00145392534
335.866667,0.494188003,-0.00147385988
335.9,0.494138875,-0.00150005615
335.933333,0.494088873,-0.00151673044
335.966667,0.494038315,-0.00153178607
336,0.493987256,-0.00154576906
336.033333,0.49393573,-0.00156257355
336.066667,0.493883644,-0.00157329184
336.1,0.493831201,-0.00158189098
336.133333,0.493778471,-0.00158934752
336.166667,0.493725493,-0.00159681346
336.2,0.493672266,-0.00160063471
336.233333,0.493618912,-0.00160259071
336.266667,0.493565492,-0.00160341727
336.3,0.493512045,-0.00160223873
336.333333,0.493458637,-0.00159870963
336.366667,0.493405346,-0.00159430654
336.4,0.493352203,-0.00158887011
336.433333,0.493299241,-0.00158029096
336.466667,0.493246564,-0.00156952306
336.5,0.493194247,-0.00155948951
336.533333,0.493142264,-0.00154858907
336.566667,0.493090644,-0.00153424619
336.6,0.493039503,-0.00151690619
336.633333,0.492988939,-0.001502326
336.666667,0.492938861,-0.0014870992
336.7,0.492889292,-0.00146884305
336.733333,0.49284033,-0.00144611739
336.766667,0.492792126,-0.00142834816
336.8,0.492744515,-0.00141019188
336.833333,0.492697508,-0.00138994493
336.866667,0.492651177,-0.00136348279
336.9,0.492605727,-0.00134405547
336.933333,0.492560925,-0.00132451635
336.966667,0.492516775,-0.00130410911
337,0.492473305,-0.00127588485
337.033333,0.492430775,-0.00125637175
337.066667,0.492388896,-0.0012370175
337.1,0.492347662,-0.00121783034
337.133333,0.492307068,-0.00119044654
337.166667,0.492267386,-0.00117214164
337.2,0.492228315,-0.00115446514
337.233333,0.492189833,-0.00113720353
337.266667,0.492151926,-0.00111403297
337.3,0.492114791,-0.00109770473
337.333333,0.492078201,-0.00108301644
337.366667,0.492042101,-0.00106894807
337.4,0.492006469,-0.00105132015
337.433333,0.491971425,-0.00103842202
337.466667,0.491936811,-0.00102775752
337.5,0.491902552,-0.00101786402
337.533333,0.491868624,-0.00100655885
337.566667,0.491835072,-0.000998357513
337.6,0.491801793,-0.000992430053
337.633333,0.491768712,-0.000987362914
337.666667,0.4917358,-0.000982617806
337.7,0.491703046,-0.000980080153
337.733333,0.491670377,-0.000979234902
337.766667,0.491637736,-0.000979271093
337.8,0.491605093,-0.000980802647
337.833333,0.4915724,-0.000984497538
337.866667,0.491539583,-0.000988700109
337.9,0.491506627,-0.000993740807
337.933333,0.491473502,-0.00100083256
337.966667,0.491440141,-0.00101088879
338,0.491406444,-0.00101975484
338.033333,0.491372453,-0.00102935662
338.066667,0.491338141,-0.0010409626
338.1,0.491303442,-0.00105703758
338.133333,0.491268207,-0.0010698638
338.166667,0.491232545,-0.00108327264
338.2,0.491196436,-0.00109812116
338.233333,0.491159832,-0.00111940683
338.266667,0.491122519,-0.00113523568
338.3,0.491084677,-0.00115145893
338.333333,0.491046295,-0.00116818597
338.366667,0.491007356,-0.00119347424
338.4,0.490967573,-0.00121117979
338.433333,0.490927201,-0.00122907009
338.466667,0.490886232,-0.00124713841
338.5,0.49084466,-0.00127328511
338.533333,0.490802218,-0.00129245232
338.566667,0.490759136,-0.001310785
338.6,0.490715443,-0.00132908048
338.633333,0.49067114,-0.00135410739
338.666667,0.490626003,-0.00137362875
338.7,0.490580216,-0.00139119897
338.733333,0.490533843,-0.00140852939
338.766667,0.490486892,-0.00143095206
338.8,0.490439193,-0.00144952425
338.833333,0.490390876,-0.00146523106
338.866667,0.490342035,-0.00148052033
338.9,0.490292684,-0.0014991891
338.933333,0.490242711,-0.00151551977
338.966667,0.490192194,-0.0015284319
339,0.490141246,-0.00154078595
339.033333,0.490089886,-0.00155493781
339.066667,0.490038055,-0.00156785583
339.1,0.489985793,-0.00157727827
339.133333,0.489933217,-0.00158604884
339.166667,0.489880349,-0.00159533213
339.2,0.489827171,-0.00160388565
339.233333,0.489773708,-0.00160939566
339.266667,0.489720062,-0.00161420984
339.3,0.489666255,-0.00161865736
339.333333,0.4896123,-0.00162218484
339.366667,0.489558227,-0.00162364576
339.4,0.489504105,-0.00162441887
339.433333,0.489449958,-0.0016244066
339.466667,0.489395811,-0.00162260471
339.5,0.489341724,-0.00162017112
339.533333,0.489287719,-0.00161710709
339.566667,0.489233815,-0.00161329232
339.6,0.489180039,-0.00160624754
339.633333,0.489126497,-0.00160033715
339.666667,0.489073152,-0.00159389547
339.7,0.489020023,-0.0015869262
339.733333,0.488967125,-0.00157551064
339.766667,0.488914608,-0.00156656124
339.8,0.488862389,-0.0015574148
339.833333,0.488810476,-0.00154787524
339.866667,0.48875888,-0.00153366966
339.9,0.488707757,-0.00152212072
339.933333,0.48865702,-0.00151110376
339.966667,0.48860665,-0.00149985014
340,0.488556655,-0.0014842423
340.033333,0.48850718,-0.00147088575
340.066667,0.488458151,-0.0014589221
340.1,0.48840952,-0.00144688732
340.133333,0.48836129,-0.00143120484
340.166667,0.488313583,-0.00141700746
340.2,0.48826635,-0.00140504471
340.233333,0.488219515,-0.00139317429
340.266667,0.488173076,-0.00137860076
340.3,0.488127123,-0.00136463811
340.333333,0.488081635,-0.00135358208
340.366667,0.488036515,-0.00134276714
340.4,0.487991756,-0.00133026542
340.433333,0.487947414,-0.00131763332
340.466667,0.487903493,-0.00130828079
340.5,0.487859884,-0.00129929328
340.533333,0.487816574,-0.00128955501
340.566667,0.487773589,-0.00127928609
340.6,0.487730946,-0.0012722776
340.633333,0.487688537,-0.00126572617
340.666667,0.487646346,-0.00125915541
340.7,0.487604374,-0.00125214075
340.733333,0.487562636,-0.00124792234
340.766667,0.487521038,-0.00124421487
340.8,0.487479565,-0.00124092557
340.833333,0.4874382,-0.00123783515
340.866667,0.487396939,-0.00123663131
340.9,0.487355718,-0.00123595234
340.933333,0.48731452,-0.00123579816
340.966667,0.487273327,-0.00123701606
341,0.487232093,-0.00123883381
341.033333,0.487190798,-0.0012411457
341.066667,0.487149427,-0.00124395598
341.1,0.487107961,-0.00124916836
341.133333,0.487066323,-0.00125399426
341.166667,0.487024523,-0.0012590467
341.2,0.486982555,-0.0012645351
341.233333,0.486940403,-0.00127299641
341.266667,0.48689797,-0.0012806755
341.3,0.486855281,-0.00128803144
341.333333,0.486812347,-0.00129573175
341.366667,0.486769156,-0.00130653764
341.4,0.486725604,-0.00131668658
341.433333,0.486681715,-0.00132576464
341.466667,0.486637523,-0.0013350742
341.5,0.48659302,-0.00134724546
341.533333,0.486548112,-0.00135927219
341.566667,0.486502803,-0.00136939051
341.6,0.486457156,-0.0013796147
341.633333,0.486411169,-0.00139217413
341.666667,0.486364764,-0.00140531586
341.7,0.48631792,-0.00141574507
341.733333,0.486270728,-0.00142615212
341.766667,0.48622319,-0.00143820178
341.8,0.48617525,-0.00145158364
341.833333,0.486126864,-0.0014616026
341.866667,0.486078143,-0.00147147802
341.9,0.486029094,-0.00148225788
341.933333,0.485979686,-0.0014949542
341.966667,0.485929854,-0.00150397072
342,0.485879721,-0.00151304618
342.033333,0.485829287,-0.00152283379
342.066667,0.485778525,-0.00153693314
342.1,0.485727294,-0.00154765618
342.133333,0.485675706,-0.00155875197
342.166667,0.485623747,-0.0015703543
342.2,0.485571402,-0.00158801674
342.233333,0.485518468,-0.0016005782
342.266667,0.485465116,-0.00161334455
342.3,0.485411338,-0.0016263102
342.333333,0.485357127,-0.00164530393
342.366667,0.485302284,-0.00165922859
342.4,0.485246976,-0.0016726605
342.433333,0.485191221,-0.00168611333
342.466667,0.485135017,-0.00170468049
342.5,0.485078194,-0.00171912642
342.533333,0.48502089,-0.00173222196
342.566667,0.484963149,-0.00174516762
342.6,0.484904977,-0.00176202503
342.633333,0.484846243,-0.00177591343
342.666667,0.484787046,-0.00178772006
342.7,0.484727455,-0.00179921782
342.733333,0.484667481,-0.00181330431
342.766667,0.484607038,-0.00182551342
342.8,0.484546187,-0.00183518735
342.833333,0.484485014,-0.0018444238
342.866667,0.484423534,-0.00185499766
342.9,0.4843617,-0.00186449832
342.933333,0.48429955,-0.0018713953
342.966667,0.484237171,-0.00187776352
343,0.484174579,-0.00188443222
343.033333,0.484111764,-0.00189041901
343.066667,0.48404875,-0.00189502776
343.1,0.483985583,-0.00190018691
343.133333,0.483922243,-0.00190722536
343.166667,0.483858669,-0.00191830579
343.2,0.483794725,-0.00192823044
343.233333,0.483730451,-0.00193912299
343.266667,0.483665813,-0.00195208124
343.3,0.483600744,-0.00197113667
343.333333,0.48353504,-0.00198620832
343.366667,0.483468833,-0.00200200773
343.4,0.483402099,-0.00201905793
343.433333,0.483334797,-0.00204468889
343.466667,0.483266641,-0.00206340951
343.5,0.48319786,-0.00208257195
343.533333,0.483128441,-0.00210216713
343.566667,0.483058369,-0.00213158213
343.6,0.482987316,-0.0021527085
343.633333,0.482915559,-0.00217355623
343.666667,0.482843108,-0.00219453511
343.7,0.482769956,-0.0022240804
343.733333,0.48269582,-0.00224651841
343.766667,0.482620936,-0.00226727785
343.8,0.482545361,-0.00228785377
343.833333,0.482469099,-0.00231509916
343.866667,0.482391929,-0.0023369529
343.9,0.48231403,-0.00235588834
343.933333,0.482235501,-0.00237435868
343.966667,0.482156355,-0.00239733831
344,0.482076444,-0.00241670568
344.033333,0.481995887,-0.00243232685
344.066667,0.48191481,-0.00244724668
344.1,0.481833235,-0.00246454262
344.133333,0.481751083,-0.00247957904
344.166667,0.481668431,-0.00249063837
344.2,0.48158541,-0.0025008091
344.233333,0.481502049,-0.0025115065
344.266667,0.481418332,-0.00252055385
344.3,0.481334314,-0.00252616106
344.333333,0.481250109,-0.00253077338
344.366667,0.481165749,-0.00253459404
344.4,0.481081263,-0.00253642781
344.433333,0.480996715,-0.00253614904
344.466667,0.480912177,-0.00253484091
344.5,0.480827682,-0.00253205737
344.533333,0.48074328,-0.00252588881
344.566667,0.480659084,-0.00251966822
344.6,0.480575095,-0.00251245303
344.633333,0.480491347,-0.00250375436
344.666667,0.480407888,-0.00248931557
344.7,0.480324911,-0.00247752333
344.733333,0.480242327,-0.00246485062
344.766667,0.480160165,-0.00245130177
344.8,0.480078455,-0.0024290409
344.833333,0.479997487,-0.00241241321
344.866667,0.479917073,-0.00239510484
344.9,0.479837237,-0.00237708759
344.933333,0.479758,-0.00234979895
344.966667,0.479679674,-0.00232841429
345,0.47960206,-0.0023075396
345.033333,0.479525142,-0.0022861663
345.066667,0.479448936,-0.00225583982
345.1,0.479373742,-0.00223067472
345.133333,0.479299386,-0.00220753945
345.166667,0.479225801,-0.00218414923
345.2,0.479152996,-0.00215284432
345.233333,0.479081235,-0.00212521251
345.266667,0.479010394,-0.00210122085
345.3,0.478940354,-0.00207721763
345.333333,0.478871113,-0.00204681036
345.366667,0.478802886,-0.00201820907
345.4,0.478735612,-0.001994736
345.433333,0.478669121,-0.00197148781
345.466667,0.478603405,-0.00194360364
345.5,0.478538618,-0.00191567911
345.533333,0.478474762,-0.0018940383
345.566667,0.478411628,-0.00187283549
345.6,0.4783492,-0.00184878024
345.633333,0.478287574,-0.00182317509
345.666667,0.478226801,-0.00180447986
345.7,0.478166652,-0.00178638776
345.733333,0.478107106,-0.00176701352
345.766667,0.478048205,-0.00174519281
345.8,0.477990032,-0.00173028506
345.833333,0.477932356,-0.00171609968
345.866667,0.477875153,-0.00170184275
345.9,0.477818425,-0.0016850551
345.933333,0.477762256,-0.00167450488
345.966667,0.477706439,-0.00166473871
346,0.477650948,-0.00165563707
346.033333,0.47759576,-0.0016447677
346.066667,0.477540934,-0.00163879082
346.1,0.477486308,-0.00163359494
346.133333,0.477431855,-0.00162917902
346.166667,0.477377549,-0.00162485326
346.2,0.477323387,-0.00162322526
346.233333,0.47726928,-0.00162242792
346.266667,0.477215199,-0.00162235461
346.3,0.47716112,-0.00162394736
346.333333,0.477106989,-0.00162656733
346.366667,0.47705277,-0.00162970971
346.4,0.476998446,-0.00163346705
346.433333,0.476943997,-0.00163977906
346.466667,0.476889338,-0.00164628807
346.5,0.476834462,-0.00165262607
346.533333,0.476779374,-0.00165942782
346.566667,0.47672406,-0.00166904587
346.6,0.476668425,-0.00167875054
346.633333,0.476612467,-0.00168735905
346.666667,0.476556221,-0.00169625766
346.7,0.476499679,-0.00170773179
346.733333,0.476442755,-0.00171966554
346.766667,0.476385433,-0.00172950465
346.8,0.476327783,-0.0017394424
346.833333,0.476269801,-0.00175134881
346.866667,0.476211423,-0.00176428848
346.9,0.476152613,-0.00177425272
346.933333,0.476093472,-0.00178412539
346.966667,0.476034001,-0.0017951804
347,0.475974161,-0.00180777411
347.033333,0.475913902,-0.00181681303
347.066667,0.475853342,-0.00182558807
347.1,0.475792489,-0.00183476202
347.133333,0.47573133,-0.00184563577
347.166667,0.475669809,-0.00185280694
347.2,0.475608049,-0.0018595641
347.233333,0.475546063,-0.00186609107
347.266667,0.47548386,-0.00187390943
347.3,0.475421397,-0.00187842576
347.333333,0.475358782,-0.00188241655
347.366667,0.475296035,-0.00188587898
347.4,0.475233173,-0.00188941752
347.433333,0.475170192,-0.00189077041
347.466667,0.475107166,-0.00189149186
347.5,0.475044117,-0.00189161952
347.533333,0.474981063,-0.00189028553
347.566667,0.474918053,-0.00188802904
347.6,0.474855119,-0.00188521826
347.633333,0.474792278,-0.00188179085
347.666667,0.474729552,-0.00187573604
347.7,0.474667027,-0.00186945856
347.733333,0.474604712,-0.00186311174
347.766667,0.474542608,-0.00185617465
347.8,0.474480736,-0.00184591284
347.833333,0.474419205,-0.00183549825
347.866667,0.474358022,-0.00182587733
347.9,0.474297159,-0.00181573401
347.933333,0.474236635,-0.00180204918
347.966667,0.474176567,-0.00178766701
348,0.474116978,-0.00177524193
348.033333,0.474057803,-0.00176239566
348.066667,0.473999057,-0.00174623799
348.1,0.473940849,-0.00172834628
348.133333,0.473883237,-0.00171377111
348.166667,0.473826111,-0.00169890585
348.2,0.473769481,-0.0016813363
348.233333,0.473713437,-0.00166068026
348.266667,0.473658081,-0.00164474602
348.3,0.473603256,-0.00162866718
348.333333,0.473548967,-0.00161074575
348.366667,0.473495275,-0.00158827567
348.4,0.473442333,-0.00157182591
348.433333,0.473389939,-0.00155538131
348.466667,0.473338093,-0.00153807938
348.5,0.473286823,-0.00151489752
348.533333,0.473236327,-0.00149878827
348.566667,0.473186367,-0.00148283052
348.6,0.473136939,-0.0014669903
348.633333,0.47308804,-0.00144428837
348.666667,0.473039897,-0.00142932481
348.7,0.472992253,-0.00141464038
348.733333,0.472945098,-0.00140023858
348.766667,0.472898423,-0.00138050993
348.8,0.472852406,-0.00136670886
348.833333,0.472806849,-0.00135395685
348.866667,0.472761717,-0.00134158975
348.9,0.472716998,-0.00132553699
348.933333,0.472672813,-0.0013136184
348.966667,0.472629026,-0.00130330988
349,0.472585582,-0.00129345849
349.033333,0.472542467,-0.0012814104
349.066667,0.472499753,-0.00127201148
349.1,0.472457353,-0.00126446481
349.133333,0.472415204,-0.00125740988
349.166667,0.47237329,-0.00124937895
349.2,0.472331644,-0.00124294896
349.233333,0.472290213,-0.0012382744
349.266667,0.472248937,-0.00123409141
349.3,0.472207801,-0.00122982532
349.333333,0.472166806,-0.00122660612
349.366667,0.47212592,-0.00122472214
349.4,0.472085095,-0.00122329522
349.433333,0.472044319,-0.00122232311
349.466667,0.472003575,-0.00122230991
349.5,0.471962831,-0.00122294066
349.533333,0.471922067,-0.00122396151
349.566667,0.471881268,-0.00122563546
349.6,0.471840413,-0.00122856403
349.633333,0.471799461,-0.00123127186
349.666667,0.471758419,-0.00123428008
349.7,0.471717276,-0.00123786077
349.733333,0.471676014,-0.00124324221
349.766667,0.471634573,-0.00124747489
349.8,0.47159299,-0.00125190076
349.833333,0.47155126,-0.00125661926
349.866667,0.471509373,-0.00126375479
349.9,0.471467248,-0.00126887368
349.933333,0.471424952,-0.00127406903
349.966667,0.471382483,-0.00127933721
350,0.471339838,-0.00128704915
350.033333,0.471296937,-0.00129254556
350.066667,0.471253852,-0.00129784519
350.1,0.47121059,-0.00130310323
350.133333,0.471167154,-0.001310259
350.166667,0.471123478,-0.00131558472
350.2,0.471079625,-0.00132035244
350.233333,0.471035614,-0.00132497197
350.266667,0.470991448,-0.00133079596
350.3,0.470947088,-0.00133526362
350.333333,0.470902579,-0.00133892632
350.366667,0.470857948,-0.00134235048
350.4,0.470813203,-0.00134626402
350.433333,0.470768328,-0.00134921672
350.466667,0.470723354,-0.00135131451
350.5,0.47067831,-0.00135310679
350.533333,0.470633207,-0.00135476088
350.566667,0.470588048,-0.00135562697
350.6,0.47054286,-0.00135583541
350.633333,0.470497666,-0.00135569613
350.666667,0.470452476,-0.00135495779
350.7,0.470407311,-0.00135328752
350.733333,0.470362201,-0.00135142966
350.766667,0.470317154,-0.00134921042
350.8,0.47027218,-0.00134615591
350.833333,0.470227308,-0.00134167473
350.866667,0.470182586,-0.00133773838
350.9,0.470137994,-0.00133345548
350.933333,0.470093546,-0.00132834675
350.966667,0.470049267,-0.00132097934
351,0.470005235,-0.00131510324
351.033333,0.469961398,-0.00130891977
351.066667,0.469917767,-0.00130215189
351.1,0.469874362,-0.0012920243
351.133333,0.469831295,-0.00128448093
351.166667,0.469788479,-0.00127669198
351.2,0.469745922,-0.00126865964
351.233333,0.469703634,-0.00125629935
351.266667,0.469661757,-0.00124738393
351.3,0.469620178,-0.00123839599
351.333333,0.469578898,-0.00122924326
351.366667,0.469537923,-0.00121595813
351.4,0.469497391,-0.00120574463
351.433333,0.4694572,-0.0011960332
351.466667,0.469417332,-0.00118624442
351.5,0.46937779,-0.00117278673
351.533333,0.469338697,-0.00116174137
351.566667,0.469299973,-0.0011518199
351.6,0.469261579,-0.00114191245
351.633333,0.469223515,-0.0011289915
351.666667,0.469185882,-0.00111766827
351.7,0.469148626,-0.00110805284
351.733333,0.469111691,-0.00109853852
351.766667,0.469075073,-0.0010867644
351.8,0.469038848,-0.00107575506
351.833333,0.469002989,-0.00106692044
351.866667,0.468967425,-0.00105826371
351.9,0.46893215,-0.00104810959
351.933333,0.468897213,-0.00103800325
351.966667,0.468862613,-0.00103035777
352,0.468828267,-0.00102295274
352.033333,0.468794169,-0.00101474195
352.066667,0.468760344,-0.00100608389
352.1,0.468726808,-0.000999943041
352.133333,0.468693477,-0.000994085607
352.166667,0.468660341,-0.000987975514
352.2,0.468627408,-0.000981214587
352.233333,0.468594701,-0.000976777354
352.266667,0.468562142,-0.000972645302
352.3,0.46852972,-0.000968633382
352.333333,0.468497432,-0.000964091805
352.366667,0.468465296,-0.000961438306
352.4,0.468433248,-0.000959090459
352.433333,0.468401278,-0.000957037427
352.466667,0.468369377,-0.000954885788
352.5,0.468337548,-0.000953973935
352.533333,0.468305748,-0.00095334644
352.566667,0.46827397,-0.000953002265
352.6,0.468242204,-0.000953221599
352.633333,0.468210429,-0.000953898734
352.666667,0.468178633,-0.000954814066
352.7,0.468146806,-0.000955972592
352.733333,0.46811494,-0.000958119847
352.766667,0.468083003,-0.000960264834
352.8,0.468050994,-0.00096245413
352.833333,0.468018912,-0.000964831998
352.866667,0.467986751,-0.000968371136
352.9,0.467954472,-0.000971751669
352.933333,0.46792208,-0.000974872301
352.966667,0.467889584,-0.00097811614
353,0.467856981,-0.000982479519
353.033333,0.467824231,-0.000986754873
353.066667,0.467791339,-0.000990418944
353.1,0.467758325,-0.000994136409
353.133333,0.467725188,-0.000998776044
353.166667,0.467691895,-0.0010035269
353.2,0.467658444,-0.00100733368
353.233333,0.467624866,-0.00101112422
353.266667,0.467591162,-0.00101554793
353.3,0.467557311,-0.00102030216
353.333333,0.467523301,-0.00102386172
353.366667,0.467489172,-0.0010273403
353.4,0.467454927,-0.00103113834
353.433333,0.467420556,-0.00103540709
353.466667,0.467386042,-0.00103836989
353.5,0.46735143,-0.00104119725
353.533333,0.467316723,-0.00104406892
353.566667,0.467281921,-0.00104738961
353.6,0.467247008,-0.00104947083
353.633333,0.467212026,-0.00105137506
353.666667,0.46717698,-0.00105313602
353.7,0.467141875,-0.00105510315
353.733333,0.467106705,-0.00105609555
353.766667,0.467071502,-0.0010568849
353.8,0.467036273,-0.00105747066
353.833333,0.467001024,-0.00105776031
353.866667,0.466965765,-0.00105755396
353.9,0.466930513,-0.00105713081
353.933333,0.466895275,-0.001056496
353.966667,0.466860059,-0.00105508825
354,0.466824889,-0.00105357838
354.033333,0.46678977,-0.00105194037
354.066667,0.466754705,-0.00105009887
354.1,0.466719702,-0.00104716914
354.133333,0.466684796,-0.00104430999
354.166667,0.466649986,-0.00104154415
354.2,0.466615268,-0.00103859843
354.233333,0.466580648,-0.00103442406
354.266667,0.466546167,-0.00103027562
354.3,0.466511825,-0.00102655193
354.333333,0.466477606,-0.00102268519
354.366667,0.466443517,-0.0010176155
354.4,0.466409596,-0.00101234182
354.433333,0.466375851,-0.00100789514
354.466667,0.466342255,-0.00100335153
354.5,0.46630881,-0.000997769297
354.533333,0.466275551,-0.000991626854
354.566667,0.466242497,-0.000986737024
354.6,0.466209605,-0.000981802569
354.633333,0.466176879,-0.000976094029
354.666667,0.466144342,-0.000969419202
354.7,0.466112028,-0.00096439226
354.733333,0.466079882,-0.000959374927
354.766667,0.466047903,-0.000953900135
354.8,0.466016106,-0.00094708357
354.833333,0.465984537,-0.00094222612
354.866667,0.465953129,-0.000937430052
354.9,0.465921881,-0.000932494767
354.933333,0.465890798,-0.000925951488
354.966667,0.465859933,-0.000921549682
355,0.465829215,-0.000917255549
355.033333,0.46579864,-0.000913070434
355.066667,0.465768204,-0.000907264542
355.1,0.465737962,-0.000903541057
355.133333,0.465707844,-0.000899988146
355.166667,0.465677844,-0.000896581094
355.2,0.465647958,-0.000892144536
355.233333,0.46561822,-0.000889163416
355.266667,0.465588581,-0.000886531991
355.3,0.46555903,-0.00088407176
355.333333,0.465529561,-0.000881117323
355.366667,0.46550019,-0.000879103118
355.4,0.465470887,-0.000877506323
355.433333,0.465441637,-0.00087609369
355.466667,0.465412434,-0.000874625362
355.5,0.46538328,-0.000873742577
355.533333,0.465354155,-0.000873221156
355.566667,0.465325047,-0.000872883586
355.6,0.465295951,-0.000872803904
355.633333,0.465266858,-0.000873139325
355.666667,0.465237753,-0.000873659979
355.7,0.465208631,-0.000874351659
355.733333,0.465179486,-0.000875479388
355.766667,0.465150303,-0.000877035007
355.8,0.465121069,-0.000878498088
355.833333,0.465091786,-0.000880108549
355.866667,0.465062449,-0.000882202638
355.9,0.465033042,-0.000884893551
355.933333,0.465003546,-0.000887141893
355.966667,0.464973974,-0.00088950487
356,0.464944324,-0.000892285998
356.033333,0.464914581,-0.00089594238
356.066667,0.464884716,-0.00089877368
356.1,0.464854757,-0.000901680852
356.133333,0.464824701,-0.000904857157
356.166667,0.464794539,-0.000909237932
356.2,0.464764231,-0.000912422876
356.233333,0.464733817,-0.000915641948
356.266667,0.464703296,-0.000918933283
356.3,0.464672665,-0.000923742712
356.333333,0.464641873,-0.000927040709
356.366667,0.464610972,-0.000930330913
356.4,0.464579961,-0.000933612063
356.433333,0.464548841,-0.000938268318
356.466667,0.464517565,-0.000941569928
356.5,0.464486179,-0.000944699613
356.533333,0.464454689,-0.000947781765
356.566667,0.464423097,-0.000951914564
356.6,0.464391366,-0.000955024106
356.633333,0.464359532,-0.000957787554
356.666667,0.464327606,-0.00096047078
356.7,0.46429559,-0.00096386173
356.733333,0.464263461,-0.000966551384
356.766667,0.464231243,-0.000968780347
356.8,0.46419895,-0.00097090413
356.833333,0.464166587,-0.000973414726
356.866667,0.46413414,-0.000975483131
356.9,0.464101624,-0.000977057839
356.933333,0.464069055,-0.000978511897
356.966667,0.464036438,-0.00098008701
357,0.464003768,-0.000981377759
357.033333,0.463971056,-0.000982233486
357.066667,0.463938315,-0.000982962996
357.1,0.463905549,-0.00098362436
357.133333,0.463872762,-0.000984038175
357.166667,0.46383996,-0.000984165867
357.2,0.463807155,-0.000984171642
357.233333,0.463774349,-0.000984006942
357.266667,0.463741549,-0.000983512075
357.3,0.463708765,-0.000982957678
357.333333,0.463676,-0.000982294955
357.366667,0.463643257,-0.000981444965
357.4,0.463610542,-0.000980082517
357.433333,0.463577873,-0.000978941059
357.466667,0.463545241,-0.000977712472
357.5,0.463512651,-0.000976352738
357.533333,0.463480106,-0.000974233644
357.566667,0.463447631,-0.000972639299
357.6,0.46341521,-0.000970984897
357.633333,0.463382844,-0.00096927135
357.666667,0.463350535,-0.000966643899
357.7,0.463318313,-0.000964723507
357.733333,0.463286156,-0.000962810336
357.766667,0.463254062,-0.000960868876
357.8,0.463222033,-0.000958095365
357.833333,0.463190097,-0.000955960964
357.866667,0.463158231,-0.000953969176
357.9,0.463126432,-0.000951980898
357.933333,0.4630947,-0.000949316222
357.966667,0.463063056,-0.000947152939
358,0.463031484,-0.000945656901
358.033333,0.462999962,-0.000944905726
358.066667,0.462968465,-0.000947110692
358.1,0.462936895,-0.000954135206
358.133333,0.46290509,-0.000963186434
358.166667,0.462872984,-0.000974510092
358.2,0.4628405,-0.000992812924
358.233333,0.462807407,-0.0010156679
358.266667,0.462773551,-0.00103723748
358.3,0.462738976,-0.00106076235
358.333333,0.462703618,-0.00109215994
358.366667,0.462667212,-0.00112970075
358.4,0.462629556,-0.00116160752
358.433333,0.462590835,-0.0011950143
358.466667,0.462551002,-0.00123557189
358.5,0.462509816,-0.00128546888
358.533333,0.462466967,-0.00132491863
358.566667,0.462422803,-0.00136533319
358.6,0.462377292,-0.00141096829
358.633333,0.46233026,-0.00146991852
358.666667,0.462281262,-0.00151369037
358.7,0.462230806,-0.00155782611
358.733333,0.462178878,-0.00160449678
358.766667,0.462125395,-0.00166827958
358.8,0.462069786,-0.00171290122
358.833333,0.462012689,-0.00175728814
358.866667,0.461954113,-0.00180142223
358.9,0.461894066,-0.00186521168
358.933333,0.461831892,-0.00190742671
358.966667,0.461768311,-0.00194878144
359,0.461703352,-0.00198933462
359.033333,0.46163704,-0.00204457006
359.066667,0.461568888,-0.00208321854
359.1,0.461499447,-0.00211855867
359.133333,0.461428829,-0.00215261434
359.166667,0.461357075,-0.00219606241
359.2,0.461283873,-0.00222782994
359.233333,0.461209612,-0.00225469311
359.266667,0.461134455,-0.00227991191
359.3,0.461058458,-0.00230958744
359.333333,0.460981472,-0.00233158621
359.366667,0.460903753,-0.00234825993
359.4,0.460825477,-0.00236306251
359.433333,0.460746709,-0.00237820482
359.466667,0.460667435,-0.00238811606
359.5,0.460587831,-0.0023936203
359.533333,0.460508044,-0.00239716134
359.566667,0.460428138,-0.00239808151
359.6,0.460348202,-0.00239436373
359.633333,0.46026839,-0.00238854389
359.666667,0.460188772,-0.0023808256
359.7,0.460109411,-0.00236890029
359.733333,0.460030448,-0.00235104117
359.766667,0.45995208,-0.00233458408
359.8,0.45987426,-0.00231642253
359.833333,0.459797046,-0.00229381578
359.866667,0.459720586,-0.00226228445
359.9,0.459645176,-0.00223654285
359.933333,0.459570625,-0.00220940137
359.966667,0.459496978,-0.00217877411
360,0.459424352,-0.00213504852
360.033333,0.459353184,-0.00210199196
360.066667,0.459283118,-0.00206793869
360.1,0.459214186,-0.00203228791
360.133333,0.459146444,-0.00197884951
360.166667,0.459080482,-0.0019409042
360.2,0.459015785,-0.00190241268
360.233333,0.458952371,-0.0018633894
360.266667,0.458890258,-0.00180613187
360.3,0.458830054,-0.001764572
360.333333,0.458771235,-0.00172428617
360.366667,0.458713759,-0.0016839406
360.4,0.458657627,-0.00162802612
360.433333,0.45860336,-0.0015848519
360.466667,0.458550531,-0.00154547205
360.5,0.458499016,-0.00150649527
360.533333,0.458448799,-0.0014554101
360.566667,0.458400285,-0.00141349199
360.6,0.458353169,-0.00137753368
360.633333,0.458307251,-0.00134238399
360.666667,0.458262505,-0.0012988556
360.7,0.45821921,-0.00126104563
360.733333,0.458177175,-0.00123065516
360.766667,0.458136153,-0.00120140765
360.8,0.458096106,-0.00116734914
360.833333,0.458057195,-0.00113633657
360.866667,0.458019317,-0.0011132184
360.9,0.45798221,-0.00109148332
360.933333,0.457945827,-0.00106794821
360.966667,0.457910228,-0.00104599869
361,0.457875362,-0.00103125546
361.033333,0.457840987,-0.00101801827
361.066667,0.457807053,-0.00100514159
361.1,0.457773548,-0.000993871347
361.133333,0.457740419,-0.000987960154
361.166667,0.457707487,-0.000983569949
361.2,0.457674701,-0.000980721111
361.233333,0.457642011,-0.00098103427
361.266667,0.457609309,-0.000983804799
361.3,0.457576516,-0.000987999645
361.333333,0.457543583,-0.00099390739
361.366667,0.457510452,-0.00100584806
361.4,0.457476924,-0.0010165191
361.433333,0.45744304,-0.00102841404
361.466667,0.45740876,-0.00104152546
361.5,0.457374042,-0.00106376674
361.533333,0.457338583,-0.00108127011
361.566667,0.457302541,-0.0010994876
361.6,0.457265891,-0.00111864471
361.633333,0.457228603,-0.00114775696
361.666667,0.457190345,-0.00117129881
361.7,0.457151301,-0.00119408819
361.733333,0.457111498,-0.00121748038
361.766667,0.457070916,-0.00125041144
361.8,0.457029235,-0.00127833273
361.833333,0.456986624,-0.00130366748
361.866667,0.456943169,-0.00132923763
361.9,0.456898861,-0.00136298112
361.933333,0.456853428,-0.00139320048
361.966667,0.456806988,-0.00141897771
362,0.456759689,-0.00144462647
362.033333,0.456711535,-0.00147648691
362.066667,0.456662318,-0.0015066611
362.1,0.456612096,-0.00153083834
362.133333,0.456561068,-0.00155454335
362.166667,0.45650925,-0.00158224773
362.2,0.456456509,-0.00160989855
362.233333,0.456402845,-0.00163060962
362.266667,0.456348492,-0.00165055462
362.3,0.456293473,-0.00167239718
362.333333,0.456237727,-0.00169514955
362.366667,0.456181222,-0.00171087127
362.4,0.456124193,-0.00172560406
362.433333,0.456066672,-0.00174054158
362.466667,0.456008654,-0.00175630749
362.5,0.455950111,-0.00176592723
362.533333,0.455891247,-0.00177441175
362.566667,0.4558321,-0.00178202519
362.6,0.455772699,-0.00178913135
362.633333,0.455713061,-0.0017919986
362.666667,0.455653328,-0.00179367577
362.7,0.455593538,-0.00179415682
362.733333,0.455533733,-0.00179153628
362.766667,0.455474015,-0.00178752495
362.8,0.455414431,-0.00178235842
362.833333,0.455355019,-0.00177603936
362.866667,0.455295818,-0.00176410742
362.9,0.455237014,-0.00175317317
362.933333,0.455178575,-0.00174159592
362.966667,0.455120522,-0.00172898297
363,0.455062889,-0.00170927836
363.033333,0.455005913,-0.00169160369
363.066667,0.454949527,-0.00167448411
363.1,0.45489371,-0.00165651969
363.133333,0.454838493,-0.00163100346
363.166667,0.454784126,-0.00160732207
363.2,0.454730549,-0.00158589855
363.233333,0.454677686,-0.00156387341
363.266667,0.454625557,-0.00153472629
363.3,0.454574399,-0.00150624544
363.333333,0.454524191,-0.00148199415
363.366667,0.454474791,-0.00145741632
363.4,0.45442621,-0.00142684123
363.433333,0.454378649,-0.00139517539
363.466667,0.454332143,-0.00136971898
363.5,0.454286486,-0.00134422695
363.533333,0.454241678,-0.00131431725
363.566667,0.454197868,-0.00128139622
363.6,0.454155155,-0.00125638609
363.633333,0.454113275,-0.00123161993
363.666667,0.454072221,-0.00120418819
363.7,0.454032081,-0.00117208078
363.733333,0.453993012,-0.00114905688
363.766667,0.45395471,-0.00112652737
363.8,0.453917159,-0.001102996
363.833333,0.453880393,-0.00107377455
363.866667,0.4538446,-0.00105408649
363.9,0.453809464,-0.00103510007
363.933333,0.453774961,-0.00101646016
363.966667,0.453741079,-0.000992054975
364,0.45370801,-0.00097676819
364.033333,0.453675451,-0.000962328775
364.066667,0.453643374,-0.00094874015
364.1,0.453611749,-0.000931452853
364.133333,0.453580701,-0.000920921745
364.166667,0.453550003,-0.000911666845
364.2,0.453519614,-0.000903339932
364.233333,0.453489503,-0.000894017137
364.266667,0.453459702,-0.000888736517
364.3,0.453430078,-0.00088492851
364.333333,0.45340058,-0.000882057121
364.366667,0.453371178,-0.000880263318
364.4,0.453341836,-0.000880714322
364.433333,0.453312479,-0.000882219471
364.466667,0.453283072,-0.000884600022
364.5,0.453253585,-0.00088940302
364.533333,0.453223938,-0.000895630213
364.566667,0.453194084,-0.000901946667
364.6,0.453164019,-0.000909019047
364.633333,0.453133718,-0.000919133758
364.666667,0.453103081,-0.000930749038
364.7,0.453072056,-0.000941072019
364.733333,0.453040687,-0.000951982571
364.766667,0.453008954,-0.000965898894
364.8,0.452976757,-0.000982079907
364.833333,0.452944021,-0.000995352311
364.866667,0.452910843,-0.00100900759
364.9,0.452877209,-0.00102511094
364.933333,0.452843039,-0.00104464951
364.966667,0.452808217,-0.00105965478
365,0.452772895,-0.00107482186
365.033333,0.452737068,-0.00109154625
365.066667,0.452700683,-0.001112952
365.1,0.452663585,-0.00112841427
365.133333,0.452625971,-0.00114381479
365.166667,0.452587844,-0.00115974819
365.2,0.452549185,-0.00118133498
365.233333,0.452509808,-0.00119599453
365.266667,0.452469941,-0.00121038249
365.3,0.452429595,-0.00122449268
365.333333,0.452388779,-0.00124421794
365.366667,0.452347305,-0.00125707505
365.4,0.452305402,-0.00126933758
365.433333,0.452263091,-0.00128114497
365.466667,0.452220386,-0.00129657188
365.5,0.452177167,-0.00130705771
365.533333,0.452133598,-0.00131628361
365.566667,0.452089722,-0.00132491681
365.6,0.452045558,-0.00133525088
365.633333,0.45200105,-0.00134230757
365.666667,0.451956307,-0.00134783419
365.7,0.451911379,-0.00135268016
365.733333,0.451866289,-0.00135758793
365.766667,0.451821036,-0.00136037513
365.8,0.451775691,-0.00136183819
365.833333,0.451730296,-0.00136258749
365.866667,0.451684876,-0.00136218289
365.9,0.45163947,-0.00136015138
365.933333,0.451594132,-0.0013574902
365.966667,0.451548882,-0.00135413444
366,0.451503744,-0.00134890669
366.033333,0.451458781,-0.00134184127
366.066667,0.451414053,-0.00133528666
366.1,0.451369543,-0.00132810751
366.133333,0.451325273,-0.0013188542
366.166667,0.451281311,-0.00130691712
366.2,0.451237747,-0.00129697442
366.233333,0.451194515,-0.00128652057
366.266667,0.451151631,-0.00127425789
366.3,0.451109156,-0.00125798188
366.333333,0.451067223,-0.00124537402
366.366667,0.45102571,-0.00123240004
366.4,0.45098463,-0.00121824913
366.433333,0.450944022,-0.00119849881
366.466667,0.450904072,-0.00118410719
366.5,0.450864602,-0.0011695166
366.533333,0.450825618,-0.00115461533
366.566667,0.450787131,-0.00113254539
366.6,0.450749379,-0.00111734964
366.633333,0.450712134,-0.00110212996
366.666667,0.450675397,-0.00108689172
366.7,0.450639167,-0.00106515947
366.733333,0.450603662,-0.00104950294
366.766667,0.450568678,-0.00103464294
366.8,0.45053419,-0.00101993312
366.833333,0.450500192,-0.00100007746
366.866667,0.450466856,-0.000984860322
366.9,0.450434028,-0.000971287525
366.933333,0.450401651,-0.000958017291
366.966667,0.450369718,-0.000941088602
367,0.450338348,-0.000927347471
367.033333,0.450307436,-0.000915866554
367.066667,0.450276907,-0.000904812216
367.1,0.450246747,-0.000891544512
367.133333,0.450217029,-0.000880242894
367.166667,0.450187687,-0.000871476844
367.2,0.450158638,-0.000863225658
367.233333,0.450129864,-0.000854014434
367.266667,0.450101397,-0.000845970274
367.3,0.450073198,-0.000840332142
367.333333,0.450045187,-0.000835257705
367.366667,0.450017345,-0.000830174387
367.4,0.449989672,-0.000825994209
367.433333,0.449962139,-0.000823664897
367.466667,0.449934684,-0.000821905159
367.5,0.449907287,-0.000820717092
367.533333,0.44987993,-0.000820732906
367.566667,0.449852572,-0.000821653359
367.6,0.449825183,-0.00082310873
367.633333,0.449797747,-0.000825331669
367.666667,0.449770235,-0.000829576157
367.7,0.449742583,-0.000833469227
367.733333,0.449714801,-0.000837826578
367.766667,0.449686873,-0.000842794384
367.8,0.44965878,-0.00085099126
367.833333,0.449630414,-0.00085738613
367.866667,0.449601834,-0.000864143955
367.9,0.449573029,-0.000871261191
367.933333,0.449543987,-0.000882453713
367.966667,0.449514572,-0.000890913396
368,0.449484875,-0.000899425465
368.033333,0.449454894,-0.000908174296
368.066667,0.449424622,-0.00092091293
368.1,0.449393925,-0.000931020801
368.133333,0.44936289,-0.000940552452
368.166667,0.449331539,-0.000950187243
368.2,0.449299866,-0.000963339498
368.233333,0.449267755,-0.000974371725
368.266667,0.449235275,-0.000984149175
368.3,0.44920247,-0.000993894568
368.333333,0.449169341,-0.0010064231
368.366667,0.449135793,-0.00101754978
368.4,0.449101875,-0.00102681855
368.433333,0.449067648,-0.00103592955
368.466667,0.449033117,-0.00104696622
368.5,0.448998218,-0.00105731978
368.533333,0.448962974,-0.00106539937
368.566667,0.44892746,-0.00107321277
368.6,0.448891687,-0.00108210143
368.633333,0.448855617,-0.00109083797
368.666667,0.448819255,-0.00109716105
368.7,0.448782683,-0.00110313376
368.733333,0.448745912,-0.00110945335
368.766667,0.44870893,-0.00111582131
368.8,0.448671736,-0.00111997247
368.833333,0.448634404,-0.00112371923
368.866667,0.448596947,-0.00112729534
368.9,0.44855937,-0.00113070112
368.933333,0.44852168,-0.00113244004
368.966667,0.448483932,-0.00113375227
369,0.44844614,-0.00113463882
369.033333,0.448408319,-0.00113469027
369.066667,0.448370496,-0.00113395683
369.1,0.448332698,-0.00113280676
369.133333,0.448294937,-0.00113124078
369.166667,0.448257229,-0.00112781329
369.2,0.448219636,-0.00112471453
369.233333,0.448182145,-0.00112125374
369.266667,0.44814477,-0.00111741892
369.3,0.448107523,-0.00111107147
369.333333,0.448070487,-0.00110566619
369.366667,0.448033631,-0.00110020473
369.4,0.447996958,-0.00109443634
369.433333,0.447960477,-0.00108588352
369.466667,0.447924281,-0.00107841197
369.5,0.447888333,-0.00107138854
369.533333,0.447852621,-0.00106414523
369.566667,0.447817149,-0.0010541899
369.6,0.447782009,-0.00104506779
369.633333,0.447747174,-0.00103701694
369.666667,0.447712607,-0.00102884605
369.7,0.447678312,-0.00101831147
369.733333,0.447644368,-0.00100810123
369.766667,0.447610765,-0.000999608582
369.8,0.447577444,-0.000991100142
369.833333,0.447544408,-0.000980762108
369.866667,0.447511716,-0.00097013166
369.9,0.447479378,-0.000961790862
369.933333,0.447447318,-0.0009535359
369.966667,0.447415534,-0.000944073384
370,0.447384064,-0.000933751571
370.033333,0.447352939,-0.000926124715
370.066667,0.447322069,-0.000918675184
370.1,0.447291446,-0.000910629094
370.133333,0.447261092,-0.000901348016
370.166667,0.447231047,-0.000894924281
370.2,0.447201216,-0.000888752773
370.233333,0.447171591,-0.000882497123
370.266667,0.447142174,-0.000874935223
370.3,0.44711301,-0.000870101004
370.333333,0.447084006,-0.000865573231
370.366667,0.447055154,-0.000861308224
370.4,0.447026444,-0.000856041065
370.433333,0.446997909,-0.000853058602
370.466667,0.446969474,-0.000850412603
370.5,0.446941127,-0.000848103532
370.533333,0.446912857,-0.000845682823
370.566667,0.446884667,-0.000844609855
370.6,0.446856513,-0.000843942368
370.633333,0.446828382,-0.000843615547
370.666667,0.446800262,-0.000843974339
370.7,0.446772129,-0.000844943689
370.733333,0.446743964,-0.000846211842
370.766667,0.446715757,-0.000847800352
370.8,0.446687497,-0.000850604425
370.833333,0.446659144,-0.000853646964
370.866667,0.446630689,-0.000856676614
370.9,0.446602133,-0.00085998424
370.933333,0.446573467,-0.000864761488
370.966667,0.446544641,-0.000869750608
371,0.44651565,-0.000874252712
371.033333,0.446486508,-0.000878972646
371.066667,0.446457209,-0.000885163233
371.1,0.446427703,-0.000891822006
371.133333,0.446397976,-0.00089742004
371.166667,0.446368062,-0.000903163251
371.2,0.446337957,-0.000910171813
371.233333,0.446307618,-0.000918089913
371.266667,0.446277015,-0.000924348697
371.3,0.446246203,-0.000930672847
371.333333,0.446215181,-0.00093791395
371.366667,0.446183917,-0.000946573723
371.4,0.446152364,-0.000953031858
371.433333,0.446120597,-0.000959474808
371.466667,0.446088614,-0.00096641712
371.5,0.4460564,-0.000975233332
371.533333,0.446023892,-0.000981438461
371.566667,0.445991178,-0.000987552886
371.6,0.445958259,-0.000993753947
371.633333,0.445925134,-0.00100211617
371.666667,0.44589173,-0.0010076546
371.7,0.445858142,-0.0010130368
371.733333,0.445824374,-0.00101826093
371.766667,0.445790432,-0.00102538546
371.8,0.445756252,-0.00103000589
371.833333,0.445721919,-0.00103432287
371.866667,0.445687441,-0.00103843155
371.9,0.445652827,-0.00104365613
371.933333,0.445618038,-0.00104716893
371.966667,0.445583133,-0.00105017938
372,0.445548127,-0.00105294883
372.033333,0.445513029,-0.00105613952
372.066667,0.445477824,-0.00105824548
372.1,0.445442549,-0.00105981104
372.133333,0.445407222,-0.00106112193
372.166667,0.445371851,-0.00106230547
372.2,0.445336441,-0.00106280296
372.233333,0.445301014,-0.00106289443
372.266667,0.445265585,-0.00106273696
372.3,0.44523016,-0.00106208371
372.333333,0.445194757,-0.00106088936
372.366667,0.445159394,-0.00105958403
372.4,0.445124075,-0.00105805337
372.433333,0.445088806,-0.00105584776
372.466667,0.445053611,-0.00105300529
372.5,0.445018511,-0.0010504757
372.533333,0.444983495,-0.00104775982
372.566667,0.44494857,-0.00104436652
372.6,0.444913758,-0.00104004807
372.633333,0.44487909,-0.00103654682
372.666667,0.444844538,-0.00103291037
372.7,0.444810108,-0.00102873919
372.733333,0.444775816,-0.00102323629
372.766667,0.444741708,-0.00101907444
372.8,0.444707739,-0.00101483608
372.833333,0.444673911,-0.00101030436
372.866667,0.444640235,-0.00100400705
372.9,0.444606768,-0.000999528963
372.933333,0.44457345,-0.000995036208
372.966667,0.444540282,-0.000990530718
373,0.444507265,-0.000983911946
373.033333,0.444474467,-0.000979465417
373.066667,0.444441819,-0.000975069992
373.1,0.444409316,-0.000970722105
373.133333,0.444376959,-0.000964700764
373.166667,0.444344802,-0.000960412989
373.2,0.444312788,-0.000956445051
373.233333,0.444280907,-0.000952578834
373.266667,0.444249154,-0.000947542285
373.3,0.44421757,-0.000943766267
373.333333,0.444186111,-0.00094051215
373.366667,0.44415476,-0.000937404389
373.4,0.444123513,-0.000933628017
373.433333,0.444092393,-0.000930696571
373.466667,0.444061369,-0.000928381324
373.5,0.444030423,-0.000926244651
373.533333,0.443999548,-0.00092388282
373.566667,0.443968752,-0.00092208042
373.6,0.443938016,-0.000920853842
373.633333,0.443907321,-0.000919823771
373.666667,0.44387666,-0.000918910227
373.7,0.44384603,-0.00091844866
373.733333,0.443815415,-0.00091837829
373.766667,0.443784803,-0.000918507588
373.8,0.443754186,-0.00091896672
373.833333,0.443723553,-0.000919967223
373.866667,0.443692888,-0.00092103759
373.9,0.443662187,-0.000922296327
373.933333,0.443631443,-0.000923960258
373.966667,0.443600645,-0.000926440672
374,0.443569763,-0.000928557283
374.033333,0.443538811,-0.000930837909
374.066667,0.443507783,-0.000933468828
374.1,0.443476668,-0.000937339488
374.133333,0.443445423,-0.000940339267
374.166667,0.443414079,-0.000943468121
374.2,0.44338263,-0.000946785014
374.233333,0.44335107,-0.000951853799
374.266667,0.443319342,-0.000955519643
374.3,0.443287491,-0.000959271897
374.333333,0.443255515,-0.000963109139
374.366667,0.443223412,-0.000968827957
374.4,0.443191117,-0.000973038187
374.433333,0.443158683,-0.000977155347
374.466667,0.443126111,-0.000981310453
374.5,0.443093401,-0.000987148929
374.533333,0.443060496,-0.000991720203
374.566667,0.443027438,-0.000995930263
374.6,0.442994241,-0.00100013073
374.633333,0.442960903,-0.00100571313
374.666667,0.442927379,-0.00101036457
374.7,0.4428937,-0.00101440139
374.733333,0.442859887,-0.00101838391
374.766667,0.442825941,-0.00102339215
374.8,0.442791828,-0.0010278261
374.833333,0.442757567,-0.0010314474
374.866667,0.442723185,-0.0010349757
374.9,0.442688686,-0.00103916698
374.933333,0.442654047,-0.00104309274
374.966667,0.442619277,-0.00104635259
375,0.442584399,-0.00105008876
375.033333,0.442549396,-0.00105585571
375.066667,0.442514201,-0.00106534272
375.1,0.442478689,-0.00107479747
375.133333,0.442442863,-0.00108555972
375.166667,0.442406678,-0.00109964143
375.2,0.442370023,-0.00111929068
375.233333,0.442332713,-0.00113583399
375.266667,0.442294852,-0.00115343605
375.3,0.442256404,-0.00117386865
375.333333,0.442217275,-0.00120244448
375.366667,0.442177194,-0.00122447159
375.4,0.442136378,-0.00124723793
375.433333,0.442094803,-0.00127161679
375.466667,0.442052416,-0.00130715639
375.5,0.442008844,-0.00133276759
375.533333,0.441964419,-0.00135876628
375.566667,0.441919126,-0.00138514106
375.6,0.441872955,-0.00142435063
375.633333,0.441825477,-0.00145187625
375.666667,0.441777081,-0.00147901248
375.7,0.44172778,-0.00150614845
375.733333,0.441677575,-0.00154412116
375.766667,0.441626105,-0.00157239021
375.8,0.441573692,-0.0015985459
375.833333,0.441520407,-0.00162434655
375.866667,0.441466262,-0.00165839385
375.9,0.441410982,-0.00168533536
375.933333,0.441354804,-0.00170924082
375.966667,0.44129783,-0.00173304472
376,0.441240062,-0.00176434626
376.033333,0.44118125,-0.00179237412
376.066667,0.441121504,-0.00181630355
376.1,0.441060961,-0.0018401213
376.133333,0.440999623,-0.00186973251
376.166667,0.440937299,-0.00189776671
376.2,0.44087404,-0.00192024867
376.233333,0.440810032,-0.00194229824
376.266667,0.440745288,-0.00196809029
376.3,0.440679685,-0.0019938259
376.333333,0.440613225,-0.00201311904
376.366667,0.440546121,-0.00203170218
376.4,0.440478397,-0.00205206555
376.433333,0.440409995,-0.00207325476
376.466667,0.440340887,-0.00208789373
376.5,0.44027129,-0.00210160295
376.533333,0.440201237,-0.00211549424
376.566667,0.44013072,-0.00213010547
376.6,0.440059717,-0.00213899296
376.633333,0.439988417,-0.00214680768
376.666667,0.439916857,-0.00215379044
376.7,0.439845064,-0.0021602074
376.733333,0.439773057,-0.00216270124
376.766667,0.439700967,-0.00216406226
376.8,0.439628831,-0.00216428256
376.833333,0.439556689,-0.00216142725
376.866667,0.439484641,-0.00215734749
376.9,0.439412729,-0.00215215604
376.933333,0.439340991,-0.00214585519
376.966667,0.439269462,-0.00213404615
377,0.439198327,-0.00212328336
377.033333,0.439127551,-0.00211190096
377.066667,0.439057155,-0.00209951439
377.1,0.438987171,-0.00208017779
377.133333,0.438917832,-0.00206285661
377.166667,0.43884907,-0.00204606951
377.2,0.438780867,-0.0020284502
377.233333,0.438713252,-0.00200339635
377.266667,0.438646472,-0.00198013684
377.3,0.438580468,-0.00195906475
377.333333,0.438515166,-0.00193738359
377.366667,0.438450586,-0.00190864159
377.4,0.438386965,-0.00188053082
377.433333,0.438324281,-0.00185654987
377.466667,0.438262396,-0.00183221938
377.5,0.438201322,-0.00180188832
377.533333,0.438141259,-0.00177042295
377.566667,0.438082245,-0.00174505968
377.6,0.438024076,-0.001719619
377.633333,0.437966755,-0.0016896867
377.666667,0.437910432,-0.00165664708
377.7,0.437855211,-0.00163145119
377.733333,0.437800829,-0.00160644379
377.766667,0.437747281,-0.00157864999
377.8,0.437694659,-0.00154598435
377.833333,0.437643126,-0.00152243527
377.866667,0.437592379,-0.00149931725
377.9,0.437542401,-0.00147506533
377.933333,0.437493233,-0.00144475076
377.966667,0.437445074,-0.00142415188
378,0.437397602,-0.00140418353
378.033333,0.437350796,-0.00138445503
378.066667,0.437304648,-0.00135832607
378.1,0.43725937,-0.00134171182
378.133333,0.437214647,-0.00132587422
378.166667,0.437170451,-0.00131081683
378.2,0.437126757,-0.00129121613
378.233333,0.437083716,-0.00127891757
378.266667,0.437041086,-0.00126786864
378.3,0.436998823,-0.00125768199
378.333333,0.436956901,-0.00124560421
378.366667,0.436915381,-0.00123806881
378.4,0.436874112,-0.00123209876
378.433333,0.436833042,-0.0012270057
378.466667,0.436792141,-0.00122209791
378.5,0.436751405,-0.00121981855
378.533333,0.436710744,-0.00121884667
378.566667,0.436670116,-0.00121870369
378.6,0.436629493,-0.00122015697
378.633333,0.436588821,-0.00122323568
378.666667,0.436548046,-0.0012268405
378.7,0.436507151,-0.00123116835
378.733333,0.436466113,-0.00123782031
378.766667,0.436424852,-0.00124593419
378.8,0.436383321,-0.00125338549
378.833333,0.436341541,-0.0012614052
378.866667,0.436299494,-0.00127185344
378.9,0.436257099,-0.00128426508
378.933333,0.43621429,-0.00129459355
378.966667,0.436171137,-0.0013053026
379,0.436127627,-0.00131804901
379.033333,0.436083692,-0.00133366346
379.066667,0.436039237,-0.0013457435
379.1,0.435994379,-0.00135799634
379.133333,0.435949112,-0.0013715643
379.166667,0.435903393,-0.00138899037
379.2,0.435857094,-0.00140161539
379.233333,0.435810373,-0.0014142013
379.266667,0.435763233,-0.00142724029
379.3,0.435715658,-0.00144489272
379.333333,0.435667495,-0.00145687111
379.366667,0.435618933,-0.00146861157
379.4,0.435569979,-0.00148010818
379.433333,0.435520642,-0.00149611189
379.466667,0.435470772,-0.00150646219
379.5,0.435420557,-0.00151628963
379.533333,0.435370014,-0.00152570059
379.566667,0.435319157,-0.00153784421
379.6,0.435267895,-0.00154593827
379.633333,0.435216364,-0.00155296131
379.666667,0.435164599,-0.00155943317
379.7,0.435112618,-0.00156692127
379.733333,0.435060387,-0.00157174004
379.766667,0.435007996,-0.00157530775
379.8,0.434955485,-0.0015782363
379.833333,0.434902877,-0.00158071372
379.866667,0.434850187,-0.00158143172
379.9,0.434797473,-0.00158116449
379.933333,0.434744767,-0.00158021956
379.966667,0.434692093,-0.00157774204
380,0.434639502,-0.00157379491
380.033333,0.434587042,-0.0015695979
380.066667,0.434534722,-0.00156473624
380.1,0.434482564,-0.00155773065
380.133333,0.43443064,-0.00154887923
380.166667,0.43437901,-0.00154094463
380.2,0.434327646,-0.00153240682
380.233333,0.434276565,-0.00152160216
380.266667,0.434225845,-0.00150795841
380.3,0.43417558,-0.00149673412
380.333333,0.434125689,-0.00148500887
380.366667,0.434076189,-0.0014713411
380.4,0.434027144,-0.00145336614
380.433333,0.433978698,-0.00143951448
380.466667,0.433930715,-0.00142529733
380.5,0.433883205,-0.00140982241
380.533333,0.433836211,-0.00138831092
380.566667,0.433789933,-0.0013726586
380.6,0.433744178,-0.00135679765
380.633333,0.433698952,-0.00134059709
380.666667,0.433654265,-0.00131661993
380.7,0.433610378,-0.001300087
380.733333,0.433567041,-0.001283511
380.766667,0.433524258,-0.00126689711
380.8,0.433482028,-0.00124313085
380.833333,0.43344059,-0.00122596209
380.866667,0.433399725,-0.00120961653
380.9,0.433359404,-0.00119339587
380.933333,0.433319624,-0.00117138183
380.966667,0.433280578,-0.00115441159
381,0.433242098,-0.00113919246
381.033333,0.433204125,-0.00112424544
381.066667,0.43316665,-0.00110501067
381.1,0.433129816,-0.00108922995
381.133333,0.433093509,-0.00107591824
381.166667,0.433057645,-0.00106300057
381.2,0.433022211,-0.00104727871
381.233333,0.432987302,-0.00103362495
381.266667,0.432952848,-0.00102284177
381.3,0.432918753,-0.00101254228
381.333333,0.432885002,-0.00100075469
381.366667,0.432851643,-0.000990037499
381.4,0.432818642,-0.000982206062
381.433333,0.432785902,-0.00097490954
381.466667,0.432753405,-0.000967160377
381.5,0.432721166,-0.000959988246
381.533333,0.432689167,-0.000955309326
381.566667,0.432657323,-0.00095117671
381.6,0.432625617,-0.000947280136
381.633333,0.432594041,-0.00094401248
381.666667,0.432562574,-0.000942464458
381.7,0.432531158,-0.000941435424
381.733333,0.432499777,-0.00094096413
381.766667,0.432468412,-0.00094167708
381.8,0.432437023,-0.000943024279
381.833333,0.432405588,-0.000944827173
381.866667,0.432374094,-0.000947166256
381.9,0.432342522,-0.00095163465
381.933333,0.432310801,-0.000955451366
381.966667,0.432278952,-0.000959631411
382,0.432246965,-0.000964171533
382.033333,0.432214826,-0.000971639099
382.066667,0.432182438,-0.00097747447
382.1,0.432149855,-0.000983436542
382.133333,0.432117074,-0.000989644355
382.166667,0.432084086,-0.000998857433
382.2,0.432050791,-0.00100627747
382.233333,0.432017248,-0.00101332997
382.266667,0.43198347,-0.00102050157
382.3,0.431949454,-0.00103037502
382.333333,0.431915108,-0.00103870608
382.366667,0.431880484,-0.00104611503
382.4,0.431845614,-0.00105351461
382.433333,0.431810497,-0.00106305033
382.466667,0.431775062,-0.0010715141
382.5,0.431739344,-0.00107855827
382.533333,0.431703393,-0.00108547162
382.566667,0.43166721,-0.00109382052
382.6,0.431630749,-0.00110158904
382.633333,0.43159403,-0.00110760654
382.666667,0.43155711,-0.00111338714
382.7,0.431519997,-0.00111989416
382.733333,0.431482667,-0.00112615512
382.766667,0.431445128,-0.00113058968
382.8,0.431407442,-0.00113470419
382.833333,0.431369619,-0.00113894005
382.866667,0.431331654,-0.00114296431
382.9,0.431293555,-0.00114540048
382.933333,0.431255375,-0.00114746084
382.966667,0.431217126,-0.00114922677
383,0.431178819,-0.00115042371
383.033333,0.431140471,-0.00115060729
383.066667,0.431102118,-0.00115038969
383.1,0.431063771,-0.00114970591
383.133333,0.431025448,-0.00114767514
383.166667,0.430987192,-0.00114552696
383.2,0.430949008,-0.00114298357
383.233333,0.430910908,-0.00114004553
383.266667,0.430872907,-0.00113465459
383.3,0.430835085,-0.00113024842
383.333333,0.43079741,-0.00112550178
383.366667,0.430759893,-0.00112039649
383.4,0.430722547,-0.00111227879
383.433333,0.430685471,-0.00110558395
383.466667,0.430648618,-0.00109891028
383.5,0.430611988,-0.00109193934
383.533333,0.43057559,-0.0010817571
383.566667,0.430539531,-0.00107298711
383.6,0.430503765,-0.00106479293
383.633333,0.430468272,-0.00105638278
383.666667,0.430433059,-0.00104489163
383.7,0.430398229,-0.00103442915
383.733333,0.430363748,-0.00102521523
383.766667,0.430329575,-0.00101587941
383.8,0.430295712,-0.00100385947
383.833333,0.43026225,-0.000992231314
383.866667,0.430229176,-0.000982553603
383.9,0.430196424,-0.000972853947
383.933333,0.430163995,-0.000961051533
383.966667,0.43013196,-0.000948895375
384,0.43010033,-0.000939325574
384.033333,0.43006902,-0.000929832047
384.066667,0.430038025,-0.000918906953
384.1,0.430007395,-0.000906923471
384.133333,0.429977164,-0.000898006048
384.166667,0.429947231,-0.000889254143
384.2,0.429917589,-0.000879736791
384.233333,0.429888264,-0.000868637069
384.266667,0.42985931,-0.000860852961
384.3,0.429830615,-0.000853309035
384.333333,0.429802171,-0.000845576268
384.366667,0.429773985,-0.000836030547
384.4,0.429746117,-0.000829767283
384.433333,0.429718458,-0.000823799176
384.466667,0.429690999,-0.000818061398
384.5,0.42966373,-0.000810644775
384.533333,0.429636708,-0.000806171137
384.566667,0.429609836,-0.000802024784
384.6,0.429583102,-0.000798206281
384.633333,0.429556495,-0.00079359476
384.666667,0.429530042,-0.000790927478
384.7,0.429503677,-0.000788716476
384.733333,0.429477387,-0.000786840649
384.766667,0.429451159,-0.000785041803
384.8,0.429424991,-0.000784310068
384.833333,0.429398847,-0.000784012943
384.866667,0.429372713,-0.000784034557
384.9,0.429346579,-0.000784745925
384.933333,0.429320421,-0.000786003273
384.966667,0.429294221,-0.000787469504
385,0.429267972,-0.000789216647
385.033333,0.429241664,-0.000791998833
385.066667,0.429215264,-0.000795149219
385.1,0.42918876,-0.00079811692
385.133333,0.429162156,-0.000801310111
385.166667,0.429135445,-0.000805634186
385.2,0.429108591,-0.000810434648
385.233333,0.429081576,-0.000814552668
385.266667,0.429054425,-0.000818827584
385.3,0.42902713,-0.000824121169
385.333333,0.42899966,-0.000830195055
385.366667,0.428971986,-0.00083505074
385.4,0.428944151,-0.000839987312
385.433333,0.428916152,-0.000845682463
385.466667,0.428887962,-0.000852547085
385.5,0.428859544,-0.000857699288
385.533333,0.428830954,-0.000862854705
385.566667,0.428802192,-0.00086843025
385.6,0.428773245,-0.000875530889
385.633333,0.42874406,-0.000880540761
385.666667,0.428714709,-0.00088547995
385.7,0.428685193,-0.000890493763
385.733333,0.42865551,-0.000897243552
385.766667,0.428625602,-0.000901705111
385.8,0.428595545,-0.000906031327
385.833333,0.428565344,-0.000910220367
385.866667,0.428535003,-0.000915897436
385.9,0.428504473,-0.000919540319
385.933333,0.428473822,-0.000922921885
385.966667,0.428443058,-0.000926115541
386,0.428412187,-0.000930106098
386.033333,0.428381184,-0.000932715571
386.066667,0.428350093,-0.000934904997
386.1,0.42831893,-0.000936872223
386.133333,0.428287701,-0.00093901908
386.166667,0.4282564,-0.00094029695
386.2,0.428225057,-0.000941145446
386.233333,0.428193685,-0.000941755893
386.266667,0.428162293,-0.000942059618
386.3,0.428130891,-0.000941799547
386.333333,0.428099498,-0.00094126325
386.366667,0.428068123,-0.000940491592
386.4,0.428036773,-0.00093909232
386.433333,0.42800547,-0.000937198699
386.466667,0.42797423,-0.000935336182
386.5,0.427943052,-0.000933258539
386.533333,0.427911943,-0.000930410289
386.566667,0.42788093,-0.000926910676
386.6,0.427850033,-0.000923875441
386.633333,0.427819237,-0.00092066077
386.666667,0.427788548,-0.000916700956
386.7,0.427757992,-0.000911748446
386.733333,0.4277276,-0.000907773674
386.766667,0.427697341,-0.000903667141
386.8,0.427667219,-0.000898980487
386.833333,0.427637253,-0.000892844513
386.866667,0.427607491,-0.000888222576
386.9,0.427577884,-0.000883524709
386.933333,0.427548433,-0.000878508607
386.966667,0.427519149,-0.000871558791
387,0.427490097,-0.000866619199
387.033333,0.42746121,-0.000861663283
387.066667,0.427432488,-0.000856692913
387.1,0.427403931,-0.000849379994
387.133333,0.427375619,-0.000844460775
387.166667,0.42734747,-0.000839587204
387.2,0.427319484,-0.000834757791
387.233333,0.427291659,-0.00082803949
387.266667,0.427264057,-0.000823233015
387.3,0.427236616,-0.000818765138
387.333333,0.427209324,-0.000814394968
387.366667,0.427182177,-0.00080865541
387.4,0.427155222,-0.000804309997
387.433333,0.427128412,-0.000800532689
387.466667,0.427101727,-0.000796897833
387.5,0.427075164,-0.00079241525
387.533333,0.42704875,-0.000788862846
387.566667,0.427022455,-0.000786003317
387.6,0.426996255,-0.000783319244
387.633333,0.426970144,-0.000780255252
387.666667,0.426944136,-0.000777784523
387.7,0.42691821,-0.000775999223
387.733333,0.426892343,-0.000774408928
387.766667,0.426866529,-0.000772809386
387.8,0.426840769,-0.00077164228
387.833333,0.426815048,-0.000771009097
387.866667,0.426789347,-0.000770576068
387.9,0.426763661,-0.000770378976
387.933333,0.426737982,-0.00077065061
387.966667,0.426712294,-0.000771166
388,0.426686588,-0.000771872535
388.033333,0.426660859,-0.00077292361
388.066667,0.426635095,-0.000774669773
388.1,0.426609273,-0.000776253059
388.133333,0.426583398,-0.000778005656
388.166667,0.426557464,-0.000780080474
388.2,0.426531461,-0.000783232775
388.233333,0.426505354,-0.000785734922
388.266667,0.426479162,-0.000788373714
388.3,0.426452883,-0.000791201744
388.333333,0.42642651,-0.00079558953
388.366667,0.42639999,-0.000798805913
388.4,0.426373363,-0.000802118336
388.433333,0.426346626,-0.000805525437
388.466667,0.426319775,-0.000810653502
388.5,0.426292754,-0.000814458041
388.533333,0.426265605,-0.000818196473
388.566667,0.426238332,-0.000821984202
388.6,0.426210932,-0.000827342232
388.633333,0.426183354,-0.000831560001
388.666667,0.426155635,-0.000835460117
388.7,0.426127787,-0.000839362973
388.733333,0.426099808,-0.000844576213
388.766667,0.426071655,-0.000848938481
388.8,0.426043358,-0.000852738366
388.833333,0.426014933,-0.00085649676
388.866667,0.425986383,-0.000861243589
388.9,0.425957675,-0.000865462323
388.933333,0.425928826,-0.000868920948
388.966667,0.425899862,-0.000872299214
389,0.425870786,-0.000876328852
389.033333,0.425841575,-0.000880118749
389.066667,0.425812237,-0.000883031399
389.1,0.425782803,-0.000885832652
389.133333,0.425753275,-0.000888975431
389.166667,0.425723643,-0.000892076468
389.2,0.425693907,-0.00089428763
389.233333,0.425664097,-0.000896366151
389.266667,0.425634218,-0.000898537668
389.3,0.425604267,-0.000900736636
389.333333,0.425574242,-0.00090214878
389.366667,0.425544171,-0.000903417859
389.4,0.425514057,-0.00090461546
389.433333,0.425483903,-0.000905763349
389.466667,0.425453711,-0.000906340731
389.5,0.4254235,-0.000906775705
389.533333,0.425393274,-0.000907068989
389.566667,0.425363038,-0.000907094279
389.6,0.425332802,-0.000906863003
389.633333,0.425302573,-0.000906500539
389.666667,0.425272356,-0.000906007379
389.7,0.425242156,-0.000904944503
389.733333,0.425211991,-0.000903977446
389.766667,0.425181859,-0.000902910093
389.8,0.425151762,-0.000901732798
389.833333,0.425121704,-0.000899815677
389.866667,0.42509171,-0.000898177124
389.9,0.425061771,-0.000896544106
389.933333,0.425031886,-0.000894829174
389.966667,0.425002058,-0.000892329422
390,0.424972314,-0.000890142206
390.033333,0.424942642,-0.000888117813
390.066667,0.424913039,-0.000886044446
390.1,0.424883504,-0.000883246222
390.133333,0.424854062,-0.000880684696
390.166667,0.424824706,-0.000878464275
390.2,0.424795424,-0.000876230063
390.233333,0.424766216,-0.000873407217
390.266667,0.424737103,-0.000870685027
390.3,0.42470808,-0.000868470314
390.333333,0.424679131,-0.000866276645
390.366667,0.424650255,-0.000863673629
390.4,0.424621466,-0.000861028414
390.433333,0.424592765,-0.000859013175
390.466667,0.424564131,-0.000857050952
390.5,0.424535563,-0.000854867519
390.533333,0.424507067,-0.00085254297
390.566667,0.424478649,-0.000850899477
390.6,0.424450286,-0.000849335896
390.633333,0.424421975,-0.00084771656
390.666667,0.424393717,-0.000845943703
390.7,0.424365519,-0.000844811691
390.733333,0.424337359,-0.000843779706
390.766667,0.424309233,-0.000842808981
390.8,0.424281139,-0.000841788228
390.833333,0.42425308,-0.000841266477
390.866667,0.424225037,-0.000840856903
390.9,0.424197009,-0.000840559473
390.933333,0.42416899,-0.000840444386
390.966667,0.424140975,-0.000840585319
391,0.424112956,-0.000840842104
391.033333,0.424084928,-0.000841214683
391.066667,0.424056887,-0.000842045309
391.1,0.424028819,-0.000842880532
391.133333,0.424000723,-0.000843799799
391.166667,0.423972596,-0.000844829826
391.2,0.423944435,-0.000846504613
391.233333,0.423916219,-0.000848056497
391.266667,0.42388795,-0.0008495888
391.3,0.42385963,-0.000851219153
391.333333,0.423831256,-0.000853584849
391.366667,0.423802804,-0.00085582459
391.4,0.423774276,-0.000857880279
391.433333,0.42374568,-0.000860014915
391.466667,0.423717013,-0.000862883815
391.5,0.42368825,-0.00086573161
391.533333,0.423659392,-0.000868188829
391.566667,0.423630453,-0.000870701151
391.6,0.423601429,-0.000873868408
391.633333,0.423572301,-0.000877198043
391.666667,0.423543061,-0.000879912523
391.7,0.42351373,-0.000882655407
391.733333,0.423484308,-0.000885915824
391.766667,0.423454778,-0.000889563056
391.8,0.423425126,-0.000892379235
391.833333,0.42339538,-0.000895196311
391.866667,0.42336554,-0.000898359755
391.9,0.423335594,-0.000902133908
391.933333,0.423305523,-0.00090489618
391.966667,0.42327536,-0.000907633035
392,0.423245106,-0.000910536967
392.033333,0.423214754,-0.000914234806
392.066667,0.42318428,-0.000916798267
392.1,0.42315372,-0.000919313037
392.133333,0.423123076,-0.000921831621
392.166667,0.423092349,-0.000925252638
392.2,0.423061507,-0.00092749281
392.233333,0.42303059,-0.000929665554
392.266667,0.422999602,-0.000931770379
392.3,0.422968543,-0.000934621092
392.333333,0.422937388,-0.000936496988
392.366667,0.422906172,-0.000938237
392.4,0.422874897,-0.000939896272
392.433333,0.422843567,-0.000942008751
392.466667,0.422812167,-0.000943465982
392.5,0.422780718,-0.00094471679
392.533333,0.422749228,-0.000945880435
392.566667,0.422717698,-0.000947250024
392.6,0.422686123,-0.000948210879
392.633333,0.422654516,-0.000948952591
392.666667,0.422622885,-0.000949607253
392.7,0.422591231,-0.00095028039
392.733333,0.422559555,-0.000950704274
392.766667,0.422527865,-0.000950953255
392.8,0.422496166,-0.000951121509
392.833333,0.422464462,-0.000951186869
392.866667,0.422432756,-0.000951074755
392.9,0.422401054,-0.00095088093
392.933333,0.422369358,-0.000950618181
392.966667,0.42233767,-0.000950195691
393,0.422305997,-0.000949591187
393.033333,0.422274344,-0.000949032892
393.066667,0.42224271,-0.000948421842
393.1,0.422211096,-0.000947650208
393.133333,0.422179507,-0.000946637287
393.166667,0.422147953,-0.000945814444
393.2,0.422116426,-0.000944958033
393.233333,0.422084927,-0.000943982256
393.266667,0.422053461,-0.00094267992
393.3,0.422022038,-0.000941706209
393.333333,0.421990648,-0.000940719575
393.366667,0.421959291,-0.000939679245
393.4,0.421927968,-0.000938232966
393.433333,0.421896694,-0.000937227058
393.466667,0.421865453,-0.000936228775
393.5,0.421834245,-0.000935238743
393.533333,0.421803071,-0.00093382837
393.566667,0.421771943,-0.000932896109
393.6,0.421740846,-0.000931999756
393.633333,0.42170978,-0.000931130576
393.666667,0.421678742,-0.000929982476
393.7,0.421647743,-0.000929197141
393.733333,0.421616769,-0.000928588397
393.766667,0.421585816,-0.000928242479
393.8,0.421554875,-0.000929621946
393.833333,0.421523888,-0.000933813363
393.866667,0.42149276,-0.000939446407
393.9,0.421461446,-0.000946599577
393.933333,0.421429892,-0.000959102226
393.966667,0.421397922,-0.000973303887
394,0.421365479,-0.000987283963
394.033333,0.421332569,-0.00100257
394.066667,0.42129915,-0.00102423644
394.1,0.421265009,-0.00104771133
394.133333,0.421230085,-0.00106854928
394.166667,0.421194467,-0.00109038298
394.2,0.421158121,-0.00111843639
394.233333,0.42112084,-0.00114967125
394.266667,0.421082517,-0.00117546628
394.3,0.421043335,-0.00120189808
394.333333,0.421003272,-0.00123347395
394.366667,0.420962156,-0.00127035754
394.4,0.420919811,-0.00129895917
394.433333,0.420876512,-0.00132779866
394.466667,0.420832252,-0.00136008218
394.5,0.420786916,-0.00139992856
394.533333,0.420740252,-0.00142902613
394.566667,0.420692618,-0.00145796264
394.6,0.420644019,-0.00148840129
394.633333,0.420594406,-0.00152822713
394.666667,0.420543465,-0.00155561262
394.7,0.420491611,-0.00158247537
394.733333,0.420438862,-0.00160902672
394.766667,0.420385227,-0.00164580825
394.8,0.420330367,-0.00166949275
394.833333,0.420274717,-0.00169233604
394.866667,0.420218306,-0.00171432953
394.9,0.420161162,-0.00174341081
394.933333,0.420103048,-0.0017625568
394.966667,0.420044296,-0.00177977274
395,0.419984971,-0.00179590288
395.033333,0.419925107,-0.0018154915
395.066667,0.419864591,-0.00182851814
395.1,0.41980364,-0.00183900508
395.133333,0.41974234,-0.00184826198
395.166667,0.419680731,-0.00185786639
395.2,0.419618802,-0.00186333766
395.233333,0.419556691,-0.00186648497
395.266667,0.419494475,-0.00186834416
395.3,0.419432197,-0.0018681921
395.333333,0.419369924,-0.00186514338
395.366667,0.419307752,-0.00186086674
395.4,0.419245723,-0.00185534563
395.433333,0.419183879,-0.00184638155
395.466667,0.419122333,-0.00183452927
395.5,0.419061182,-0.00182377108
395.533333,0.419000389,-0.00181246659
395.566667,0.418939974,-0.00179863526
395.6,0.418880019,-0.00178310707
395.633333,0.418820582,-0.00177096243
395.666667,0.41876155,-0.00175874196
395.7,0.418702925,-0.00174485967
395.733333,0.418644763,-0.00172823555
395.766667,0.418587156,-0.00171589706
395.8,0.418529959,-0.00170359175
395.833333,0.418473173,-0.00169037766
395.866667,0.418416827,-0.00167345469
395.9,0.418361045,-0.00166152229
395.933333,0.418305661,-0.0016497206
395.966667,0.41825067,-0.00163774238
396,0.418196079,-0.00162131872
396.033333,0.418142035,-0.00161032453
396.066667,0.418088357,-0.00159954512
396.1,0.418035039,-0.00158898283
396.133333,0.417982073,-0.00157429874
396.166667,0.417929596,-0.00156445025
396.2,0.417877448,-0.00155511625
396.233333,0.417825611,-0.00154606185
396.266667,0.417774075,-0.00153410279
396.3,0.417722939,-0.00152555706
396.333333,0.417672087,-0.00151796108
396.366667,0.417621488,-0.00151068313
396.4,0.417571132,-0.00150158755
396.433333,0.417521079,-0.00149471547
396.466667,0.417471255,-0.00148901719
396.5,0.417421621,-0.00148365171
396.533333,0.417372166,-0.0014773595
396.566667,0.417322921,-0.00147240589
396.6,0.417273841,-0.00146862478
396.633333,0.417224887,-0.00146516507
396.666667,0.417176048,-0.00146142829
396.7,0.417127333,-0.00145847466
396.733333,0.417078718,-0.001456487
396.766667,0.417030168,-0.00145478645
396.8,0.416981675,-0.00145321179
396.833333,0.416933235,-0.00145217598
396.866667,0.416884829,-0.00145174109
396.9,0.416836438,-0.00145154039
396.933333,0.416788053,-0.00145164318
396.966667,0.416739665,-0.00145228097
397,0.416691255,-0.00145305765
397.033333,0.41664282,-0.00145399957
397.066667,0.416594353,-0.00145523815
397.1,0.416545846,-0.00145714595
397.133333,0.416497274,-0.00145871702
397.166667,0.41644865,-0.00146037582
397.2,0.416399971,-0.00146220501
397.233333,0.416351231,-0.00146485977
397.266667,0.416302402,-0.00146677451
397.3,0.41625351,-0.00146869674
397.333333,0.416204553,-0.00147062394
397.366667,0.416155532,-0.00147339897
397.4,0.416106419,-0.00147520805
397.433333,0.416057245,-0.00147693694
397.466667,0.416008014,-0.00147859257
397.5,0.415958728,-0.00148070127
397.533333,0.415909371,-0.00148203505
397.566667,0.41585997,-0.00148314616
397.6,0.415810532,-0.00148411541
397.633333,0.415761061,-0.00148507486
397.666667,0.415711559,-0.00148548009
397.7,0.415662043,-0.00148561466
397.733333,0.415612522,-0.00148555192
397.766667,0.415563004,-0.00148502939
397.8,0.415513503,-0.00148408299
397.833333,0.415464033,-0.00148296253
397.866667,0.415414601,-0.00148160552
397.9,0.415365214,-0.00147942324
397.933333,0.4153159,-0.00147677007
397.966667,0.415266675,-0.00147421807
398,0.415217534,-0.00147141017
398.033333,0.415168487,-0.00146755266
398.066667,0.415119569,-0.0014629429
398.1,0.415070804,-0.00145889499
398.133333,0.415022174,-0.00145459097
398.166667,0.414973688,-0.00144918295
398.2,0.414925381,-0.00144248648
398.233333,0.414877299,-0.00143698392
398.266667,0.414829399,-0.00143124375
398.3,0.414781691,-0.00142452432
398.333333,0.414734207,-0.00141574955
398.366667,0.414687015,-0.00140893848
398.4,0.414640051,-0.00140192586
398.433333,0.41459332,-0.00139422515
398.466667,0.414546846,-0.00138352738
398.5,0.414500728,-0.00137564366
398.533333,0.414454873,-0.00136760734
398.566667,0.414409286,-0.00135930514
398.6,0.414363976,-0.00134697001
398.633333,0.414319077,-0.00133831457
398.666667,0.414274467,-0.00132956516
398.7,0.414230148,-0.00132072372
398.733333,0.414186124,-0.00130782103
398.766667,0.41414253,-0.00129840987
398.8,0.414099249,-0.0012893016
398.833333,0.414056273,-0.00128016544
398.866667,0.4140136,-0.00126746909
398.9,0.413971351,-0.00125753188
398.933333,0.413929434,-0.00124843177
398.966667,0.413887819,-0.00123936717
399,0.413846507,-0.00122736488
399.033333,0.413805595,-0.00121728964
399.066667,0.413765019,-0.00120855124
399.1,0.413724734,-0.00119990761
399.133333,0.413684737,-0.00118900686
399.166667,0.413645103,-0.00117920232
399.2,0.413605796,-0.00117114616
399.233333,0.413566758,-0.00116323554
399.266667,0.413527984,-0.00115374128
399.3,0.413489526,-0.00114460161
399.333333,0.413451372,-0.00113748941
399.366667,0.413413456,-0.00113056113
399.4,0.41337577,-0.00112265851
399.433333,0.413338349,-0.00111453117
399.466667,0.413301197,-0.00110855161
399.5,0.413264246,-0.00110278079
399.533333,0.413227486,-0.00109653941
399.566667,0.413190935,-0.00108970308
399.6,0.413154612,-0.00108496467
399.633333,0.413118446,-0.00108044439
399.666667,0.413082431,-0.0010758236
399.7,0.413046571,-0.00107046006
399.733333,0.413010889,-0.00106698228
399.766667,0.412975322,-0.00106371646
399.8,0.412939865,-0.00106057728
399.833333,0.412904513,-0.00105675571
399.866667,0.412869288,-0.00105447428
399.9,0.412834138,-0.00105238499
399.933333,0.412799059,-0.00105048704
399.966667,0.412764043,-0.00104821967
400,0.412729102,-0.00104696683
400.033333,0.412694203,-0.00104590283
400.066667,0.41265934,-0.00104499744
400.1,0.412624506,-0.00104409269
400.133333,0.412589703,-0.00104367747
400.166667,0.412554914,-0.00104342509
400.2,0.412520133,-0.00104328946
400.233333,0.412485357,-0.00104334499
400.266667,0.412450579,-0.00104358339
400.3,0.412415793,-0.00104388804
400.333333,0.412380996,-0.00104426227
400.366667,0.412346188,-0.00104487142
400.4,0.412311359,-0.00104551367
400.433333,0.412276508,-0.00104609768
400.466667,0.412241638,-0.00104670166
400.5,0.412206748,-0.00104747853
400.533333,0.412171832,-0.00104822403
400.566667,0.412136891,-0.00104880567
400.6,0.412101931,-0.00104935947
400.633333,0.412066953,-0.00104996724
400.666667,0.412031954,-0.00105049121
400.7,0.411996937,-0.00105080811
400.733333,0.41196191,-0.00105105456
400.766667,0.411926875,-0.00105122652
400.8,0.411891834,-0.00105120406
400.833333,0.411856794,-0.00105102826
400.866667,0.41182176,-0.00105074694
400.9,0.411786735,-0.00105029473
400.933333,0.411751725,-0.00104942416
400.966667,0.411716744,-0.00104857649
401,0.411681792,-0.00104759863
401.033333,0.411646872,-0.00104641994
401.066667,0.411611991,-0.00104445156
401.1,0.411577176,-0.00104281489
401.133333,0.411542416,-0.00104103482
401.166667,0.411507714,-0.00103911106
401.2,0.411473077,-0.00103586651
401.233333,0.411438549,-0.00103338831
401.266667,0.411404102,-0.00103076541
401.3,0.411369743,-0.00102799776
401.333333,0.411335477,-0.00102368954
401.366667,0.411301354,-0.00102023103
401.4,0.411267346,-0.00101679163
401.433333,0.411233453,-0.00101321827
401.466667,0.411199679,-0.00100800731
401.5,0.411166079,-0.00100356956
401.533333,0.411132627,-0.000999402899
401.566667,0.411099313,-0.000995123162
401.6,0.411066142,-0.000989234552
401.633333,0.411033168,-0.00098388928
401.666667,0.411000372,-0.000979136367
401.7,0.410967734,-0.000974299457
401.733333,0.410935257,-0.000967998384
401.766667,0.41090299,-0.000961887145
401.8,0.410870928,-0.000956730888
401.833333,0.410839037,-0.000951525848
401.866667,0.410807319,-0.000945096072
401.9,0.410775816,-0.000938423216
401.933333,0.410744535,-0.000933073492
401.966667,0.410713433,-0.000927713068
402,0.410682509,-0.000921430627
402.033333,0.410651794,-0.000914447295
402.066667,0.410621313,-0.000909123526
402.1,0.410591009,-0.000903827378
402.133333,0.410560881,-0.000897940507
402.166667,0.41053095,-0.000890929392
402.2,0.410501252,-0.000885847026
402.233333,0.410471724,-0.000880828207
402.266667,0.410442363,-0.00087554274
402.3,0.410413178,-0.000868798046
402.333333,0.410384218,-0.000864152534
402.366667,0.410355413,-0.000859601216
402.4,0.41032676,-0.000855066849
402.433333,0.410298258,-0.000848870247
402.466667,0.410269962,-0.000844823339
402.5,0.410241801,-0.000840894379
402.533333,0.410213771,-0.000837083968
402.566667,0.410185869,-0.000831917748
402.6,0.410158138,-0.000828473749
402.633333,0.410130522,-0.00082527883
402.666667,0.410103013,-0.00082221745
402.7,0.410075606,-0.000818287578
402.733333,0.410048329,-0.00081551385
402.766667,0.410021146,-0.000813113761
402.8,0.409994042,-0.000810852768
402.833333,0.409967013,-0.000808128592
402.866667,0.409940076,-0.000806123993
402.9,0.409913205,-0.000804527091
402.933333,0.409886387,-0.000803065797
402.966667,0.409859619,-0.000801448488
403,0.409832904,-0.000800257679
403.033333,0.409806228,-0.000799422282
403.066667,0.409779581,-0.000798710375
403.1,0.409752957,-0.000798045516
403.133333,0.409726356,-0.000797652373
403.166667,0.409699767,-0.000797490174
403.2,0.409673184,-0.000797431868
403.233333,0.409646603,-0.00079752511
403.266667,0.409620019,-0.000797852905
403.3,0.409593424,-0.00079823817
403.333333,0.409566816,-0.000798702244
403.366667,0.409540193,-0.000799339246
403.4,0.409513548,-0.000800256493
403.433333,0.409486873,-0.000801036532
403.466667,0.409460172,-0.000801866577
403.5,0.409433443,-0.000802829498
403.533333,0.409406682,-0.000804157236
403.566667,0.409379876,-0.000805162904
403.6,0.409353038,-0.000806188364
403.633333,0.409326165,-0.000807271767
403.666667,0.409299256,-0.000808797484
403.7,0.409272296,-0.00080985693
403.733333,0.409245301,-0.00081090689
403.766667,0.40921827,-0.000811946484
403.8,0.409191205,-0.000813412872
403.833333,0.409164092,-0.00081437719
403.866667,0.409136946,-0.000815291576
403.9,0.409109769,-0.0008161692
403.933333,0.409082564,-0.000817297599
403.966667,0.40905532,-0.000818046971
404,0.409028052,-0.000818686835
404.033333,0.409000763,-0.000819268341
404.066667,0.408973454,-0.00081991477
404.1,0.408946123,-0.000820300457
404.133333,0.40891878,-0.000820557743
404.166667,0.408891428,-0.000820741193
404.2,0.40886407,-0.000820822406
404.233333,0.408836709,-0.000820718176
404.266667,0.408809352,-0.000820521002
404.3,0.408782001,-0.000820241268
404.333333,0.40875466,-0.000819732718
404.366667,0.408727335,-0.000819045728
404.4,0.408700034,-0.000818361919
404.433333,0.408672755,-0.000817594121
404.466667,0.408645502,-0.000816526239
404.5,0.408618284,-0.000815207081
404.533333,0.408591111,-0.000814045287
404.566667,0.408563976,-0.000812805057
404.6,0.408536883,-0.000811254325
404.633333,0.408509841,-0.000809301884
404.666667,0.408482864,-0.000807708225
404.7,0.40845594,-0.00080604787
404.733333,0.408429072,-0.000804124668
404.766667,0.408402268,-0.000801587944
404.8,0.408375548,-0.000799641598
404.833333,0.408348894,-0.000797645503
404.866667,0.408322305,-0.000795482368
404.9,0.408295789,-0.000792459361
404.933333,0.408269374,-0.000790265807
404.966667,0.408243032,-0.000788043069
405,0.408216764,-0.000785781184
405.033333,0.408190571,-0.000782411984
405.066667,0.408164491,-0.000780093592
405.1,0.408138488,-0.000777768585
405.133333,0.408112562,-0.000775437681
405.166667,0.408086714,-0.000772110044
405.2,0.408060977,-0.000769690077
405.233333,0.408035321,-0.000767393679
405.266667,0.408009741,-0.000765114272
405.3,0.407984237,-0.000762027547
405.333333,0.407958836,-0.000759632938
405.366667,0.407933515,-0.000757492776
405.4,0.407908265,-0.000755390934
405.433333,0.407883086,-0.000752693783
405.466667,0.407857996,-0.000750469126
405.5,0.40783298,-0.000748600361
405.533333,0.407808027,-0.000746788303
405.566667,0.407783134,-0.000744592029
405.6,0.407758314,-0.000742678599
405.633333,0.407733558,-0.000741176822
405.666667,0.407708852,-0.000739746019
405.7,0.407684194,-0.000738119944
405.733333,0.40765959,-0.000736644627
405.766667,0.407635035,-0.00073557952
405.8,0.407610516,-0.000734594541
405.833333,0.407586029,-0.000733564012
405.866667,0.407561577,-0.00073262876
405.9,0.407537156,-0.000732040219
405.933333,0.407512755,-0.000731535489
405.966667,0.407488371,-0.000731084687
406,0.407464001,-0.00073075869
406.033333,0.407439642,-0.000730655538
406.066667,0.407415287,-0.000730634343
406.1,0.407390933,-0.000730711562
406.133333,0.407366576,-0.000731024984
406.166667,0.407342208,-0.000731385118
406.2,0.407317829,-0.000731820132
406.233333,0.407293435,-0.000732344752
406.266667,0.407269023,-0.000733285525
406.3,0.40724458,-0.000734058844
406.333333,0.407220112,-0.000734895509
406.366667,0.407195615,-0.000735795101
406.4,0.407171089,-0.000737253928
406.433333,0.407146514,-0.000738394928
406.466667,0.4071219,-0.00073955644
406.5,0.407097249,-0.000740765722
406.533333,0.407072556,-0.000742560164
406.566667,0.407047804,-0.000744022921
406.6,0.407023004,-0.0007454161
406.633333,0.406998156,-0.000746839682
406.666667,0.406973262,-0.000748813412
406.7,0.406948301,-0.0007505124
406.733333,0.406923284,-0.000752035031
406.766667,0.406898216,-0.000753569851
406.8,0.406873097,-0.000755574291
406.833333,0.406847912,-0.000757405698
406.866667,0.406822665,-0.000758953935
406.9,0.406797366,-0.000760496547
406.933333,0.406772016,-0.000762400168
406.966667,0.406746603,-0.000764249365
407,0.406721128,-0.000765724803
407.033333,0.406695604,-0.000767178478
407.066667,0.406670031,-0.000768874454
407.1,0.406644402,-0.000770625002
407.133333,0.406618715,-0.000771941366
407.166667,0.406592983,-0.000773222602
407.2,0.406567209,-0.000774633883
407.233333,0.406541388,-0.000776176803
407.266667,0.406515515,-0.000777265228
407.3,0.406489607,-0.000778308715
407.333333,0.406463663,-0.000779389875
407.366667,0.406437683,-0.000780632231
407.4,0.406411662,-0.000781445227
407.433333,0.406385614,-0.000782207555
407.466667,0.40635954,-0.000782944389
407.5,0.406333442,-0.000783817047
407.533333,0.406307315,-0.000784330887
407.566667,0.406281171,-0.000784792641
407.6,0.406255011,-0.000785202324
407.633333,0.406228838,-0.00078566016
407.666667,0.406202649,-0.000785878105
407.7,0.406176453,-0.000786043917
407.733333,0.406150252,-0.000786160609
407.766667,0.406124046,-0.000786205202
407.8,0.406097839,-0.000786146877
407.833333,0.406071634,-0.000786043969
407.866667,0.406045433,-0.000785898667
407.9,0.406019236,-0.000785607628
407.933333,0.405993049,-0.000785292329
407.966667,0.405966873,-0.000784967611
408,0.405940707,-0.000784610312
408.033333,0.405914554,-0.000784077948
408.066667,0.405888418,-0.000783549393
408.1,0.405862299,-0.000783065168
408.133333,0.405836197,-0.00078256041
408.166667,0.405810112,-0.000781888793
408.2,0.405784049,-0.000781212561
408.233333,0.405758009,-0.00078064135
408.266667,0.405731987,-0.000780062926
408.3,0.405705985,-0.000779353242
408.333333,0.405680007,-0.000778612556
408.366667,0.405654053,-0.000778031515
408.4,0.405628119,-0.000777456802
408.433333,0.405602203,-0.000776801553
408.466667,0.40557631,-0.000776091369
408.5,0.40555044,-0.000775576659
408.533333,0.405524588,-0.000775081021
408.566667,0.405498752,-0.000774557759
408.6,0.405472933,-0.000773977646
408.633333,0.405447134,-0.000773598941
408.666667,0.405421347,-0.000773250378
408.7,0.405395572,-0.000772917297
408.733333,0.405369808,-0.000772564047
408.766667,0.405344056,-0.000772379877
408.8,0.40531831,-0.000772234523
408.833333,0.405292569,-0.000772127972
408.866667,0.405266831,-0.000772088286
408.9,0.405241095,-0.000772142363
408.933333,0.405215357,-0.00077224095
408.966667,0.405189616,-0.000772384163
409,0.405163869,-0.000772708927
409.033333,0.405138113,-0.000773036934
409.066667,0.405112345,-0.000773402526
409.1,0.405086565,-0.000773815043
409.133333,0.405060771,-0.000774497791
409.166667,0.405034954,-0.000775134242
409.2,0.405009116,-0.000775771366
409.233333,0.404983257,-0.000776454435
409.266667,0.404957375,-0.000777462698
409.3,0.40493146,-0.000778423482
409.333333,0.404905513,-0.000779318396
409.366667,0.404879535,-0.00078025517
409.4,0.404853527,-0.000781535539
409.433333,0.404827476,-0.000782815714
409.466667,0.404801382,-0.000783938102
409.5,0.40477525,-0.000785095579
409.533333,0.404749081,-0.000786579707
409.566667,0.404722861,-0.000788153292
409.6,0.40469659,-0.000789459156
409.633333,0.404670274,-0.00079079124
409.666667,0.404643915,-0.000792402374
409.7,0.404617501,-0.000794223492
409.733333,0.404591027,-0.000795658528
409.766667,0.404564505,-0.000797109527
409.8,0.404537935,-0.000798768855
409.833333,0.404511309,-0.000800774728
409.866667,0.404484617,-0.000802278527
409.9,0.404457874,-0.000803787462
409.933333,0.404431081,-0.000805420236
409.966667,0.404404234,-0.00080753575
410,0.404377316,-0.000809046357
410.033333,0.404350348,-0.000810551433
410.066667,0.404323329,-0.000812091934
410.1,0.40429626,-0.000814234686
410.133333,0.404269118,-0.0008156927
410.166667,0.404241929,-0.000817135436
410.2,0.404214691,-0.000818562614
410.233333,0.404187405,-0.000820585389
410.266667,0.404160053,-0.000821969795
410.3,0.404132654,-0.000823299016
410.333333,0.40410521,-0.000824604628
410.366667,0.404077723,-0.000826370936
410.4,0.404050178,-0.000827668003
410.433333,0.404022589,-0.000828842945
410.466667,0.403994961,-0.000829988301
410.5,0.403967294,-0.000831465885
410.533333,0.403939579,-0.000832627464
410.566667,0.403911825,-0.000833620016
410.6,0.403884037,-0.000834579413
410.633333,0.403856218,-0.000835757811
410.666667,0.403828359,-0.000836746863
410.7,0.403800468,-0.000837543122
410.733333,0.40377255,-0.000838305227
410.766667,0.403744606,-0.00083919439
410.8,0.403716633,-0.000839988128
410.833333,0.403688633,-0.000840588465
410.866667,0.403660614,-0.000841156135
410.9,0.403632575,-0.000841783154
410.933333,0.403604516,-0.00084237515
410.966667,0.403576437,-0.000842793461
411,0.403548344,-0.000843182875
411.033333,0.403520237,-0.000843588179
411.066667,0.403492118,-0.000843989555
411.1,0.403463985,-0.000844251923
411.133333,0.403435843,-0.000844491038
411.166667,0.403407693,-0.000844723885
411.2,0.403379536,-0.000844962562
411.233333,0.403351371,-0.000845104534
411.266667,0.4033232,-0.00084523026
411.3,0.403295026,-0.000845343817
411.333333,0.403266848,-0.000845462643
411.366667,0.403238666,-0.000845526329
411.4,0.403210482,-0.00084558163
411.433333,0.403182296,-0.000845628798
411.466667,0.403154108,-0.000845682654
411.5,0.403125919,-0.000845713784
411.533333,0.403097728,-0.000845744406
411.566667,0.403069537,-0.000845774921
411.6,0.403041344,-0.000845823754
411.633333,0.40301315,-0.000845869301
411.666667,0.402984954,-0.000845920213
411.7,0.402956757,-0.000845978596
411.733333,0.402928558,-0.000846080237
411.766667,0.402900355,-0.000846186569
411.8,0.402872149,-0.000846299028
411.833333,0.402843939,-0.000846425616
411.866667,0.402815725,-0.00084662524
411.9,0.402787504,-0.000846838282
411.933333,0.402759276,-0.000847046936
411.966667,0.402731041,-0.000847274957
412,0.402702798,-0.000847602649
412.033333,0.402674545,-0.000847963915
412.066667,0.40264628,-0.000848294518
412.1,0.402618003,-0.000848647996
412.133333,0.402589715,-0.00084911821
412.166667,0.402561411,-0.000849661526
412.2,0.402533089,-0.000850129798
412.233333,0.402504751,-0.000850622555
412.266667,0.402476397,-0.000851234941
412.3,0.402448023,-0.000851983287
412.333333,0.402419623,-0.000852593949
412.366667,0.402391203,-0.000853228737
412.4,0.402362762,-0.000853969514
412.433333,0.402334297,-0.000854932678
412.466667,0.402305799,-0.000855679528
412.5,0.402277276,-0.000856448344
412.533333,0.402248728,-0.000857293038
412.566667,0.402220152,-0.000858466818
412.6,0.402191536,-0.00085933391
412.633333,0.402162892,-0.000860219174
412.666667,0.402134218,-0.00086113571
412.7,0.402105513,-0.00086250143
412.733333,0.402076763,-0.000863464278
412.766667,0.402047981,-0.000864440201
412.8,0.402019166,-0.000865429023
412.833333,0.401990319,-0.000866880598
412.866667,0.401961423,-0.000867945168
412.9,0.401932491,-0.000868980035
412.933333,0.401903525,-0.000870021881
412.966667,0.401874524,-0.000871480124
413,0.401845475,-0.000872629563
413.033333,0.401816387,-0.000873688186
413.066667,0.401787264,-0.000874747464
413.1,0.401758106,-0.000876161544
413.133333,0.401728901,-0.000877358965
413.166667,0.401699656,-0.000878405067
413.2,0.401670375,-0.000879445569
413.233333,0.40164106,-0.000880770133
413.266667,0.401611701,-0.000881974608
413.3,0.401582302,-0.000882973665
413.333333,0.40155287,-0.000883961419
413.366667,0.401523404,-0.000885159774
413.4,0.401493899,-0.000886329277
413.433333,0.401464355,-0.000887250641
413.466667,0.40143478,-0.000888155887
413.5,0.401405175,-0.000889201501
413.533333,0.401375535,-0.000890295843
413.566667,0.401345858,-0.000891114556
413.6,0.401316154,-0.000891913559
413.633333,0.401286424,-0.000892791098
413.666667,0.401256664,-0.000893775307
413.7,0.401226872,-0.000894473937
413.733333,0.401197056,-0.000895150665
413.766667,0.401167217,-0.000895856125
413.8,0.401137356,-0.000896702919
413.833333,0.401107465,-0.000897272122
413.866667,0.401077556,-0.000897818697
413.9,0.401047629,-0.00089835828
413.933333,0.401017684,-0.00089905001
413.966667,0.400987715,-0.000899488783
414,0.400957733,-0.000899905731
414.033333,0.400927736,-0.0009003009
414.066667,0.400897726,-0.000900818658
414.1,0.400867698,-0.000901140711
414.133333,0.40083766,-0.000901436656
414.166667,0.400807612,-0.000901713005
414.2,0.400777555,-0.000902054709
414.233333,0.400747487,-0.000902278332
414.266667,0.400717411,-0.000902468788
414.3,0.400687329,-0.00090264292
414.333333,0.400657241,-0.000902844027
414.366667,0.400627146,-0.000902980262
414.4,0.400597046,-0.000903086446
414.433333,0.400566943,-0.000903180452
414.466667,0.400536837,-0.000903280001
414.5,0.400506728,-0.000903347677
414.533333,0.400476617,-0.000903394682
414.566667,0.400446503,-0.00090343414
414.6,0.400416389,-0.000903471205
414.633333,0.400386273,-0.000903495361
414.666667,0.400356157,-0.000903510059
414.7,0.40032604,-0.000903592629
414.733333,0.40029592,-0.000903916688
414.766667,0.400265789,-0.000906361775
414.8,0.400235577,-0.000910445595
414.833333,0.400205229,-0.000915984347
414.866667,0.400174696,-0.000924559569
414.9,0.400143878,-0.000937966195
414.933333,0.400112612,-0.000950281703
414.966667,0.400080936,-0.00096388777
415,0.400048806,-0.000980545094
415.033333,0.400016122,-0.00100436971
415.066667,0.399982643,-0.00102356015
415.1,0.399948524,-0.00104373924
415.133333,0.399913733,-0.00106606626
415.166667,0.399878197,-0.00109862958
415.2,0.399841576,-0.00112284915
415.233333,0.399804148,-0.00114770731
415.266667,0.399765891,-0.00117320392
415.3,0.399726784,-0.0012121948
415.333333,0.399686378,-0.00123936575
415.366667,0.399645065,-0.001266788
415.4,0.399602839,-0.00129444907
415.433333,0.399559691,-0.00133416265
415.466667,0.399515219,-0.00136343248
415.5,0.399469771,-0.00139115815
415.533333,0.399423399,-0.00141872996
415.566667,0.399376108,-0.00145601614
415.6,0.399327574,-0.00148513241
415.633333,0.39927807,-0.00151101086
415.666667,0.399227703,-0.00153638201
415.7,0.39917649,-0.0015687025
415.733333,0.3991242,-0.00159533301
415.766667,0.399071022,-0.00161744834
415.8,0.399017107,-0.00163874624
415.833333,0.398962482,-0.0016641582
415.866667,0.39890701,-0.00168598879
415.9,0.398850811,-0.00170272616
415.933333,0.398794053,-0.00171840938
415.966667,0.398736773,-0.00173568298
416,0.398678917,-0.00175068942
416.033333,0.398620561,-0.00176091986
416.066667,0.398561863,-0.00176995244
416.1,0.398502865,-0.00177864809
416.133333,0.398443577,-0.00178525845
416.166667,0.398384068,-0.00178834995
416.2,0.398324456,-0.00179018296
416.233333,0.398264784,-0.00179050084
416.266667,0.3982051,-0.00178764576
416.3,0.398145512,-0.00178345894
416.333333,0.398086063,-0.0017780504
416.366667,0.398026795,-0.00177079272
416.4,0.397967769,-0.00175809927
416.433333,0.397909165,-0.00174704814
416.466667,0.39785093,-0.00173490067
416.5,0.3977931,-0.0017213732
416.533333,0.397735721,-0.00169917953
416.566667,0.397679082,-0.00168211808
416.6,0.397623011,-0.00166415064
416.633333,0.39756754,-0.00164528427
416.666667,0.397512697,-0.00161586157
416.7,0.397458835,-0.00159335779
416.733333,0.397405723,-0.0015708496
416.766667,0.397353361,-0.00154769786
416.8,0.397301771,-0.00151408829
416.833333,0.397251302,-0.00148697995
416.866667,0.397201736,-0.00146149796
416.9,0.397153019,-0.0014356606
416.933333,0.397105164,-0.00140036972
416.966667,0.397058485,-0.00137015143
417,0.397012813,-0.00134336705
417.033333,0.396968034,-0.001316523
417.066667,0.39692415,-0.00128187827
417.1,0.396881421,-0.00125032735
417.133333,0.396839743,-0.00122393658
417.166667,0.396798945,-0.00119786237
417.2,0.396759016,-0.00116637598
417.233333,0.396720137,-0.00113764764
417.266667,0.396682216,-0.00111641345
417.3,0.396645002,-0.00109661838
417.333333,0.396608448,-0.00107544479
417.366667,0.3965726,-0.00105623552
417.4,0.396537392,-0.00104363586
417.433333,0.396502604,-0.00103256248
417.466667,0.396468185,-0.00102215407
417.5,0.396434114,-0.00101382312
417.533333,0.396400319,-0.00101006314
417.566667,0.396366651,-0.00100779441
417.6,0.396333057,-0.00100721171
417.633333,0.396299484,-0.00101028967
417.666667,0.396265807,-0.00101493952
417.7,0.396231976,-0.00102094079
417.733333,0.396197945,-0.00102865725
417.766667,0.396163656,-0.00104283155
417.8,0.396128895,-0.0010548838
417.833333,0.396093732,-0.00106805142
417.866667,0.396058131,-0.00108232592
417.9,0.396022053,-0.00110597473
417.933333,0.395985187,-0.00112414122
417.966667,0.395947716,-0.00114290226
418,0.395909619,-0.00116246249
418.033333,0.39587087,-0.00119182376
418.066667,0.395831143,-0.00121516545
418.1,0.395790637,-0.0012376352
418.133333,0.395749383,-0.00126055305
418.166667,0.395707364,-0.00129253461
418.2,0.39566428,-0.00131924525
418.233333,0.395620305,-0.00134334678
418.266667,0.395575527,-0.00136752466
418.3,0.395529943,-0.00139916914
418.333333,0.395483304,-0.00142706253
418.366667,0.395435735,-0.0014506862
418.4,0.395387379,-0.00147402725
418.433333,0.395338245,-0.00150275116
418.466667,0.395288153,-0.0015294513
418.5,0.395237171,-0.00155062171
418.533333,0.395185484,-0.00157118582
418.566667,0.395133111,-0.00159492291
418.6,0.395079947,-0.00161801947
418.633333,0.395026013,-0.00163500311
418.666667,0.394971513,-0.00165111219
418.7,0.394916476,-0.00166839405
418.733333,0.394860863,-0.00168563064
418.766667,0.394804675,-0.00169706088
418.8,0.394748106,-0.0017074255
418.833333,0.394691192,-0.00171745626
418.866667,0.394633943,-0.00172693663
418.9,0.394576379,-0.00173190316
418.933333,0.394518649,-0.0017356968
418.966667,0.394460792,-0.0017383267
419,0.394402848,-0.00173864202
419.033333,0.394344893,-0.00173671435
419.066667,0.394287003,-0.00173359505
419.1,0.394229216,-0.00172925054
419.133333,0.394171575,-0.00171960864
419.166667,0.394114254,-0.00171086446
419.2,0.394057225,-0.00170099949
419.233333,0.394000526,-0.00169001754
419.266667,0.393944192,-0.00167151741
419.3,0.393888474,-0.00165592792
419.333333,0.393833277,-0.00163995409
419.366667,0.393778612,-0.00162301333
419.4,0.393724511,-0.00159748716
419.433333,0.393671262,-0.00157541699
419.466667,0.393618748,-0.00155436702
419.5,0.393566935,-0.00153256454
419.533333,0.39351585,-0.00150211639
419.566667,0.393465779,-0.0014744811
419.6,0.39341663,-0.00144971392
419.633333,0.393368306,-0.00142445597
419.666667,0.393320824,-0.00139135123
419.7,0.393274446,-0.00135952563
419.733333,0.393229129,-0.00133260621
419.766667,0.393184708,-0.00130548095
419.8,0.393141192,-0.00127194001
419.833333,0.393098794,-0.00123765335
419.866667,0.393057539,-0.00121023185
419.9,0.393017198,-0.00118289431
419.933333,0.392977768,-0.00115094736
419.966667,0.392939403,-0.00111618143
420,0.392902197,-0.00108988946
420.033333,0.392865868,-0.00106395449
420.066667,0.392830403,-0.00103531304
420.1,0.392795892,-0.00100214658
420.133333,0.392762487,-0.000978469885
420.166667,0.392729872,-0.000955385486
420.2,0.392698025,-0.000931331678
420.233333,0.392666981,-0.000901774913
420.266667,0.392636922,-0.000881958228
420.3,0.392607523,-0.000862919231
420.333333,0.392578759,-0.000844269741
420.366667,0.392550617,-0.000820130254
420.4,0.392523279,-0.000805110637
420.433333,0.392496442,-0.000790991093
420.466667,0.392470076,-0.000777774283
420.5,0.39244415,-0.000761122924
420.533333,0.392418779,-0.000751151877
420.566667,0.392393741,-0.000742444295
420.6,0.392368993,-0.000734689161
420.633333,0.392344503,-0.000726196952
420.666667,0.392320297,-0.000721594668
420.7,0.392296243,-0.00071840179
420.733333,0.392272297,-0.000716143039
420.766667,0.392248425,-0.000715157264
420.8,0.392224587,-0.000716252573
420.833333,0.392200712,-0.000718296601
420.866667,0.392176768,-0.000721190132
420.9,0.392152729,-0.000726607681
420.933333,0.392128508,-0.000733289846
420.966667,0.392104065,-0.000739938057
421,0.392079401,-0.000747294461
421.033333,0.392054491,-0.000757689975
421.066667,0.392029235,-0.00076941163
421.1,0.392003588,-0.000779746439
421.133333,0.391977596,-0.000790605371
421.166667,0.391951243,-0.000804380771
421.2,0.39192443,-0.000820189179
421.233333,0.39189709,-0.000833080311
421.266667,0.391869321,-0.000846281517
421.3,0.391841111,-0.000861789893
421.333333,0.391812385,-0.000880376374
421.366667,0.391783039,-0.000894562895
421.4,0.391753221,-0.000908833616
421.433333,0.391722926,-0.000924511633
421.466667,0.391692109,-0.000944314758
421.5,0.391660632,-0.00095850906
421.533333,0.391628682,-0.000972566876
421.566667,0.391596263,-0.000987049563
421.6,0.391563361,-0.00100636756
421.633333,0.391529815,-0.00101934003
421.666667,0.391495837,-0.00103197443
421.7,0.391461438,-0.00104426487
421.733333,0.391426629,-0.00106117444
421.766667,0.391391257,-0.00107193354
421.8,0.391355526,-0.00108208908
421.833333,0.391319456,-0.00109173543
421.866667,0.391283065,-0.00110399807
421.9,0.391246265,-0.00111198815
421.933333,0.391209199,-0.00111883783
421.966667,0.391171904,-0.00112505805
422,0.391134402,-0.00113203759
422.033333,0.391096668,-0.00113628402
422.066667,0.391058792,-0.00113926934
422.1,0.391020816,-0.00114155575
422.133333,0.390982764,-0.00114307461
422.166667,0.390944662,-0.0011428384
422.2,0.390906567,-0.00114170134
422.233333,0.39086851,-0.00113985125
422.266667,0.390830515,-0.00113616694
422.3,0.390792643,-0.00113102058
422.333333,0.390754942,-0.00112581207
422.366667,0.390717415,-0.00111992922
422.4,0.390680084,-0.00111166387
422.433333,0.390643029,-0.00110152817
422.466667,0.390606311,-0.00109258454
422.5,0.390569892,-0.00108305298
422.533333,0.39053379,-0.00107110491
422.566667,0.390498086,-0.00105627047
422.6,0.390462877,-0.00104418377
422.633333,0.390428071,-0.00103163621
422.666667,0.390393683,-0.00101709042
422.7,0.39035978,-0.000998212452
422.733333,0.390326507,-0.00098377856
422.766667,0.390293714,-0.000969039347
422.8,0.390261413,-0.000953058773
422.833333,0.390229644,-0.000931108735
422.866667,0.390198607,-0.000915257848
422.9,0.390168099,-0.000899273855
422.933333,0.390138123,-0.000883000902
422.966667,0.390108689,-0.000859206643
423,0.390080049,-0.000842938835
423.033333,0.390051951,-0.000826714287
423.066667,0.390024394,-0.000810538361
423.1,0.389997376,-0.000787604747
423.133333,0.389971123,-0.000771263312
423.166667,0.389945414,-0.000755783375
423.2,0.389920221,-0.000740517758
423.233333,0.389895537,-0.000720013476
423.266667,0.389871537,-0.000704463976
423.3,0.389848055,-0.000690625537
423.333333,0.389825034,-0.000677146141
423.366667,0.389802462,-0.000660031795
423.4,0.389780461,-0.000646292487
423.433333,0.389758918,-0.000634849934
423.466667,0.389737756,-0.000623880566
423.5,0.38971696,-0.00061078943
423.533333,0.389696601,-0.000599785291
423.566667,0.389676608,-0.000591299205
423.6,0.389656898,-0.000583362163
423.633333,0.389637452,-0.000574580745
423.666667,0.3896183,-0.00056706541
423.7,0.389599398,-0.00056187228
423.733333,0.389580669,-0.000557262958
423.766667,0.389562093,-0.000552750981
423.8,0.389543668,-0.000549248232
423.833333,0.38952536,-0.00054744942
423.866667,0.389507111,-0.000546226831
423.9,0.389488904,-0.000545653241
423.933333,0.389470715,-0.000546405295
423.966667,0.389452502,-0.000547865183
424,0.38943424,-0.000549853373
424.033333,0.389415911,-0.000552648459
424.066667,0.38939749,-0.000557589338
424.1,0.389378903,-0.000561956889
424.133333,0.389360172,-0.000566770428
424.166667,0.389341279,-0.000572199224
424.2,0.389322206,-0.000580957102
424.233333,0.389302841,-0.000587700868
424.266667,0.389283251,-0.000594780549
424.3,0.389263425,-0.000602192372
424.333333,0.389243351,-0.000613751002
424.366667,0.389222893,-0.000622376983
424.4,0.389202147,-0.000631032953
424.433333,0.389181113,-0.000639891932
424.466667,0.389159783,-0.000652718554
424.5,0.389138026,-0.000662784451
424.533333,0.389115933,-0.000672253278
424.566667,0.389093525,-0.00068178842
424.6,0.389070798,-0.000694743533
424.633333,0.38904764,-0.000705493803
424.666667,0.389024124,-0.000714993594
424.7,0.389000291,-0.000724424803
424.733333,0.388976143,-0.00073649091
424.766667,0.388951593,-0.000747081294
424.8,0.388926691,-0.000755865191
424.833333,0.388901495,-0.000764457443
424.866667,0.388876013,-0.000774802677
424.9,0.388850186,-0.000784368073
424.933333,0.388824041,-0.000791777929
424.966667,0.388797648,-0.000798893379
425,0.388771018,-0.000806914735
425.033333,0.388744121,-0.00081463645
425.066667,0.388716967,-0.000820142933
425.1,0.388689629,-0.000825278459
425.133333,0.388662119,-0.000830617912
425.166667,0.388634432,-0.000835786788
425.2,0.388606573,-0.000839020329
425.233333,0.388578605,-0.000841837454
425.266667,0.388550544,-0.000844383827
425.3,0.388522398,-0.000846462277
425.333333,0.388494182,-0.000847234483
425.366667,0.388465941,-0.00084757771
425.4,0.388437689,-0.000847447886
425.433333,0.38840944,-0.000846114602
425.466667,0.388381237,-0.000844421293
425.5,0.388353089,-0.000842318501
425.533333,0.388325012,-0.000839807217
425.566667,0.388297018,-0.000835010506
425.6,0.388269185,-0.000831012232
425.633333,0.388241484,-0.000826666117
425.666667,0.388213929,-0.000821961882
425.7,0.38818653,-0.000814414943
425.733333,0.388159383,-0.000808179055
425.766667,0.388132444,-0.000801946361
425.8,0.388105712,-0.000795430235
425.833333,0.388079198,-0.000785897374
425.866667,0.388053001,-0.000777717392
425.9,0.388027077,-0.000770075218
425.933333,0.388001408,-0.000762242157
425.966667,0.387976,-0.000751555492
426,0.387950948,-0.000741892391
426.033333,0.387926218,-0.000733401262
426.066667,0.387901772,-0.00072482258
426.1,0.387877611,-0.000713815918
426.133333,0.387853817,-0.000703269233
426.166667,0.387830375,-0.000694530383
426.2,0.387807224,-0.000685809787
426.233333,0.387784363,-0.000675254124
426.266667,0.387761855,-0.000664517447
426.3,0.387739704,-0.000656127511
426.333333,0.387717833,-0.000647856515
426.366667,0.387696238,-0.000638408971
426.4,0.387674958,-0.000628220547
426.433333,0.387654017,-0.000620731604
426.466667,0.387633326,-0.000613450349
426.5,0.387612878,-0.00060561844
426.533333,0.387592691,-0.000596706309
426.566667,0.3875728,-0.000590588523
426.6,0.387553114,-0.000584749009
426.633333,0.387533622,-0.000578866403
426.666667,0.387514327,-0.000571890431
426.7,0.387495264,-0.000567501698
426.733333,0.387476347,-0.000563439544
426.766667,0.387457566,-0.000559660018
426.8,0.38743891,-0.0005551618
426.833333,0.387420405,-0.000552728905
426.866667,0.387401981,-0.000550646125
426.9,0.387383626,-0.000548913729
426.933333,0.387365329,-0.00054735127
426.966667,0.387347084,-0.000546919369
427,0.387328853,-0.000546874558
427.033333,0.387310624,-0.000547176999
427.066667,0.387292385,-0.000548422888
427.1,0.387274104,-0.000550089369
427.133333,0.387255768,-0.000551999713
427.166667,0.387237368,-0.000554230111
427.2,0.387218893,-0.000557894633
427.233333,0.387200297,-0.000561651013
427.266667,0.387181575,-0.000565304905
427.3,0.387162732,-0.000569230441
427.333333,0.387143757,-0.000574797068
427.366667,0.387124597,-0.000580477728
427.4,0.387105248,-0.000585553711
427.433333,0.38708573,-0.00059083598
427.466667,0.387066035,-0.000597711053
427.5,0.387046111,-0.000605000847
427.533333,0.387025945,-0.000611095009
427.566667,0.387005575,-0.000617318794
427.6,0.386984998,-0.000624884476
427.633333,0.386964168,-0.000633339975
427.666667,0.386943057,-0.000639998009
427.7,0.386921724,-0.000646703488
427.733333,0.386900167,-0.000654365256
427.766667,0.386878355,-0.000663444197
427.8,0.38685624,-0.000670194185
427.833333,0.3868339,-0.000676909997
427.866667,0.386811336,-0.0006841377
427.9,0.386788532,-0.000693238186
427.933333,0.386765424,-0.00069962475
427.966667,0.386742103,-0.000705902069
428,0.386718573,-0.000712263551
428.033333,0.386694831,-0.000720769583
428.066667,0.386670805,-0.00072638496
428.1,0.386646592,-0.000731827501
428.133333,0.386622198,-0.000737095433
428.166667,0.386597628,-0.000744250193
428.2,0.38657282,-0.000748845811
428.233333,0.386547858,-0.000753134514
428.266667,0.386522754,-0.000757201266
428.3,0.386497514,-0.000762341874
428.333333,0.386472102,-0.000765754408
428.366667,0.386446577,-0.000768667112
428.4,0.386420955,-0.000771329006
428.433333,0.386395244,-0.000774357698
428.466667,0.386369432,-0.000776306186
428.5,0.386343555,-0.00077772847
428.533333,0.386317631,-0.000778890669
428.566667,0.386291668,-0.000779871627
428.6,0.386265672,-0.000780178257
428.633333,0.386239666,-0.000780106311
428.666667,0.386213663,-0.000779784482
428.7,0.38618767,-0.000778922515
428.733333,0.386161706,-0.00077753152
428.766667,0.386135788,-0.000776068275
428.8,0.386109919,-0.000774383225
428.833333,0.386084106,-0.000771993837
428.866667,0.386058373,-0.000768979821
428.9,0.386032741,-0.000766322675
428.933333,0.386007196,-0.00076348674
428.966667,0.385981747,-0.000759959798
429,0.385956415,-0.000755525398
429.033333,0.385931231,-0.000751948084
429.066667,0.385906166,-0.00074824632
429.1,0.385881224,-0.000744009036
429.133333,0.385856424,-0.000738473933
429.166667,0.385831808,-0.000734304604
429.2,0.385807331,-0.000730072057
429.233333,0.385782996,-0.000725552464
429.266667,0.385758811,-0.000719331763
429.3,0.385734833,-0.000714927202
429.333333,0.385711002,-0.000710522718
429.366667,0.385687318,-0.000706116094
429.4,0.385663781,-0.000699690548
429.433333,0.385640458,-0.000695409972
429.466667,0.385617277,-0.000691190313
429.5,0.385594238,-0.000687033348
429.533333,0.385571336,-0.000681314495
429.566667,0.385548626,-0.0006772951
429.6,0.385526049,-0.000673590273
429.633333,0.385503596,-0.000670001828
429.666667,0.385481263,-0.0006653737
429.7,0.385459084,-0.000661967618
429.733333,0.385437018,-0.000659058338
429.766667,0.38541505,-0.000656308553
429.8,0.385393173,-0.000653027881
429.833333,0.385371405,-0.000650564654
429.866667,0.38534972,-0.000648665177
429.9,0.385328098,-0.000646955177
429.933333,0.385306532,-0.000645153589
429.966667,0.385285027,-0.000643909029
430,0.385263564,-0.000643155108
430.033333,0.385242125,-0.000642605842
430.066667,0.385220705,-0.000642292619
430.1,0.385199295,-0.000642464473
430.133333,0.38517788,-0.000642906611
430.166667,0.385156449,-0.000643553352
430.2,0.385134998,-0.000644627411
430.233333,0.38511351,-0.000646317798
430.266667,0.385091966,-0.000647921735
430.3,0.385070369,-0.000649715708
430.333333,0.385048712,-0.000651985386
430.366667,0.385026979,-0.000655190366
430.4,0.385005139,-0.00065784307
430.433333,0.384983211,-0.000660658262
430.466667,0.384961189,-0.000663865056
430.5,0.38493906,-0.000668471191
430.533333,0.384916778,-0.000671991572
430.566667,0.384894378,-0.000675636506
430.6,0.384871857,-0.000679482093
430.633333,0.384849207,-0.000685272748
430.666667,0.384826365,-0.000689427578
430.7,0.384803384,-0.000693661862
430.733333,0.384780262,-0.000697974111
430.766667,0.384756996,-0.000704366966
430.8,0.384733517,-0.00070902755
430.833333,0.384709883,-0.000713580323
430.866667,0.384686097,-0.000718162132
430.9,0.384662158,-0.000724581188
430.933333,0.384638006,-0.000729567168
430.966667,0.384613687,-0.000734157179
431,0.384589215,-0.000738727433
431.033333,0.384564591,-0.000744791867
431.066667,0.384539764,-0.000749810939
431.1,0.384514771,-0.000754166947
431.133333,0.384489632,-0.000758458031
431.166667,0.38446435,-0.000763851236
431.2,0.384438888,-0.000768598187
431.233333,0.384413268,-0.000772476863
431.266667,0.384387519,-0.000776252065
431.3,0.384361644,-0.000780737537
431.333333,0.384335619,-0.000784917822
431.366667,0.384309455,-0.000788119535
431.4,0.384283185,-0.00079118838
431.433333,0.384256812,-0.000794619126
431.466667,0.384230324,-0.000797972758
431.5,0.384203725,-0.000800353935
431.533333,0.384177047,-0.000802583638
431.566667,0.384150294,-0.000804903342
431.6,0.384123464,-0.000807225424
431.633333,0.384096556,-0.00080870549
431.666667,0.3840696,-0.000810027097
431.7,0.384042599,-0.000811263997
431.733333,0.384015556,-0.000812421947
431.766667,0.383988476,-0.000812986383
431.8,0.383961376,-0.000813397082
431.833333,0.383934263,-0.000813652826
431.866667,0.383907141,-0.000813598876
431.9,0.383880021,-0.000813297565
431.933333,0.383852911,-0.000812857957
431.966667,0.383825816,-0.000812280671
432,0.38379874,-0.000811077603
432.033333,0.383771704,-0.000810007509
432.066667,0.383744704,-0.000808834219
432.1,0.383717743,-0.000807548172
432.133333,0.383690824,-0.000805470825
432.166667,0.383663975,-0.000803714908
432.2,0.383637185,-0.000801970379
432.233333,0.383610453,-0.000800144975
432.266667,0.383583781,-0.000797496121
432.3,0.383557198,-0.000795198757
432.333333,0.383530691,-0.000793077662
432.366667,0.383504255,-0.000790911813
432.4,0.383477892,-0.000787998972
432.433333,0.383451625,-0.00078535473
432.466667,0.383425446,-0.000783068759
432.5,0.383399344,-0.000780775658
432.533333,0.383373318,-0.00077788833
432.566667,0.383347389,-0.000775128649
432.6,0.383321551,-0.000772891461
432.633333,0.383295788,-0.000770683521
432.666667,0.383270099,-0.000768074063
432.7,0.383244496,-0.000765449908
432.733333,0.383218981,-0.000763461693
432.766667,0.383193532,-0.000761535234
432.8,0.383168148,-0.000759403588
432.833333,0.383142834,-0.000757166127
432.866667,0.383117596,-0.000755600148
432.9,0.383092409,-0.000754122484
432.933333,0.383067271,-0.000752607321
432.966667,0.383042185,-0.000750989051
433,0.383017152,-0.000749981182
433.033333,0.382992152,-0.000749080527
433.066667,0.382967183,-0.000748255689
433.1,0.382942241,-0.00074745154
433.133333,0.382917326,-0.000747091887
433.166667,0.382892423,-0.000746849633
433.2,0.382867528,-0.000746725589
433.233333,0.382842637,-0.000746876895
433.266667,0.382817741,-0.000747205581
433.3,0.382792834,-0.000747652905
433.333333,0.382767913,-0.000748218729
433.366667,0.382742972,-0.000749332016
433.4,0.382717994,-0.000750373836
433.433333,0.382692982,-0.00075149176
433.466667,0.382667932,-0.000752720337
433.5,0.382642841,-0.000754669223
433.533333,0.382617686,-0.000756431199
433.566667,0.382592471,-0.000758153739
433.6,0.3825672,-0.000759971309
433.633333,0.382541867,-0.000762580967
433.666667,0.382516448,-0.000765015599
433.7,0.382490947,-0.000767236794
433.733333,0.382465373,-0.000769531166
433.766667,0.382439722,-0.000772595708
433.8,0.382413968,-0.000775603294
433.833333,0.382388115,-0.000778186119
433.866667,0.382362175,-0.000780815794
433.9,0.382336148,-0.000784116159
433.933333,0.382310011,-0.00078755042
433.966667,0.382283759,-0.000790337442
434,0.382257415,-0.000793142629
434.033333,0.382230977,-0.000796464398
434.066667,0.382204428,-0.000800142746
434.1,0.382177757,-0.000802968472
434.133333,0.382150991,-0.000805783486
434.166667,0.382124131,-0.000808932745
434.2,0.382097167,-0.000812649026
434.233333,0.382070079,-0.000815351385
434.266667,0.3820429,-0.000818015976
434.3,0.382015633,-0.000820831263
434.333333,0.381988272,-0.000824370489
434.366667,0.381960793,-0.00082680187
434.4,0.381933233,-0.000829172201
434.433333,0.381905594,-0.000831533417
434.466667,0.381877876,-0.000834688429
434.5,0.381850053,-0.000836725743
434.533333,0.381822162,-0.000838683926
434.566667,0.381794206,-0.000840562514
434.6,0.381766187,-0.000843057946
434.633333,0.381738086,-0.000844655367
434.666667,0.38170993,-0.000846116152
434.7,0.381681727,-0.00084748576
434.733333,0.381653477,-0.000849170964
434.766667,0.381625171,-0.000850275444
434.8,0.381596829,-0.000851190936
434.833333,0.381568456,-0.000852010595
434.866667,0.381540055,-0.000852899879
434.9,0.381511625,-0.000853439629
434.933333,0.381483177,-0.000853800984
434.966667,0.381454717,-0.000854068709
435,0.381426248,-0.000854228447
435.033333,0.381397774,-0.000854172082
435.066667,0.381369302,-0.000854008105
435.1,0.381340835,-0.000853759089
435.133333,0.381312376,-0.000853297472
435.166667,0.381283933,-0.000852658001
435.2,0.381255511,-0.000852031868
435.233333,0.38122711,-0.000851334828
435.266667,0.381198732,-0.000850390001
435.3,0.381170386,-0.000849225098
435.333333,0.381142078,-0.000848228234
435.366667,0.381113804,-0.000847178814
435.4,0.381085565,-0.000845905073
435.433333,0.381057368,-0.000844313467
435.466667,0.381029224,-0.000843057734
435.5,0.381001122,-0.000841770567
435.533333,0.380973063,-0.000840325253
435.566667,0.380945052,-0.000838440582
435.6,0.380917104,-0.000837050042
435.633333,0.380889203,-0.000835650293
435.666667,0.380861348,-0.000834181874
435.7,0.380833542,-0.000832163011
435.733333,0.380805803,-0.000830764425
435.766667,0.380778111,-0.000829378281
435.8,0.380750465,-0.000828005234
435.833333,0.380722864,-0.000826045787
435.866667,0.38069533,-0.000824748911
435.9,0.380667838,-0.000823494832
435.933333,0.380640388,-0.000822273388
435.966667,0.380612979,-0.000820639443
436,0.380585624,-0.000819504326
436.033333,0.380558308,-0.000818485303
436.066667,0.380531025,-0.000817515009
436.1,0.380503774,-0.000816311098
436.133333,0.380476564,-0.000815451252
436.166667,0.380449382,-0.000814748047
436.2,0.380422224,-0.000814105201
436.233333,0.380395087,-0.0008133912
436.266667,0.380367974,-0.000812904015
436.3,0.380340877,-0.000812570794
436.333333,0.380313792,-0.000812304547
436.366667,0.380286715,-0.000812096605
436.4,0.380259645,-0.000812055039
436.433333,0.380232576,-0.000812116708
436.466667,0.380205506,-0.00081224666
436.5,0.380178431,-0.000812520378
436.533333,0.380151347,-0.00081296604
436.566667,0.380124248,-0.00081341759
436.6,0.380097134,-0.000813933574
436.633333,0.380070003,-0.000814630283
436.666667,0.380042849,-0.000815569431
436.7,0.380015663,-0.000816378038
436.733333,0.37998845,-0.000817242601
436.766667,0.379961209,-0.000818277929
436.8,0.379933933,-0.0008196798
436.833333,0.37990661,-0.000820788093
436.866667,0.379879251,-0.000821940009
436.9,0.379851853,-0.000823212933
436.933333,0.379824412,-0.000825010768
436.966667,0.379796912,-0.000826341802
437,0.379769367,-0.000827701403
437.033333,0.379741777,-0.000829104063
437.066667,0.37971414,-0.000831199749
437.1,0.379686434,-0.000832663598
437.133333,0.379658678,-0.000834139381
437.166667,0.379630874,-0.000835626567
437.2,0.379603019,-0.000837776416
437.233333,0.379575094,-0.00083933702
437.266667,0.379547116,-0.000840832304
437.3,0.379519088,-0.000842322039
437.333333,0.37949101,-0.000844359635
437.366667,0.379462865,-0.000845934577
437.4,0.379434667,-0.000847354623
437.433333,0.379406422,-0.000848753202
437.466667,0.37937813,-0.000850563173
437.5,0.379349778,-0.00085204896
437.533333,0.379321377,-0.000853307508
437.566667,0.379292933,-0.000854530745
437.6,0.379264449,-0.000856024751
437.633333,0.379235915,-0.00085731951
437.666667,0.379207337,-0.000858344209
437.7,0.379178726,-0.00085932271
437.733333,0.379150082,-0.000860443136
437.766667,0.3791214,-0.000861454763
437.8,0.379092685,-0.00086219191
437.833333,0.379063945,-0.00086287562
437.866667,0.379035183,-0.000863597027
437.9,0.379006396,-0.000864250581
437.933333,0.378977588,-0.000864667872
437.966667,0.378948766,-0.000865028452
438,0.378919931,-0.000865355784
438.033333,0.378891086,-0.000865599453
438.066667,0.378862233,-0.000865687141
438.1,0.378833377,-0.000865718912
438.133333,0.378804519,-0.000865683937
438.166667,0.378775663,-0.0008654939
438.2,0.378746813,-0.000865264852
438.233333,0.378717971,-0.000865094045
438.266667,0.378689135,-0.000865003097
438.3,0.378660301,-0.000867089635
438.333333,0.378631398,-0.000871064887
438.366667,0.378602363,-0.000876460154
438.4,0.378573148,-0.000883276064
438.433333,0.378543705,-0.000896878535
438.466667,0.378513809,-0.000908970193
438.5,0.37848351,-0.000922072901
438.533333,0.378452774,-0.000936380937
438.566667,0.378421562,-0.000959233598
438.6,0.378389587,-0.000978809125
438.633333,0.37835696,-0.000998113451
438.666667,0.37832369,-0.001018316
438.7,0.378289746,-0.00104746092
438.733333,0.37825483,-0.00107318683
438.766667,0.378219058,-0.00109682197
438.8,0.378182497,-0.00112100877
438.833333,0.37814513,-0.00115343931
438.866667,0.378106682,-0.00118348525
438.9,0.378067232,-0.00120938257
438.933333,0.37802692,-0.00123545159
438.966667,0.377985738,-0.00126822628
439,0.377943464,-0.00130027014
439.033333,0.377900121,-0.00132623233
439.066667,0.377855914,-0.00135198883
439.1,0.377810847,-0.00138245182
439.133333,0.377764766,-0.00141393518
439.166667,0.377717634,-0.00143789683
439.2,0.377669705,-0.00146131733
439.233333,0.377620994,-0.00148736781
439.266667,0.377571415,-0.00151572145
439.3,0.377520891,-0.00153585684
439.333333,0.377469696,-0.00155515909
439.366667,0.377417857,-0.00157523763
439.4,0.377365349,-0.001597957
439.433333,0.377312084,-0.0016127405
439.466667,0.377258326,-0.00162647487
439.5,0.37720411,-0.00163965034
439.533333,0.377149455,-0.00165459491
439.566667,0.377094302,-0.00166298778
439.6,0.377038869,-0.00167020644
439.633333,0.376983195,-0.00167624796
439.666667,0.376927321,-0.00168178719
439.7,0.376871261,-0.00168324435
439.733333,0.376815153,-0.00168346949
439.766667,0.376759037,-0.00168247545
439.8,0.376702955,-0.00167795641
439.833333,0.376647023,-0.00167220022
439.866667,0.376591283,-0.00166544647
439.9,0.376535768,-0.00165752789
439.933333,0.376480517,-0.00164402518
439.966667,0.376425716,-0.00163083783
440,0.376371355,-0.00161764638
440.033333,0.376317433,-0.00160342608
440.066667,0.376263986,-0.0015825641
440.1,0.376211234,-0.00156225226
440.133333,0.376159159,-0.00154355469
440.166667,0.376107707,-0.00152402462
440.2,0.376056906,-0.00149773805
440.233333,0.376006981,-0.00147112721
440.266667,0.375957944,-0.0014481973
440.3,0.37590967,-0.00142468988
440.333333,0.375862181,-0.0013951419
440.366667,0.375815676,-0.00136359967
440.4,0.375770223,-0.00133798022
440.433333,0.375725623,-0.00131206528
440.466667,0.375681888,-0.00128141924
440.5,0.375639174,-0.00124668469
440.533333,0.375597618,-0.00122000231
440.566667,0.375556951,-0.00119331141
440.6,0.375517174,-0.00116353735
440.633333,0.375478389,-0.00112761939
440.666667,0.375440802,-0.00110151646
440.7,0.375404085,-0.00107568716
440.733333,0.375368229,-0.00104850713
440.766667,0.375333278,-0.00101359478
440.8,0.375299492,-0.00098962098
440.833333,0.375266505,-0.000966165857
440.866667,0.375234299,-0.000942905073
440.9,0.375202869,-0.000911121717
440.933333,0.375172498,-0.000890579175
440.966667,0.375142812,-0.000870752338
441,0.375113787,-0.000851646473
441.033333,0.375085399,-0.000826185066
441.066667,0.375057859,-0.000809476487
441.1,0.375030877,-0.000794254111
441.133333,0.375004402,-0.00077989301
441.166667,0.374978405,-0.000762095768
441.2,0.374953002,-0.000750056419
441.233333,0.374928,-0.000740049826
441.266667,0.374903332,-0.000731025604
441.3,0.374878964,-0.000721464048
441.333333,0.374854916,-0.000717144198
441.366667,0.374831011,-0.00071584276
441.4,0.374807149,-0.000716511557
441.433333,0.374783266,-0.000721251656
441.466667,0.374759224,-0.000729898718
441.5,0.374734894,-0.000739644238
441.533333,0.374710239,-0.000751164359
441.566667,0.3746852,-0.000768501189
441.6,0.374659584,-0.000789681975
441.633333,0.374633261,-0.00080897536
441.666667,0.374606295,-0.000829705679
441.7,0.374578638,-0.000856503859
441.733333,0.374550088,-0.000888701845
441.766667,0.374520465,-0.000915410172
441.8,0.374489951,-0.000943140451
441.833333,0.374458513,-0.000976002497
441.866667,0.37442598,-0.00101687975
441.9,0.374392084,-0.00104848941
441.933333,0.374357134,-0.00108064408
441.966667,0.374321112,-0.00111614599
442,0.374283908,-0.00116256124
442.033333,0.374245156,-0.00119625473
442.066667,0.37420528,-0.0012299901
442.1,0.374164281,-0.00126488019
442.133333,0.374122118,-0.00131313171
442.166667,0.374078347,-0.00134608051
442.2,0.374033478,-0.00137859897
442.233333,0.373987524,-0.00141067296
442.266667,0.373940502,-0.00145583391
442.3,0.373891974,-0.00148594128
442.333333,0.373842443,-0.00151466135
442.366667,0.373791954,-0.00154250849
442.4,0.373740537,-0.00157923706
442.433333,0.373687896,-0.00160487906
442.466667,0.3736344,-0.00162754182
442.5,0.373580148,-0.00164898468
442.533333,0.373525182,-0.00167513129
442.566667,0.373469345,-0.0016937769
442.6,0.373412885,-0.00170868889
442.633333,0.373355929,-0.00172214571
442.666667,0.373298524,-0.00173662943
442.7,0.373240637,-0.00174616883
442.733333,0.373182431,-0.00175224531
442.766667,0.373124023,-0.00175673613
442.8,0.373065465,-0.00175939203
442.833333,0.373006818,-0.0017582422
442.866667,0.37294821,-0.00175502854
442.9,0.372889709,-0.00175022357
442.933333,0.372831369,-0.0017417915
442.966667,0.372773309,-0.00172914624
443,0.372715671,-0.00171690722
443.033333,0.37265844,-0.00170319087
443.066667,0.372601667,-0.00168519578
443.1,0.372545494,-0.00166107479
443.133333,0.372490125,-0.00164067922
443.166667,0.372435436,-0.00161901381
443.2,0.372381469,-0.00159347582
443.233333,0.372328353,-0.00155869113
443.266667,0.372276396,-0.00153152846
443.3,0.372225345,-0.00150339441
443.333333,0.372175232,-0.00147269284
443.366667,0.372126143,-0.00142891753
443.4,0.372078512,-0.00139684146
443.433333,0.372031951,-0.00136415097
443.466667,0.371986479,-0.00133080631
443.5,0.371942119,-0.00128040778
443.533333,0.371899438,-0.00124551584
443.566667,0.371857921,-0.00121039066
443.6,0.371817575,-0.00117504447
443.633333,0.371778407,-0.00112438589
443.666667,0.371740927,-0.00108714157
443.7,0.371704689,-0.00105180384
443.733333,0.371669629,-0.00101663614
443.766667,0.371635741,-0.00096892239
443.8,0.371603444,-0.000931559878
443.833333,0.371572392,-0.000898184194
443.866667,0.371542452,-0.000865338167
443.9,0.371513608,-0.000823143286
443.933333,0.37148617,-0.000788024897
443.966667,0.371459902,-0.000758532717
444,0.371434618,-0.000729875614
444.033333,0.371410288,-0.0006951063
444.066667,0.371387118,-0.000664528873
444.1,0.371364967,-0.000640519363
444.133333,0.371343617,-0.000617585378
444.166667,0.37132303,-0.000591473903
444.2,0.371303315,-0.000567508421
444.233333,0.371284398,-0.00055014916
444.266667,0.371266059,-0.000534014424
444.3,0.371248259,-0.000517030966
444.333333,0.371231025,-0.000501285508
444.366667,0.371214315,-0.000491211178
444.4,0.371197941,-0.000482418316
444.433333,0.371181861,-0.000474330095
444.466667,0.37116605,-0.000467866845
444.5,0.371150454,-0.000465210555
444.533333,0.371134947,-0.000463803808
444.566667,0.371119487,-0.000463808967
444.6,0.371104027,-0.000467052419
444.633333,0.371088458,-0.000471429916
444.666667,0.371072744,-0.00047693218
444.7,0.371056846,-0.00048372801
444.733333,0.371040722,-0.000496355696
444.766667,0.371024177,-0.000506894592
444.8,0.37100728,-0.000518362294
444.833333,0.370990002,-0.000530751718
444.866667,0.37097231,-0.000550907218
444.9,0.370953946,-0.000566803482
444.933333,0.370935053,-0.000582948403
444.966667,0.370915621,-0.000599761537
445,0.370895629,-0.0006246263
445.033333,0.370874808,-0.000644946258
445.066667,0.37085331,-0.000664197378
445.1,0.37083117,-0.000683822671
445.133333,0.370808376,-0.000710838256
445.166667,0.370784681,-0.000734055084
445.2,0.370760213,-0.000754694721
445.233333,0.370735056,-0.000775405772
445.266667,0.37070921,-0.000802178707
445.3,0.37068247,-0.000826492781
445.333333,0.370654921,-0.000846804066
445.366667,0.370626694,-0.000866892066
445.4,0.370597797,-0.000891328025
445.433333,0.370568086,-0.000914757705
445.466667,0.370537594,-0.000933105599
445.5,0.370506491,-0.000950962553
445.533333,0.370474792,-0.000971366179
445.566667,0.370442413,-0.000991906542
445.6,0.37040935,-0.00100687323
445.633333,0.370375787,-0.00102113335
445.666667,0.37034175,-0.00103633576
445.7,0.370307205,-0.0010521474
445.733333,0.370272133,-0.00106262955
445.766667,0.370236712,-0.00107224817
445.8,0.370200971,-0.00108160985
445.833333,0.370164917,-0.0010911205
445.866667,0.370128547,-0.00109636182
445.9,0.370092001,-0.00110065176
445.933333,0.370055313,-0.00110404292
445.966667,0.370018511,-0.00110609561
446,0.369981641,-0.00110575483
446.033333,0.369944783,-0.00110445158
446.066667,0.369907968,-0.00110218649
446.1,0.369871228,-0.00109626097
446.133333,0.369834686,-0.00109036427
446.166667,0.369798341,-0.00108361122
446.2,0.36976222,-0.00107595554
446.233333,0.369726355,-0.00106294597
446.266667,0.369690924,-0.00105146081
446.3,0.369655875,-0.00103977107
446.333333,0.369621216,-0.00102730263
446.366667,0.369586973,-0.00100863672
446.4,0.369553351,-0.000991919142
446.433333,0.369520287,-0.00097615161
446.466667,0.369487749,-0.000959783131
446.5,0.369455756,-0.000937173802
446.533333,0.369424517,-0.000916000454
446.566667,0.369393984,-0.000897264608
446.6,0.369364075,-0.000878139466
446.633333,0.369334804,-0.000853396079
446.666667,0.369306357,-0.000828903771
446.7,0.369278727,-0.00080847103
446.733333,0.369251778,-0.000787883029
446.766667,0.369225515,-0.00076279457
446.8,0.369200089,-0.000736434945
446.833333,0.369175541,-0.000715663574
446.866667,0.369151685,-0.000694973983
446.9,0.36912852,-0.000671177077
446.933333,0.369106147,-0.000644594891
446.966667,0.369084661,-0.00062480888
447,0.369063834,-0.000605324917
447.033333,0.369043656,-0.000584174418
447.066667,0.369024184,-0.000559078954
447.1,0.369005548,-0.000541484477
447.133333,0.368987498,-0.000524385106
447.166667,0.368970019,-0.00050690598
447.2,0.368953122,-0.000484971241
447.233333,0.368936956,-0.000470589887
447.266667,0.36892127,-0.000456853556
447.3,0.368906041,-0.000443692777
447.333333,0.368891252,-0.000426405281
447.366667,0.368877038,-0.000415988845
447.4,0.368863172,-0.000406314768
447.433333,0.368849628,-0.000397385047
447.466667,0.368836382,-0.000386597613
447.5,0.368823495,-0.000380264612
447.533333,0.36881082,-0.000375052676
447.566667,0.368798318,-0.000370626324
447.6,0.368785964,-0.000366390651
447.633333,0.368773751,-0.00036466044
447.666667,0.368761595,-0.000363993088
447.7,0.368749462,-0.000364093961
447.733333,0.368737326,-0.000365862869
447.766667,0.36872513,-0.000368991946
447.8,0.368712831,-0.000372628782
447.833333,0.36870041,-0.000376963211
447.866667,0.368687844,-0.000383829339
447.9,0.36867505,-0.000391721189
447.933333,0.368661993,-0.000399145948
447.966667,0.368648688,-0.00040715333
448,0.368635116,-0.000417966112
448.033333,0.368621184,-0.000430166999
448.066667,0.368606845,-0.000440626977
448.1,0.368592157,-0.000451516987
448.133333,0.368577107,-0.00046497199
448.166667,0.368561608,-0.000480678279
448.2,0.368545585,-0.000493239953
448.233333,0.368529144,-0.000506056456
448.266667,0.368512275,-0.000520817574
448.3,0.368494915,-0.000538946223
448.333333,0.36847695,-0.000552582486
448.366667,0.36845853,-0.000566289306
448.4,0.368439654,-0.000581098925
448.433333,0.368420284,-0.000600358391
448.466667,0.368400272,-0.000614012761
448.5,0.368379805,-0.00062755554
448.533333,0.368358886,-0.000641304682
448.566667,0.36833751,-0.000660275201
448.6,0.3683155,-0.000672935529
448.633333,0.368293069,-0.000685319977
448.666667,0.368270225,-0.000697423853
448.7,0.368246978,-0.000714084552
448.733333,0.368223175,-0.000725161591
448.766667,0.368199003,-0.00073552764
448.8,0.368174485,-0.000745477774
448.833333,0.368149636,-0.000758288122
448.866667,0.36812436,-0.000767167996
448.9,0.368098787,-0.00077483154
448.933333,0.36807296,-0.000781979359
448.966667,0.368046894,-0.0007904144
449,0.368020547,-0.000796283996
449.033333,0.367994004,-0.000800784344
449.066667,0.367967311,-0.000804712694
449.1,0.367940487,-0.000808632087
449.133333,0.367913533,-0.00081088201
449.166667,0.367886503,-0.000812007445
449.2,0.367859437,-0.000812548288
449.233333,0.367832352,-0.000812155974
449.266667,0.36780528,-0.000810423721
449.3,0.367778266,-0.00080820564
449.333333,0.367751325,-0.000805433249
449.366667,0.367724478,-0.000801223377
449.4,0.36769777,-0.000795436737
449.433333,0.367671256,-0.000790145996
449.466667,0.367644917,-0.000784371673
449.5,0.367618772,-0.000777071857
449.533333,0.367592869,-0.000767470137
449.566667,0.367567287,-0.000759587056
449.6,0.367541967,-0.000751322717
449.633333,0.367516923,-0.000741803798
449.666667,0.367492197,-0.000728916068
449.7,0.367467899,-0.000719081002
449.733333,0.36744393,-0.000708990871
449.766667,0.367420297,-0.000698185486
449.8,0.367397024,-0.000682806921
449.833333,0.367374264,-0.00067177789
449.866667,0.367351871,-0.000660634479
449.9,0.36732985,-0.000649381155
449.933333,0.367308204,-0.000632692564
449.966667,0.367287114,-0.000621198438
450,0.367266408,-0.000609817675
450.033333,0.36724608,-0.000598469589
450.066667,0.367226131,-0.000582579666
450.1,0.367206712,-0.000570944607
450.133333,0.367187681,-0.000560126208
450.166667,0.36716901,-0.000549475812
450.2,0.367150694,-0.000535394044
450.233333,0.367132847,-0.000524467172
450.266667,0.367115365,-0.000514946184
450.3,0.3670982,-0.000505711561
450.333333,0.367081343,-0.000494219019
450.366667,0.367064869,-0.000484838686
450.4,0.367048708,-0.000477229942
450.433333,0.3670328,-0.000470000153
450.466667,0.367017134,-0.000461607371
450.5,0.367001747,-0.00045453226
450.533333,0.366986596,-0.00044929418
450.566667,0.366971619,-0.000444497822
450.6,0.366956803,-0.000439443403
450.633333,0.366942155,-0.000435298209
450.666667,0.366927645,-0.000432711573
450.7,0.366913221,-0.000430595521
450.733333,0.366898868,-0.000428854038
450.766667,0.366884573,-0.000428069556
450.8,0.366870304,-0.000428218765
450.833333,0.36685603,-0.000428832474
450.866667,0.366841735,-0.000430139591
450.9,0.366827397,-0.00043291377
450.933333,0.366812967,-0.000435692558
450.966667,0.366798444,-0.000438230138
451,0.366783836,-0.000444108752
451.033333,0.366769032,-0.000448691596
451.066667,0.366754076,-0.00045366654
451.1,0.366738954,-0.000459014892
451.133333,0.366723653,-0.000467614416
451.166667,0.366708066,-0.000474466547
451.2,0.366692251,-0.000481376998
451.233333,0.366676205,-0.000488572712
451.266667,0.366659919,-0.000499164296
451.3,0.36664328,-0.000507957514
451.333333,0.366626348,-0.000516254681
451.366667,0.36660914,-0.000524733498
451.4,0.366591649,-0.000536391632
451.433333,0.366573769,-0.000546605597
451.466667,0.366555549,-0.000555671678
451.5,0.366537026,-0.000564807351
451.533333,0.366518199,-0.000576630454
451.566667,0.366498978,-0.000587613233
451.6,0.366479391,-0.000596802942
451.633333,0.366459498,-0.00060595037
451.666667,0.366439299,-0.000617124381
451.7,0.366418729,-0.00062814324
451.733333,0.366397791,-0.000636834275
451.766667,0.366376563,-0.000645379955
451.8,0.36635505,-0.000655233746
451.833333,0.366333209,-0.000665531558
451.866667,0.366311025,-0.000673165535
451.9,0.366288586,-0.000680565879
451.933333,0.3662659,-0.000688600118
451.966667,0.366242947,-0.00069744783
452,0.366219699,-0.000703563708
452.033333,0.366196246,-0.000709378704
452.066667,0.366172601,-0.000715285558
452.1,0.366148758,-0.000722043729
452.133333,0.36612469,-0.000726309917
452.166667,0.366100479,-0.000730233095
452.2,0.366076138,-0.000733900853
452.233333,0.366051675,-0.000738070924
452.266667,0.366027072,-0.000740300295
452.3,0.366002396,-0.000742170829
452.333333,0.365977657,-0.000743682443
452.366667,0.365952867,-0.000744909625
452.4,0.365928037,-0.000745082044
452.433333,0.365903201,-0.000744889971
452.466667,0.365878371,-0.000744351217
452.5,0.365853559,-0.000742753216
452.533333,0.365828801,-0.000740867564
452.566667,0.365804105,-0.000738750687
452.6,0.36577948,-0.000736324021
452.633333,0.365754936,-0.0007323666
452.666667,0.365730524,-0.000728491184
452.7,0.365706241,-0.0007247157
452.733333,0.365682084,-0.000720687872
452.766667,0.365658061,-0.000714952991
452.8,0.365634229,-0.000709314969
452.833333,0.365610585,-0.00070425271
452.866667,0.36558711,-0.000699011767
452.9,0.36556381,-0.000692146899
452.933333,0.365540738,-0.00068512336
452.966667,0.365517901,-0.000679222825
453,0.36549526,-0.000673227015
453.033333,0.365472819,-0.000665888276
453.066667,0.365450623,-0.000657978235
453.1,0.36542869,-0.000651727112
453.133333,0.365406966,-0.000645467381
453.166667,0.36538545,-0.000638268157
453.2,0.365364175,-0.000630058352
453.233333,0.365343173,-0.000623949737
453.266667,0.365322375,-0.0006179166
453.3,0.365301777,-0.000611389416
453.333333,0.365281398,-0.000603514261
453.366667,0.365261281,-0.000598012398
453.4,0.365241347,-0.000592661075
453.433333,0.365221591,-0.00058722409
453.466667,0.365202017,-0.000580314928
453.5,0.365182674,-0.000575821755
453.533333,0.365163479,-0.000571540276
453.566667,0.365144428,-0.000567472209
453.6,0.365125512,-0.000562121517
453.633333,0.365106775,-0.000558948127
453.666667,0.365088143,-0.000556035545
453.7,0.365069609,-0.000553379356
453.733333,0.365051163,-0.000550281769
453.766667,0.36503282,-0.000548537251
453.8,0.365014536,-0.000547185242
453.833333,0.364996296,-0.000546112254
453.866667,0.364978092,-0.000545300125
453.9,0.364959916,-0.000545240848
453.933333,0.364941741,-0.000545524049
453.966667,0.364923557,-0.000546088123
454,0.364905354,-0.000547426529
454.033333,0.364887106,-0.000549195662
454.066667,0.3648688,-0.000551073434
454.1,0.364850431,-0.000553213933
454.133333,0.36483199,-0.00055642813
454.166667,0.364813443,-0.00056003895
454.2,0.364794775,-0.00056336148
454.233333,0.364775996,-0.000566910406
454.266667,0.364757099,-0.00057161811
454.3,0.364738045,-0.000576947102
454.333333,0.364718813,-0.000581470244
454.366667,0.364699431,-0.000586169034
454.4,0.364679892,-0.000591921867
454.433333,0.364660161,-0.000598716363
454.466667,0.364640204,-0.000604124086
454.5,0.364620067,-0.000609646395
454.533333,0.364599745,-0.000615970259
454.566667,0.364579213,-0.000623862627
454.6,0.364558417,-0.000629790405
454.633333,0.364537424,-0.000635765969
454.666667,0.364516232,-0.000642197673
454.7,0.364494826,-0.000650729347
454.733333,0.364473135,-0.000656791917
454.766667,0.364451242,-0.000662835119
454.8,0.364429147,-0.000668957855
454.833333,0.364406848,-0.000677614057
454.866667,0.364384261,-0.000683433998
454.9,0.36436148,-0.000689171658
454.933333,0.364338508,-0.000694825206
454.966667,0.364315347,-0.000702702517
455,0.364291924,-0.000708118679
455.033333,0.36426832,-0.000713213984
455.066667,0.364244546,-0.000718171177
455.1,0.364220607,-0.000724697604
455.133333,0.36419645,-0.000729448133
455.166667,0.364172135,-0.000733623689
455.2,0.364147681,-0.000737619521
455.233333,0.364123094,-0.000742558252
455.266667,0.364098342,-0.000746317236
455.3,0.364073465,-0.000749371675
455.333333,0.364048486,-0.000752219325
455.366667,0.364023412,-0.000755468843
455.4,0.363998229,-0.000757973086
455.433333,0.363972964,-0.000759790628
455.466667,0.363947637,-0.000761390251
455.5,0.363922257,-0.000762977876
455.533333,0.363896825,-0.000764051081
455.566667,0.363871357,-0.000764607142
455.6,0.36384587,-0.0007649503
455.633333,0.363820371,-0.000765017684
455.666667,0.363794871,-0.000764587205
455.7,0.363769384,-0.000763945769
455.733333,0.36374392,-0.000763111255
455.766667,0.363718483,-0.000761890161
455.8,0.363693086,-0.000759994111
455.833333,0.363667753,-0.000758298665
455.866667,0.363642476,-0.000756442898
455.9,0.363617262,-0.000754228515
455.933333,0.363592121,-0.000751017269
455.966667,0.363567087,-0.000748478543
456,0.363542138,-0.000745822319
456.033333,0.363517277,-0.000742944641
456.066667,0.363492512,-0.000738672179
456.1,0.36346789,-0.000735549906
456.133333,0.363443371,-0.000732359265
456.166667,0.363418959,-0.000729101848
456.2,0.363394656,-0.000724209365
456.233333,0.363370516,-0.000720740794
456.266667,0.363346491,-0.000717306688
456.3,0.363322581,-0.000713857698
456.333333,0.363298785,-0.000708998219
456.366667,0.363275152,-0.00070535436
456.4,0.36325164,-0.000701972036
456.433333,0.363228241,-0.000698625407
456.466667,0.363204954,-0.000694189538
456.5,0.363181814,-0.000690675838
456.533333,0.363158792,-0.000687623048
456.566667,0.363135871,-0.000684651518
456.6,0.363113049,-0.000680953929
456.633333,0.363090351,-0.000677881475
456.666667,0.363067755,-0.000675400347
456.7,0.363045241,-0.000673038182
456.733333,0.363022807,-0.000670303733
456.766667,0.363000463,-0.000667965562
456.8,0.362978198,-0.000666247767
456.833333,0.362955989,-0.000664676286
456.866667,0.362933833,-0.00066303243
456.9,0.362911732,-0.000661678639
456.933333,0.362889676,-0.000660853172
456.966667,0.362867648,-0.000660189507
457,0.362845642,-0.000659666798
457.033333,0.362823653,-0.000659484025
457.066667,0.36280167,-0.000659611567
457.1,0.362779683,-0.000659904098
457.133333,0.362757686,-0.000660445528
457.166667,0.362735671,-0.000661541498
457.2,0.36271362,-0.000662613348
457.233333,0.362691533,-0.000663841175
457.266667,0.362669405,-0.00066531552
457.3,0.362647228,-0.000667707244
457.333333,0.362624971,-0.000669648014
457.366667,0.362602649,-0.000671724796
457.4,0.362580258,-0.000673944905
457.433333,0.362557793,-0.000677555641
457.466667,0.362535208,-0.000680232111
457.5,0.362512534,-0.000683015704
457.533333,0.362489767,-0.000685905373
457.566667,0.362466903,-0.000690278466
457.6,0.362443894,-0.000693656457
457.633333,0.362420772,-0.000696960735
457.666667,0.36239754,-0.000700335321
457.7,0.362374195,-0.000705122941
457.733333,0.362350691,-0.000709041325
457.766667,0.362327057,-0.000712650755
457.8,0.362303302,-0.000716291132
457.833333,0.362279425,-0.000721164355
457.866667,0.362255386,-0.000725405694
457.9,0.362231206,-0.000729092359
457.933333,0.362206903,-0.000732770016
457.966667,0.362182477,-0.000737426925
458,0.362157897,-0.000741740459
458.033333,0.362133172,-0.000745279701
458.066667,0.362108329,-0.00074877214
458.1,0.36208337,-0.000752956241
458.133333,0.362058272,-0.000757076026
458.166667,0.362033036,-0.000760261937
458.2,0.362007694,-0.000763368144
458.233333,0.361982248,-0.000766883319
458.266667,0.361956685,-0.000770549294
458.3,0.361931,-0.000773208911
458.333333,0.361905227,-0.000775762882
458.366667,0.361879368,-0.000778481548
458.4,0.361853419,-0.000781458868
458.433333,0.36182737,-0.000783461915
458.466667,0.361801255,-0.000785341826
458.5,0.361775076,-0.000787206394
458.533333,0.361748836,-0.000789303805
458.566667,0.361722526,-0.000790570163
458.6,0.361696174,-0.000791705389
458.633333,0.361669784,-0.000792725582
458.666667,0.361643359,-0.00079381196
458.7,0.361616899,-0.000794315508
458.733333,0.361590422,-0.000794689424
458.766667,0.361563932,-0.000794933911
458.8,0.361537434,-0.000794947791
458.833333,0.361510936,-0.000794715412
458.866667,0.361484446,-0.000794363596
458.9,0.361457967,-0.000793893164
458.933333,0.361431504,-0.000792957657
458.966667,0.361405072,-0.000792011064
459,0.361378671,-0.000791017164
459.033333,0.361352304,-0.00078992337
459.066667,0.361325973,-0.000788242774
459.1,0.361299699,-0.000786643566
459.133333,0.361273477,-0.000785131178
459.166667,0.361247306,-0.000783543676
459.2,0.361221188,-0.000781350136
459.233333,0.361195143,-0.00077921251
459.266667,0.361169169,-0.000777334481
459.3,0.361143258,-0.000775410196
459.333333,0.361117411,-0.000772944196
459.366667,0.361091646,-0.000770428293
459.4,0.361065965,-0.000768355537
459.433333,0.361040354,-0.000766267268
459.466667,0.361014811,-0.000763759679
459.5,0.360989353,-0.000761060241
459.533333,0.360963984,-0.000758968595
459.566667,0.360938685,-0.000756891678
459.6,0.360913455,-0.000754547019
459.633333,0.360888304,-0.000751878744
459.666667,0.360863241,-0.000749936384
459.7,0.360838243,-0.000748036477
459.733333,0.360813309,-0.00074602106
459.766667,0.360788441,-0.000743603433
459.8,0.360763654,-0.000741960209
459.833333,0.360738922,-0.000740382707
459.866667,0.360714243,-0.000738816655
459.9,0.360689616,-0.000736856753
459.933333,0.360665054,-0.000735633967
459.966667,0.360640533,-0.0007344942
460,0.36061605,-0.000733437902
460.033333,0.360591602,-0.000732132586
460.066667,0.360567197,-0.000731406578
460.1,0.360542817,-0.000730783411
460.133333,0.360518458,-0.000730253931
460.166667,0.360494116,-0.00072974624
460.2,0.360469791,-0.000729559744
460.233333,0.360445472,-0.000729491883
460.266667,0.360421156,-0.000729520561
460.3,0.360396839,-0.000729781175
460.333333,0.360372513,-0.000730194618
460.366667,0.360348173,-0.000730679213
460.4,0.360323817,-0.000731255945
460.433333,0.360299442,-0.000732201638
460.466667,0.360275035,-0.000733232058
460.5,0.360250594,-0.000734227212
460.533333,0.36022612,-0.000735303601
460.566667,0.360201609,-0.000736809812
460.6,0.360177049,-0.000738428036
460.633333,0.360152435,-0.000739857301
460.666667,0.360127773,-0.000741351372
460.7,0.360103061,-0.000743265168
460.733333,0.360078286,-0.00074539598
460.766667,0.360053439,-0.000747154829
460.8,0.360028534,-0.000748957988
460.833333,0.360003569,-0.000751112594
460.866667,0.359978532,-0.000753639592
460.9,0.35995341,-0.000755604561
460.933333,0.359928223,-0.000757590942
460.966667,0.35990297,-0.000759820247
461,0.359877643,-0.000762593447
461.033333,0.359852223,-0.000764631159
461.066667,0.359826736,-0.000766666654
461.1,0.35980118,-0.0007688172
461.133333,0.359775553,-0.000771663041
461.166667,0.359749831,-0.000773639753
461.2,0.359724043,-0.000775591717
461.233333,0.35969819,-0.000777533232
461.266667,0.359672272,-0.000780267849
461.3,0.359646263,-0.000782059298
461.333333,0.359620194,-0.000783806072
461.366667,0.359594067,-0.000785507619
461.4,0.359567884,-0.000787812669
461.433333,0.359541623,-0.000789380542
461.466667,0.359515311,-0.000790819008
461.5,0.35948895,-0.000792196362
461.533333,0.359462544,-0.000793945034
461.566667,0.359436079,-0.000795187209
461.6,0.359409573,-0.000796239366
461.633333,0.359383031,-0.000797219527
461.666667,0.359356457,-0.000798363682
461.7,0.359329845,-0.000799182392
461.733333,0.359303206,-0.000799799776
461.766667,0.359276546,-0.000800339751
461.8,0.359249868,-0.000800878031
461.833333,0.359223172,-0.000801202852
461.866667,0.359196465,-0.000801368254
461.9,0.359169753,-0.000801456432
461.933333,0.359143038,-0.000801429404
461.966667,0.359116323,-0.000801223855
462,0.359089616,-0.000800951574
462.033333,0.359062917,-0.000800607661
462.066667,0.35903623,-0.000800090995
462.1,0.359009561,-0.000799356466
462.133333,0.358982916,-0.000798689792
462.166667,0.358956293,-0.000797961779
462.2,0.358929694,-0.0007970565
462.233333,0.358903125,-0.000795832772
462.266667,0.358876597,-0.000794839457
462.3,0.358850103,-0.000793798908
462.333333,0.358823643,-0.000792621176
462.366667,0.358797222,-0.000790984799
462.4,0.358770856,-0.000789751776
462.433333,0.358744531,-0.000788488245
462.466667,0.358718248,-0.000787159211
462.5,0.358692009,-0.000785218381
462.533333,0.358665835,-0.000783844623
462.566667,0.358639707,-0.000782458343
462.6,0.358613625,-0.000781060109
462.633333,0.35858759,-0.000779014913
462.666667,0.358561623,-0.000777569845
462.7,0.358535704,-0.000776164356
462.733333,0.358509832,-0.000774764895
462.766667,0.358484006,-0.000772832608
462.8,0.358458245,-0.000771382108
462.833333,0.358432532,-0.000770057145
462.866667,0.358406864,-0.000768754817
462.9,0.358381239,-0.00076705709
462.933333,0.35835567,-0.000765707167
462.966667,0.358330146,-0.000764551638
463,0.358304661,-0.000763432822
463.033333,0.358279214,-0.000762060295
463.066667,0.358253812,-0.000760913242
463.1,0.358228448,-0.000759999797
463.133333,0.358203115,-0.00075913381
463.166667,0.35817781,-0.000758143368
463.2,0.358152539,-0.000757289666
463.233333,0.358127296,-0.000756670367
463.266667,0.358102073,-0.000756105277
463.3,0.35807687,-0.000755519207
463.333333,0.358051686,-0.000755029779
463.366667,0.358026518,-0.000754733159
463.4,0.35800136,-0.000754493214
463.433333,0.357976211,-0.000754301311
463.466667,0.357951067,-0.00075422166
463.5,0.357925927,-0.000754252218
463.533333,0.357900785,-0.000754337664
463.566667,0.35787564,-0.000754501967
463.6,0.35785049,-0.000754847926
463.633333,0.357825329,-0.000755186679
463.666667,0.357800156,-0.000755574565
463.7,0.35777497,-0.000756035164
463.733333,0.357749769,-0.000756790621
463.766667,0.357724542,-0.000757397333
463.8,0.357699296,-0.000758044119
463.833333,0.357674028,-0.000758730661
463.866667,0.357648737,-0.000759839924
463.9,0.357623409,-0.000760661507
463.933333,0.357598053,-0.000761507252
463.966667,0.35757267,-0.000762381054
464,0.357547257,-0.000763682389
464.033333,0.357521801,-0.00076469197
464.066667,0.357496311,-0.000765665018
464.1,0.357470789,-0.000766652829
464.133333,0.357445234,-0.000768029877
464.166667,0.357419633,-0.000769158892
464.2,0.357393994,-0.000770181504
464.233333,0.357368322,-0.000771205102
464.266667,0.357342615,-0.000772548626
464.3,0.357316863,-0.00077371558
464.333333,0.357291073,-0.000774709645
464.366667,0.357265249,-0.000775691393
464.4,0.357239392,-0.000776906243
464.433333,0.357213496,-0.000778022498
464.466667,0.357187562,-0.000778914788
464.5,0.357161598,-0.000779782846
464.533333,0.357135605,-0.000780793407
464.566667,0.357109579,-0.000781769993
464.6,0.35708352,-0.000782497337
464.633333,0.357057436,-0.000783190749
464.666667,0.35703133,-0.000783944826
464.7,0.357005198,-0.000785243375
464.733333,0.356979024,-0.000787812543
464.766667,0.356952763,-0.000791678418
464.8,0.356926374,-0.000797932992
464.833333,0.356899776,-0.000809293682
464.866667,0.3568728,-0.000819958342
464.9,0.356845468,-0.000831934009
464.933333,0.356817737,-0.00084621216
464.966667,0.35678953,-0.000868390568
465,0.356760583,-0.000886071934
465.033333,0.356731047,-0.000904760842
465.066667,0.356700889,-0.000924720483
465.1,0.356670065,-0.000955985444
465.133333,0.356638199,-0.000978813986
465.166667,0.356605571,-0.00100229498
465.2,0.356572162,-0.00102641686
465.233333,0.356537948,-0.00106246617
465.266667,0.356502532,-0.00108930747
465.3,0.356466222,-0.00111546554
465.333333,0.35642904,-0.00114187854
465.366667,0.356390977,-0.00117884166
465.4,0.356351682,-0.00120790591
465.433333,0.356311419,-0.00123447544
465.466667,0.35627027,-0.00126090155
465.5,0.35622824,-0.00129567949
465.533333,0.35618505,-0.00132458975
465.566667,0.356140897,-0.00134938165
465.6,0.356095918,-0.00137367333
465.633333,0.356050129,-0.00140375549
465.666667,0.356003337,-0.00143010148
465.7,0.355955667,-0.00145119679
465.733333,0.355907294,-0.0014714827
465.766667,0.355858244,-0.0014949835
465.8,0.355808412,-0.00151638392
465.833333,0.355757865,-0.00153215042
465.866667,0.355706794,-0.00154686469
465.9,0.355655232,-0.00156255177
465.933333,0.355603146,-0.00157688586
465.966667,0.355550584,-0.00158615917
466,0.355497712,-0.00159423553
466.033333,0.35544457,-0.00160166859
466.066667,0.355391182,-0.00160732356
466.1,0.355337604,-0.00160947156
466.133333,0.355283955,-0.00161036203
466.166667,0.355230276,-0.00160975
466.2,0.355176618,-0.001605627
466.233333,0.355123097,-0.00160048992
466.266667,0.355069747,-0.00159412718
466.3,0.35501661,-0.00158623031
466.333333,0.354963735,-0.00157191334
466.366667,0.354911338,-0.00155988215
466.4,0.354859342,-0.00154675235
466.433333,0.354807784,-0.00153252898
466.466667,0.3547567,-0.00150900621
466.5,0.354706399,-0.00149062992
466.533333,0.354656712,-0.00147165945
466.566667,0.354607656,-0.00145178832
466.6,0.354559263,-0.00142179896
466.633333,0.35451187,-0.00139741172
466.666667,0.35446529,-0.00137386449
466.7,0.354419494,-0.00134966991
466.733333,0.354374505,-0.0013156069
466.766667,0.354330652,-0.00128637937
466.8,0.354287772,-0.00125982657
466.833333,0.354245778,-0.0012329187
466.866667,0.354204681,-0.00119725598
466.9,0.354164772,-0.0011647633
466.933333,0.354125947,-0.00113689561
466.966667,0.35408805,-0.00110896958
467,0.354051085,-0.00107398693
467.033333,0.354015285,-0.00104006784
467.066667,0.353980616,-0.00101258226
467.1,0.353946863,-0.000985333057
467.133333,0.353914019,-0.000953052177
467.166667,0.353882251,-0.000919759186
467.2,0.353851592,-0.000894292013
467.233333,0.353821782,-0.00086932633
467.266667,0.353792805,-0.000841375493
467.3,0.353764759,-0.000810758623
467.333333,0.353737734,-0.000788708973
467.366667,0.353711443,-0.000767373461
467.4,0.353685864,-0.000744854482
467.433333,0.353661036,-0.000718795078
467.466667,0.353637076,-0.000701268782
467.5,0.3536137,-0.000684616906
467.533333,0.35359088,-0.000668151082
467.566667,0.353568608,-0.000648292156
467.6,0.353546998,-0.000636066093
467.633333,0.353525796,-0.000624802999
467.666667,0.353504969,-0.000614504679
467.7,0.353484486,-0.00060206261
467.733333,0.353464417,-0.000595478767
467.766667,0.353444568,-0.00058988017
467.8,0.353424905,-0.000585258052
467.833333,0.353405396,-0.000581169109
467.866667,0.353386024,-0.000580056074
467.9,0.353366689,-0.000580020446
467.933333,0.353347355,-0.000580910303
467.966667,0.353327991,-0.000584245821
468,0.353308516,-0.000588877881
468.033333,0.353288887,-0.00059477916
468.066667,0.353269061,-0.000602231677
468.1,0.353248987,-0.000616056211
468.133333,0.353228452,-0.000632226456
468.166667,0.353207377,-0.000648540887
468.2,0.353185759,-0.000666584785
468.233333,0.35316354,-0.000692716277
468.266667,0.353140449,-0.00072097668
468.3,0.353116417,-0.000746388766
468.333333,0.353091537,-0.000773121983
468.366667,0.353065766,-0.000807898783
468.4,0.353038836,-0.000846242725
468.433333,0.353010628,-0.000878184553
468.466667,0.352981356,-0.000910956054
468.5,0.35295099,-0.000950462303
468.533333,0.352919308,-0.000996017572
468.566667,0.352886108,-0.00103159405
468.6,0.352851721,-0.00106747803
468.633333,0.352816139,-0.00110797507
468.666667,0.352779206,-0.00115724807
468.7,0.352740631,-0.00119343551
468.733333,0.35270085,-0.00122939823
468.766667,0.35265987,-0.00126749702
468.8,0.35261762,-0.00131651236
468.833333,0.352573736,-0.00135032476
468.866667,0.352528726,-0.00138342158
468.9,0.352482611,-0.00141632614
468.933333,0.352435401,-0.00146101587
468.966667,0.3523867,-0.00148979994
469,0.35233704,-0.00151745547
469.033333,0.352286458,-0.00154397106
469.066667,0.352234993,-0.00157888274
469.1,0.352182363,-0.00160124331
469.133333,0.352128988,-0.00162134898
469.166667,0.352074943,-0.00163999561
469.2,0.352020277,-0.00166222808
469.233333,0.351964869,-0.00167626922
469.266667,0.351908994,-0.00168731914
469.3,0.35185275,-0.00169671644
469.333333,0.351796192,-0.00170559989
469.366667,0.351739339,-0.00170943794
469.4,0.351682358,-0.00171066357
469.433333,0.351625336,-0.00171017157
469.466667,0.35156833,-0.00170610169
469.5,0.35151146,-0.0016985134
469.533333,0.351454843,-0.00168983904
469.566667,0.351398515,-0.00167950266
469.6,0.351342531,-0.00166374273
469.633333,0.351287073,-0.00164428456
469.666667,0.351232264,-0.00162633429
469.7,0.351178053,-0.00160690312
469.733333,0.351124489,-0.00158148379
469.766667,0.351071773,-0.00155062438
469.8,0.351020086,-0.00152468027
469.833333,0.350969263,-0.00149753401
469.866667,0.350919345,-0.00146498512
469.9,0.350870512,-0.00142402554
469.933333,0.350823045,-0.00139185065
469.966667,0.35077665,-0.00135882522
470,0.350731356,-0.00132190004
470.033333,0.350687292,-0.00127291661
470.066667,0.350644862,-0.0012366564
470.1,0.35060364,-0.00119995212
470.133333,0.350563641,-0.00116145878
470.166667,0.350524926,-0.00110722362
470.2,0.350488019,-0.00106924846
470.233333,0.350452377,-0.00103124784
470.266667,0.350418002,-0.000993234655
470.3,0.350384894,-0.000938054436
470.333333,0.350353626,-0.000900182804
470.366667,0.35032362,-0.000863244508
470.4,0.350294845,-0.000826697256
470.433333,0.350267288,-0.000776445269
470.466667,0.350241407,-0.000739714875
470.5,0.35021675,-0.000706061638
470.533333,0.350193214,-0.000673164522
470.566667,0.350170776,-0.000630385736
470.6,0.350149763,-0.000597231008
470.633333,0.350129855,-0.00056877216
470.666667,0.350110896,-0.000541361308
470.7,0.35009285,-0.000507796317
470.733333,0.350075924,-0.000480460276
470.766667,0.350059909,-0.000458657426
470.8,0.35004462,-0.000438111264
470.833333,0.350030016,-0.000414690886
470.866667,0.350016193,-0.00039509365
470.9,0.350003024,-0.000380919741
470.933333,0.349990326,-0.000368116356
470.966667,0.349978056,-0.000354988209
471,0.349966223,-0.00034454193
471.033333,0.349954738,-0.000338397438
471.066667,0.349943458,-0.000333631376
471.1,0.349932337,-0.000330181107
471.133333,0.349921331,-0.000329637798
471.166667,0.349910343,-0.00033134805
471.2,0.349899298,-0.000334350894
471.233333,0.349888153,-0.000339368431
471.266667,0.349876841,-0.000348795769
471.3,0.349865214,-0.000357677518
471.333333,0.349853292,-0.000367678474
471.366667,0.349841036,-0.000379511508
471.4,0.349828385,-0.000398234214
471.433333,0.349815111,-0.000413126002
471.466667,0.34980134,-0.000428888821
471.5,0.349787044,-0.000445583357
471.533333,0.349772191,-0.000472201752
471.566667,0.349756451,-0.000491578671
471.6,0.349740065,-0.000511531973
471.633333,0.349723014,-0.000532051811
471.666667,0.349705279,-0.000562576004
471.7,0.349686526,-0.000585690917
471.733333,0.349667003,-0.000608056006
471.766667,0.349646735,-0.00063066287
471.8,0.349625713,-0.000662159856
471.833333,0.349603641,-0.000687362402
471.866667,0.349580729,-0.000710256654
471.9,0.349557053,-0.000733064531
471.933333,0.349532618,-0.000762973444
471.966667,0.349507185,-0.000788298607
472,0.349480909,-0.000809899289
472.033333,0.349453912,-0.000831110372
472.066667,0.349426208,-0.000857300938
472.1,0.349397632,-0.000880695298
472.133333,0.349368275,-0.000899357313
472.166667,0.349338297,-0.000917365777
472.2,0.349307718,-0.000938212742
472.233333,0.349276444,-0.000957660797
472.266667,0.349244522,-0.000972004854
472.3,0.349212122,-0.000985491132
472.333333,0.349179272,-0.000999950469
472.366667,0.34914594,-0.00101366326
472.4,0.349112152,-0.0010226889
472.433333,0.349078062,-0.00103072622
472.466667,0.349043705,-0.00103837102
472.5,0.349009092,-0.00104493281
472.533333,0.348974261,-0.00104805775
472.566667,0.348939326,-0.00105013862
472.6,0.348904321,-0.00105109327
472.633333,0.348869285,-0.00104955281
472.666667,0.3488343,-0.00104662728
472.7,0.348799412,-0.00104268213
472.733333,0.348764656,-0.00103756508
472.766667,0.34873007,-0.00102755457
472.8,0.348695819,-0.00101887814
472.833333,0.348661856,-0.00100928102
472.866667,0.348628213,-0.00099876737
472.9,0.348594921,-0.000981225915
472.933333,0.348562214,-0.000967144473
472.966667,0.348529975,-0.000952646429
473,0.348498221,-0.000937393836
473.033333,0.348466974,-0.000914392815
473.066667,0.348436494,-0.000895308468
473.1,0.348406651,-0.00087697799
473.133333,0.348377418,-0.00085810594
473.166667,0.348348815,-0.000831645787
473.2,0.348321093,-0.000808545146
473.233333,0.348294142,-0.000787691561
473.266667,0.348267885,-0.000766540171
473.3,0.348242334,-0.000738672532
473.333333,0.348217711,-0.000712890205
473.366667,0.348193948,-0.00069094245
473.4,0.348170917,-0.00066895171
473.433333,0.348148619,-0.000641611803
473.466667,0.348127232,-0.000614744236
473.5,0.34810674,-0.000593159686
473.533333,0.348086968,-0.000571782981
473.566667,0.348067909,-0.000546682151
473.6,0.348049686,-0.000520487786
473.633333,0.348032336,-0.000500652877
473.666667,0.348015648,-0.000481251392
473.7,0.347999606,-0.000459756906
473.733333,0.347984281,-0.000436002435
473.766667,0.347969748,-0.00041912281
473.8,0.347955777,-0.000402862651
473.833333,0.347942348,-0.00038592784
473.866667,0.347929484,-0.000366264469
473.9,0.347917275,-0.00035330398
473.933333,0.347905498,-0.000341099946
473.966667,0.347894128,-0.000329253902
474,0.347883153,-0.000315099017
474.033333,0.34787265,-0.000306719418
474.066667,0.347862426,-0.000299172983
474.1,0.347852453,-0.000292461261
474.133333,0.347842705,-0.000284964152
474.166667,0.347833206,-0.000281429376
474.2,0.347823825,-0.000278794002
474.233333,0.347814532,-0.000277006462
474.266667,0.347805298,-0.000276605601
474.3,0.347796078,-0.000277975222
474.333333,0.347786812,-0.000280167096
474.366667,0.347777473,-0.00028316084
474.4,0.347768034,-0.000289044598
474.433333,0.3477584,-0.000295426235
474.466667,0.347748552,-0.000302032585
474.5,0.347738484,-0.000309338895
474.533333,0.347728173,-0.000320335327
474.566667,0.347717495,-0.000331452582
474.6,0.347706447,-0.000341773631
474.633333,0.347695054,-0.000352649098
474.666667,0.347683299,-0.000367362859
474.7,0.347671054,-0.00038257832
474.733333,0.347658301,-0.000395697949
474.766667,0.347645111,-0.000409194167
474.8,0.347631472,-0.00042612984
474.833333,0.347617267,-0.00044447223
474.866667,0.347602452,-0.000459318409
474.9,0.347587141,-0.000474343676
474.933333,0.347571329,-0.000492014205
474.966667,0.347554929,-0.000512240153
475,0.347537854,-0.000527669933
475.033333,0.347520265,-0.000543078974
475.066667,0.347502163,-0.000560128186
475.1,0.347483492,-0.000580824129
475.133333,0.347464131,-0.000595712019
475.166667,0.347444274,-0.000610389717
475.2,0.347423928,-0.000625674871
475.233333,0.347403072,-0.000645347705
475.266667,0.34738156,-0.000658651857
475.3,0.347359605,-0.000671579563
475.333333,0.347337219,-0.000684226443
475.366667,0.347314412,-0.000701415874
475.4,0.347291031,-0.000712253942
475.433333,0.347267289,-0.000722585239
475.466667,0.347243203,-0.000732406489
475.5,0.347218789,-0.000745063719
475.533333,0.347193954,-0.000753141832
475.566667,0.347168849,-0.000760252432
475.6,0.347143508,-0.000766766179
475.633333,0.347117949,-0.000774305356
475.666667,0.347092139,-0.000778963963
475.7,0.347066173,-0.000782479212
475.733333,0.34704009,-0.000785357986
475.766667,0.347013912,-0.000787803053
475.8,0.346987652,-0.000788515464
475.833333,0.346961368,-0.000788334738
475.866667,0.34693509,-0.000787526753
475.9,0.346908839,-0.000785273703
475.933333,0.346882663,-0.000781797566
475.966667,0.346856603,-0.000778085431
476,0.346830667,-0.00077379955
476.033333,0.346804874,-0.000767537349
476.066667,0.346779289,-0.000759936406
476.1,0.346753958,-0.000753096856
476.133333,0.346728855,-0.000745776966
476.166667,0.346703996,-0.000736411247
476.2,0.346679449,-0.000725070507
476.233333,0.34665528,-0.000715716419
476.266667,0.346631422,-0.000706006946
476.3,0.346607889,-0.000694572479
476.333333,0.346584736,-0.000680175839
476.366667,0.346562064,-0.000669071647
476.4,0.346539762,-0.000657757059
476.433333,0.346517836,-0.000645317351
476.466667,0.346496326,-0.000628798051
476.5,0.346475366,-0.000616799946
476.533333,0.346454806,-0.000604746661
476.566667,0.346434648,-0.000592315825
476.6,0.346414904,-0.000574802103
476.633333,0.346395744,-0.000562800355
476.666667,0.346376984,-0.000550896723
476.7,0.34635862,-0.000539095813
476.733333,0.346340651,-0.000522370404
476.766667,0.346323238,-0.000510946986
476.8,0.346306207,-0.00050003399
476.833333,0.346289539,-0.000489362831
476.866667,0.346273227,-0.000475103232
476.9,0.34625739,-0.000464808722
476.933333,0.346241896,-0.000455627296
476.966667,0.346226709,-0.000446804822
477,0.346211815,-0.000435760143
477.033333,0.34619729,-0.00042743775
477.066667,0.346183042,-0.000420582677
477.1,0.346169023,-0.000414173157
477.133333,0.346155217,-0.000406785096
477.166667,0.346141657,-0.000401168066
477.2,0.346128285,-0.000397047415
477.233333,0.34611505,-0.000393423594
477.266667,0.346101936,-0.00038982428
477.3,0.346088942,-0.000387477265
477.333333,0.346076026,-0.000386296262
477.366667,0.346063149,-0.00038562668
477.4,0.346050295,-0.000385666629
477.433333,0.34603744,-0.000386938374
477.466667,0.346024542,-0.000388692765
477.5,0.346011585,-0.000390935895
477.533333,0.345998554,-0.000394218843
477.566667,0.345985413,-0.000399201955
477.6,0.345972107,-0.000403683365
477.633333,0.345958651,-0.00040859722
477.666667,0.345945031,-0.000414536645
477.7,0.345931213,-0.000423057389
477.733333,0.345917111,-0.000429880739
477.766667,0.345902781,-0.000437052405
477.8,0.345888213,-0.000444940024
477.833333,0.345873382,-0.000456565288
477.866667,0.345858163,-0.000465200599
477.9,0.345842656,-0.000474078538
477.933333,0.345826854,-0.000483195605
477.966667,0.345810747,-0.000497155552
478,0.345794175,-0.000507017718
478.033333,0.345777275,-0.000516955431
478.066667,0.345760043,-0.000527013874
478.1,0.345742476,-0.000541503315
478.133333,0.345724426,-0.000552378886
478.166667,0.345706013,-0.000562687047
478.2,0.345687257,-0.000572994383
478.233333,0.345668157,-0.000587022328
478.266667,0.345648589,-0.00059822112
478.3,0.345628649,-0.000608213506
478.333333,0.345608375,-0.000618088613
478.366667,0.345587772,-0.000630798027
478.4,0.345566745,-0.000641574021
478.433333,0.34554536,-0.000650615855
478.466667,0.345523672,-0.000659437901
478.5,0.345501691,-0.00067015896
478.533333,0.345479353,-0.000679771303
478.566667,0.345456693,-0.000687323208
478.6,0.345433783,-0.000694573022
478.633333,0.34541063,-0.000702850986
478.666667,0.345387202,-0.000710618763
478.7,0.345363515,-0.00071626681
478.733333,0.345339639,-0.000721555462
478.766667,0.345315587,-0.000727159108
478.8,0.345291349,-0.000732516462
478.833333,0.345266931,-0.000735997349
478.866667,0.345242398,-0.000739090178
478.9,0.345217762,-0.000742008562
478.933333,0.345193028,-0.000744555009
478.966667,0.34516821,-0.000745768862
479,0.345143351,-0.000746594905
479.033333,0.345118464,-0.000747011911
479.066667,0.345093564,-0.000746543707
479.1,0.345068679,-0.000745551348
479.133333,0.345043827,-0.000744199129
479.166667,0.345019021,-0.000742456547
479.2,0.344994272,-0.000738988272
479.233333,0.344969639,-0.000736002489
479.266667,0.344945106,-0.000732709733
479.3,0.344920682,-0.000729112037
479.333333,0.344896378,-0.000723190888
479.366667,0.344872272,-0.000718401172
479.4,0.344848325,-0.000713530839
479.433333,0.344824541,-0.000708428637
479.466667,0.344800927,-0.000700848918
479.5,0.344777565,-0.000694524363
479.533333,0.344754414,-0.000688532836
479.566667,0.344731463,-0.000682396028
479.6,0.344708717,-0.000673927315
479.633333,0.344686252,-0.00066650641
479.666667,0.344664035,-0.000659910181
479.7,0.344642038,-0.000653262108
479.733333,0.344620263,-0.000644653591
479.766667,0.344598775,-0.000636682074
479.8,0.344577552,-0.000630017736
479.833333,0.344556551,-0.00062339444
479.866667,0.344535771,-0.000615319253
479.9,0.344515261,-0.000607409097
479.933333,0.344495014,-0.000601194695
479.966667,0.344474974,-0.000595107463
480,0.344455137,-0.000588122908
480.033333,0.344435533,-0.000580909429
480.066667,0.344416169,-0.000575611077
480.1,0.344396982,-0.000570513303
480.133333,0.344377965,-0.000565032135
480.166667,0.344359131,-0.000559124204
480.2,0.344340493,-0.000555124137
480.233333,0.344321989,-0.00055138033
480.266667,0.34430361,-0.000547653511
480.3,0.344285355,-0.000543584752
480.333333,0.344267235,-0.000541158437
480.366667,0.344249197,-0.000539023522
480.4,0.344231229,-0.000537141051
480.433333,0.344213324,-0.00053532979
480.466667,0.34419548,-0.000534632525
480.5,0.344177659,-0.000534239405
480.533333,0.344159851,-0.000534150479
480.566667,0.344142046,-0.000534845559
480.6,0.344124218,-0.000535913932
480.633333,0.344106354,-0.000537267663
480.666667,0.344088445,-0.000538914956
480.7,0.344070481,-0.000541943652
480.733333,0.344052417,-0.000544813609
480.766667,0.344034256,-0.000547797679
480.8,0.344015996,-0.000551044261
480.833333,0.343997628,-0.000556013189
480.866667,0.343979094,-0.000560628009
480.9,0.343960407,-0.000565017609
480.933333,0.343941573,-0.00056962106
480.966667,0.343922585,-0.000576037101
481,0.343903384,-0.000582204868
481.033333,0.343883977,-0.000587685646
481.066667,0.343864388,-0.000593318288
481.1,0.34384461,-0.000600634806
481.133333,0.343824589,-0.000608039735
481.166667,0.343804321,-0.000614234733
481.2,0.343783847,-0.000620511448
481.233333,0.343763163,-0.000628175516
481.266667,0.343742224,-0.000636398763
481.3,0.343721011,-0.000642896876
481.333333,0.343699581,-0.000649403448
481.366667,0.343677934,-0.000656895856
481.4,0.343656037,-0.000665442785
481.433333,0.343633856,-0.000671827706
481.466667,0.343611462,-0.000678150258
481.5,0.343588857,-0.000685020972
481.533333,0.343566023,-0.000693358287
481.566667,0.343542911,-0.000699238915
481.6,0.343519603,-0.000704993792
481.633333,0.343496103,-0.000710889096
481.666667,0.343472407,-0.000718484439
481.7,0.343448457,-0.000723520261
481.733333,0.34342434,-0.000728378315
481.766667,0.343400061,-0.000733057141
481.8,0.343375625,-0.00073941409
481.833333,0.343350978,-0.000743337881
481.866667,0.3433262,-0.000747044982
481.9,0.343301299,-0.000750536313
481.933333,0.343276281,-0.000754932099
481.966667,0.343251117,-0.000757717528
482,0.343225859,-0.000760109891
482.033333,0.343200522,-0.000762266822
482.066667,0.343175113,-0.000764669668
482.1,0.343149624,-0.000766096642
482.133333,0.343124088,-0.00076710719
482.166667,0.343098518,-0.000767880014
482.2,0.343072922,-0.00076839841
482.233333,0.343047308,-0.000768341698
482.266667,0.343021697,-0.000768000996
482.3,0.342996097,-0.000767437277
482.333333,0.342970516,-0.000766299268
482.366667,0.342944972,-0.000764742937
482.4,0.342919481,-0.000763173533
482.433333,0.342894042,-0.000761410895
482.466667,0.342868661,-0.000758934517
482.5,0.342843364,-0.000755975629
482.533333,0.342818164,-0.000753378496
482.566667,0.342793052,-0.000750630172
482.6,0.342768031,-0.0007471899
482.633333,0.342743124,-0.000743034755
482.666667,0.342718357,-0.000739672664
482.7,0.342693701,-0.000736210341
482.733333,0.342669161,-0.000732204455
482.766667,0.342644754,-0.000727156826
482.8,0.342620515,-0.000723333811
482.833333,0.342596404,-0.000719466212
482.866667,0.342572422,-0.000715283788
482.9,0.342548579,-0.000709722853
482.933333,0.342524922,-0.000705760377
482.966667,0.342501396,-0.000701809537
483,0.342478003,-0.000697801996
483.033333,0.342454743,-0.000692155928
483.066667,0.342431671,-0.000688370643
483.1,0.342408725,-0.000684649901
483.133333,0.342385903,-0.000680995241
483.166667,0.342363204,-0.000675939524
483.2,0.342340672,-0.000672507138
483.233333,0.342318255,-0.000669299342
483.266667,0.342295945,-0.000666202988
483.3,0.342273739,-0.000662191508
483.333333,0.342251665,-0.000659344226
483.366667,0.342229687,-0.000656883071
483.4,0.342207791,-0.000654568588
483.433333,0.342185972,-0.000651804966
483.466667,0.342164245,-0.000649815925
483.5,0.342142585,-0.000648272686
483.533333,0.342120976,-0.000646899205
483.566667,0.342099413,-0.000645473931
483.6,0.342077897,-0.000644563666
483.633333,0.342056411,-0.000644037287
483.666667,0.342034943,-0.000643690337
483.7,0.342013487,-0.000643584853
483.733333,0.341992034,-0.000643901471
483.766667,0.341970571,-0.000644414752
483.8,0.34194909,-0.000645103753
483.833333,0.341927587,-0.000646204196
483.866667,0.341906047,-0.000647810285
483.9,0.341884453,-0.000649312299
483.933333,0.341862809,-0.000650973737
483.966667,0.34184111,-0.00065308978
484,0.341819341,-0.000655954112
484.033333,0.341797475,-0.000658326046
484.066667,0.341775531,-0.000660830152
484.1,0.341753504,-0.000663716935
484.133333,0.34173138,-0.000667713833
484.166667,0.341709122,-0.000670780345
484.2,0.341686763,-0.000673943413
484.233333,0.341664298,-0.000677326894
484.266667,0.341641721,-0.000682244275
484.3,0.341618979,-0.000685788582
484.333333,0.34159612,-0.000689388213
484.366667,0.34157314,-0.000693041834
484.4,0.341550039,-0.000698488659
484.433333,0.341526756,-0.000702321237
484.466667,0.341503345,-0.000706112784
484.5,0.341479808,-0.000709914632
484.533333,0.341456144,-0.000715269612
484.566667,0.341432302,-0.000719281952
484.6,0.341408326,-0.000723017039
484.633333,0.341384225,-0.000726719826
484.666667,0.341360001,-0.00073165507
484.7,0.341335613,-0.000735588244
484.733333,0.341311093,-0.000739032008
484.766667,0.341286459,-0.000742404787
484.8,0.341261712,-0.000746654272
484.833333,0.341236823,-0.000750242898
484.866667,0.341211815,-0.000753189275
484.9,0.341186709,-0.000756032532
484.933333,0.341161508,-0.000759405502
484.966667,0.341136194,-0.000762399019
485,0.341110781,-0.000764684489
485.033333,0.341085292,-0.000766843327
485.066667,0.34105973,-0.000769231128
485.1,0.341034089,-0.000771413694
485.133333,0.341008375,-0.000772926389
485.166667,0.340982611,-0.000774298746
485.2,0.340956801,-0.00077567344
485.233333,0.340930945,-0.00077688108
485.266667,0.340905049,-0.000777566124
485.3,0.34087913,-0.000778107588
485.333333,0.340853194,-0.000778515762
485.366667,0.340827243,-0.000778651174
485.4,0.340801288,-0.000778512729
485.433333,0.340775338,-0.000778237669
485.466667,0.340749396,-0.000777789062
485.5,0.34072347,-0.000776830305
485.533333,0.340697576,-0.000775928212
485.566667,0.340671711,-0.000774905664
485.6,0.340645881,-0.000773757347
485.633333,0.340620089,-0.000771760804
485.666667,0.340594364,-0.000770204073
485.7,0.34056869,-0.000768550849
485.733333,0.340543072,-0.000766802
485.766667,0.340517512,-0.000764077565
485.8,0.340492043,-0.000761926845
485.833333,0.340466645,-0.000759797626
485.866667,0.340441319,-0.000757602559
485.9,0.340416065,-0.000754442604
485.933333,0.340390917,-0.000751828577
485.966667,0.340365856,-0.000749403094
486,0.340340876,-0.000746944694
486.033333,0.340315978,-0.000743628568
486.066667,0.34029119,-0.000740729568
486.1,0.340266499,-0.000738199502
486.133333,0.340241893,-0.000735670241
486.166667,0.34021737,-0.000732456792
486.2,0.340192955,-0.000729480424
486.233333,0.340168639,-0.000727035579
486.266667,0.340144405,-0.000724623522
486.3,0.34012025,-0.000721733795
486.333333,0.340096193,-0.000718901057
486.366667,0.340072229,-0.000716715931
486.4,0.340048339,-0.000714591663
486.433333,0.340024519,-0.000712196753
486.466667,0.340000779,-0.00070972562
486.5,0.339977122,-0.000707948558
486.533333,0.339953523,-0.000706254724
486.566667,0.339929981,-0.000704469093
486.6,0.339906499,-0.000702557578
486.633333,0.339883081,-0.000701301352
486.666667,0.339859704,-0.000700143609
486.7,0.339836366,-0.000699022393
486.733333,0.339813065,-0.000697832325
486.766667,0.339789804,-0.000697167662
486.8,0.339766565,-0.000696608938
486.833333,0.339743345,-0.000696150733
486.866667,0.33972014,-0.000695795181
486.9,0.339696947,-0.000695748206
486.933333,0.339673755,-0.000695806596
486.966667,0.339650561,-0.000695970204
487,0.339627362,-0.000696483781
487.033333,0.339604146,-0.000697045673
487.066667,0.339580911,-0.000697694777
487.1,0.339557655,-0.000698440546
487.133333,0.339534374,-0.000699709874
487.166667,0.33951105,-0.000700871936
487.2,0.339487687,-0.000702044774
487.233333,0.339464286,-0.000703299135
487.266667,0.339440843,-0.000705158559
487.3,0.339417337,-0.000706870829
487.333333,0.339393775,-0.000708466419
487.366667,0.339370159,-0.000710123107
487.4,0.339346489,-0.000712381803
487.433333,0.339322743,-0.000714549256
487.466667,0.339298924,-0.00071644076
487.5,0.339275043,-0.000718369318
487.533333,0.339251097,-0.000720827749
487.566667,0.33922707,-0.000723316264
487.6,0.339202959,-0.000725361237
487.633333,0.33917878,-0.00072741755
487.666667,0.339154533,-0.000729883662
487.7,0.339130204,-0.000732529321
487.733333,0.339105786,-0.000734580209
487.766667,0.3390813,-0.000736616906
487.8,0.339056746,-0.000738919275
487.833333,0.339032116,-0.00074153971
487.866667,0.339007398,-0.000743454041
487.9,0.338982616,-0.000745330672
487.933333,0.338957771,-0.00074732908
487.966667,0.33893286,-0.000749737203
488,0.338907869,-0.000751387659
488.033333,0.338882823,-0.000752980522
488.066667,0.338857724,-0.000754573354
488.1,0.338832571,-0.00075659136
488.133333,0.338807351,-0.000757873765
488.166667,0.338782089,-0.000759083512
488.2,0.338756786,-0.000760220204
488.233333,0.338731446,-0.000761674158
488.266667,0.338706056,-0.000762522854
488.3,0.338680639,-0.0007632803
488.333333,0.338655196,-0.000763955643
488.366667,0.338629731,-0.000764699364
488.4,0.338604241,-0.000765085868
488.433333,0.338578738,-0.000765355706
488.466667,0.338553226,-0.000765540545
488.5,0.338527708,-0.000765596828
488.533333,0.338502189,-0.000765465122
488.566667,0.338476673,-0.000765246671
488.6,0.338451165,-0.000764946374
488.633333,0.338425667,-0.000764383479
488.666667,0.338400187,-0.000763713775
488.7,0.33837473,-0.000763039686
488.733333,0.338349295,-0.000762292534
488.766667,0.338323886,-0.000761215064
488.8,0.338298512,-0.000760026815
488.833333,0.338273178,-0.000758959411
488.866667,0.338247879,-0.000757832453
488.9,0.338222618,-0.000756369702
488.933333,0.338197405,-0.000754721149
488.966667,0.338172248,-0.00075334661
489,0.338147137,-0.000751929573
489.033333,0.338122072,-0.000750223302
489.066667,0.338097065,-0.000748208259
489.1,0.338072125,-0.000746629945
489.133333,0.338047237,-0.000745028395
489.166667,0.338022403,-0.00074322132
489.2,0.337997629,-0.000740962993
489.233333,0.33797293,-0.000739293431
489.266667,0.337948287,-0.000737620604
489.3,0.337923699,-0.000735845492
489.333333,0.337899171,-0.000733487606
489.366667,0.337874722,-0.000731840171
489.4,0.337850327,-0.000730208749
489.433333,0.337825987,-0.000728579613
489.466667,0.337801701,-0.000726276369
489.5,0.337777491,-0.000724757704
489.533333,0.337753333,-0.000723272268
489.566667,0.337729224,-0.000721820543
489.6,0.337705163,-0.000719840067
489.633333,0.337681168,-0.000718485397
489.666667,0.337657219,-0.00071723541
489.7,0.337633311,-0.000716032973
489.733333,0.337609443,-0.00071449166
489.766667,0.337585627,-0.000713385918
489.8,0.337561847,-0.00071244026
489.833333,0.337538099,-0.000711551955
489.866667,0.337514381,-0.000710497288
489.9,0.337490698,-0.000709724623
489.933333,0.33746704,-0.000709127809
489.966667,0.337443403,-0.00070859357
490,0.337419783,-0.000708033272
490.033333,0.337396182,-0.000707655348
490.066667,0.337372593,-0.000707425384
490.1,0.337349012,-0.000707258448
490.133333,0.337325437,-0.000707164026
490.166667,0.337301865,-0.000707214454
490.2,0.337278291,-0.000707342957
490.233333,0.337254713,-0.000707530394
490.266667,0.337231129,-0.000707843422
490.3,0.337207534,-0.000708324288
490.333333,0.337183923,-0.000708778161
490.366667,0.337160297,-0.000709282801
490.4,0.337136654,-0.000709922373
490.433333,0.33711299,-0.000710803021
490.466667,0.337089297,-0.000711527714
490.5,0.337065579,-0.000712291723
490.533333,0.337041836,-0.000713163009
490.566667,0.337018064,-0.000714381708
490.6,0.336994251,-0.000715306197
490.633333,0.336970408,-0.000716256207
490.666667,0.336946533,-0.000717259278
490.7,0.336922624,-0.000718727015
490.733333,0.336898666,-0.000719769304
490.766667,0.336874674,-0.00072082205
490.8,0.336850647,-0.000721884775
490.833333,0.336826584,-0.000723441598
490.866667,0.336802469,-0.000724539604
490.9,0.336778318,-0.000725608144
490.933333,0.336754131,-0.000726671539
490.966667,0.336729909,-0.00072813843
491,0.336705637,-0.000729234556
491.033333,0.336681329,-0.000730234545
491.066667,0.336656988,-0.000731215272
491.1,0.336632614,-0.000732488802
491.133333,0.336608198,-0.000733492659
491.166667,0.336583748,-0.000734347955
491.2,0.33655927,-0.000735171828
491.233333,0.336534764,-0.000736173634
491.266667,0.336510225,-0.000736997073
491.3,0.336485659,-0.000737644796
491.333333,0.336461071,-0.000738251712
491.366667,0.336436462,-0.000738931913
491.4,0.336411831,-0.000739496079
491.433333,0.336387181,-0.000739890326
491.466667,0.336362518,-0.000740237677
491.5,0.336337844,-0.000740575353
491.533333,0.336313158,-0.00074081703
491.566667,0.336288464,-0.000740931203
491.6,0.336263766,-0.000740995984
491.633333,0.336239066,-0.000740997595
491.666667,0.336214366,-0.000740874711
491.7,0.336189671,-0.000740702769
491.733333,0.33616498,-0.000740482545
491.766667,0.336140298,-0.000740178617
491.8,0.336115625,-0.00073967393
491.833333,0.336090969,-0.000739229737
491.866667,0.336066328,-0.000738741728
491.9,0.336041704,-0.000738181767
491.933333,0.336017097,-0.000737304686
491.966667,0.335992521,-0.000736620149
492,0.335967967,-0.000735899199
492.033333,0.335943437,-0.000735142096
492.066667,0.335918932,-0.000733936485
492.1,0.335894467,-0.000733054967
492.133333,0.335870032,-0.000732150464
492.166667,0.335845627,-0.000731219526
492.2,0.335821253,-0.000729838634
492.233333,0.335796925,-0.000728772223
492.266667,0.335772633,-0.00072774393
492.3,0.335748375,-0.00072670032
492.333333,0.335724151,-0.000725243294
492.366667,0.335699977,-0.000724047989
492.4,0.335675842,-0.000722961566
492.433333,0.335651743,-0.000721871552
492.466667,0.335627681,-0.000720432943
492.5,0.335603666,-0.00071917656
492.533333,0.335579694,-0.000718098738
492.566667,0.335555757,-0.000717028764
492.6,0.335531856,-0.000715691881
492.633333,0.335508,-0.000714449005
492.666667,0.335484185,-0.000713442843
492.7,0.335460403,-0.000712454875
492.733333,0.335436655,-0.000711286882
492.766667,0.335412945,-0.000710133392
492.8,0.335389274,-0.000709254297
492.833333,0.335365632,-0.000708401988
492.866667,0.335342019,-0.000707450907
492.9,0.335318437,-0.000706458079
492.933333,0.335294889,-0.000705750172
492.966667,0.335271364,-0.000705075335
493,0.335247861,-0.000704368414
493.033333,0.335224382,-0.000703597239
493.066667,0.335200929,-0.000703090756
493.1,0.335177492,-0.000702621016
493.133333,0.335154072,-0.000702165093
493.166667,0.335130666,-0.000701661661
493.2,0.335107278,-0.000701371712
493.233333,0.335083899,-0.000701119387
493.266667,0.335060528,-0.00070090271
493.3,0.335037164,-0.000701437023
493.333333,0.335013783,-0.000704029049
493.366667,0.334990316,-0.000708199174
493.4,0.334966709,-0.000713956548
493.433333,0.33494291,-0.000726367231
493.466667,0.334918698,-0.000738269048
493.5,0.334894089,-0.000751256631
493.533333,0.334869047,-0.000765637263
493.566667,0.334843526,-0.000788741442
493.6,0.334817235,-0.000809337741
493.633333,0.334790257,-0.000829538164
493.666667,0.334762605,-0.000850787693
493.7,0.334734246,-0.000881288899
493.733333,0.33470487,-0.000909071012
493.766667,0.334674567,-0.000934371149
493.8,0.334643422,-0.000960329762
493.833333,0.334611411,-0.000994847142
493.866667,0.334578249,-0.00102775739
493.9,0.33454399,-0.00105584679
493.933333,0.334508795,-0.00108417144
493.966667,0.334472656,-0.00111943753
494,0.334435342,-0.0011548704
494.033333,0.334396846,-0.00118327745
494.066667,0.334357404,-0.00121148883
494.1,0.334317021,-0.00124449401
494.133333,0.334275537,-0.00127951109
494.166667,0.334232887,-0.00130587098
494.2,0.334189358,-0.00133165391
494.233333,0.33414497,-0.00136000635
494.266667,0.334099636,-0.00139168326
494.3,0.334053247,-0.00141393161
494.333333,0.334006116,-0.00143527232
494.366667,0.333958273,-0.00145721485
494.4,0.333909699,-0.00148269768
494.433333,0.333860276,-0.00149908213
494.466667,0.333810307,-0.00151430505
494.5,0.33375983,-0.00152873555
494.533333,0.333708872,-0.00154552361
494.566667,0.333657355,-0.00155481666
494.6,0.333605527,-0.00156280214
494.633333,0.333553434,-0.00156947692
494.666667,0.333501118,-0.00157555934
494.7,0.333448599,-0.00157718504
494.733333,0.333396027,-0.00157736936
494.766667,0.333343448,-0.0015761895
494.8,0.333290908,-0.00157113722
494.833333,0.333238537,-0.00156455072
494.866667,0.333186385,-0.00155689343
494.9,0.333134489,-0.00154792231
494.933333,0.333082891,-0.00153284955
494.966667,0.333031796,-0.00151775438
495,0.332981204,-0.00150281956
495.033333,0.33293111,-0.00148672067
495.066667,0.332881553,-0.00146341073
495.1,0.332832773,-0.00144014035
495.133333,0.332784768,-0.00141895684
495.166667,0.332737469,-0.00139682483
495.2,0.332690909,-0.00136740487
495.233333,0.332645328,-0.00133685611
495.266667,0.332600767,-0.00131081727
495.3,0.332557073,-0.00128411142
495.333333,0.332514269,-0.00125095568
495.366667,0.33247257,-0.00121465231
495.4,0.332432082,-0.00118548227
495.433333,0.332392566,-0.00115596454
495.466667,0.332354034,-0.00112149749
495.5,0.33231665,-0.00108142484
495.533333,0.332280603,-0.00105096271
495.566667,0.332245571,-0.0010204752
495.6,0.332211555,-0.000986899267
495.633333,0.332178658,-0.00094532899
495.666667,0.332147147,-0.00091541935
495.7,0.332116633,-0.000885804097
495.733333,0.332087107,-0.000855045488
495.766667,0.332058605,-0.000814481305
495.8,0.332031456,-0.000786898055
495.833333,0.332005226,-0.000759892714
495.866667,0.331979896,-0.000733470005
495.9,0.331955447,-0.000696379204
495.933333,0.331932234,-0.000672627078
495.966667,0.331909814,-0.000649678867
496,0.331888158,-0.000627540514
496.033333,0.33186724,-0.000598240804
496.066667,0.331847298,-0.000578468039
496.1,0.331828016,-0.000560708379
496.133333,0.331809326,-0.000543924738
496.166667,0.331791195,-0.000523241066
496.2,0.331773753,-0.000508830732
496.233333,0.331756792,-0.000497006657
496.266667,0.331740226,-0.000486243737
496.3,0.331724017,-0.00047429131
496.333333,0.331708208,-0.000466237386
496.366667,0.331692666,-0.000460627069
496.4,0.331677312,-0.000456084731
496.433333,0.331662109,-0.000452357761
496.466667,0.331647031,-0.000451228729
496.5,0.33163199,-0.000451706
496.533333,0.331616933,-0.000453189721
496.566667,0.331601827,-0.000456720174
496.6,0.331586603,-0.00046260853
496.633333,0.331571182,-0.000468644211
496.666667,0.331555561,-0.000475627123
496.7,0.331539707,-0.000485321733
496.733333,0.331523529,-0.000500011073
496.766667,0.331506862,-0.000514382191
496.8,0.331489716,-0.000530700377
496.833333,0.331472026,-0.000551641746
496.866667,0.331453638,-0.000581657796
496.9,0.331434249,-0.000606632374
496.933333,0.331414028,-0.000633172092
496.966667,0.331392923,-0.000663403717
497,0.331370809,-0.000706792519
497.033333,0.331347249,-0.000739781525
497.066667,0.33132259,-0.000773809871
497.1,0.331296796,-0.000809543152
497.133333,0.331269812,-0.000862937049
497.166667,0.331241047,-0.000900829399
497.2,0.331211019,-0.000939199247
497.233333,0.331179713,-0.000978028801
497.266667,0.331147112,-0.00103480339
497.3,0.331112618,-0.00107561443
497.333333,0.331076765,-0.00111506126
497.366667,0.331039596,-0.00115438805
497.4,0.331001116,-0.00120845232
497.433333,0.330960835,-0.00124956147
497.466667,0.330919182,-0.00128679558
497.5,0.330876289,-0.00132335488
497.533333,0.330832177,-0.00137062603
497.566667,0.33078649,-0.00140852514
497.6,0.330739539,-0.00144059173
497.633333,0.330691519,-0.00147151823
497.666667,0.330642469,-0.00150896981
497.7,0.33059217,-0.00154028371
497.733333,0.330540827,-0.00156474447
497.766667,0.330488669,-0.00158768974
497.8,0.330435746,-0.00161329767
497.833333,0.330381969,-0.00163489439
497.866667,0.330327473,-0.00164987312
497.9,0.330272477,-0.00166308589
497.933333,0.330217041,-0.00167590027
497.966667,0.330161177,-0.00168527033
498,0.330105002,-0.00168969199
498.033333,0.330048679,-0.00169224757
498.066667,0.32999227,-0.00169246581
498.1,0.329935855,-0.00168796173
498.133333,0.32987959,-0.00168154122
498.166667,0.329823538,-0.00167328015
498.2,0.329767762,-0.00166196589
498.233333,0.329712363,-0.00164280825
498.266667,0.329657603,-0.0016259802
498.3,0.329603404,-0.00160747545
498.333333,0.329549821,-0.00158643573
498.366667,0.32949694,-0.00155294578
498.4,0.329445175,-0.00152692452
498.433333,0.329394278,-0.00149951201
498.466667,0.329344294,-0.00147071835
498.5,0.32929527,-0.00142515377
498.533333,0.329247765,-0.00139131238
498.566667,0.329201388,-0.00135686634
498.6,0.329156159,-0.00132140489
498.633333,0.329112112,-0.00126913315
498.666667,0.329069808,-0.00122815245
498.7,0.329028869,-0.00118895926
498.733333,0.328989237,-0.00114918614
498.766667,0.328950931,-0.00109404502
498.8,0.328914463,-0.00104816267
498.833333,0.328879524,-0.00100680953
498.866667,0.328845964,-0.000965337094
498.9,0.328813786,-0.000911009586
498.933333,0.328783419,-0.000862909361
498.966667,0.328754655,-0.000821996042
499,0.328727255,-0.000781407621
499.033333,0.328701208,-0.000731098813
499.066667,0.328676838,-0.000683728983
499.1,0.328654048,-0.00064573937
499.133333,0.328632523,-0.000608489978
499.166667,0.32861224,-0.000564857306
499.2,0.328593411,-0.000521293818
499.233333,0.328576035,-0.000488456918
499.266667,0.328559753,-0.000456703085
499.3,0.32854453,-0.000421650102
499.333333,0.328530474,-0.000384755839
499.366667,0.328517649,-0.000358819328
499.4,0.328505689,-0.000334215877
499.433333,0.328494548,-0.000308798145
499.466667,0.328484255,-0.000281036038
499.5,0.328474887,-0.000263231856
499.533333,0.328466113,-0.000246916303
499.566667,0.328457882,-0.000231440034
499.6,0.328450167,-0.000214736744
499.633333,0.328443009,-0.000205714086
499.666667,0.328436152,-0.000198217697
499.7,0.328429545,-0.000192232385
499.733333,0.328423137,-0.000187709352
499.766667,0.32841688,-0.000187451832
499.8,0.328410632,-0.000188650193
499.833333,0.328404344,-0.000191300418
499.866667,0.328397967,-0.000198754482
499.9,0.328391342,-0.000206918828
499.933333,0.328384445,-0.000216136896
499.966667,0.32837724,-0.000226639695
500,0.328369685,-0.000244018919
500.033333,0.328361551,-0.000260232493
500.066667,0.328352877,-0.000276266665
500.1,0.328343668,-0.000293327728
500.133333,0.32833389,-0.000318040393
500.166667,0.328323289,-0.00034126838
500.2,0.328311913,-0.00036248046
500.233333,0.328299831,-0.000384404949
500.266667,0.328287017,-0.000413656031
500.3,0.328273229,-0.000442315896
500.333333,0.328258485,-0.000466819298
500.366667,0.328242924,-0.000491686721
500.4,0.328226535,-0.000522707282
500.433333,0.328209111,-0.000554732137
500.466667,0.32819062,-0.000580478787
500.5,0.328171271,-0.000606224971
500.533333,0.328151063,-0.00063640866
500.566667,0.32812985,-0.000669366964
500.6,0.328107537,-0.000694306671
500.633333,0.328084394,-0.000718903766
500.666667,0.32806043,-0.000746043514
500.7,0.328035562,-0.000777386534
500.733333,0.328009649,-0.000799646429
500.766667,0.327982995,-0.00082126091
500.8,0.327955619,-0.000843658454
500.833333,0.327927497,-0.000870857762
500.866667,0.327898469,-0.000888811698
500.9,0.327868842,-0.000905873598
500.933333,0.327838646,-0.000922370168
500.966667,0.3278079,-0.000943103456
501,0.327776463,-0.000955501473
501.033333,0.327744613,-0.000966842125
501.066667,0.327712385,-0.000977121633
501.1,0.327679814,-0.000989066083
501.133333,0.327646846,-0.000995350173
501.166667,0.327613667,-0.00100026694
501.2,0.327580325,-0.00100404131
501.233333,0.327546857,-0.00100649145
501.266667,0.327513307,-0.0010060193
501.3,0.327479773,-0.00100426895
501.333333,0.327446298,-0.00100138045
501.366667,0.327412918,-0.000994983112
501.4,0.327379752,-0.000987262342
501.433333,0.327346843,-0.000979100729
501.466667,0.327314207,-0.000969892484
501.5,0.327281877,-0.000955904305
501.533333,0.327250014,-0.000940991631
501.566667,0.327218647,-0.000927121161
501.6,0.327187743,-0.0009123639
501.633333,0.327157331,-0.000892442888
501.666667,0.327127583,-0.000870919005
501.7,0.327098552,-0.000852399981
501.733333,0.327070139,-0.000833213397
501.766667,0.327042365,-0.000809275448
501.8,0.327015389,-0.000782262132
501.833333,0.326989314,-0.000760462855
501.866667,0.326963965,-0.000738258134
501.9,0.326939357,-0.000712330607
501.933333,0.326915612,-0.000681415801
501.966667,0.326892898,-0.000657880886
502,0.326870969,-0.000634218267
502.033333,0.326849828,-0.000608233595
502.066667,0.326829554,-0.000575329447
502.1,0.326810376,-0.000551657597
502.133333,0.326791988,-0.000528137559
502.166667,0.326774383,-0.000503821627
502.2,0.326757589,-0.000471075364
502.233333,0.326741887,-0.000448837482
502.266667,0.326726925,-0.000427010924
502.3,0.326712692,-0.000405603282
502.333333,0.326699171,-0.000375585618
502.366667,0.326686652,-0.00035600672
502.4,0.326674785,-0.00033723769
502.433333,0.326663544,-0.000319103332
502.466667,0.326652907,-0.000295183968
502.5,0.326643068,-0.00027877386
502.533333,0.326633775,-0.000264167288
502.566667,0.326624969,-0.000250361519
502.6,0.326616624,-0.000233452148
502.633333,0.326608842,-0.000221530638
502.666667,0.326601458,-0.000211877593
502.7,0.326594395,-0.00020312762
502.733333,0.326587625,-0.000193556598
502.766667,0.326581173,-0.000187154517
502.8,0.326574934,-0.00018286275
502.833333,0.326568839,-0.000179507108
502.866667,0.326562855,-0.000177042769
502.9,0.326556954,-0.000176821417
502.933333,0.32655106,-0.000177922775
502.966667,0.326545129,-0.000179929294
503,0.326539131,-0.000183885592
503.033333,0.326533002,-0.000190089239
503.066667,0.326526665,-0.000196253865
503.1,0.326520124,-0.000203228457
503.133333,0.326513349,-0.000212536945
503.166667,0.326506265,-0.000224928429
503.2,0.326498767,-0.000235481499
503.233333,0.326490918,-0.000246696154
503.266667,0.326482695,-0.000260023892
503.3,0.326474027,-0.000277906773
503.333333,0.326464764,-0.000291911327
503.366667,0.326455033,-0.000306391226
503.4,0.32644482,-0.000322290516
503.433333,0.326434077,-0.000344559261
503.466667,0.326422592,-0.000360884809
503.5,0.326410562,-0.000377471716
503.533333,0.32639798,-0.000394478912
503.566667,0.326384831,-0.000419661772
503.6,0.326370842,-0.000437057141
503.633333,0.326356273,-0.000454491681
503.666667,0.326341124,-0.000471958584
503.7,0.326325392,-0.000496914367
503.733333,0.326308828,-0.000514834933
503.766667,0.326291667,-0.000531866509
503.8,0.326273938,-0.000548717329
503.833333,0.326255647,-0.000571458982
503.866667,0.326236599,-0.000588792278
503.9,0.326216972,-0.000604248479
503.933333,0.326196831,-0.00061933125
503.966667,0.326176186,-0.000638523991
504,0.326154902,-0.00065396819
504.033333,0.326133103,-0.000666834551
504.066667,0.326110875,-0.000679171905
504.1,0.326088236,-0.000693888735
504.133333,0.326065107,-0.000706241605
504.166667,0.326041565,-0.00071573835
504.2,0.326017707,-0.000724595573
504.233333,0.325993554,-0.000734338021
504.266667,0.325969076,-0.00074257937
504.3,0.325944324,-0.000748188872
504.333333,0.325919384,-0.000753097735
504.366667,0.325894281,-0.000757772754
504.4,0.325869022,-0.000761148629
504.433333,0.32584365,-0.000762647638
504.466667,0.325818228,-0.000763439893
504.5,0.32579278,-0.000763342511
504.533333,0.325767336,-0.000761450214
504.566667,0.325741954,-0.000758920331
504.6,0.325716657,-0.000755728221
504.633333,0.325691466,-0.000751469263
504.666667,0.325666417,-0.000744280088
504.7,0.325641607,-0.00073807447
504.733333,0.325617005,-0.000731296392
504.766667,0.325592628,-0.000723713212
504.8,0.325568505,-0.000711588374
504.833333,0.325544785,-0.000702306669
504.866667,0.325521375,-0.000692581654
504.9,0.325498289,-0.000682417825
504.933333,0.325475541,-0.000666597634
504.966667,0.325453321,-0.000654790132
505,0.325431495,-0.00064293995
505.033333,0.325410064,-0.000630806523
505.066667,0.325389037,-0.000613216199
505.1,0.325368596,-0.000599372267
505.133333,0.325348617,-0.000586328794
505.166667,0.325329073,-0.000573171872
505.2,0.325309967,-0.00055524163
505.233333,0.325291459,-0.000540290933
505.266667,0.32527345,-0.000527039318
505.3,0.325255882,-0.000513846562
505.333333,0.325238753,-0.000496889517
505.366667,0.32522219,-0.000481898137
505.4,0.325206127,-0.000469399294
505.433333,0.32519048,-0.000457119313
505.466667,0.325175243,-0.000442231536
505.5,0.325160502,-0.000428313018
505.533333,0.325146225,-0.000417434294
505.566667,0.32513231,-0.000406913163
505.6,0.325118747,-0.000394924401
505.633333,0.325105583,-0.000383167975
505.666667,0.32509281,-0.000374637119
505.7,0.325080322,-0.000366572154
505.733333,0.325068103,-0.000358015629
505.766667,0.325056169,-0.000349395722
505.8,0.325044523,-0.00034374731
505.833333,0.325033065,-0.000338634539
505.866667,0.325021777,-0.000333727159
505.9,0.325010653,-0.000329017796
505.933333,0.324999685,-0.000326564257
505.966667,0.3249888,-0.000324676231
506,0.324977977,-0.000323345516
506.033333,0.324967199,-0.000323069383
506.066667,0.32495643,-0.000323895926
506.1,0.324945634,-0.0003252765
506.133333,0.324934791,-0.000327210229
506.166667,0.324923884,-0.000331560283
506.2,0.324912832,-0.000335530975
506.233333,0.324901648,-0.000339992503
506.266667,0.324890315,-0.000344954615
506.3,0.324878816,-0.000353224682
506.333333,0.324867042,-0.000360276227
506.366667,0.324855033,-0.000367428017
506.4,0.324842785,-0.000374995577
506.433333,0.324830285,-0.000386265357
506.466667,0.32481741,-0.000396109415
506.5,0.324804206,-0.000405394276
506.533333,0.324790693,-0.00041498369
506.566667,0.32477686,-0.000428213411
506.6,0.324762586,-0.000440331964
506.633333,0.324747909,-0.000451064388
506.666667,0.324732873,-0.000461972974
506.7,0.324717474,-0.000476090469
506.733333,0.324701604,-0.000489773496
506.766667,0.324685279,-0.000501199215
506.8,0.324668572,-0.000512666468
506.833333,0.324651483,-0.000526656969
506.866667,0.324633928,-0.000541054
506.9,0.324615893,-0.000552403508
506.933333,0.324597479,-0.000563661984
506.966667,0.324578691,-0.000576628307
507,0.32455947,-0.00059080086
507.033333,0.324539776,-0.000601338384
507.066667,0.324519732,-0.000611664517
507.1,0.324499343,-0.000622882651
507.133333,0.32447858,-0.00063588069
507.166667,0.324457384,-0.000644960467
507.2,0.324435885,-0.000653729182
507.233333,0.324414094,-0.000662688603
507.266667,0.324392005,-0.000673623261
507.3,0.324369551,-0.000680727053
507.333333,0.32434686,-0.000687445722
507.366667,0.324323945,-0.000693857135
507.4,0.324300816,-0.000701961643
507.433333,0.324277418,-0.000706726842
507.466667,0.32425386,-0.000711063803
507.5,0.324230158,-0.000714971781
507.533333,0.324206326,-0.000719444425
507.566667,0.324182344,-0.000721801504
507.6,0.324158284,-0.000723606964
507.633333,0.324134164,-0.000724974163
507.666667,0.324109998,-0.00072582067
507.7,0.324085804,-0.000725595376
507.733333,0.324061617,-0.000724898761
507.766667,0.324037454,-0.000723785619
507.8,0.324013328,-0.000721403681
507.833333,0.323989281,-0.000718528956
507.866667,0.32396533,-0.000715531258
507.9,0.323941479,-0.00071216805
507.933333,0.32391774,-0.000707142372
507.966667,0.323894169,-0.0007017561
508,0.323870777,-0.000696811641
508.033333,0.32384755,-0.000691576427
508.066667,0.323824497,-0.000684613903
508.1,0.323801677,-0.000677049944
508.133333,0.323779109,-0.000670630403
508.166667,0.323756754,-0.000664012032
508.2,0.323734621,-0.000655873968
508.233333,0.323712758,-0.000646643796
508.266667,0.323691203,-0.000639303762
508.3,0.323669893,-0.000631867608
508.333333,0.323648831,-0.000623313287
508.366667,0.323628054,-0.000613076429
508.4,0.323607618,-0.000605412602
508.433333,0.323587437,-0.00059775751
508.466667,0.323567512,-0.000589484429
508.5,0.323547863,-0.000578996238
508.533333,0.323528563,-0.00057160016
508.566667,0.32350951,-0.000564312457
508.6,0.323490699,-0.000556909506
508.633333,0.323472135,-0.000546968801
508.666667,0.323453903,-0.000540389826
508.7,0.32343589,-0.000534007341
508.733333,0.32341809,-0.000527823846
508.766667,0.323400496,-0.00051942231
508.8,0.323383182,-0.000514028073
508.833333,0.323366047,-0.000509002905
508.866667,0.323349081,-0.00050424578
508.9,0.323332273,-0.000498263887
508.933333,0.323315664,-0.000494327368
508.966667,0.323299186,-0.000490996562
509,0.32328282,-0.000487980804
509.033333,0.323266554,-0.00048462785
509.066667,0.323250399,-0.000482565506
509.1,0.323234314,-0.00048113604
509.133333,0.323218276,-0.000480044293
509.166667,0.323202274,-0.000479319858
509.2,0.323186297,-0.00047942649
509.233333,0.323170316,-0.00047996356
509.266667,0.323154317,-0.000480835447
509.3,0.32313829,-0.000482546352
509.333333,0.323122205,-0.000484965006
509.366667,0.323106039,-0.000487393153
509.4,0.323089793,-0.000490129576
509.433333,0.323073455,-0.000493927532
509.466667,0.323056991,-0.000498636944
509.5,0.32304037,-0.000502753848
509.533333,0.323023611,-0.000507131524
509.566667,0.323006707,-0.000512555321
509.6,0.322989622,-0.000519363495
509.633333,0.322972309,-0.000524856159
509.666667,0.322954814,-0.000530545024
509.7,0.322937129,-0.000537063936
509.733333,0.322919227,-0.000545616386
509.766667,0.32290104,-0.000552088227
509.8,0.322882637,-0.000558680575
509.833333,0.322864014,-0.00056574488
509.866667,0.322845156,-0.000575550826
509.9,0.322825971,-0.000582554352
509.933333,0.322806553,-0.000589597053
509.966667,0.3227869,-0.000596681154
510,0.32276701,-0.000608929897
510.033333,0.322746713,-0.000621790706
510.066667,0.322725986,-0.000637575055
510.1,0.322704734,-0.000656270579
510.133333,0.322682858,-0.000690085453
510.166667,0.322659855,-0.000720251017
510.2,0.322635847,-0.00075164254
510.233333,0.322610792,-0.000785423829
510.266667,0.322584611,-0.000837046731
510.3,0.32255671,-0.000882549646
510.333333,0.322527291,-0.000925954636
510.366667,0.322496426,-0.000971020029
510.4,0.322464059,-0.00103382066
510.433333,0.322429598,-0.00109115677
510.466667,0.322393226,-0.00114220919
510.5,0.322355153,-0.00119413626
510.533333,0.322315348,-0.00126160079
510.566667,0.322273295,-0.00132635755
510.6,0.322229083,-0.00138047649
510.633333,0.322183067,-0.00143464267
510.666667,0.322135246,-0.00150066334
510.7,0.322085223,-0.00156747939
510.733333,0.322032974,-0.00161988638
510.766667,0.321978978,-0.00167152418
510.8,0.32192326,-0.00173064671
510.833333,0.321865572,-0.00179370439
510.866667,0.321805782,-0.0018399987
510.9,0.321744449,-0.00188483444
510.933333,0.321681621,-0.00193297291
510.966667,0.321617189,-0.00198671354
511,0.321550965,-0.00202321186
511.033333,0.321483524,-0.00205767421
511.066667,0.321414935,-0.00209202824
511.1,0.321345201,-0.00213118274
511.133333,0.321274161,-0.00215488196
511.166667,0.321202332,-0.00217613459
511.2,0.321129794,-0.00219519536
511.233333,0.321056621,-0.00221538092
511.266667,0.320982775,-0.00222440078
511.3,0.320908628,-0.00223078608
511.333333,0.320834269,-0.00223453403
511.366667,0.320759784,-0.00223286883
511.4,0.320685355,-0.00222644412
511.433333,0.320611141,-0.00221740228
511.466667,0.320537227,-0.00220571145
511.5,0.320463703,-0.00218305679
511.533333,0.320390935,-0.00216016731
511.566667,0.320318929,-0.00213614468
511.6,0.320247725,-0.00210966431
511.633333,0.320177402,-0.00206885951
511.666667,0.32010844,-0.00202952535
511.7,0.32004079,-0.00199213424
511.733333,0.319974385,-0.00195266057
511.766667,0.319909296,-0.00189770376
511.8,0.31984604,-0.00184317842
511.833333,0.3197846,-0.00179484845
511.866667,0.319724772,-0.00174492039
511.9,0.319666608,-0.00168027722
511.933333,0.319610599,-0.00161286959
511.966667,0.319556836,-0.00155664918
512,0.319504948,-0.00149943003
512.033333,0.319454967,-0.00142989379
512.066667,0.319407304,-0.00135309614
512.1,0.319362201,-0.00129258707
512.133333,0.319319115,-0.00123172931
512.166667,0.319278057,-0.00116201775
512.2,0.319239323,-0.00108009618
512.233333,0.31920332,-0.00101898172
512.266667,0.319169354,-0.000958150243
512.3,0.319137415,-0.000892373838
512.333333,0.31910767,-0.000810003765
512.366667,0.319080669,-0.000751862886
512.4,0.319055607,-0.000694614677
512.433333,0.319032454,-0.000636240112
512.466667,0.319011246,-0.00055841583
512.5,0.318992632,-0.000506583438
512.533333,0.318975746,-0.000456159468
512.566667,0.31896054,-0.000407158088
512.6,0.318946968,-0.000339809059
512.633333,0.318935641,-0.000296367855
512.666667,0.318925762,-0.000255323265
512.7,0.318917252,-0.000216083347
512.733333,0.318910049,-0.000165480392
512.766667,0.318904533,-0.000131341052
512.8,0.318900155,-0.000101549516
512.833333,0.31889677,-7.38227235e-005
512.866667,0.318894309,-4.09380038e-005
512.9,0.318892944,-1.85366297e-005
512.933333,0.318892327,-1.06061825e-006
512.966667,0.318892291,1.42601473e-005
513,0.318892767,2.98402322e-005
513.033333,0.318893761,3.89600162e-005
513.066667,0.31889506,4.40153222e-005
513.1,0.318896527,4.69784847e-005
513.133333,0.318898093,4.68231787e-005
513.166667,0.318899654,4.20153031e-005
513.2,0.318901054,3.53200659e-005
513.233333,0.318902232,2.67255621e-005
513.266667,0.318903123,1.3209185e-005
513.3,0.318903563,-5.19336183e-006
513.333333,0.31890339,-2.21988977e-005
513.366667,0.31890265,-4.07714057e-005
513.4,0.318901291,-6.45521102e-005
513.433333,0.318899139,-9.50874665e-005
513.466667,0.318895969,-0.000120271055
513.5,0.31889196,-0.000146602241
513.533333,0.318887074,-0.000177216912
513.566667,0.318881166,-0.00021754213
513.6,0.318873915,-0.000248385584
513.633333,0.318865635,-0.000279902773
513.666667,0.318856305,-0.000313937954
513.7,0.318845841,-0.000360938851
513.733333,0.318833809,-0.000394627844
513.766667,0.318820655,-0.000428477993
513.8,0.318806373,-0.000462657597
513.833333,0.318790951,-0.000512551175
513.866667,0.318773866,-0.000546176396
513.9,0.31875566,-0.000579474734
513.933333,0.318736344,-0.000612431929
513.966667,0.31871593,-0.000658305061
514,0.318693986,-0.000690619458
514.033333,0.318670965,-0.00072071314
514.066667,0.318646942,-0.000750026402
514.1,0.318621941,-0.000788334227
514.133333,0.318595663,-0.000816676197
514.166667,0.31856844,-0.000841208553
514.2,0.3185404,-0.000864589733
514.233333,0.31851158,-0.000893001724
514.266667,0.318481814,-0.000914672794
514.3,0.318451325,-0.00093180066
514.333333,0.318420265,-0.000947519383
514.366667,0.318388681,-0.000964769892
514.4,0.318356522,-0.000977516909
514.433333,0.318323938,-0.000986039069
514.466667,0.31829107,-0.00099300246
514.5,0.31825797,-0.000998778454
514.533333,0.318224677,-0.00100087013
514.566667,0.318191315,-0.00100019458
514.6,0.318157975,-0.000997927269
514.633333,0.318124711,-0.000992768925
514.666667,0.318091618,-0.000983206271
514.7,0.318058845,-0.000973445968
514.733333,0.318026397,-0.00096218827
514.766667,0.317994324,-0.00094745496
514.8,0.317962742,-0.000926123866
514.833333,0.317931871,-0.00090804794
514.866667,0.317901603,-0.000888665904
514.9,0.317871981,-0.000866256718
514.933333,0.317843105,-0.000833847154
514.966667,0.31781531,-0.000808737626
515,0.317788353,-0.000782602003
515.033333,0.317762266,-0.000754758498
515.066667,0.317737107,-0.000712814858
515.1,0.317713347,-0.000682438504
515.133333,0.317690599,-0.000651386569
515.166667,0.317668886,-0.000619670558
515.2,0.31764823,-0.000572274633
515.233333,0.317629154,-0.000537826866
515.266667,0.317611227,-0.000503957456
515.3,0.317594428,-0.00046980199
515.333333,0.317578768,-0.000421639968
515.366667,0.317564714,-0.000384390128
515.4,0.3175519,-0.000349902377
515.433333,0.317540237,-0.000315518315
515.466667,0.31752972,-0.000269662651
515.5,0.317520731,-0.000231929536
515.533333,0.317513,-0.000199025178
515.566667,0.317506366,-0.000166594598
515.6,0.317500813,-0.000125677748
515.633333,0.317496623,-8.99157292e-005
515.666667,0.317493626,-6.058349e-005
515.7,0.317491607,-3.20409796e-005
515.733333,0.317490539,1.96112934e-006
515.766667,0.317490604,3.33652298e-005
515.8,0.317491716,5.74599434e-005
515.833333,0.317493632,8.05098628e-005
515.866667,0.317496315,0.000106277839
515.9,0.317499858,0.000131119969
515.933333,0.317504229,0.000148699835
515.966667,0.317509185,0.00016506414
516,0.317514687,0.00018198843
516.033333,0.317520754,0.000198487519
516.066667,0.31752737,0.000208795366
516.1,0.31753433,0.000217812646
516.133333,0.31754159,0.000226004337
516.166667,0.317549124,0.000232946516
516.2,0.317556889,0.000235741485
516.233333,0.317564747,0.000237257276
516.266667,0.317572655,0.000237399355
516.3,0.317580569,0.000234182912
516.333333,0.317588375,0.000229720071
516.366667,0.317596032,0.000224081653
516.4,0.317603501,0.000217272064
516.433333,0.317610744,0.000204187935
516.466667,0.31761755,0.000193156652
516.5,0.317623989,0.000181206092
516.533333,0.317630029,0.000168269171
516.566667,0.317635638,0.000147613669
516.6,0.317640558,0.000130455839
516.633333,0.317644907,0.000113403161
516.666667,0.317648687,9.56040292e-005
516.7,0.317651874,6.97412552e-005
516.733333,0.317654198,4.74788917e-005
516.766667,0.317655781,2.68239002e-005
516.8,0.317656675,5.70816578e-006
516.833333,0.317656865,-2.28700304e-005
516.866667,0.317656103,-4.87523547e-005
516.9,0.317654478,-7.13149565e-005
516.933333,0.317652101,-9.40354653e-005
516.966667,0.317648966,-0.000122934659
517,0.317644868,-0.000150639362
517.033333,0.317639847,-0.000173387374
517.066667,0.317634068,-0.000195996828
517.1,0.317627534,-0.000223104069
517.133333,0.317620098,-0.0002506362
517.166667,0.317611743,-0.000271909569
517.2,0.317602679,-0.000292767561
517.233333,0.31759292,-0.000316326016
517.266667,0.317582376,-0.000341609789
517.3,0.317570989,-0.000359917522
517.333333,0.317558992,-0.000377579097
517.366667,0.317546406,-0.000396312566
517.4,0.317533196,-0.000417399501
517.433333,0.317519282,-0.000431548419
517.466667,0.317504897,-0.000444878421
517.5,0.317490068,-0.000458038303
517.533333,0.3174748,-0.000473233158
517.566667,0.317459026,-0.000482363246
517.6,0.317442947,-0.000490565162
517.633333,0.317426595,-0.000497891647
517.666667,0.317409998,-0.000505866273
517.7,0.317393136,-0.000509503953
517.733333,0.317376153,-0.000512180037
517.766667,0.31735908,-0.000513894873
517.8,0.31734195,-0.000513848557
517.833333,0.317324822,-0.000511943725
517.866667,0.317307757,-0.000509115202
517.9,0.317290787,-0.000505364587
517.933333,0.317273941,-0.000498018129
517.966667,0.31725734,-0.000490416734
518,0.317240993,-0.000482474512
518.033333,0.317224911,-0.000473712669
518.066667,0.31720912,-0.000460321775
518.1,0.317193776,-0.000447248439
518.133333,0.317178868,-0.000434934965
518.166667,0.31716437,-0.000421962782
518.2,0.317150305,-0.00040410795
518.233333,0.317136834,-0.000386234546
518.266667,0.31712396,-0.000370575996
518.3,0.317111607,-0.000354458268
518.333333,0.317099792,-0.000333861988
518.366667,0.317088663,-0.000312237928
518.4,0.317078256,-0.000294439633
518.433333,0.317068441,-0.000276406621
518.466667,0.317059227,-0.00025479487
518.5,0.317050734,-0.000230802372
518.533333,0.317043041,-0.000212183563
518.566667,0.317035968,-0.000193565024
518.6,0.317029516,-0.000172562273
518.633333,0.317023764,-0.000147826544
518.666667,0.317018836,-0.000129714139
518.7,0.317014512,-0.000111825144
518.733333,0.317010785,-9.28155305e-005
518.766667,0.317007691,-6.90575876e-005
518.8,0.317005389,-5.26814935e-005
518.833333,0.317003633,-3.67285015e-005
518.866667,0.317002409,-2.07871954e-005
518.9,0.317001716,2.74820766e-007
518.933333,0.317001725,1.38390531e-005
518.966667,0.317002186,2.68169009e-005
519,0.31700308,3.92040299e-005
519.033333,0.317004387,5.54921546e-005
519.066667,0.317006237,6.56540775e-005
519.1,0.317008425,7.48697712e-005
519.133333,0.317010921,8.33839398e-005
519.166667,0.3170137,9.35299394e-005
519.2,0.317016818,9.97746653e-005
519.233333,0.317020144,0.000104732837
519.266667,0.317023635,0.000108930615
519.3,0.317027266,0.000112873204
519.333333,0.317031028,0.000114504635
519.366667,0.317034845,0.000115010357
519.4,0.317038679,0.000114752723
519.433333,0.317042504,0.000112869689
519.466667,0.317046266,0.000109511551
519.5,0.317049917,0.000105690497
519.533333,0.31705344,0.000101158492
519.566667,0.317056812,9.42091802e-005
519.6,0.317059952,8.58445138e-005
519.633333,0.317062813,7.81110431e-005
519.666667,0.317065417,6.97645959e-005
519.7,0.317067743,5.87718004e-005
519.733333,0.317069702,4.57389019e-005
519.766667,0.317071226,3.47491238e-005
519.8,0.317072385,2.32839889e-005
519.833333,0.317073161,9.44351064e-006
519.866667,0.317073476,-7.55782631e-006
519.9,0.317073224,-2.09448983e-005
519.933333,0.317072525,-3.46416114e-005
519.966667,0.317071371,-5.00609067e-005
520,0.317069702,-7.00193426e-005
520.033333,0.317067368,-8.48225271e-005
520.066667,0.317064541,-9.9757037e-005
520.1,0.317061215,-0.000115533043
520.133333,0.317057364,-0.000137207255
520.166667,0.317052791,-0.000152396037
520.2,0.317047711,-0.000167535173
520.233333,0.317042126,-0.000182619084
520.266667,0.317036039,-0.00020449822
520.3,0.317029222,-0.000219105972
520.333333,0.317021919,-0.000233442141
520.366667,0.317014137,-0.00024755464
520.4,0.317005886,-0.000266914434
520.433333,0.316996989,-0.000280650628
520.466667,0.316987633,-0.000293284016
520.5,0.316977857,-0.000305550105
520.533333,0.316967672,-0.000321418009
520.566667,0.316956958,-0.00033329807
520.6,0.316945848,-0.000343484972
520.633333,0.316934399,-0.000353192108
520.666667,0.316922626,-0.000364935196
520.7,0.316910461,-0.000374067115
520.733333,0.316897993,-0.000381261774
520.766667,0.316885284,-0.00038790427
520.8,0.316872354,-0.000395252858
520.833333,0.316859179,-0.000400925737
520.866667,0.316845814,-0.000404820559
520.9,0.31683232,-0.000408133927
520.933333,0.316818716,-0.00041116477
520.966667,0.31680501,-0.000412902699
521,0.316791247,-0.000413428658
521.033333,0.316777466,-0.000413385429
521.066667,0.316763686,-0.000412466208
521.1,0.316749938,-0.000410066804
521.133333,0.316736269,-0.000407389572
521.166667,0.316722689,-0.000404196617
521.2,0.316709216,-0.00039993898
521.233333,0.316695885,-0.000393511231
521.266667,0.316682768,-0.000388017312
521.3,0.316669834,-0.000382095511
521.333333,0.316657097,-0.000375280724
521.366667,0.316644588,-0.00036523459
521.4,0.316632413,-0.000357484581
521.433333,0.316620497,-0.000349420461
521.466667,0.31660885,-0.000340913175
521.5,0.316597486,-0.00032793395
521.533333,0.316586555,-0.000318621251
521.566667,0.316575934,-0.000309126921
521.6,0.31656563,-0.000299455268
521.633333,0.316555648,-0.000285180738
521.666667,0.316546142,-0.00027472739
521.7,0.316536984,-0.000264586273
521.733333,0.316528165,-0.000254407025
521.766667,0.316519685,-0.000240273903
521.8,0.316511676,-0.000229302528
521.833333,0.316504032,-0.000219304707
521.866667,0.316496722,-0.000209404346
521.9,0.316489742,-0.000196444801
521.933333,0.316483194,-0.00018579349
521.966667,0.316477001,-0.000176688969
522,0.316471111,-0.000167805588
522.033333,0.316465517,-0.000156860707
522.066667,0.316460289,-0.000147388225
522.1,0.316455376,-0.000139834243
522.133333,0.316450715,-0.000132603167
522.166667,0.316446295,-0.000124270874
522.2,0.316442152,-0.00011678122
522.233333,0.316438259,-0.000111296148
522.266667,0.31643455,-0.00010620856
522.3,0.316431009,-0.000100828986
522.333333,0.316427648,-9.60155511e-005
522.366667,0.316424448,-9.29566116e-005
522.4,0.316421349,-9.0338792e-005
522.433333,0.316418338,-8.80017292e-005
522.466667,0.316415405,-8.63896226e-005
522.5,0.316412525,-8.59304878e-005
522.533333,0.316409661,-8.59220164e-005
522.566667,0.316406796,-8.64791315e-005
522.6,0.316403914,-8.83729152e-005
522.633333,0.316400968,-9.04975784e-005
522.666667,0.316397952,-9.30504456e-005
522.7,0.31639485,-9.61573346e-005
522.733333,0.316391645,-0.000101621392
522.766667,0.316388257,-0.000106139653
522.8,0.316384719,-0.000111034322
522.833333,0.316381018,-0.000116303381
522.866667,0.316377141,-0.000124943306
522.9,0.316372977,-0.000131607957
522.933333,0.31636859,-0.000138469543
522.966667,0.316363974,-0.000145627587
523,0.31635912,-0.000156373774
523.033333,0.316353907,-0.000165021578
523.066667,0.316348406,-0.000173355045
523.1,0.316342628,-0.000181889973
523.133333,0.316336565,-0.000193863693
523.166667,0.316330103,-0.000204043723
523.2,0.316323301,-0.000213275644
523.233333,0.316316192,-0.000222603592
523.266667,0.316308772,-0.000234928787
523.3,0.316300941,-0.000246052479
523.333333,0.316292739,-0.000255568369
523.366667,0.31628422,-0.000265072154
523.4,0.316275385,-0.000276936315
523.433333,0.316266154,-0.000288320801
523.466667,0.316256543,-0.000297513127
523.5,0.316246626,-0.00030659125
523.533333,0.316236406,-0.000317304641
523.566667,0.316225829,-0.000328226326
523.6,0.316214888,-0.000336536567
523.633333,0.31620367,-0.000344642514
523.666667,0.316192182,-0.000353671052
523.7,0.316180393,-0.000363413516
523.733333,0.31616828,-0.000370364234
523.766667,0.316155934,-0.000377038733
523.8,0.316143366,-0.000384026152
523.833333,0.316130565,-0.000391938447
523.866667,0.316117501,-0.000397167105
523.9,0.316104262,-0.000402070638
523.933333,0.316090859,-0.000406850018
523.966667,0.316077298,-0.000412399905
524,0.316063551,-0.000415677765
524.033333,0.316049695,-0.000418606123
524.066667,0.316035742,-0.000421186821
524.1,0.316021702,-0.000423997298
524.133333,0.316007569,-0.000425236604
524.166667,0.315993394,-0.000426127849
524.2,0.31597919,-0.000426671601
524.233333,0.315964968,-0.000426564431
524.266667,0.315950749,-0.000425818988
524.3,0.315936555,-0.000424755385
524.333333,0.315922396,-0.00042337136
524.366667,0.315908284,-0.000420739313
524.4,0.315894259,-0.000418014993
524.433333,0.315880325,-0.000415207823
524.466667,0.315866485,-0.000412128181
524.5,0.315852748,-0.000407497105
524.533333,0.315839164,-0.000402948883
524.566667,0.315825733,-0.000398718526
524.6,0.315812442,-0.000394280969
524.633333,0.315799299,-0.000388258497
524.666667,0.315786357,-0.00038219007
524.7,0.315773618,-0.000376941965
524.733333,0.315761053,-0.000371563586
524.766667,0.315748668,-0.000364785715
524.8,0.315736508,-0.00035762754
524.833333,0.315724587,-0.00035181715
524.866667,0.31571286,-0.000345958747
524.9,0.315701328,-0.000339037197
524.933333,0.315690027,-0.000331316538
524.966667,0.315678983,-0.000325417141
525,0.315668136,-0.000319551937
525.033333,0.315657484,-0.000313035556
525.066667,0.315647049,-0.000305342581
525.1,0.315636871,-0.000299813466
525.133333,0.315626877,-0.000294394375
525.166667,0.315617064,-0.000288733921
525.2,0.31560744,-0.000281674639
525.233333,0.315598051,-0.000276926921
525.266667,0.31558882,-0.000272353547
525.3,0.315579741,-0.000267877261
525.333333,0.315570812,-0.000262028604
525.366667,0.315562078,-0.000258401036
525.4,0.315553464,-0.00025499707
525.433333,0.315544964,-0.000251817935
525.466667,0.315536571,-0.000247857025
525.5,0.315528309,-0.000245511176
525.533333,0.315520125,-0.000243504736
525.566667,0.315512008,-0.000241753106
525.6,0.31550395,-0.00023994552
525.633333,0.315495952,-0.000239084371
525.666667,0.315487982,-0.000238594697
525.7,0.315480029,-0.000238370167
525.733333,0.315472083,-0.000238656117
525.766667,0.315464128,-0.000239463497
525.8,0.315456146,-0.000240499969
525.833333,0.315448129,-0.000241792636
525.866667,0.315440069,-0.000243968654
525.9,0.315431937,-0.000246511271
525.933333,0.31542372,-0.000248976131
525.966667,0.315415421,-0.000251669941
526,0.315407032,-0.000255415517
526.033333,0.315398518,-0.000259631355
526.066667,0.315389864,-0.000263330278
526.1,0.315381086,-0.000267215731
526.133333,0.315372179,-0.000272131045
526.166667,0.315363108,-0.000277832588
526.2,0.315353847,-0.000282494419
526.233333,0.31534443,-0.000287288836
526.266667,0.315334854,-0.000292933694
526.3,0.315325089,-0.000299817339
526.333333,0.315315096,-0.000305114297
526.366667,0.315304925,-0.000310482369
526.4,0.315294576,-0.000316411047
526.433333,0.315284029,-0.000324075274
526.466667,0.315273226,-0.000329648015
526.5,0.315262238,-0.00033522798
526.533333,0.315251064,-0.000341025112
526.566667,0.315239696,-0.000349001006
526.6,0.315228063,-0.000354486381
526.633333,0.315216247,-0.000359917104
526.666667,0.315204249,-0.00036529131
526.7,0.315192073,-0.000372943329
526.733333,0.315179641,-0.000378063172
526.766667,0.315167039,-0.000383007142
526.8,0.315154272,-0.000387839217
526.833333,0.315141344,-0.000394342488
526.866667,0.3151282,-0.000398956369
526.9,0.315114901,-0.000403123174
526.933333,0.315101464,-0.000407133081
526.966667,0.315087893,-0.000412207587
527,0.315074152,-0.000415985561
527.033333,0.315060286,-0.000419150152
527.066667,0.315046315,-0.000422125627
527.1,0.315032244,-0.000425618481
527.133333,0.315018056,-0.000428278179
527.166667,0.31500378,-0.000430292099
527.2,0.314989437,-0.00043209923
527.233333,0.314975034,-0.000433982697
527.266667,0.314960568,-0.000435314246
527.3,0.314946058,-0.000436114001
527.333333,0.31493152,-0.000436704685
527.366667,0.314916964,-0.000437066947
527.4,0.314902395,-0.000436952208
527.433333,0.31488783,-0.000436559678
527.466667,0.314873278,-0.000435970361
527.5,0.314858745,-0.000434995102
527.533333,0.314844245,-0.00043341769
527.566667,0.314829798,-0.000431933966
527.6,0.3148154,-0.000430278967
527.633333,0.314801058,-0.000428221905
527.666667,0.314786784,-0.000425272708
527.7,0.314772608,-0.000422869162
527.733333,0.314758512,-0.000420330781
527.766667,0.314744501,-0.000417493855
527.8,0.314730585,-0.000413366987
527.833333,0.314716806,-0.000410269722
527.866667,0.31470313,-0.000407081676
527.9,0.314689561,-0.00040378389
527.933333,0.314676101,-0.000398762898
527.966667,0.314662809,-0.000395234341
528,0.314649635,-0.000391663464
528.033333,0.314636579,-0.00038805181
528.066667,0.314623644,-0.000382819408
528.1,0.314610884,-0.000378976294
528.133333,0.314598251,-0.000375303702
528.166667,0.314585741,-0.000371639455
528.2,0.314573353,-0.000366635346
528.233333,0.314561132,-0.000362736091
528.266667,0.314549041,-0.000359236117
528.3,0.314537066,-0.00035579051
528.333333,0.314525206,-0.000351351901
528.366667,0.314513495,-0.000347692296
528.4,0.314501905,-0.000344614318
528.433333,0.314490418,-0.000341630754
528.466667,0.31447903,-0.00033801672
528.5,0.314467763,-0.000334887741
528.533333,0.3144566,-0.000332440661
528.566667,0.314445519,-0.000330119359
528.6,0.314434515,-0.000327499646
528.633333,0.314423598,-0.000325163339
528.666667,0.314412759,-0.000323501958
528.7,0.314401976,-0.00032198716
528.733333,0.314391243,-0.000320438782
528.766667,0.314380562,-0.000319107227
528.8,0.314369925,-0.000318324632
528.833333,0.314359314,-0.000317698037
528.866667,0.314348724,-0.000317210925
528.9,0.31433815,-0.000317029294
528.933333,0.314327583,-0.000317153302
528.966667,0.314317011,-0.000317431006
529,0.31430643,-0.00031791777
529.033333,0.314295832,-0.000318950206
529.066667,0.314285201,-0.00031994348
529.1,0.314274536,-0.000321077154
529.133333,0.314263833,-0.000322388213
529.166667,0.314253087,-0.000324611455
529.2,0.314242267,-0.000326377714
529.233333,0.314231388,-0.000328261613
529.266667,0.314220446,-0.000330262309
529.3,0.314209437,-0.00033345043
529.333333,0.314198322,-0.000335901261
529.366667,0.314187125,-0.000338381609
529.4,0.314175846,-0.000340948145
529.433333,0.314164481,-0.000344724091
529.466667,0.31415299,-0.000347767417
529.5,0.314141398,-0.000350654831
529.533333,0.314129709,-0.000353592956
529.566667,0.314117923,-0.000357643857
529.6,0.314106001,-0.000361098143
529.633333,0.314093965,-0.00036418295
529.666667,0.314081825,-0.000367280867
529.7,0.314069583,-0.000371307106
529.733333,0.314057206,-0.000374950863
529.766667,0.314044707,-0.000378017891
529.8,0.314032107,-0.00038106094
529.833333,0.314019405,-0.0003847958
529.866667,0.314006578,-0.000388383095
529.9,0.313993632,-0.000391226758
529.933333,0.313980591,-0.000394012605
529.966667,0.313967457,-0.000397239127
530,0.313954216,-0.000400518601
530.033333,0.313940865,-0.000402957169
530.066667,0.313927434,-0.000405309547
530.1,0.313913923,-0.000407871218
530.133333,0.313900328,-0.000410604663
530.166667,0.313886641,-0.00041249117
530.2,0.313872891,-0.000414270286
530.233333,0.313859082,-0.000416075553
530.266667,0.313845213,-0.000418056169
530.3,0.313831278,-0.000419287273
530.333333,0.313817301,-0.000420398263
530.366667,0.313803288,-0.000421420843
530.4,0.313789241,-0.000422490341
530.433333,0.313775158,-0.000423011872
530.466667,0.313761057,-0.000423409493
530.5,0.313746944,-0.000423683203
530.533333,0.313732821,-0.000423743474
530.566667,0.313718696,-0.000423551822
530.6,0.313704578,-0.000423240952
530.633333,0.31369047,-0.000422811526
530.666667,0.313676376,-0.000421910149
530.7,0.313662312,-0.00042101226
530.733333,0.313648279,-0.000420045841
530.766667,0.313634277,-0.000418974323
530.8,0.313620311,-0.000417278248
530.833333,0.313606402,-0.000415701734
530.866667,0.313592545,-0.000414174981
530.9,0.313578739,-0.000412563277
530.933333,0.313564987,-0.000410276507
530.966667,0.313551311,-0.000408101005
531,0.313537708,-0.000406142722
531.033333,0.31352417,-0.000404124654
531.066667,0.313510699,-0.000401469921
531.1,0.313497317,-0.000398823068
531.133333,0.313484023,-0.000396585765
531.166667,0.313470803,-0.0003943169
531.2,0.313457659,-0.000391517889
531.233333,0.313444609,-0.000388566948
531.266667,0.313431656,-0.000386215127
531.3,0.313418783,-0.000383860809
531.333333,0.313405987,-0.000381125221
531.366667,0.313393283,-0.000378064962
531.4,0.313380681,-0.000375763151
531.433333,0.313368155,-0.000373486726
531.466667,0.313355706,-0.00037099301
531.5,0.313343339,-0.00036803205
531.533333,0.313331072,-0.00036593386
531.566667,0.313318874,-0.00036388584
531.6,0.313306744,-0.000361773414
531.633333,0.313294685,-0.000359118635
531.666667,0.313282715,-0.000357356402
531.7,0.313270803,-0.000355664351
531.733333,0.313258947,-0.000354027239
531.766667,0.313247146,-0.000351867872
531.8,0.313235417,-0.000350544482
531.833333,0.313223733,-0.000349305381
531.866667,0.313212089,-0.000348150886
531.9,0.313200484,-0.000346723951
531.933333,0.313188927,-0.000345867594
531.966667,0.313177398,-0.00034514271
532,0.313165893,-0.000344509587
532.033333,0.313154409,-0.000343855067
532.066667,0.313142947,-0.000343531914
532.1,0.313131496,-0.000343343862
532.133333,0.313120052,-0.000343247807
532.166667,0.31310861,-0.000343318362
532.2,0.313097166,-0.000343572776
532.233333,0.313085714,-0.000343905851
532.266667,0.31307425,-0.000344324596
532.3,0.313062773,-0.000345026781
532.333333,0.313051272,-0.000345860813
532.366667,0.313039743,-0.000346663842
532.4,0.313028188,-0.000347540342
532.433333,0.313016603,-0.000348746029
532.466667,0.313004978,-0.000350117469
532.5,0.312993307,-0.00035130866
532.533333,0.312981597,-0.000352556385
532.566667,0.312969845,-0.00035411584
532.6,0.312958041,-0.000355940212
532.633333,0.312946177,-0.000357414349
532.666667,0.312934263,-0.000358924798
532.7,0.312922299,-0.000360680376
532.733333,0.312910276,-0.000362836315
532.766667,0.312898182,-0.000364473016
532.8,0.312886032,-0.00036612405
532.833333,0.312873828,-0.000367922584
532.866667,0.312861564,-0.000370259738
532.9,0.312849222,-0.000371932253
532.933333,0.312836825,-0.000373597025
532.966667,0.312824371,-0.000375300838
533,0.312811861,-0.00037765066
533.033333,0.312799273,-0.000379235106
533.066667,0.312786632,-0.000380791223
533.1,0.312773939,-0.000382318407
533.133333,0.312761195,-0.000384443571
533.166667,0.31274838,-0.000385858675
533.2,0.312735518,-0.000387196286
533.233333,0.312722611,-0.000388487365
533.266667,0.312709662,-0.000390172289
533.3,0.312696656,-0.000391347596
533.333333,0.312683611,-0.000392376393
533.366667,0.312670532,-0.000393345117
533.4,0.31265742,-0.000394513011
533.433333,0.31264427,-0.00039534264
533.466667,0.312631092,-0.000395997394
533.5,0.312617892,-0.000396583363
533.533333,0.312604673,-0.000397202379
533.566667,0.312591433,-0.000397601205
533.6,0.312578179,-0.000397845012
533.633333,0.312564918,-0.000398016525
533.666667,0.31255165,-0.000398097252
533.7,0.312538381,-0.000398008241
533.733333,0.312525114,-0.00039783386
533.766667,0.312511852,-0.000397588939
533.8,0.312498599,-0.000397179378
533.833333,0.31248536,-0.000396579117
533.866667,0.312472141,-0.000396008297
533.9,0.312458941,-0.000395373576
533.933333,0.312445761,-0.000394551569
533.966667,0.31243261,-0.000393452904
534,0.312419495,-0.00039253348
534.033333,0.31240641,-0.000391560984
534.066667,0.312393358,-0.000390425105
534.1,0.312380344,-0.00038887714
534.133333,0.312367381,-0.000387678691
534.166667,0.312354459,-0.000386441269
534.2,0.312341577,-0.000385101356
534.233333,0.312328741,-0.000383186847
534.266667,0.312315968,-0.000381795022
534.3,0.312303241,-0.00038038043
534.333333,0.312290562,-0.000378943836
534.366667,0.312277931,-0.000376901301
534.4,0.312265367,-0.000376330243
534.433333,0.312252823,-0.000376581875
534.466667,0.31224027,-0.000377654902
534.5,0.312227682,-0.000381396422
534.533333,0.312214968,-0.000385843139
534.566667,0.312202107,-0.000390937373
534.6,0.312189076,-0.000396814977
534.633333,0.312175849,-0.000406607759
534.666667,0.312162295,-0.000415948158
534.7,0.31214843,-0.000425158747
534.733333,0.312134258,-0.000434978726
534.766667,0.312119759,-0.000449135256
534.8,0.312104788,-0.00046262438
534.833333,0.312089367,-0.000474862995
534.866667,0.312073538,-0.00048750757
534.9,0.312057288,-0.000504251567
534.933333,0.312040479,-0.00052083694
534.966667,0.312023118,-0.000534899515
535,0.312005288,-0.000549146173
535.033333,0.311986983,-0.000566752659
535.066667,0.311968092,-0.00058507723
535.1,0.311948589,-0.000599652742
535.133333,0.311928601,-0.00061417955
535.166667,0.311908128,-0.000631018444
535.2,0.311887094,-0.000649501046
535.233333,0.311865444,-0.00066330093
535.266667,0.311843334,-0.000676843245
535.3,0.311820772,-0.000691588812
535.333333,0.311797719,-0.000708640817
535.366667,0.311774098,-0.000720531462
535.4,0.31175008,-0.000731981237
535.433333,0.311725681,-0.000743644326
535.466667,0.311700893,-0.000757696665
535.5,0.311675636,-0.000766690964
535.533333,0.31165008,-0.000775096811
535.566667,0.311624243,-0.000783012195
535.6,0.311598143,-0.000792642216
535.633333,0.311571722,-0.000798012506
535.666667,0.311545121,-0.000802704762
535.7,0.311518364,-0.000806717098
535.733333,0.311491474,-0.000810650444
535.766667,0.311464452,-0.000812078676
535.8,0.311437383,-0.000812690153
535.833333,0.311410293,-0.000812581103
535.866667,0.311383207,-0.000810681081
535.9,0.311356184,-0.000807705161
535.933333,0.311329261,-0.000804136721
535.966667,0.311302456,-0.000799860828
536,0.311275794,-0.000792609376
536.033333,0.311249374,-0.000784991071
536.066667,0.311223208,-0.000777471373
536.1,0.311197292,-0.000769313864
536.133333,0.311171648,-0.000757579537
536.166667,0.311146395,-0.000745433167
536.2,0.311121548,-0.000734456598
536.233333,0.311097066,-0.000722948114
536.266667,0.311072967,-0.000707800567
536.3,0.311049374,-0.000691539736
536.333333,0.311026323,-0.0006777977
536.366667,0.31100373,-0.000663666401
536.4,0.310981607,-0.000646318724
536.433333,0.310960063,-0.000626704437
536.466667,0.310939173,-0.000611085296
536.5,0.310918804,-0.000595244813
536.533333,0.310898962,-0.000576972587
536.566667,0.31087973,-0.000555043317
536.6,0.310861228,-0.000538519529
536.633333,0.310843278,-0.000521945555
536.666667,0.31082588,-0.000503923556
536.7,0.310809082,-0.000480880782
536.733333,0.310793053,-0.000464436222
536.766667,0.310777572,-0.000448114337
536.8,0.310762634,-0.000431383106
536.833333,0.310748255,-0.000408577892
536.866667,0.310734636,-0.000393182748
536.9,0.31072153,-0.000378068124
536.933333,0.310708927,-0.000363238497
536.966667,0.310696819,-0.00034251226
537,0.310685402,-0.000328771758
537.033333,0.310674443,-0.000315677296
537.066667,0.310663921,-0.000302994366
537.1,0.310653821,-0.000286251993
537.133333,0.310644279,-0.000274518069
537.166667,0.310635129,-0.000264094138
537.2,0.310626325,-0.000254179922
537.233333,0.310617853,-0.000241934974
537.266667,0.310609788,-0.000233009714
537.3,0.310602021,-0.000225716846
537.333333,0.310594497,-0.000218990167
537.366667,0.310587198,-0.000211389577
537.4,0.310580151,-0.000205873541
537.433333,0.310573289,-0.000201920637
537.466667,0.310566558,-0.000198547155
537.5,0.31055994,-0.000195391513
537.533333,0.310553427,-0.000193655906
537.566667,0.310546972,-0.000193031876
537.6,0.310540537,-0.000192964472
537.633333,0.310534105,-0.000193803528
537.666667,0.310527645,-0.000195973733
537.7,0.310521113,-0.000198453244
537.733333,0.310514497,-0.000201425854
537.766667,0.310507783,-0.000205575981
537.8,0.310500931,-0.000211467944
537.833333,0.310493882,-0.000216609146
537.866667,0.310486662,-0.000222149249
537.9,0.310479257,-0.000228774198
537.933333,0.310471631,-0.000237935097
537.966667,0.3104637,-0.000245154824
538,0.310455528,-0.000252659312
538.033333,0.310447106,-0.000260877917
538.066667,0.31043841,-0.000272621532
538.1,0.310429322,-0.000281225594
538.133333,0.310419948,-0.000289982418
538.166667,0.310410282,-0.00029890369
538.2,0.310400319,-0.000312313818
538.233333,0.310389908,-0.000321534399
538.266667,0.31037919,-0.000330773634
538.3,0.310368165,-0.000340027493
538.333333,0.31035683,-0.000353160902
538.366667,0.310345058,-0.00036269507
538.4,0.310332969,-0.00037166998
538.433333,0.31032058,-0.000380532716
538.466667,0.310307895,-0.000392379575
538.5,0.310294816,-0.00040147233
538.533333,0.310281433,-0.000409481881
538.566667,0.310267784,-0.000417263854
538.6,0.310253875,-0.000427031571
538.633333,0.310239641,-0.000434899177
538.666667,0.310225144,-0.000441341648
538.7,0.310210433,-0.000447466078
538.733333,0.310195517,-0.000454621362
538.766667,0.310180363,-0.000460557574
538.8,0.310165011,-0.000464983592
538.833333,0.310149512,-0.000469028066
538.866667,0.310133878,-0.000473294887
538.9,0.310118101,-0.000476701067
538.933333,0.310102211,-0.000478811493
538.966667,0.310086251,-0.000480505483
539,0.310070234,-0.000481839088
539.033333,0.310054172,-0.000482276545
539.066667,0.310038097,-0.000481950972
539.1,0.310022032,-0.000481208608
539.133333,0.310005991,-0.000479802336
539.166667,0.309989998,-0.000477055066
539.2,0.309974096,-0.000474359059
539.233333,0.309958284,-0.000471274607
539.266667,0.309942575,-0.000467502797
539.3,0.309926991,-0.000461569334
539.333333,0.309911606,-0.000456719656
539.366667,0.309896382,-0.000451571917
539.4,0.309881329,-0.000446013188
539.433333,0.309866462,-0.000438274622
539.466667,0.309851853,-0.000433693701
539.5,0.309837397,-0.00042956884
539.533333,0.309823078,-0.00042590236
539.566667,0.309808881,-0.00042182648
539.6,0.30979482,-0.000419802025
539.633333,0.309780827,-0.000418300781
539.666667,0.309766883,-0.000417234867
539.7,0.309752976,-0.00041677517
539.733333,0.309739083,-0.000417242947
539.766667,0.309725175,-0.000418112864
539.8,0.309711238,-0.000419355812
539.833333,0.309697259,-0.000421814808
539.866667,0.309683199,-0.000424602848
539.9,0.309669045,-0.000427449218
539.933333,0.309654797,-0.000430591841
539.966667,0.309640444,-0.000435210574
540,0.309625937,-0.000439990248
540.033333,0.309611271,-0.000444316264
540.066667,0.30959646,-0.000448836935
540.1,0.309581499,-0.000454765172
540.133333,0.30956634,-0.000460977402
540.166667,0.309550974,-0.000466162204
540.2,0.309535435,-0.000471430434
540.233333,0.309519721,-0.000477813407
540.266667,0.309503794,-0.000484778935
540.3,0.309487635,-0.00049020551
540.333333,0.309471294,-0.00049561134
540.366667,0.309454774,-0.000501726728
540.4,0.30943805,-0.000508713919
540.433333,0.309421093,-0.000513782561
540.466667,0.309403967,-0.000518724832
540.5,0.309386676,-0.000523936506
540.533333,0.309369211,-0.000530125362
540.566667,0.30935154,-0.00053425669
540.6,0.309333732,-0.000538173537
540.633333,0.309315793,-0.000541998125
540.666667,0.309297726,-0.000546627424
540.7,0.309279505,-0.000549373827
540.733333,0.309261193,-0.000551841726
540.766667,0.309242798,-0.000554029318
540.8,0.30922433,-0.00055641037
540.833333,0.309205783,-0.000557453976
540.866667,0.309187202,-0.000558151386
540.9,0.309168597,-0.000558521285
540.933333,0.309149979,-0.000558197846
540.966667,0.309131373,-0.000557264682
541,0.309112797,-0.00055600311
541.033333,0.309094264,-0.000554399252
541.066667,0.309075784,-0.00055143189
541.1,0.309057403,-0.000548289056
541.133333,0.309039126,-0.000545061495
541.166667,0.309020958,-0.000541503106
541.2,0.309002907,-0.000536158851
541.233333,0.308985036,-0.000530708481
541.266667,0.308967345,-0.000525624392
541.3,0.308949824,-0.000520240138
541.333333,0.308932483,-0.00051290741
541.366667,0.308915386,-0.000505205297
541.4,0.308898546,-0.000498508173
541.433333,0.308881929,-0.0004915692
541.466667,0.308865543,-0.000482787869
541.5,0.308849451,-0.00047309806
541.533333,0.308833681,-0.000465163025
541.566667,0.308818175,-0.000457057966
541.6,0.30880294,-0.000447425678
541.633333,0.308788026,-0.000436143751
541.666667,0.308773488,-0.000427396098
541.7,0.308759241,-0.000418558307
541.733333,0.308745289,-0.000408657938
541.766667,0.308731667,-0.000396306476
541.8,0.308718457,-0.000387229879
541.833333,0.308705549,-0.000378152998
541.866667,0.308692944,-0.000368563676
541.9,0.308680659,-0.000355797257
541.933333,0.308668799,-0.000346898968
541.966667,0.308657235,-0.000338083654
542,0.308645966,-0.000329298385
542.033333,0.308634989,-0.000316792212
542.066667,0.30862443,-0.000308528661
542.1,0.308614145,-0.000300423419
542.133333,0.308604131,-0.000292478728
542.166667,0.308594382,-0.000281587048
542.2,0.308584996,-0.000274040926
542.233333,0.308575861,-0.000267055817
542.266667,0.308566959,-0.000260296728
542.3,0.308558283,-0.000251540959
542.333333,0.308549898,-0.000245123093
542.366667,0.308541727,-0.000239575738
542.4,0.308533741,-0.000234297541
542.433333,0.308525931,-0.000227880171
542.466667,0.308518335,-0.00022297133
542.5,0.308510903,-0.000219060068
542.533333,0.308503601,-0.000215443635
542.566667,0.30849642,-0.000211403836
542.6,0.308489373,-0.000208310477
542.633333,0.308482429,-0.000206139594
542.666667,0.308475558,-0.000204269763
542.7,0.308468749,-0.000202501772
542.733333,0.308461999,-0.000201405929
542.766667,0.308455285,-0.000200950023
542.8,0.308448587,-0.000200776866
542.833333,0.308441894,-0.000201012056
542.866667,0.308435194,-0.000201935691
542.9,0.308428463,-0.000203051248
542.933333,0.308421694,-0.000204416135
542.966667,0.30841488,-0.000206295891
543,0.308408004,-0.000209137784
543.033333,0.308401033,-0.000211601536
543.066667,0.308393979,-0.000214265388
543.1,0.308386837,-0.000217371613
543.133333,0.308379591,-0.000221879631
543.166667,0.308372195,-0.000225374713
543.2,0.308364683,-0.000229006698
543.233333,0.308357049,-0.000232873149
543.266667,0.308349287,-0.000238652455
543.3,0.308341332,-0.000242808678
543.333333,0.308333238,-0.000247035795
543.366667,0.308325004,-0.000251331706
543.4,0.308316626,-0.000257684999
543.433333,0.308308036,-0.000262232075
543.466667,0.308299295,-0.000266667996
543.5,0.308290406,-0.00027110329
543.533333,0.30828137,-0.000277256036
543.566667,0.308272128,-0.000281906811
543.6,0.308262731,-0.000286155945
543.633333,0.308253192,-0.000290337892
543.666667,0.308243514,-0.000295790064
543.7,0.308233655,-0.000300135533
543.733333,0.30822365,-0.000303845621
543.766667,0.308213522,-0.000307433096
543.8,0.308203274,-0.00031181495
543.833333,0.30819288,-0.000315460681
543.866667,0.308182365,-0.000318337761
543.9,0.308171754,-0.000321046046
543.933333,0.308161052,-0.000324098828
543.966667,0.308150249,-0.000326670431
544,0.30813936,-0.000328482361
544.033333,0.308128411,-0.000330094476
544.066667,0.308117407,-0.000331688703
544.1,0.308106351,-0.000332887798
544.133333,0.308095255,-0.000333501305
544.166667,0.308084138,-0.000333901965
544.2,0.308073008,-0.000334048657
544.233333,0.308061873,-0.00033367629
544.266667,0.308050751,-0.000333048367
544.3,0.308039649,-0.000332208472
544.333333,0.308028575,-0.000331016873
544.366667,0.308017542,-0.000328969657
544.4,0.308006576,-0.000327140894
544.433333,0.307995671,-0.000325118284
544.466667,0.307984834,-0.000322790412
544.5,0.307974074,-0.000319099728
544.533333,0.307963438,-0.000316207866
544.566667,0.307952897,-0.000313154708
544.6,0.307942459,-0.000309941387
544.633333,0.307932127,-0.000304815918
544.666667,0.307921967,-0.000301039895
544.7,0.307911932,-0.000297169121
544.733333,0.307902027,-0.000293179878
544.766667,0.307892254,-0.000287262159
544.8,0.307882679,-0.000282665701
544.833333,0.307873256,-0.00027824204
544.866667,0.307863982,-0.000273751021
544.9,0.307854857,-0.00026749215
544.933333,0.30784594,-0.000262337155
544.966667,0.307837196,-0.000257664699
545,0.307828607,-0.000252978821
545.033333,0.307820174,-0.000246811877
545.066667,0.307811947,-0.000241410539
545.1,0.3078039,-0.000236793125
545.133333,0.307796007,-0.000232214447
545.166667,0.307788266,-0.000226516542
545.2,0.307780716,-0.000221215238
545.233333,0.307773342,-0.000216947289
545.266667,0.30776611,-0.000212767808
545.3,0.307759018,-0.000207857974
545.333333,0.30775209,-0.000203023187
545.366667,0.307745322,-0.000199371359
545.4,0.307738676,-0.000195848824
545.433333,0.307732148,-0.000191955265
545.466667,0.30772575,-0.000187926465
545.5,0.307719485,-0.000185098948
545.533333,0.307713315,-0.000182430918
545.566667,0.307707234,-0.000179681421
545.6,0.307701245,-0.000176754939
545.633333,0.307695353,-0.000174902742
545.666667,0.307689523,-0.000173229598
545.7,0.307683749,-0.000171666529
545.733333,0.307678027,-0.00017007907
545.766667,0.307672357,-0.000169284318
545.8,0.307666715,-0.000168673644
545.833333,0.307661092,-0.000168246215
545.866667,0.307655484,-0.000168136455
545.9,0.307649879,-0.000168400467
545.933333,0.307644266,-0.000168841113
545.966667,0.307638638,-0.000169457965
546,0.307632989,-0.000170794334
546.033333,0.307627296,-0.000172090543
546.066667,0.30762156,-0.000173508236
546.1,0.307615776,-0.000175083206
546.133333,0.30760994,-0.000177624029
546.166667,0.307604019,-0.000179916148
546.2,0.307598022,-0.000182171
546.233333,0.30759195,-0.000184552752
546.266667,0.307585798,-0.000187988481
546.3,0.307579532,-0.000191158973
546.333333,0.30757316,-0.000194058147
546.366667,0.307566691,-0.000197047336
546.4,0.307560123,-0.000201044844
546.433333,0.307553421,-0.000204912785
546.466667,0.307546591,-0.000208234342
546.5,0.30753965,-0.000211604561
546.533333,0.307532596,-0.000215831337
546.566667,0.307525402,-0.000220154743
546.6,0.307518063,-0.000223653647
546.633333,0.307510608,-0.000227157355
546.666667,0.307503036,-0.000231295843
546.7,0.307495327,-0.000235786552
546.733333,0.307487467,-0.000239216419
546.766667,0.307479493,-0.00024261002
546.8,0.307471406,-0.000246391115
546.833333,0.307463193,-0.000250747071
546.866667,0.307454835,-0.000253882137
546.9,0.307446372,-0.000256943971
546.933333,0.307437807,-0.000260157295
546.966667,0.307429135,-0.000264073859
547,0.307420333,-0.000266714176
547.033333,0.307411442,-0.000269250681
547.066667,0.307402467,-0.000271748216
547.1,0.307393409,-0.000274942611
547.133333,0.307384244,-0.00027693307
547.166667,0.307375013,-0.000278799007
547.2,0.30736572,-0.000280539922
547.233333,0.307356369,-0.000282719957
547.266667,0.307346945,-0.000283992168
547.3,0.307337478,-0.000285096903
547.333333,0.307327975,-0.000286065458
547.366667,0.30731844,-0.00028708311
547.4,0.30730887,-0.000287578585
547.433333,0.307299284,-0.000287884753
547.466667,0.307289688,-0.000288053917
547.5,0.307280086,-0.000287976425
547.533333,0.307270487,-0.000287628854
547.566667,0.307260899,-0.0002871605
547.6,0.307251327,-0.000286564998
547.633333,0.307241775,-0.000285535796
547.666667,0.307232257,-0.000284343658
547.7,0.307222779,-0.000283178076
547.733333,0.30721334,-0.000281903197
547.766667,0.307203943,-0.0002801138
547.8,0.307194606,-0.000278136544
547.833333,0.307185335,-0.000276394192
547.866667,0.307176122,-0.000274567954
547.9,0.307166969,-0.000272244273
547.933333,0.307157895,-0.000269608266
547.966667,0.307148908,-0.000267449297
548,0.307139993,-0.000265237289
548.033333,0.307131151,-0.000262621884
548.066667,0.307122397,-0.000259509949
548.1,0.307113747,-0.000257116198
548.133333,0.307105176,-0.000254702198
548.166667,0.307096686,-0.000252027002
548.2,0.307088286,-0.000248661297
548.233333,0.307079997,-0.000246222709
548.266667,0.307071789,-0.000243797465
548.3,0.307063663,-0.000241272878
548.333333,0.30705562,-0.000237907701
548.366667,0.30704769,-0.000235613815
548.4,0.307039836,-0.000233364677
548.433333,0.307032057,-0.000231161212
548.466667,0.307024352,-0.000228070201
548.5,0.30701675,-0.000226086069
548.533333,0.307009214,-0.000224178393
548.566667,0.307001741,-0.000222342709
548.6,0.30699433,-0.000219934934
548.633333,0.306986998,-0.000218322651
548.666667,0.306979721,-0.000216892791
548.7,0.306972491,-0.000215555754
548.733333,0.306965306,-0.000213950048
548.766667,0.306958174,-0.000212870553
548.8,0.306951079,-0.00021201856
548.833333,0.306944011,-0.000211272517
548.866667,0.306936969,-0.000210516743
548.9,0.306929952,-0.000210096782
548.933333,0.306922948,-0.000209876315
548.966667,0.306915953,-0.000209766681
549,0.30690896,-0.000209840716
549.033333,0.306901966,-0.000210164591
549.066667,0.30689496,-0.000210585222
549.1,0.306887941,-0.000211114034
549.133333,0.306880904,-0.000211943357
549.166667,0.306873839,-0.000213046681
549.2,0.306866737,-0.000214074193
549.233333,0.306859601,-0.000215199221
549.266667,0.306852428,-0.000216660738
549.3,0.306845206,-0.000218520374
549.333333,0.306837922,-0.000220077672
549.366667,0.306830586,-0.000221715352
549.4,0.306823196,-0.000223652429
549.433333,0.306815741,-0.000226190533
549.466667,0.306808201,-0.000228168874
549.5,0.306800595,-0.000230205766
549.533333,0.306792922,-0.000232446849
549.566667,0.306785174,-0.000235535688
549.6,0.306777322,-0.000237801361
549.633333,0.306769396,-0.00024009998
549.666667,0.306761392,-0.000242468761
549.7,0.30675331,-0.000245933928
549.733333,0.306745112,-0.000248336786
549.766667,0.306736834,-0.000250745865
549.8,0.306728476,-0.000253160342
549.833333,0.306720037,-0.000256630413
549.866667,0.306711483,-0.000259102208
549.9,0.306702846,-0.000261470678
549.933333,0.306694131,-0.000263818613
549.966667,0.306685337,-0.000267014537
550,0.306676436,-0.000269438727
550.033333,0.306667455,-0.000271622782
550.066667,0.306658401,-0.000273762467
550.1,0.306649275,-0.000276517625
550.133333,0.306640058,-0.000278734804
550.166667,0.306630767,-0.000280608562
550.2,0.306621413,-0.000282418537
550.233333,0.306611999,-0.000284615597
550.266667,0.306602512,-0.000286477285
550.3,0.306592963,-0.000287942593
550.333333,0.306583365,-0.000289329919
550.366667,0.306573721,-0.000290902684
550.4,0.306564024,-0.000292280014
550.433333,0.306554281,-0.00029326902
550.466667,0.306544506,-0.000294171677
550.5,0.3065347,-0.000295102691
550.533333,0.306524863,-0.000295897581
550.566667,0.306515,-0.000296378053
550.6,0.306505121,-0.000296770567
550.633333,0.306495228,-0.000297090883
550.666667,0.306485325,-0.000297247335
550.7,0.306475417,-0.000297224172
550.733333,0.306465509,-0.000297117521
550.766667,0.306455606,-0.000296897215
550.8,0.306445709,-0.000296403215
550.833333,0.306435829,-0.000295914069
550.866667,0.306425965,-0.000295351518
550.9,0.30641612,-0.00029468935
550.933333,0.306406297,-0.000293580387
550.966667,0.306396511,-0.000292694032
551,0.306386755,-0.000291749383
551.033333,0.30637703,-0.000290746966
551.066667,0.306367338,-0.000289142218
551.1,0.3063577,-0.000287934482
551.133333,0.306348102,-0.000286704604
551.166667,0.306338545,-0.00028543539
551.2,0.306329031,-0.00028356423
551.233333,0.306319579,-0.000282091047
551.266667,0.306310176,-0.000280687225
551.3,0.306300819,-0.00027926454
551.333333,0.306291511,-0.00027730293
551.366667,0.306282267,-0.000275673269
551.4,0.306273078,-0.000274215129
551.433333,0.306263937,-0.000272759181
551.466667,0.306254845,-0.000270870988
551.5,0.306245816,-0.000269211717
551.533333,0.306236843,-0.000267817024
551.566667,0.306227915,-0.000266444239
551.6,0.306219034,-0.000264767871
551.633333,0.306210208,-0.000263212993
551.666667,0.306201435,-0.000261989374
551.7,0.306192702,-0.000260805088
551.733333,0.306184008,-0.00025944808
551.766667,0.30617536,-0.000258130928
551.8,0.306166756,-0.000257170501
551.833333,0.306158183,-0.000256263282
551.866667,0.306149641,-0.000255297727
551.9,0.306141131,-0.00025433912
551.933333,0.306132653,-0.00025371097
551.966667,0.306124196,-0.000253145281
552,0.306115758,-0.000252604393
552.033333,0.306107338,-0.000252102076
552.066667,0.306098934,-0.000251848852
552.1,0.306090539,-0.000251662613
552.133333,0.306082151,-0.00025154434
552.166667,0.306073766,-0.000251567127
552.2,0.30606538,-0.000251704214
552.233333,0.30605699,-0.000251907715
552.266667,0.306048593,-0.000252178454
552.3,0.306040187,-0.000252758323
552.333333,0.306031762,-0.000253272141
552.366667,0.30602332,-0.000253846887
552.4,0.306014858,-0.000254482304
552.433333,0.306006375,-0.000255539043
552.466667,0.305997857,-0.000256425929
552.5,0.30598931,-0.000257328358
552.533333,0.305980732,-0.000258281786
552.566667,0.305972123,-0.000259706276
552.6,0.305963466,-0.000260935906
552.633333,0.305954768,-0.000262101302
552.666667,0.305946031,-0.000263304568
552.7,0.305937255,-0.000264972687
552.733333,0.305928422,-0.000266484973
552.766667,0.305919539,-0.000267831678
552.8,0.305910612,-0.000269200846
552.833333,0.305901638,-0.000270982768
552.866667,0.305892605,-0.000272693518
552.9,0.305883516,-0.000274130569
552.933333,0.305874378,-0.000275573729
552.966667,0.305865192,-0.000277345243
553,0.305855947,-0.000279151962
553.033333,0.305846642,-0.000280585229
553.066667,0.305837289,-0.000282008236
553.1,0.305827889,-0.000283657759
553.133333,0.305818434,-0.000285445465
553.166667,0.305808919,-0.00028678366
553.2,0.30579936,-0.000288096557
553.233333,0.305789756,-0.000289532749
553.266667,0.305780105,-0.000291183773
553.3,0.305770399,-0.000292345829
553.333333,0.305760654,-0.000293469926
553.366667,0.305750872,-0.000294627084
553.4,0.305741051,-0.000296029694
553.433333,0.305731183,-0.000296949178
553.466667,0.305721285,-0.000297821021
553.5,0.305711358,-0.000298660026
553.533333,0.305701402,-0.000299715823
553.566667,0.305691412,-0.000300344761
553.6,0.3056814,-0.000300920137
553.633333,0.30567137,-0.000301441836
553.666667,0.305661322,-0.000302049767
553.7,0.305651253,-0.00030237479
553.733333,0.305641174,-0.000302631708
553.766667,0.305631086,-0.000302833151
553.8,0.305620992,-0.000302978981
553.833333,0.305610893,-0.000302979388
553.866667,0.305600793,-0.000302917728
553.9,0.305590696,-0.000302802627
553.933333,0.305580603,-0.000302531579
553.966667,0.305570518,-0.000302194244
554,0.305560445,-0.000301835402
554.033333,0.305550384,-0.000301428878
554.066667,0.305540336,-0.00030081062
554.1,0.305530309,-0.000300147789
554.133333,0.305520304,-0.000299532695
554.166667,0.30551032,-0.000298878702
554.2,0.305500357,-0.000297999172
554.233333,0.305490424,-0.000297047385
554.266667,0.305480523,-0.000296232067
554.3,0.305470648,-0.000295388907
554.333333,0.305460802,-0.000294342093
554.366667,0.30545099,-0.000293160552
554.4,0.305441218,-0.000292212309
554.433333,0.305431478,-0.00029124882
554.466667,0.30542177,-0.000290130006
554.5,0.305412099,-0.000288797336
554.533333,0.305402472,-0.000287789704
554.566667,0.305392879,-0.00028677984
554.6,0.30538332,-0.000285677736
554.633333,0.305373797,-0.000284285484
554.666667,0.305364321,-0.000283292269
554.7,0.305354878,-0.00028230938
554.733333,0.305345468,-0.0002813002
554.766667,0.305336091,-0.000279946795
554.8,0.305326759,-0.000279037675
554.833333,0.305317458,-0.000278150186
554.866667,0.305308186,-0.000277284654
554.9,0.305298944,-0.000276087271
554.933333,0.305289741,-0.000275313579
554.966667,0.305280564,-0.000274580033
555,0.305271411,-0.000273877501
555.033333,0.305262282,-0.000272968716
555.066667,0.305253183,-0.000272356676
555.1,0.305244104,-0.000271821933
555.133333,0.305235043,-0.00027132463
555.166667,0.305225999,-0.000270736254
555.2,0.305216975,-0.000270339888
555.233333,0.305207963,-0.000270033173
555.266667,0.305198962,-0.000269767349
555.3,0.30518997,-0.000269504954
555.333333,0.305180987,-0.000269363933
555.366667,0.305172008,-0.000269296921
555.4,0.305163031,-0.000269271059
555.433333,0.305154056,-0.000269315548
555.466667,0.305145078,-0.000269451183
555.5,0.305136097,-0.000269617947
555.533333,0.305127109,-0.000269823154
555.566667,0.305118115,-0.000270135382
555.6,0.305109111,-0.000270548942
555.633333,0.305100092,-0.000270927509
555.666667,0.305091062,-0.000271339111
555.7,0.305082017,-0.000271864807
555.733333,0.305072955,-0.000272536169
555.766667,0.30506387,-0.00027309015
555.8,0.305054767,-0.000273669502
555.833333,0.305045645,-0.00027434448
555.866667,0.3050365,-0.00027523282
555.9,0.305027326,-0.000275914707
555.933333,0.305018128,-0.000276612791
555.966667,0.305008908,-0.000277369434
556,0.304999662,-0.000278416348
556.033333,0.304990382,-0.000279171512
556.066667,0.304981076,-0.000279932821
556.1,0.304971745,-0.000280705391
556.133333,0.304962388,-0.000281838174
556.166667,0.304952994,-0.000282608441
556.2,0.304943573,-0.000283374665
556.233333,0.304934127,-0.000284136541
556.266667,0.304924656,-0.000285207894
556.3,0.304915149,-0.000285968714
556.333333,0.304905617,-0.000286683313
556.366667,0.304896061,-0.000287384103
556.4,0.304886481,-0.000288313022
556.433333,0.304876871,-0.000289010261
556.466667,0.304867237,-0.000289622207
556.5,0.304857583,-0.000290212152
556.533333,0.30484791,-0.000290945284
556.566667,0.304838211,-0.000291520318
556.6,0.304828494,-0.00029198713
556.633333,0.304818761,-0.000292425585
556.666667,0.304809014,-0.000292928768
556.7,0.304799249,-0.000293329008
556.733333,0.304789472,-0.000293619783
556.766667,0.304779684,-0.000293878092
556.8,0.304769888,-0.000294137287
556.833333,0.304760084,-0.000294320464
556.866667,0.304750273,-0.000294417345
556.9,0.304740459,-0.000294480029
556.933333,0.304730643,-0.000294499838
556.966667,0.304720827,-0.000294437234
557,0.304711012,-0.000294335975
557.033333,0.304701201,-0.000294201257
557.066667,0.304691394,-0.000294002911
557.1,0.304681594,-0.00029368249
557.133333,0.304671805,-0.000293392608
557.166667,0.304662025,-0.00029307232
557.2,0.304652256,-0.000292690529
557.233333,0.304642499,-0.000292118197
557.266667,0.304632762,-0.000291661493
557.3,0.30462304,-0.000291179379
557.333333,0.304613334,-0.000290657922
557.366667,0.304603646,-0.000289857237
557.4,0.304593984,-0.000289265783
557.433333,0.304584341,-0.000288655511
557.466667,0.30457472,-0.000288026646
557.5,0.304565119,-0.00028707121
557.533333,0.30455555,-0.00028636845
557.566667,0.304546004,-0.000285671083
557.6,0.304536482,-0.000284962771
557.633333,0.304526983,-0.000283950459
557.666667,0.304517518,-0.000283159277
557.7,0.304508079,-0.000282419829
557.733333,0.304498665,-0.000281677473
557.766667,0.304489276,-0.0002806746
557.8,0.30447992,-0.000279840087
557.833333,0.304470592,-0.000279104482
557.866667,0.304461289,-0.000278373876
557.9,0.30445201,-0.000277439433
557.933333,0.304442762,-0.000276611721
557.966667,0.304433541,-0.000275923659
558,0.304424344,-0.000275247769
558.033333,0.304415169,-0.000274429617
558.066667,0.304406021,-0.000273659765
558.1,0.304396899,-0.000273057516
558.133333,0.304387797,-0.000272473406
558.166667,0.304378715,-0.000271805877
558.2,0.304369655,-0.000271142106
558.233333,0.304360617,-0.000270656372
558.266667,0.304351595,-0.000270193201
558.3,0.304342588,-0.000269696332
558.333333,0.304333598,-0.000269180336
558.366667,0.304324626,-0.000268832398
558.4,0.304315665,-0.000268509602
558.433333,0.304306714,-0.000268188924
558.466667,0.304297775,-0.000267852086
558.5,0.304288846,-0.000267652506
558.533333,0.304279924,-0.000267478728
558.566667,0.304271009,-0.000267326488
558.6,0.304262098,-0.000267187489
558.633333,0.304253191,-0.000267136097
558.666667,0.304244287,-0.000267109295
558.7,0.304235383,-0.000267107021
558.733333,0.30422648,-0.000267169567
558.766667,0.304217574,-0.000267256075
558.8,0.304208665,-0.000267363908
558.833333,0.304199753,-0.000267493224
558.866667,0.304190837,-0.000267728231
558.9,0.304181913,-0.000267941635
558.933333,0.304172981,-0.000268162727
558.966667,0.304164042,-0.000268400849
559,0.304155096,-0.000268762729
559.033333,0.304146137,-0.000269085591
559.066667,0.304137167,-0.000269391569
559.1,0.304128188,-0.000269709078
559.133333,0.304119197,-0.000270148358
559.166667,0.304110193,-0.000270553275
559.2,0.304101174,-0.000270910787
559.233333,0.304092144,-0.000271273682
559.266667,0.304083101,-0.000271740749
559.3,0.304074043,-0.000272192096
559.333333,0.30406497,-0.000272565412
559.366667,0.304055885,-0.000272937831
559.4,0.304046787,-0.000273386889
559.433333,0.304037674,-0.000273843512
559.466667,0.304028546,-0.000274197218
559.5,0.304019406,-0.000274544036
559.533333,0.304010254,-0.000274936005
559.566667,0.30400109,-0.000275353962
559.6,0.303991911,-0.000275655154
559.633333,0.303982723,-0.000275944167
559.666667,0.303973525,-0.000276248743
559.7,0.303964316,-0.00027658465
559.733333,0.303955097,-0.000276805285
559.766667,0.30394587,-0.000277009532
559.8,0.303936636,-0.000277206751
559.833333,0.303927396,-0.000277421285
559.866667,0.303918149,-0.000277539965
559.9,0.303908897,-0.000277639343
559.933333,0.303899643,-0.000277719831
559.966667,0.303890386,-0.000277780504
560,0.303881126,-0.000277783503
560.033333,0.303871867,-0.000277765761
560.066667,0.303862608,-0.000277727262
560.1,0.30385335,-0.000277617152
560.133333,0.303844096,-0.000277496267
560.166667,0.303834846,-0.000277357724
560.2,0.303825601,-0.000277198583
560.233333,0.303816361,-0.000276929377
560.266667,0.30380713,-0.000276676444
560.3,0.303797908,-0.000276421803
560.333333,0.303788694,-0.00027614814
560.366667,0.303779489,-0.000275742642
560.4,0.303770297,-0.000275357978
560.433333,0.303761119,-0.000274999634
560.466667,0.303751952,-0.000274625127
560.5,0.303742798,-0.000274113835
560.533333,0.303733661,-0.00027360725
560.566667,0.303724541,-0.000273164285
560.6,0.303715435,-0.000272709045
560.633333,0.303706345,-0.00027212721
560.666667,0.303697274,-0.000271517501
560.7,0.303688223,-0.000271013947
560.733333,0.303679189,-0.000270502694
560.766667,0.303670173,-0.000269887057
560.8,0.303661176,-0.000269200801
560.833333,0.303652203,-0.000268663834
560.866667,0.303643248,-0.000268124109
560.9,0.30363431,-0.00026751022
560.933333,0.303625393,-0.00026678017
560.966667,0.303616501,-0.000266238225
561,0.303607626,-0.000265698442
561.033333,0.303598769,-0.000265118141
561.066667,0.303589932,-0.000264380747
561.1,0.303581119,-0.000263861333
561.133333,0.303572324,-0.000263348636
561.166667,0.303563546,-0.00026282797
561.2,0.303554785,-0.000262120747
561.233333,0.303546047,-0.000261648688
561.266667,0.303537326,-0.000261187249
561.3,0.30352862,-0.000260736539
561.333333,0.303519928,-0.000260112961
561.366667,0.303511258,-0.000259700093
561.4,0.303502601,-0.000259309569
561.433333,0.303493958,-0.0002589327
561.466667,0.303485326,-0.000258439214
561.5,0.303476712,-0.000258093012
561.533333,0.303468109,-0.000257787274
561.566667,0.303459516,-0.000257497024
561.6,0.303450933,-0.000257140032
561.633333,0.303442361,-0.00025687825
561.666667,0.303433799,-0.000256664788
561.7,0.303425243,-0.000256467478
561.733333,0.303416694,-0.000256243672
561.766667,0.303408153,-0.000256077922
561.8,0.303399617,-0.000255957513
561.833333,0.303391085,-0.000255852729
561.866667,0.303382556,-0.000255750123
561.9,0.303374031,-0.000255684623
561.933333,0.303365509,-0.000255651531
561.966667,0.303356987,-0.000255632447
562,0.303348466,-0.000255632247
562.033333,0.303339945,-0.000255663346
562.066667,0.303331423,-0.000255706087
562.1,0.303322899,-0.000255760292
562.133333,0.303314374,-0.000255839051
562.166667,0.303305846,-0.000255955185
562.2,0.303297314,-0.000256057437
562.233333,0.303288779,-0.000256167886
562.266667,0.30328024,-0.000256299612
562.3,0.303271696,-0.0002564819
562.333333,0.303263147,-0.000256623858
562.366667,0.303254593,-0.000256770305
562.4,0.303246034,-0.000256928768
562.433333,0.30323747,-0.000257152365
562.466667,0.303228898,-0.00025731233
562.5,0.303220321,-0.000257472896
562.533333,0.303211738,-0.000257633943
562.566667,0.303203151,-0.000257869004
562.6,0.303194555,-0.000258025149
562.633333,0.303185954,-0.00025817781
562.666667,0.303177348,-0.000258327185
562.7,0.303168737,-0.000258528527
562.733333,0.30316012,-0.000258666719
562.766667,0.303151497,-0.000258790901
562.8,0.303142871,-0.000258908434
562.833333,0.303134241,-0.0002590522
562.866667,0.303125606,-0.000259150319
562.9,0.303116967,-0.000259228253
562.933333,0.303108326,-0.000259296777
562.966667,0.303099683,-0.000259366119
563,0.303091038,-0.000259403378
563.033333,0.303082391,-0.000259421176
563.066667,0.303073744,-0.000259427581
563.1,0.303065096,-0.000259413245
563.133333,0.303056449,-0.00025937195
563.166667,0.303047803,-0.000259320475
563.2,0.303039159,-0.000259256528
563.233333,0.303030517,-0.000259156822
563.266667,0.303021879,-0.000259023873
563.3,0.303013245,-0.000258899126
563.333333,0.303004615,-0.000258761752
563.366667,0.302995989,-0.000258581782
563.4,0.30298737,-0.000258349805
563.433333,0.302978758,-0.000258152998
563.466667,0.302970153,-0.000257944319
563.5,0.302961555,-0.000257694946
563.533333,0.302952965,-0.000257363115
563.566667,0.302944386,-0.000257100448
563.6,0.302935816,-0.000256827478
563.633333,0.302927255,-0.000256523912
563.666667,0.302918705,-0.000256098156
563.7,0.302910168,-0.000255780106
563.733333,0.302901642,-0.000255453991
563.766667,0.302893127,-0.000255114128
563.8,0.302884623,-0.000254606874
563.833333,0.302876136,-0.000254247333
563.866667,0.302867661,-0.000253882461
563.9,0.302859198,-0.000253512349
563.933333,0.302850748,-0.000252967668
563.966667,0.302842316,-0.000252569986
564,0.302833897,-0.000252182877
564.033333,0.302825491,-0.000251793531
564.066667,0.302817098,-0.000251248998
564.1,0.302808723,-0.000250823097
564.133333,0.302800362,-0.000250431139
564.166667,0.302792014,-0.000250039984
564.2,0.302783679,-0.000249519514
564.233333,0.302775362,-0.000249083505
564.266667,0.302767059,-0.000248703762
564.3,0.302758769,-0.000248327692
564.333333,0.302750492,-0.000247851588
564.366667,0.30274223,-0.00024742469
564.4,0.302733982,-0.000247072708
564.433333,0.302725747,-0.000246726889
564.466667,0.302717522,-0.000246310637
564.5,0.302709312,-0.000245911684
564.533333,0.302701115,-0.000245600483
564.566667,0.302692928,-0.000245297399
564.6,0.302684752,-0.000244951073
564.633333,0.302676587,-0.000244597068
564.666667,0.302668433,-0.00024433639
564.7,0.302660289,-0.000244085131
564.733333,0.302652153,-0.000243813245
564.766667,0.302644026,-0.000243517967
564.8,0.302635908,-0.000243313666
564.833333,0.302627798,-0.000243119369
564.866667,0.302619694,-0.000242921081
564.9,0.302611597,-0.000242693946
564.933333,0.302603507,-0.000242547778
564.966667,0.302595422,-0.000242411474
565,0.302587341,-0.000242281261
565.033333,0.302579265,-0.000242126536
565.066667,0.302571195,-0.000242036231
565.1,0.302563127,-0.000241954949
565.133333,0.302555062,-0.000241882656
565.166667,0.302546999,-0.000241800674
565.2,0.302538939,-0.000241759312
565.233333,0.30253088,-0.000241726414
565.266667,0.302522823,-0.000241701041
565.3,0.302514766,-0.000241682897
565.333333,0.30250671,-0.000241682181
565.366667,0.302498654,-0.000241687995
565.4,0.302490597,-0.000241699411
565.433333,0.302482541,-0.000241726465
565.466667,0.302474483,-0.000241757954
565.5,0.302466425,-0.000241790546
565.533333,0.302458365,-0.000241826497
565.566667,0.302450304,-0.000241879368
565.6,0.302442241,-0.000241931203
565.633333,0.302434177,-0.000241977298
565.666667,0.302426111,-0.000242024364
565.7,0.302418044,-0.000242084471
565.733333,0.302409974,-0.000242142207
565.766667,0.302401903,-0.000242188181
565.8,0.30239383,-0.000242232778
565.833333,0.302385755,-0.000242283629
565.866667,0.302377679,-0.000242331242
565.9,0.302369602,-0.000242364024
565.933333,0.302361523,-0.000242393277
565.966667,0.302353443,-0.000242421404
566,0.302345362,-0.000242442494
566.033333,0.302337281,-0.000242450483
566.066667,0.302329199,-0.000242453138
566.1,0.302321117,-0.000242448809
566.133333,0.302313036,-0.000242427876
566.166667,0.302304955,-0.000242401702
566.2,0.302296875,-0.000242368839
566.233333,0.302288796,-0.000242326367
566.266667,0.302280718,-0.000242249938
566.3,0.302272643,-0.000242182957
566.333333,0.302264571,-0.000242108471
566.366667,0.3022565,-0.000242026186
566.4,0.302248433,-0.000241883949
566.433333,0.30224037,-0.000241772637
566.466667,0.302232311,-0.000241653582
566.5,0.302224256,-0.000241526787
566.533333,0.302216205,-0.000241325957
566.566667,0.302208161,-0.000241163297
566.6,0.302200122,-0.000240999945
566.633333,0.302192088,-0.00024082919
566.666667,0.302184061,-0.000240577146
566.7,0.302176042,-0.000240361375
566.733333,0.30216803,-0.000240157062
566.766667,0.302160024,-0.000239946203
566.8,0.302152026,-0.000239653235
566.833333,0.302144038,-0.000239386359
566.866667,0.302136058,-0.000239147162
566.9,0.302128087,-0.000238902715
566.933333,0.302120123,-0.000238581488
566.966667,0.30211217,-0.000238268961
567,0.302104228,-0.000238003116
567.033333,0.302096295,-0.000237733635
567.066667,0.30208837,-0.000237397942
567.1,0.302080457,-0.000237048383
567.133333,0.302072555,-0.000236765665
567.166667,0.302064663,-0.000236481125
567.2,0.30205678,-0.000236144819
567.233333,0.302048909,-0.000235769481
567.266667,0.30204105,-0.000235480492
567.3,0.302033201,-0.000235191552
567.333333,0.302025361,-0.000234867505
567.366667,0.302017532,-0.000234479432
567.4,0.302009716,-0.00023419476
567.433333,0.30200191,-0.000233911934
567.466667,0.301994112,-0.000233611155
567.5,0.301986325,-0.000233224301
567.533333,0.301978551,-0.000232953853
567.566667,0.301970786,-0.000232686853
567.6,0.30196303,-0.000232417901
567.633333,0.301955283,-0.000232046133
567.666667,0.301947548,-0.00023179848
567.7,0.301939821,-0.00023155556
567.733333,0.301932103,-0.000231317408
567.766667,0.301924392,-0.000230986795
567.8,0.301916693,-0.000230761859
567.833333,0.301909,-0.000230549283
567.866667,0.301901315,-0.000230342364
567.9,0.301893637,-0.000230068035
567.933333,0.301885968,-0.000229867898
567.966667,0.301878306,-0.00022968963
568,0.30187065,-0.00022951748
568.033333,0.301862999,-0.00022929983
568.066667,0.301855356,-0.00022912999
568.1,0.301847718,-0.000228987466
568.133333,0.301840085,-0.000228851062
568.166667,0.301832457,-0.000228686897
568.2,0.301824834,-0.000228550294
568.233333,0.301817216,-0.000228442449
568.266667,0.301809601,-0.000228340298
568.3,0.30180199,-0.000228223515
568.333333,0.301794382,-0.000228120238
568.366667,0.301786778,-0.000228043711
568.4,0.301779177,-0.00022797207
568.433333,0.301771578,-0.000227894396
568.466667,0.301763981,-0.000227821522
568.5,0.301756387,-0.000227770899
568.533333,0.301748795,-0.000227724043
568.566667,0.301741204,-0.000227675813
568.6,0.301733615,-0.000227627568
568.633333,0.301726027,-0.000227595903
568.666667,0.301718441,-0.00022756667
568.7,0.301710855,-0.000227537749
568.733333,0.301703271,-0.000227505901
568.766667,0.301695687,-0.000227485265
568.8,0.301688104,-0.000227465603
568.833333,0.301680522,-0.000227446156
568.866667,0.30167294,-0.000227420463
568.9,0.30166536,-0.000227402459
568.933333,0.30165778,-0.000227383968
568.966667,0.3016502,-0.000227364945
569,0.301642621,-0.000227334407
569.033333,0.301635044,-0.000227310604
569.066667,0.301627467,-0.000227285186
569.1,0.30161989,-0.000227257887
569.133333,0.301612315,-0.000227213655
569.166667,0.301604741,-0.000227175118
569.2,0.301597169,-0.000227135486
569.233333,0.301589598,-0.000227092802
569.266667,0.301582028,-0.000227027034
569.3,0.30157446,-0.000226965697
569.333333,0.301566895,-0.000226905844
569.366667,0.301559331,-0.000226842041
569.4,0.30155177,-0.000226749766
569.433333,0.301544212,-0.000226658428
569.466667,0.301536656,-0.000226574032
569.5,0.301529104,-0.000226485114
569.533333,0.301521554,-0.000226364302
569.566667,0.301514009,-0.000226237183
569.6,0.301506468,-0.000226125767
569.633333,0.30149893,-0.000226009596
569.666667,0.301491396,-0.000225860917
569.7,0.301483868,-0.000225694179
569.733333,0.301476345,-0.000225555248
569.766667,0.301468826,-0.000225411685
569.8,0.301461312,-0.000225238258
569.833333,0.301453804,-0.000225030404
569.866667,0.301446303,-0.000224865434
569.9,0.301438808,-0.000224696275
569.933333,0.301431318,-0.000224503149
569.966667,0.301423835,-0.000224255127
570,0.301416359,-0.000224067289
570.033333,0.30140889,-0.000223875988
570.066667,0.301401428,-0.000223669533
570.1,0.301393972,-0.000223384799
570.133333,0.301386526,-0.000223178745
570.166667,0.301379087,-0.00022297018
570.2,0.301371654,-0.000222757506
570.233333,0.301364229,-0.000222441878
570.266667,0.301356815,-0.000222223362
570.3,0.301349407,-0.000222003417
570.333333,0.301342007,-0.000221782076
570.366667,0.301334614,-0.000221462465
570.4,0.301327232,-0.000221228218
570.433333,0.301319858,-0.00022100331
570.466667,0.301312491,-0.000220778151
570.5,0.301305132,-0.000220467371
570.533333,0.301297783,-0.000220222086
570.566667,0.301290442,-0.000219998754
570.6,0.301283109,-0.000219776297
570.633333,0.301275783,-0.000219482822
570.666667,0.301268467,-0.000219233479
570.7,0.301261159,-0.000219017871
570.733333,0.301253859,-0.000218804147
570.766667,0.301246565,-0.000218534749
570.8,0.301239281,-0.000218288446
570.833333,0.301232004,-0.000218085938
570.866667,0.301224735,-0.000217886149
570.9,0.301217472,-0.000217645673
570.933333,0.301210217,-0.000217409123
570.966667,0.30120297,-0.000217224013
571,0.301195729,-0.000217042235
571.033333,0.301188495,-0.000216833439
571.066667,0.301181267,-0.000216612365
571.1,0.301174046,-0.000216447536
571.133333,0.301166831,-0.000216286387
571.166667,0.301159622,-0.000216109893
571.2,0.301152418,-0.000215908597
571.233333,0.301145221,-0.000215765438
571.266667,0.301138029,-0.000215626039
571.3,0.301130842,-0.00021548058
571.333333,0.301123659,-0.000215301623
571.366667,0.301116482,-0.000215180009
571.4,0.301109309,-0.000215061957
571.433333,0.301102141,-0.000214944647
571.466667,0.301094976,-0.000214788482
571.5,0.301087816,-0.000214686767
571.533333,0.30108066,-0.000214588173
571.566667,0.301073507,-0.000214492683
571.6,0.301066357,-0.000214362094
571.633333,0.301059212,-0.000214275131
571.666667,0.301052069,-0.000214192876
571.7,0.30104493,-0.000214113085
571.733333,0.301037793,-0.000214006983
571.766667,0.301030659,-0.000213929534
571.8,0.301023528,-0.000213859488
571.833333,0.301016399,-0.000213791106
571.866667,0.301009273,-0.000213702147
571.9,0.30100215,-0.00021363038
571.933333,0.300995029,-0.000213567734
571.966667,0.30098791,-0.000213505869
572,0.300980793,-0.000213426779
572.033333,0.300973679,-0.000213355762
572.066667,0.300966567,-0.000213295427
572.1,0.300959457,-0.00021323498
572.133333,0.300952349,-0.000213159078
572.166667,0.300945244,-0.000213083084
572.2,0.300938141,-0.000213019982
572.233333,0.30093104,-0.000212955912
572.266667,0.300923942,-0.000212877453
572.3,0.300916846,-0.000212790383
572.333333,0.300909753,-0.00021271984
572.366667,0.300902662,-0.000212647584
572.4,0.300895574,-0.000212562159
572.433333,0.300888489,-0.000212458047
572.466667,0.300881407,-0.000212376134
572.5,0.300874327,-0.000212291907
572.533333,0.300867251,-0.000212196604
572.566667,0.300860178,-0.000212069988
572.6,0.300853109,-0.000211973664
572.633333,0.300846043,-0.000211874618
572.666667,0.30083898,-0.000211768054
572.7,0.300831922,-0.000211614459
572.733333,0.300824868,-0.000211501822
572.766667,0.300817818,-0.000211386271
572.8,0.300810771,-0.000211267806
572.833333,0.300803729,-0.000211085686
572.866667,0.300796693,-0.000210955295
572.9,0.300789661,-0.000210822763
572.933333,0.300782634,-0.000210687335
572.966667,0.300775611,-0.000210488067
573,0.300768595,-0.000210333941
573.033333,0.300761583,-0.00021018512
573.066667,0.300754577,-0.00021003363
573.1,0.300747576,-0.000209820534
573.133333,0.300740582,-0.000209642752
573.166667,0.300733594,-0.000209479458
573.2,0.300726611,-0.000209313911
573.233333,0.300719634,-0.000209091456
573.266667,0.300712665,-0.000208891392
573.3,0.300705701,-0.000208716337
573.333333,0.300698744,-0.000208539578
573.366667,0.300691793,-0.000208312823
573.4,0.300684849,-0.000208093078
573.433333,0.300677913,-0.000207909672
573.466667,0.300670982,-0.000207725213
573.5,0.300664058,-0.000207499474
573.533333,0.300657142,-0.000207263759
573.566667,0.300650233,-0.000207075891
573.6,0.30064333,-0.000206887667
573.633333,0.300636434,-0.000206668095
573.666667,0.300629545,-0.000206420919
573.7,0.300622664,-0.000206232572
573.733333,0.30061579,-0.00020604456
573.766667,0.300608922,-0.000205835717
573.8,0.300602061,-0.000205582101
573.833333,0.300595208,-0.000205397141
573.866667,0.300588361,-0.000205213163
573.9,0.300581521,-0.000205018811
573.933333,0.300574687,-0.000204763972
573.966667,0.300567861,-0.000204585906
574,0.300561042,-0.00020440936
574.033333,0.300554228,-0.000204232232
574.066667,0.300547421,-0.000203981071
574.1,0.300540621,-0.00020381274
574.133333,0.300533827,-0.000203646342
574.166667,0.300527039,-0.000203481886
574.2,0.300520256,-0.00020325103
574.233333,0.300513481,-0.000203088343
574.266667,0.300506712,-0.000202934019
574.3,0.300499947,-0.000202781898
574.333333,0.300493188,-0.000202576499
574.366667,0.300486435,-0.000202419765
574.4,0.300479688,-0.000202278515
574.433333,0.300472945,-0.000202139549
574.466667,0.300466208,-0.000201959024
574.5,0.300459476,-0.000201809792
574.533333,0.300452749,-0.000201681662
574.566667,0.300446026,-0.000201555732
574.6,0.300439307,-0.000201398299
574.633333,0.300432594,-0.000201257133
574.666667,0.300425885,-0.000201141292
574.7,0.300419181,-0.000201027419
574.733333,0.30041248,-0.000200890358
574.766667,0.300405783,-0.000200756709
574.8,0.300399092,-0.000200651468
574.833333,0.300392403,-0.000200547828
574.866667,0.300385718,-0.000200427691
574.9,0.300379037,-0.000200299913
574.933333,0.300372361,-0.000200202925
574.966667,0.300365687,-0.000200107075
575,0.300359017,-0.000200000092
575.033333,0.30035235,-0.000199875581
575.066667,0.300345688,-0.000199784057
575.1,0.300339028,-0.00019969314
575.133333,0.300332372,-0.000199595515
575.166667,0.300325719,-0.000199470781
575.2,0.30031907,-0.000199381614
575.233333,0.300312424,-0.000199292502
575.266667,0.300305781,-0.000199200676
575.3,0.300299141,-0.000199071647
575.333333,0.300292505,-0.000198981705
575.366667,0.300285872,-0.000198891295
575.4,0.300279242,-0.000198800399
575.433333,0.300272616,-0.000198666421
575.466667,0.300265994,-0.000198570941
575.5,0.300259374,-0.000198476337
575.533333,0.300252759,-0.000198380767
575.566667,0.300246146,-0.000198243885
575.6,0.300239538,-0.000198137047
575.633333,0.300232933,-0.000198035739
575.666667,0.300226332,-0.000197933075
575.7,0.300219734,-0.000197790881
575.733333,0.300213141,-0.000197669831
575.766667,0.300206552,-0.000197559897
575.8,0.300199967,-0.000197448337
575.833333,0.300193385,-0.000197299565
575.866667,0.300186809,-0.000197161868
575.9,0.300180237,-0.000197042024
575.933333,0.300173669,-0.0001969204
575.966667,0.300167104,-0.000196764797
576,0.300160546,-0.000196608634
576.033333,0.300153992,-0.000196478327
576.066667,0.300147443,-0.000196346222
576.1,0.300140898,-0.000196184546
576.133333,0.300134358,-0.000196008924
576.166667,0.300127825,-0.000195868379
576.2,0.300121296,-0.000195726144
576.233333,0.300114772,-0.000195560002
576.266667,0.300108253,-0.000195364785
576.3,0.300101741,-0.000195214866
576.333333,0.300095234,-0.000195063478
576.366667,0.300088732,-0.000194895062
576.4,0.300082235,-0.00019468105
576.433333,0.300075746,-0.000194523241
576.466667,0.300069262,-0.000194364285
576.5,0.300062783,-0.000194196203
576.533333,0.30005631,-0.000193965145
576.566667,0.300049844,-0.000193801438
576.6,0.300043384,-0.000193636962
576.633333,0.300036929,-0.000193471729
576.666667,0.30003048,-0.000193226558
576.7,0.300024039,-0.00019305899
576.733333,0.300017604,-0.000192891304
576.766667,0.300011174,-0.000192723282
576.8,0.30000475,-0.000192483722
576.833333,0.299998334,-0.000192306426
576.866667,0.299991924,-0.000192137987
576.9,0.299985519,-0.000191969648
576.933333,0.29997912,-0.000191739186
576.966667,0.299972729,-0.000191554632
577,0.299966344,-0.000191387828
577.033333,0.299959964,-0.000191221521
577.066667,0.29995359,-0.000191003037
577.1,0.299947224,-0.000190813823
577.133333,0.299940863,-0.000190650817
577.166667,0.299934508,-0.000190488655
577.2,0.299928158,-0.000190284377
577.233333,0.299921816,-0.000190093074
577.266667,0.299915479,-0.00018993571
577.3,0.299909148,-0.000189779465
577.333333,0.299902822,-0.000189590872
577.366667,0.299896502,-0.00018939978
577.4,0.299890189,-0.000189249387
577.433333,0.299883881,-0.000189100294
577.466667,0.299877577,-0.000188928017
577.5,0.29987128,-0.000188738992
577.533333,0.299864988,-0.000188596371
577.566667,0.299858702,-0.000188455131
577.6,0.29985242,-0.000188299064
577.633333,0.299846143,-0.000188113405
577.666667,0.299839873,-0.000187978814
577.7,0.299833607,-0.000187845579
577.733333,0.299827345,-0.000187704941
577.766667,0.299821089,-0.00018752318
577.8,0.299814838,-0.000187396262
577.833333,0.299808591,-0.00018727058
577.866667,0.299802349,-0.000187144041
577.9,0.299796111,-0.000186965946
577.933333,0.299789879,-0.000186845839
577.966667,0.29978365,-0.000186726773
578,0.299777426,-0.00018660874
578.033333,0.299771206,-0.000186441178
578.066667,0.299764991,-0.000186322694
578.1,0.29975878,-0.000186208881
578.133333,0.299752574,-0.000186095825
578.166667,0.29974637,-0.000185940271
578.2,0.299740172,-0.000185820142
578.233333,0.299733978,-0.000185709892
578.266667,0.299727788,-0.00018560008
578.3,0.299721601,-0.000185453768
578.333333,0.29971542,-0.000185330373
578.366667,0.299709242,-0.000185221841
578.4,0.299703068,-0.000185113418
578.433333,0.299696897,-0.000184973737
578.466667,0.299690732,-0.000184845091
578.5,0.29968457,-0.000184736352
578.533333,0.299678412,-0.000184627392
578.566667,0.299672258,-0.000184491966
578.6,0.299666108,-0.000184355858
578.633333,0.299659963,-0.000184245078
578.666667,0.299653821,-0.000184133778
578.7,0.299647684,-0.000184000693
578.733333,0.29964155,-0.000183854893
578.766667,0.299635422,-0.000183740485
578.8,0.299629297,-0.000183625302
578.833333,0.299623176,-0.000183493196
578.866667,0.29961706,-0.000183335552
578.9,0.299610949,-0.000183216187
578.933333,0.299604841,-0.000183095858
578.966667,0.299598738,-0.000182963913
579,0.299592639,-0.000182792563
579.033333,0.299586546,-0.000182667317
579.066667,0.299580457,-0.000182540999
579.1,0.299574373,-0.000182409
579.133333,0.299568292,-0.000182222564
579.166667,0.299562218,-0.000182090978
579.2,0.299556149,-0.00018195828
579.233333,0.299550083,-0.000181824471
579.266667,0.299544023,-0.000181626156
579.3,0.299537968,-0.000181486125
579.333333,0.299531919,-0.00018134708
579.366667,0.299525874,-0.000181206971
579.4,0.299519834,-0.000181006984
579.433333,0.2995138,-0.000180853681
579.466667,0.299507772,-0.000180708778
579.5,0.299501748,-0.000180562939
579.533333,0.299495729,-0.000180362813
579.566667,0.299489717,-0.000180196501
579.6,0.299483711,-0.000180046588
579.633333,0.299477709,-0.000179895917
579.666667,0.299471713,-0.000179697442
579.7,0.299465723,-0.000179518837
579.733333,0.299459739,-0.000179365064
579.766667,0.29945376,-0.000179210757
579.8,0.299447786,-0.000179015923
579.833333,0.299441819,-0.000178826197
579.866667,0.299435858,-0.000178669959
579.9,0.299429902,-0.000178513445
579.933333,0.299423952,-0.000178324271
579.966667,0.299418008,-0.000178124933
580,0.29941207,-0.000177967693
580.033333,0.299406138,-0.000177810435
580.066667,0.299400211,-0.00017762876
580.1,0.29939429,-0.000177421567
580.133333,0.299388376,-0.0001772648
580.166667,0.299382467,-0.00017710827
580.2,0.299376564,-0.000176935694
580.233333,0.299370666,-0.000176722569
580.266667,0.299364775,-0.000176567684
580.3,0.299358889,-0.000176413255
580.333333,0.299353009,-0.000176251025
580.366667,0.299347134,-0.000176033819
580.4,0.299341266,-0.000175881989
580.433333,0.299335403,-0.000175730795
580.466667,0.299329546,-0.000175579739
580.5,0.299323693,-0.000175360158
580.533333,0.299317848,-0.000175212309
580.566667,0.299312007,-0.00017506523
580.6,0.299306172,-0.000174918924
580.633333,0.299300341,-0.000174712155
580.666667,0.299294517,-0.000174562058
580.7,0.299288699,-0.000174419646
580.733333,0.299282885,-0.000174282934
580.766667,0.299277075,-0.000174060442
580.8,0.299271273,-0.000173888715
580.833333,0.299265477,-0.000173637715
580.866667,0.299259689,-0.00017297587
580.9,0.299253923,-0.00017207539
580.933333,0.299248187,-0.000170930419
580.966667,0.29924249,-0.000169505582
581,0.29923684,-0.00016681821
581.033333,0.299231279,-0.000163803106
581.066667,0.299225819,-0.000160578387
581.1,0.299220466,-0.000156914263
581.133333,0.299215236,-0.000151152585
581.166667,0.299210197,-0.000144920724
581.2,0.299205367,-0.00013889589
581.233333,0.299200737,-0.00013234832
581.266667,0.299196325,-0.000123115168
581.3,0.299192221,-0.00011293885
581.333333,0.299188457,-0.000103814856
581.366667,0.299184996,-9.41566194e-005
581.4,0.299181858,-8.160279e-005
581.433333,0.299179138,-6.71793883e-005
581.466667,0.299176898,-5.5051971e-005
581.5,0.299175063,-4.24464874e-005
581.533333,0.299173648,-2.71654005e-005
581.566667,0.299172743,-8.66392374e-006
581.6,0.299172454,6.00690266e-006
581.633333,0.299172654,2.10419888e-005
581.666667,0.299173356,3.81366409e-005
581.7,0.299174627,6.00848661e-005
581.733333,0.29917663,7.65502469e-005
581.766667,0.299179181,9.32246666e-005
581.8,0.299182289,0.000111051229
581.833333,0.299185991,0.000135409633
581.866667,0.299190504,0.000152715786
581.9,0.299195595,0.000170047587
581.933333,0.299201263,0.00018747783
581.966667,0.299207512,0.000212864135
582,0.299214608,0.00022993106
582.033333,0.299222272,0.000246829615
582.066667,0.2992305,0.000263553837
582.1,0.299239285,0.000286846701
582.133333,0.299248846,0.000303324709
582.166667,0.299258957,0.000318695544
582.2,0.29926958,0.000333706031
582.233333,0.299280704,0.000353424765
582.266667,0.299292485,0.000368159073
582.3,0.299304757,0.000380986023
582.333333,0.299317456,0.000393287185
582.366667,0.299330566,0.000408406361
582.4,0.299344179,0.000420159718
582.433333,0.299358185,0.000429578416
582.466667,0.299372504,0.00043834075
582.5,0.299387115,0.000448204743
582.533333,0.299402055,0.000455849175
582.566667,0.29941725,0.000461219632
582.6,0.299432624,0.00046584753
582.633333,0.299448153,0.000470200346
582.666667,0.299463826,0.000472808949
582.7,0.299479586,0.000473751225
582.733333,0.299495378,0.000473913107
582.766667,0.299511175,0.000472877756
582.8,0.299526938,0.000469800819
582.833333,0.299542598,0.000466217454
582.866667,0.299558138,0.000461867936
582.9,0.299573534,0.000455917408
582.933333,0.299588731,0.000446857108
582.966667,0.299603626,0.000438942107
583,0.299618258,0.000430324489
583.033333,0.299632602,0.000420218956
583.066667,0.299646609,0.000405259669
583.1,0.299660118,0.000393470625
583.133333,0.299673234,0.000381085282
583.166667,0.299685936,0.000367783689
583.2,0.299698196,0.000347396279
583.233333,0.299709776,0.000332419534
583.266667,0.299720856,0.000316988814
583.3,0.299731423,0.000301109016
583.333333,0.29974146,0.000277059698
583.366667,0.299750695,0.000259303251
583.4,0.299759338,0.000241718572
583.433333,0.299767396,0.000223851694
583.466667,0.299774857,0.000198330462
583.5,0.299781469,0.000178258941
583.533333,0.29978741,0.000159509314
583.566667,0.299792727,0.000140655477
583.6,0.299797416,0.000115150446
583.633333,0.299801254,9.37457582e-005
583.666667,0.299804379,7.48549689e-005
583.7,0.299806874,5.60377018e-005
583.733333,0.299808742,3.18929785e-005
583.766667,0.299809805,1.02654128e-005
583.8,0.299810148,-7.77794209e-006
583.833333,0.299809888,-2.55838058e-005
583.866667,0.299809035,-4.72555648e-005
583.9,0.29980746,-6.79550105e-005
583.933333,0.299805195,-8.42665258e-005
583.966667,0.299802386,-0.000100200384
584,0.299799046,-0.000118570902
584.033333,0.299795094,-0.000137230155
584.066667,0.29979052,-0.000151077998
584.1,0.299785484,-0.00016443986
584.133333,0.299780002,-0.000178988738
584.166667,0.299774036,-0.000194618379
584.2,0.299767549,-0.000205468381
584.233333,0.2997607,-0.000215763188
584.266667,0.299753508,-0.000226288602
584.3,0.299745965,-0.000238105648
584.333333,0.299738028,-0.000245651091
584.366667,0.299729839,-0.000252613322
584.4,0.299721419,-0.000259208446
584.433333,0.299712779,-0.00026669213
584.466667,0.299703889,-0.000270858723
584.5,0.29969486,-0.000274455354
584.533333,0.299685712,-0.000277482981
584.566667,0.299676462,-0.000280383369
584.6,0.299667116,-0.000281345875
584.633333,0.299657738,-0.000281772867
584.666667,0.299648346,-0.000281684895
584.7,0.299638956,-0.000280311197
584.733333,0.299629613,-0.000278342218
584.766667,0.299620334,-0.000275999348
584.8,0.299611134,-0.00027322798
584.833333,0.299602027,-0.000268518276
584.866667,0.299593076,-0.000263908858
584.9,0.299584279,-0.000259360167
584.933333,0.299575634,-0.000254494784
584.966667,0.299567151,-0.000247498043
585,0.299558901,-0.000240764025
585.033333,0.299550875,-0.000234696216
585.066667,0.299543052,-0.000228440134
585.1,0.299535437,-0.000220232306
585.133333,0.299528096,-0.00021208001
585.166667,0.299521027,-0.000205247056
585.2,0.299514186,-0.000198360123
585.233333,0.299507574,-0.000189957794
585.266667,0.299501242,-0.000181230495
585.3,0.299495201,-0.000174397312
585.333333,0.299489387,-0.000167641245
585.366667,0.299483799,-0.000159937129
585.4,0.299478468,-0.000151558307
585.433333,0.299473416,-0.000145451224
585.466667,0.299468568,-0.00013953988
585.5,0.299463916,-0.000133252197
585.533333,0.299459475,-0.000126154092
585.566667,0.29945527,-0.000121408946
585.6,0.299451223,-0.000116957201
585.633333,0.299447324,-0.000112591922
585.666667,0.299443571,-0.000107641014
585.7,0.299439983,-0.000104763115
585.733333,0.299436491,-0.000102250035
585.766667,0.299433082,-0.000100090584
585.8,0.299429746,-9.80246933e-005
585.833333,0.299426479,-9.73621551e-005
585.866667,0.299423233,-9.71052383e-005
585.9,0.299419996,-9.72545905e-005
585.933333,0.299416755,-9.85458701e-005
585.966667,0.29941347,-0.000100305865
586,0.299410126,-0.000102442501
586.033333,0.299406711,-0.000104992425
586.066667,0.299403212,-0.000109497907
586.1,0.299399562,-0.000113894505
586.133333,0.299395765,-0.000118382261
586.166667,0.299391819,-0.000123259364
586.2,0.299387711,-0.000130580583
586.233333,0.299383358,-0.000137653015
586.266667,0.299378769,-0.000144280455
586.3,0.29937396,-0.00015124478
586.333333,0.299368919,-0.000160803704
586.366667,0.299363558,-0.000170388239
586.4,0.299357879,-0.000178793908
586.433333,0.299351919,-0.000187460517
586.466667,0.29934567,-0.000198560905
586.5,0.299339052,-0.000210297345
586.533333,0.299332042,-0.000220003563
586.566667,0.299324708,-0.000229878062
586.6,0.299317046,-0.000241772876
586.633333,0.299308987,-0.000255125936
586.666667,0.299300482,-0.000265576012
586.7,0.29929163,-0.000276091714
586.733333,0.299282427,-0.000288041677
586.766667,0.299272825,-0.000302332242
586.8,0.299262748,-0.000312930426
586.833333,0.299252317,-0.000323489623
586.866667,0.299241534,-0.000334819006
586.9,0.299230373,-0.000349273423
586.933333,0.299218731,-0.000359430277
586.966667,0.29920675,-0.000369449233
587,0.299194435,-0.000379592449
587.033333,0.299181782,-0.000393397807
587.066667,0.299168668,-0.000402569379
587.1,0.299155249,-0.000411516162
587.133333,0.299141532,-0.00042023571
587.166667,0.299127524,-0.000432218087
587.2,0.299113117,-0.000440129759
587.233333,0.299098446,-0.000447558963
587.266667,0.299083527,-0.000454693049
587.3,0.299068371,-0.00046392185
587.333333,0.299052907,-0.000470328278
587.366667,0.299037229,-0.000475910029
587.4,0.299021366,-0.000481151131
587.433333,0.299005327,-0.000487444298
587.466667,0.298989079,-0.000491921675
587.5,0.298972682,-0.000495457752
587.533333,0.298956166,-0.000498632046
587.566667,0.298939545,-0.000502016115
587.6,0.298922811,-0.000504263631
587.633333,0.298906003,-0.00050569666
587.666667,0.298889146,-0.000506772105
587.7,0.298872254,-0.000507462818
587.733333,0.298855338,-0.000507332241
587.766667,0.298838427,-0.000506745087
587.8,0.298821536,-0.000505828295
587.833333,0.298804675,-0.00050419531
587.866667,0.298787868,-0.000501705112
587.9,0.298771145,-0.000499307756
587.933333,0.298754501,-0.000496629462
587.966667,0.298737947,-0.000493152965
588,0.298721508,-0.000488492182
588.033333,0.298705225,-0.000484603517
588.066667,0.298689072,-0.000480499416
588.1,0.298673055,-0.00047572586
588.133333,0.298657198,-0.000469245994
588.166667,0.298641556,-0.000464267979
588.2,0.298626081,-0.000459151218
588.233333,0.298610776,-0.000453645146
588.266667,0.298595654,-0.000445835395
588.3,0.298580793,-0.000440220708
588.333333,0.298566119,-0.000434549403
588.366667,0.298551634,-0.000428824065
588.4,0.29853734,-0.000420329741
588.433333,0.298523329,-0.000414524756
588.466667,0.298509511,-0.000408770417
588.5,0.298495886,-0.000403043665
588.533333,0.298482451,-0.000395042449
588.566667,0.298469283,-0.000389245407
588.6,0.298456308,-0.000383859431
588.633333,0.298443513,-0.000378575986
588.666667,0.298430893,-0.000371623902
588.7,0.298418506,-0.000366305203
588.733333,0.298406296,-0.000361688392
588.766667,0.298394239,-0.000357237635
588.8,0.298382331,-0.000351748822
588.833333,0.298370607,-0.000347362359
588.866667,0.298359028,-0.000343841009
588.9,0.298347566,-0.000340533879
588.933333,0.298336215,-0.00033676637
588.966667,0.29832499,-0.000333712107
589,0.298313866,-0.000331517854
589.033333,0.298302815,-0.000329567689
589.066667,0.29829183,-0.000327619999
589.1,0.298280909,-0.000326209757
589.133333,0.298270035,-0.000325467795
589.166667,0.298259187,-0.000324980439
589.2,0.298248354,-0.000324803183
589.233333,0.298237527,-0.000325234908
589.266667,0.298226686,-0.000325961005
589.3,0.298215821,-0.0003269329
589.333333,0.298204923,-0.000328349028
589.366667,0.298193978,-0.000330686914
589.4,0.298182955,-0.000332789954
589.433333,0.298171862,-0.000335112016
589.466667,0.298160692,-0.000337843543
589.5,0.29814943,-0.000342008714
589.533333,0.29813803,-0.000345301999
589.566667,0.29812652,-0.000348772475
589.6,0.298114894,-0.000352474328
589.633333,0.298103145,-0.000358248249
589.666667,0.298091203,-0.000362467129
589.7,0.298079121,-0.000366809773
589.733333,0.298066894,-0.00037127436
589.766667,0.298054518,-0.000377969383
589.8,0.298041919,-0.000382962316
589.833333,0.298029154,-0.000387847797
589.866667,0.298016226,-0.000392794329
589.9,0.298003132,-0.000399763157
589.933333,0.297989807,-0.000405273709
589.966667,0.297976298,-0.000410345528
590,0.29796262,-0.000415415233
590.033333,0.297948772,-0.000422154361
590.066667,0.297934701,-0.000427811772
590.1,0.29792044,-0.000432711974
590.133333,0.297906017,-0.000437549031
590.166667,0.297891432,-0.000443620045
590.2,0.297876644,-0.000449020745
590.233333,0.297861677,-0.000453414201
590.266667,0.297846563,-0.000457689963
590.3,0.297831307,-0.000462745604
590.333333,0.297815882,-0.000467484249
590.366667,0.297800299,-0.000471081798
590.4,0.297784596,-0.000474517273
590.433333,0.297768779,-0.00047831856
590.466667,0.297752835,-0.000482019251
590.5,0.297736768,-0.00048459546
590.533333,0.297720615,-0.00048697797
590.566667,0.297704382,-0.000489399842
590.6,0.297688069,-0.000491744942
590.633333,0.297671677,-0.000493150865
590.666667,0.297655239,-0.00049434608
590.7,0.297638761,-0.00049537528
590.733333,0.297622248,-0.000496132128
590.766667,0.29760571,-0.000496303301
590.8,0.297589167,-0.000496261987
590.833333,0.297572625,-0.000495986562
590.866667,0.297556092,-0.000495027028
590.9,0.297539591,-0.000493984022
590.933333,0.297523125,-0.000492741391
590.966667,0.2975067,-0.000491299743
591,0.297490324,-0.000488677086
591.033333,0.297474034,-0.000486488053
591.066667,0.297457818,-0.000484158211
591.1,0.29744168,-0.00048165599
591.133333,0.297425624,-0.000477732321
591.166667,0.2974097,-0.000474442033
591.2,0.297393885,-0.000471207372
591.233333,0.297378178,-0.000467837677
591.266667,0.297362584,-0.000462988533
591.3,0.297347151,-0.00045874796
591.333333,0.297331859,-0.000454843337
591.366667,0.297316698,-0.000450848622
591.4,0.297301669,-0.000445473606
591.433333,0.29728682,-0.000440509736
591.466667,0.297272137,-0.000436204662
591.5,0.297257596,-0.000431858683
591.533333,0.297243201,-0.00042635119
591.566667,0.297228989,-0.000420952463
591.6,0.297214958,-0.000416531405
591.633333,0.297201073,-0.000412119142
591.666667,0.297187336,-0.000406838175
591.7,0.297173775,-0.000401333557
591.733333,0.297160397,-0.000397075422
591.766667,0.297147161,-0.000392872798
591.8,0.297134065,-0.000388120468
591.833333,0.297121128,-0.000382855768
591.866667,0.297108366,-0.000379015538
591.9,0.297095732,-0.000375271474
591.933333,0.297083223,-0.000371277632
591.966667,0.297070847,-0.000366589972
592,0.297058628,-0.000363382228
592.033333,0.297046515,-0.000360302545
592.066667,0.297034505,-0.000357215389
592.1,0.297022598,-0.000353406894
592.133333,0.297010817,-0.000350992526
592.166667,0.296999118,-0.000348727545
592.2,0.296987493,-0.000346611862
592.233333,0.29697594,-0.000343926578
592.266667,0.296964475,-0.000342404524
592.3,0.296953062,-0.000341041593
592.333333,0.296941694,-0.000339837841
592.366667,0.296930366,-0.000338534503
592.4,0.296919082,-0.000337891353
592.433333,0.296907818,-0.000337451273
592.466667,0.29689657,-0.000337167792
592.5,0.296885331,-0.000337140741
592.533333,0.296874093,-0.000337433437
592.566667,0.296862845,-0.000337871889
592.6,0.296851583,-0.000338453306
592.633333,0.296840301,-0.000339518377
592.666667,0.296828984,-0.000340733427
592.7,0.296817626,-0.000341947148
592.733333,0.296806228,-0.000343280579
592.766667,0.296794785,-0.000345197634
592.8,0.296783279,-0.000347248599
592.833333,0.296771704,-0.000349084708
592.866667,0.296760068,-0.000351009674
592.9,0.296748367,-0.000353505633
592.933333,0.296736584,-0.000356237215
592.966667,0.296724709,-0.000358505978
593,0.296712759,-0.000360827737
593.033333,0.296700731,-0.000363620569
593.066667,0.296688611,-0.000366818771
593.1,0.296676383,-0.000369308452
593.133333,0.296664073,-0.000371812983
593.166667,0.296651679,-0.000374633434
593.2,0.296639192,-0.000378039848
593.233333,0.29662659,-0.000380531959
593.266667,0.296613906,-0.000383001281
593.3,0.296601139,-0.000385611355
593.333333,0.296588285,-0.000388941558
593.366667,0.296575321,-0.00039122642
593.4,0.29656228,-0.000393454065
593.433333,0.296549165,-0.000395661783
593.466667,0.296535976,-0.000398626451
593.5,0.296522688,-0.000400517396
593.533333,0.296509338,-0.000402322171
593.566667,0.296495927,-0.000404039991
593.6,0.296482459,-0.000406267708
593.633333,0.296468917,-0.000407661962
593.666667,0.296455328,-0.000408899208
593.7,0.296441698,-0.000410028197
593.733333,0.29642803,-0.000411325955
593.766667,0.29641432,-0.000412094097
593.8,0.296400583,-0.000412664424
593.833333,0.296386828,-0.000413113808
593.866667,0.296373057,-0.000413444975
593.9,0.296359276,-0.000413456856
593.933333,0.296345494,-0.00041331104
593.966667,0.296331717,-0.000413040705
594,0.296317949,-0.000412442712
594.033333,0.296304201,-0.000411617415
594.066667,0.29629048,-0.000410757634
594.1,0.296276788,-0.000409778776
594.133333,0.296263129,-0.000408353008
594.166667,0.296249517,-0.000406667317
594.2,0.296235962,-0.000405145124
594.233333,0.296222457,-0.000403517559
594.266667,0.296209006,-0.000401415436
594.3,0.296195626,-0.000398907623
594.333333,0.296182329,-0.000396818254
594.366667,0.296169101,-0.000394644132
594.4,0.296155947,-0.000392050442
594.433333,0.296142878,-0.000388819184
594.466667,0.296129918,-0.000386293203
594.5,0.296117041,-0.000383708301
594.533333,0.296104251,-0.000380824097
594.566667,0.296091557,-0.000377023095
594.6,0.296078989,-0.000374216162
594.633333,0.296066515,-0.000371379306
594.666667,0.296054136,-0.000368405169
594.7,0.296041856,-0.000364233043
594.733333,0.296029715,-0.000361314049
594.766667,0.296017671,-0.000358395092
594.8,0.296005725,-0.000355477099
594.833333,0.295993875,-0.000351241219
594.866667,0.295982167,-0.000348341396
594.9,0.295970556,-0.000345509218
594.933333,0.295959039,-0.000342706721
594.966667,0.295947615,-0.000338847399
595,0.29593632,-0.000336028639
595.033333,0.295925119,-0.000333439678
595.066667,0.295914005,-0.000330905871
595.1,0.295902975,-0.000327599736
595.133333,0.295892055,-0.00032503332
595.166667,0.29588122,-0.000322821218
595.2,0.295870459,-0.000320684842
595.233333,0.29585977,-0.000318053337
595.266667,0.295849168,-0.000315898251
595.3,0.295838638,-0.000314165773
595.333333,0.295828166,-0.000312523476
595.366667,0.295817749,-0.000310629844
595.4,0.295807394,-0.000309020022
595.433333,0.295797094,-0.000307833318
595.466667,0.295786833,-0.000306744354
595.5,0.295776608,-0.000305594891
595.533333,0.295766421,-0.000304627845
595.566667,0.295756267,-0.000304013348
595.6,0.295746133,-0.000303497021
595.633333,0.295736017,-0.000303046586
595.666667,0.295725915,-0.000302774937
595.7,0.295715823,-0.000302719338
595.733333,0.295705732,-0.000302755507
595.766667,0.29569564,-0.000302916456
595.8,0.295685543,-0.000303342732
595.833333,0.295675431,-0.000303795546
595.866667,0.295665305,-0.000304327609
595.9,0.295655161,-0.000304980776
595.933333,0.295644995,-0.00030605575
595.966667,0.295634793,-0.000306934277
596,0.295624562,-0.000307874576
596.033333,0.295614299,-0.000308881693
596.066667,0.295604003,-0.000310506973
596.1,0.295593653,-0.000311703449
596.133333,0.295583263,-0.000312940717
596.166667,0.295572831,-0.000314218078
596.2,0.295562357,-0.000316130373
596.233333,0.29555182,-0.000317581373
596.266667,0.295541234,-0.000318989285
596.3,0.295530601,-0.000320414389
596.333333,0.29551992,-0.000322404953
596.366667,0.295509173,-0.000323995618
596.4,0.295498374,-0.000325442114
596.433333,0.295487525,-0.000326882806
596.466667,0.295476629,-0.000328771867
596.5,0.29546567,-0.000330364385
596.533333,0.295454658,-0.000331721073
596.566667,0.295443601,-0.000333050488
596.6,0.295432499,-0.000334687072
596.633333,0.295421343,-0.000336136517
596.666667,0.295410138,-0.000337287243
596.7,0.295398895,-0.000338392195
596.733333,0.295387616,-0.000339661955
596.766667,0.295376294,-0.000340827412
596.8,0.295364933,-0.000341675764
596.833333,0.295353544,-0.000342464008
596.866667,0.295342128,-0.000343293775
596.9,0.295330685,-0.00034404954
596.933333,0.295319217,-0.000344524697
596.966667,0.295307732,-0.000344930402
597,0.295296235,-0.000345289041
597.033333,0.295284725,-0.000345534667
597.066667,0.295273207,-0.000345595104
597.1,0.295261687,-0.000345582179
597.133333,0.295250168,-0.000345478191
597.166667,0.295238652,-0.000345146914
597.2,0.295227147,-0.000344782082
597.233333,0.295215655,-0.000344345472
597.266667,0.295204176,-0.000343821981
597.3,0.295192716,-0.000342886795
597.333333,0.295181286,-0.000342116565
597.366667,0.295169882,-0.000341281278
597.4,0.295158506,-0.000340381221
597.433333,0.29514716,-0.000338912818
597.466667,0.295135863,-0.00033775727
597.5,0.295124604,-0.000336575332
597.533333,0.295113385,-0.000335339946
597.566667,0.295102207,-0.0003334924
597.6,0.295091091,-0.000331974566
597.633333,0.295080025,-0.000330520384
597.666667,0.295069008,-0.000329027503
597.7,0.29505804,-0.000326940249
597.733333,0.295047142,-0.000325127617
597.766667,0.295036304,-0.000323491884
597.8,0.295025521,-0.000321834418
597.833333,0.295014794,-0.000319650824
597.866667,0.295004139,-0.000317635956
597.9,0.294993551,-0.0003159187
597.933333,0.29498302,-0.000314197614
597.966667,0.294972547,-0.000312054159
598,0.294962145,-0.000309948514
598.033333,0.294951813,-0.000308251901
598.066667,0.294941538,-0.000306568991
598.1,0.294931319,-0.000304585983
598.133333,0.294921167,-0.00030251196
598.166667,0.294911083,-0.000300933124
598.2,0.294901052,-0.00029938392
598.233333,0.294891072,-0.000297658233
598.266667,0.29488115,-0.000295740146
598.3,0.294871292,-0.000294364716
598.333333,0.29486148,-0.000293032199
598.366667,0.294851712,-0.000291632623
598.4,0.294841991,-0.000289987462
598.433333,0.294832325,-0.000288884208
598.466667,0.294822696,-0.000287833667
598.5,0.294813101,-0.0002867988
598.533333,0.294803541,-0.000285527222
598.566667,0.294794024,-0.00028474397
598.6,0.294784532,-0.000284019196
598.633333,0.294775065,-0.000283353023
598.666667,0.29476562,-0.000282541
598.7,0.294756202,-0.000282097453
598.733333,0.294746798,-0.000281718667
598.766667,0.294737408,-0.000281399815
598.8,0.294728028,-0.000281099473
598.833333,0.294718658,-0.000280993056
598.866667,0.294709291,-0.000280956515
598.9,0.294699926,-0.000280977054
598.933333,0.29469056,-0.00028113398
598.966667,0.294681189,-0.00028137507
599,0.29467181,-0.00028165427
599.033333,0.294662421,-0.000281983891
599.066667,0.294653022,-0.000282518822
599.1,0.294643605,-0.000283091707
599.133333,0.294634168,-0.0002836402
599.166667,0.294624714,-0.000284229289
599.2,0.294615239,-0.000285046351
599.233333,0.294605738,-0.000285909566
599.266667,0.294596207,-0.000286664963
599.3,0.294586652,-0.000287448781
599.333333,0.29457707,-0.000288444052
599.366667,0.294567456,-0.000289532702
599.4,0.294557804,-0.000290421583
599.433333,0.294548124,-0.000291325326
599.466667,0.294538413,-0.00029239522
599.5,0.294528666,-0.000293625315
599.533333,0.294518879,-0.000294568766
599.566667,0.29450906,-0.00029551315
599.6,0.294499209,-0.000296561973
599.633333,0.294489324,-0.0002978363
599.666667,0.294479396,-0.000298755526
599.7,0.294469438,-0.000299662373
599.733333,0.294459449,-0.000300608439
599.766667,0.294449429,-0.000301823544
599.8,0.294439368,-0.000302645242
599.833333,0.29442928,-0.000303442787
599.866667,0.294419165,-0.000304222919
599.9,0.294409024,-0.000305276792
599.933333,0.294398848,-0.00030593798
599.966667,0.29438865,-0.000306459105
600,0.294378435,-0.000306459105
