Time,Position,Velocity
0,0,4
0.0333333333,175791.201,4.00074074
0.0666666667,205644.641,4.00148148
0.1,209258.375,4.00222222
0.133333333,210038.564,4.00296296
0.166666667,212248.281,4.0037037
0.2,216015.748,4.00444444
0.233333333,220331.134,4.00518519
0.266666667,223785.094,4.00592593
0.3,225409.439,4.00666667
0.333333333,224608.104,4.00740741
0.366666667,221677.579,4.00814815
0.4,217631.14,4.00888889
0.433333333,213625.138,4.00962963
0.466666667,210867.075,4.01037037
0.5,210052.832,4.01111111
0.533333333,211224.965,4.01185185
0.566666667,213981.941,4.01259259
0.6,217429.718,4.01333333
0.633333333,220386.538,4.01407407
0.666666667,221981.394,4.01481481
0.7,221637.214,4.01555556
0.733333333,219472.82,4.0162963
0.766666667,216259.2,4.01703704
0.8,212925.992,4.01777778
0.833333333,210355.856,4.01851852
0.866666667,209321.189,4.01925926
0.9,209982.865,4.02
0.933333333,212042.011,4.02074074
0.966666667,214751.65,4.02148148
1,217251.779,4.02222222
1.03333333,218798.099,4.02296296
1.06666667,218784.977,4.0237037
1.1,217290.643,4.02444444
1.13333333,214788.056,4.02518519
1.16666667,212026.152,4.02592593
1.2,209791.475,4.02666667
1.23333333,208671.983,4.02740741
1.26666667,208923.181,4.02814815
1.3,210403.864,4.02888889
1.33333333,212581.331,4.02962963
1.36666667,214702.319,4.03037037
1.4,216213.667,4.03111111
1.43333333,216437.669,4.03185185
1.46666667,215474.818,4.03259259
1.5,213563.264,4.03333333
1.53333333,211324.583,4.03407407
1.56666667,209424.979,4.03481481
1.6,208281.138,4.03555556
1.63333333,208328.52,4.0362963
1.66666667,209399.107,4.03703704
1.7,211117.426,4.03777778
1.73333333,212947.687,4.03851852
1.76666667,214265.047,4.03925926
1.8,214748.725,4.04
1.83333333,214183.3,4.04074074
1.86666667,212777.068,4.04148148
1.9,210994.528,4.04222222
1.93333333,209370.904,4.04296296
1.96666667,208339.034,4.0437037
2,208162.141,4.04444444
2.03333333,208926.146,4.04518519
2.06666667,210272.365,4.04592593
2.1,211789.908,4.04666667
2.13333333,213041.566,4.04740741
2.16666667,213589.342,4.04814815
2.2,213345.437,4.04888889
2.23333333,212333.708,4.04962963
2.26666667,210937.887,4.05037037
2.3,209565.402,4.05111111
2.33333333,208594.634,4.05185185
2.36666667,208279.853,4.05259259
2.4,208752.802,4.05333333
2.43333333,209779.235,4.05407407
2.46666667,211021.68,4.05481481
2.5,212112.908,4.05555556
2.53333333,212736.605,4.0562963
2.56666667,212700.533,4.05703704
2.6,211980.509,4.05777778
2.63333333,210876.837,4.05851852
2.66666667,209709.901,4.05925926
2.7,208801.812,4.06
2.73333333,208390.96,4.06074074
2.76666667,208608.332,4.06148148
2.8,209344.942,4.06222222
2.83333333,210323.319,4.06296296
2.86666667,211245.469,4.0637037
2.9,211836.855,4.06444444
2.93333333,211920.65,4.06518519
2.96666667,211416.317,4.06592593
3,210536.228,4.06666667
3.03333333,209538.14,4.06740741
3.06666667,208691.469,4.06814815
3.1,208212.785,4.06888889
3.13333333,208223.704,4.06962963
3.16666667,208712.429,4.07037037
3.2,209454.656,4.07111111
3.23333333,210209.93,4.07185185
3.26666667,210750.234,4.07259259
3.3,210833.749,4.07333333
3.33333333,210486.597,4.07407407
3.36666667,209786.869,4.07481481
3.4,208947.409,4.07555556
3.43333333,208182.187,4.0762963
3.46666667,207688.612,4.07703704
3.5,207575.55,4.07777778
3.53333333,207835.279,4.07851852
3.56666667,208349.873,4.07925926
3.6,208929.184,4.08
3.63333333,209369.166,4.08074074
3.66666667,209513.383,4.08148148
3.7,209298.929,4.08222222
3.73333333,208772.526,4.08296296
3.76666667,208076.037,4.0837037
3.8,207404.514,4.08444444
3.83333333,206879.079,4.08518519
3.86666667,206668.954,4.08592593
3.9,206777.035,4.08666667
3.93333333,207132.909,4.08740741
3.96666667,207573.322,4.08814815
4,207972.128,4.08888889
4.03333333,208174.452,4.08962963
4.06666667,208074.76,4.09037037
4.1,207686.587,4.09111111
4.13333333,207125.61,4.09185185
4.16666667,206527.658,4.09259259
4.2,206058.495,4.09333333
4.23333333,205813.729,4.09407407
4.26666667,205823.447,4.09481481
4.3,206050.027,4.09555556
4.33333333,206400.74,4.0962963
4.36666667,206751.912,4.09703704
4.4,206980.203,4.09777778
4.43333333,206988.577,4.09851852
4.46666667,206738.675,4.09925926
4.5,206325.239,4.1
4.53333333,205856.514,4.10074074
4.56666667,205447.754,4.10148148
4.6,205192.46,4.10222222
4.63333333,205133.184,4.10296296
4.66666667,205292.518,4.1037037
4.7,205584.483,4.10444444
4.73333333,205911.208,4.10518519
4.76666667,206153.472,4.10592593
4.8,206230.025,4.10666667
4.83333333,206095.055,4.10740741
4.86666667,205812.275,4.10814815
4.9,205447.937,4.10888889
4.93333333,205110.533,4.10962963
4.96666667,204888.987,4.11037037
5,204832.508,4.11111111
5.03333333,204943.393,4.11185185
5.06666667,205177.139,4.11259259
5.1,205461.174,4.11333333
5.13333333,205688.461,4.11407407
5.16666667,205796.077,4.11481481
5.2,205785.415,4.11555556
5.23333333,205614.116,4.1162963
5.26666667,205352.006,4.11703704
5.3,205091.025,4.11777778
5.33333333,204861.32,4.11851852
5.36666667,204795.736,4.11925926
5.4,204852.096,4.12
5.43333333,205005.691,4.12074074
5.46666667,205244.812,4.12148148
5.5,205460.149,4.12222222
5.53333333,205607.948,4.12296296
5.56666667,205667.333,4.1237037
5.6,205555.278,4.12444444
5.63333333,205375.036,4.12518519
5.66666667,205158.402,4.12592593
5.7,204954.252,4.12666667
5.73333333,204853.831,4.12740741
5.76666667,204843.03,4.12814815
5.8,204925.979,4.12888889
5.83333333,205108.956,4.12962963
5.86666667,205286.969,4.13037037
5.9,205436.742,4.13111111
5.93333333,205501.583,4.13185185
5.96666667,205443.815,4.13259259
6,205316.696,4.13333333
6.03333333,205130.803,4.13407407
6.06666667,204940.59,4.13481481
6.1,204798.182,4.13555556
6.13333333,204739.18,4.1362963
6.16666667,204770.003,4.13703704
6.2,204871.918,4.13777778
6.23333333,205010.418,4.13851852
6.26666667,205131.326,4.13925926
6.3,205191.923,4.14
6.33333333,205162.113,4.14074074
6.36666667,205043.733,4.14148148
6.4,204870.378,4.14222222
6.43333333,204683.216,4.14296296
6.46666667,204529.61,4.1437037
6.5,204438.264,4.14444444
6.53333333,204421.956,4.14518519
6.56666667,204471.32,4.14592593
6.6,204552.041,4.14666667
6.63333333,204637.378,4.14740741
6.66666667,204670.595,4.14814815
6.7,204641.55,4.14888889
6.73333333,204551.385,4.14962963
6.76666667,204407.74,4.15037037
6.8,204233.392,4.15111111
6.83333333,204080.02,4.15185185
6.86666667,203969.111,4.15259259
6.9,203911.358,4.15333333
6.93333333,203912.777,4.15407407
6.96666667,203964.52,4.15481481
7,204017.469,4.15555556
7.03333333,204049.903,4.1562963
7.06666667,204043.787,4.15703704
7.1,203975.748,4.15777778
7.13333333,203855.126,4.15851852
7.16666667,203714.203,4.15925926
7.2,203573.306,4.16
7.23333333,203453.437,4.16074074
7.26666667,203393.186,4.16148148
7.3,203382.371,4.16222222
7.33333333,203406.646,4.16296296
7.36666667,203451.242,4.1637037
7.4,203493.514,4.16444444
7.43333333,203497.858,4.16518519
7.46666667,203461.904,4.16592593
7.5,203388.798,4.16666667
7.53333333,203285.864,4.16740741
7.56666667,203172.845,4.16814815
7.6,203082.34,4.16888889
7.63333333,203025.341,4.16962963
7.66666667,203006.914,4.17037037
7.7,203028.939,4.17111111
7.73333333,203079.719,4.17185185
7.76666667,203132.846,4.17259259
7.8,203166.833,4.17333333
7.83333333,203166.509,4.17407407
7.86666667,203129.283,4.17481481
7.9,203064.57,4.17555556
7.93333333,202987.719,4.1762963
7.96666667,202920.698,4.17703704
8,202881.424,4.17777778
8.03333333,202877.158,4.17851852
8.06666667,202908.02,4.17925926
8.1,202964.215,4.18
8.13333333,203024.551,4.18074074
8.16666667,203073.646,4.18148148
8.2,203098.171,4.18222222
8.23333333,203099.639,4.18296296
8.26666667,203066.461,4.1837037
8.3,203025.882,4.18444444
8.33333333,202985.921,4.18518519
8.36666667,202959.68,4.18592593
8.4,202966.613,4.18666667
8.43333333,202996.333,4.18740741
8.46666667,203046.476,4.18814815
8.5,203111.173,4.18888889
8.53333333,203167.615,4.18962963
8.56666667,203210.245,4.19037037
8.6,203232.348,4.19111111
8.63333333,203222.84,4.19185185
8.66666667,203202.421,4.19259259
8.7,203176.506,4.19333333
8.73333333,203157.03,4.19407407
8.76666667,203159.287,4.19481481
8.8,203179.705,4.19555556
8.83333333,203218.406,4.1962963
8.86666667,203273.471,4.19703704
8.9,203325.036,4.19777778
8.93333333,203368.078,4.19851852
8.96666667,203393.642,4.19925926
9,203392.674,4.2
9.03333333,203378.657,4.20074074
9.06666667,203355.189,4.20148148
9.1,203331.871,4.20222222
9.13333333,203321.964,4.20296296
9.16666667,203325.497,4.2037037
9.2,203344.618,4.20444444
9.23333333,203379.693,4.20518519
9.26666667,203417.049,4.20592593
9.3,203447.246,4.20666667
9.33333333,203464.379,4.20740741
9.36666667,203462.925,4.20814815
9.4,203443.935,4.20888889
9.43333333,203413.423,4.20962963
9.46666667,203381.454,4.21037037
9.5,203356.41,4.21111111
9.53333333,203344.072,4.21185185
9.56666667,203346.13,4.21259259
9.6,203359.855,4.21333333
9.63333333,203378.733,4.21407407
9.66666667,203393.573,4.21481481
9.7,203397.951,4.21555556
9.73333333,203387.401,4.2162963
9.76666667,203365.39,4.21703704
9.8,203332.088,4.21777778
9.83333333,203295.093,4.21851852
9.86666667,203262.826,4.21925926
9.9,203238.152,4.22
9.93333333,203225.18,4.22074074
9.96666667,203225.605,4.22148148
10,203230.457,4.22222222
10.0333333,203236.091,4.22296296
10.0666667,203237.553,4.2237037
10.1,203226.228,4.22444444
10.1333333,203205.326,4.22518519
10.1666667,203176.619,4.22592593
10.2,203142.309,4.22666667
10.2333333,203110.593,4.22740741
10.2666667,203086.105,4.22814815
10.3,203070.182,4.22888889
10.3333333,203064.738,4.22962963
10.3666667,203069.125,4.23037037
10.4,203075.108,4.23111111
10.4333333,203079.78,4.23185185
10.4666667,203079.512,4.23259259
10.5,203068.757,4.23333333
10.5333333,203052.083,4.23407407
10.5666667,203031.727,4.23481481
10.6,203010.4,4.23555556
10.6333333,202995.874,4.2362963
10.6666667,202989.426,4.23703704
10.7,202991.182,4.23777778
10.7333333,203001.438,4.23851852
10.7666667,203018.065,4.23925926
10.8,203034.262,4.24
10.8333333,203048.274,4.24074074
10.8666667,203056.394,4.24148148
10.9,203058.544,4.24222222
10.9333333,203056.507,4.24296296
10.9666667,203053.749,4.2437037
11,203054.3,4.24444444
11.0333333,203061.536,4.24518519
11.0666667,203077.198,4.24592593
11.1,203100.927,4.24666667
11.1333333,203130.393,4.24740741
11.1666667,203161.671,4.24814815
11.2,203191.168,4.24888889
11.2333333,203216.368,4.24962963
11.2666667,203236.505,4.25037037
11.3,203252.573,4.25111111
11.3333333,203267.903,4.25185185
11.3666667,203284.45,4.25259259
11.4,203304.962,4.25333333
11.4333333,203333.201,4.25407407
11.4666667,203367.026,4.25481481
11.5,203405.106,4.25555556
11.5333333,203445.818,4.2562963
11.5666667,203485.843,4.25703704
11.6,203522.137,4.25777778
11.6333333,203554.447,4.25851852
11.6666667,203582.921,4.25925926
11.7,203608.215,4.26
11.7333333,203633.452,4.26074074
11.7666667,203661.166,4.26148148
11.8,203692.367,4.26222222
11.8333333,203727.745,4.26296296
11.8666667,203767.919,4.2637037
11.9,203809.517,4.26444444
11.9333333,203850.477,4.26518519
11.9666667,203889.298,4.26592593
12,203923.975,4.26666667
12.0333333,203953.504,4.26740741
12.0666667,203980.208,4.26814815
12.1,204005.387,4.26888889
12.1333333,204030.46,4.26962963
12.1666667,204058.155,4.27037037
12.2,204088.868,4.27111111
12.2333333,204121.924,4.27185185
12.2666667,204156.552,4.27259259
12.3,204191.232,4.27333333
12.3333333,204223.119,4.27407407
12.3666667,204251.541,4.27481481
12.4,204276.408,4.27555556
12.4333333,204297.084,4.2762963
12.4666667,204315.382,4.27703704
12.5,204333.016,4.27777778
12.5333333,204351.632,4.27851852
12.5666667,204372.28,4.27925926
12.6,204395.119,4.28
12.6333333,204419.414,4.28074074
12.6666667,204443.783,4.28148148
12.7,204466.645,4.28222222
12.7333333,204486.699,4.28296296
12.7666667,204503.312,4.2837037
12.8,204516.614,4.28444444
12.8333333,204527.896,4.28518519
12.8666667,204538.082,4.28592593
12.9,204549.044,4.28666667
12.9333333,204561.94,4.28740741
12.9666667,204576.221,4.28814815
13,204592.478,4.28888889
13.0333333,204609.389,4.28962963
13.0666667,204625.906,4.29037037
13.1,204641.212,4.29111111
13.1333333,204653.697,4.29185185
13.1666667,204664.582,4.29259259
13.2,204673.634,4.29333333
13.2333333,204681.995,4.29407407
13.2666667,204691.029,4.29481481
13.3,204701.093,4.29555556
13.3333333,204714.254,4.2962963
13.3666667,204728.969,4.29703704
13.4,204745.216,4.29777778
13.4333333,204762.587,4.29851852
13.4666667,204779.495,4.29925926
13.5,204795.894,4.3
13.5333333,204810.6,4.30074074
13.5666667,204824.706,4.30148148
13.6,204838.469,4.30222222
13.6333333,204853.039,4.30296296
13.6666667,204869.415,4.3037037
13.7,204887.431,4.30444444
13.7333333,204908.579,4.30518519
13.7666667,204931.816,4.30592593
13.8,204956.317,4.30666667
13.8333333,204981.933,4.30740741
13.8666667,205007.447,4.30814815
13.9,205032.764,4.30888889
13.9333333,205057.623,4.30962963
13.9666667,205082.415,4.31037037
14,205108.042,4.31111111
14.0333333,205135.257,4.31185185
14.0666667,205164.596,4.31259259
14.1,205196.288,4.31333333
14.1333333,205230.233,4.31407407
14.1666667,205266.019,4.31481481
14.2,205303.005,4.31555556
14.2333333,205340.42,4.3162963
14.2666667,205377.603,4.31703704
14.3,205414.45,4.31777778
14.3333333,205451.18,4.31851852
14.3666667,205488.244,4.31925926
14.4,205526.207,4.32
14.4333333,205565.618,4.32074074
14.4666667,205606.997,4.32148148
14.5,205650.631,4.32222222
14.5333333,205695.368,4.32296296
14.5666667,205741.008,4.3237037
14.6,205787.158,4.32444444
14.6333333,205832.977,4.32518519
14.6666667,205878.425,4.32592593
14.7,205923.368,4.32666667
14.7333333,205968.073,4.32740741
14.7666667,206013.117,4.32814815
14.8,206058.662,4.32888889
14.8333333,206105.479,4.32962963
14.8666667,206153.442,4.33037037
14.9,206202.162,4.33111111
14.9333333,206251.553,4.33185185
14.9666667,206300.906,4.33259259
15,206349.762,4.33333333
15.0333333,206398.006,4.33407407
15.0666667,206445.077,4.33481481
15.1,206491.442,4.33555556
15.1333333,206537.437,4.3362963
15.1666667,206583.253,4.33703704
15.2,206629.453,4.33777778
15.2333333,206676.008,4.33851852
15.2666667,206722.9,4.33925926
15.3,206769.996,4.34
15.3333333,206816.699,4.34074074
15.3666667,206862.841,4.34148148
15.4,206908.044,4.34222222
15.4333333,206951.771,4.34296296
15.4666667,206994.664,4.3437037
15.5,207036.6,4.34444444
15.5333333,207077.995,4.34518519
15.5666667,207119.167,4.34592593
15.6,207160.364,4.34666667
15.6333333,207201.677,4.34740741
15.6666667,207242.934,4.34814815
15.7,207283.851,4.34888889
15.7333333,207324.118,4.34962963
15.7666667,207363.477,4.35037037
15.8,207401.795,4.35111111
15.8333333,207439.085,4.35185185
15.8666667,207475.514,4.35259259
15.9,207511.357,4.35333333
15.9333333,207546.938,4.35407407
15.9666667,207582.562,4.35481481
16,207618.34,4.35555556
16.0333333,207654.208,4.3562963
16.0666667,207690.011,4.35703704
16.1,207725.621,4.35777778
16.1333333,207760.579,4.35851852
16.1666667,207795.011,4.35925926
16.2,207828.921,4.36
16.2333333,207862.193,4.36074074
16.2666667,207895.289,4.36148148
16.3,207928.411,4.36222222
16.3333333,207961.737,4.36296296
16.3666667,207995.657,4.3637037
16.4,208029.977,4.36444444
16.4333333,208064.665,4.36518519
16.4666667,208099.712,4.36592593
16.5,208134.811,4.36666667
16.5333333,208169.897,4.36740741
16.5666667,208204.912,4.36814815
16.6,208239.94,4.36888889
16.6333333,208275.17,4.36962963
16.6666667,208310.689,4.37037037
16.7,208346.952,4.37111111
16.7333333,208384.054,4.37185185
16.7666667,208421.871,4.37259259
16.8,208460.518,4.37333333
16.8333333,208500.103,4.37407407
16.8666667,208540.15,4.37481481
16.9,208580.61,4.37555556
16.9333333,208621.541,4.3762963
16.9666667,208662.88,4.37703704
17,208704.642,4.37777778
17.0333333,208746.961,4.37851852
17.0666667,208790.348,4.37925926
17.1,208834.478,4.38
17.1333333,208879.709,4.38074074
17.1666667,208925.956,4.38148148
17.2,208973.141,4.38222222
17.2333333,209021.126,4.38296296
17.2666667,209069.763,4.3837037
17.3,209118.938,4.38444444
17.3333333,209168.599,4.38518519
17.3666667,209218.769,4.38592593
17.4,209269.584,4.38666667
17.4333333,209321.14,4.38740741
17.4666667,209373.535,4.38814815
17.5,209426.821,4.38888889
17.5333333,209480.976,4.38962963
17.5666667,209535.963,4.39037037
17.6,209591.515,4.39111111
17.6333333,209647.555,4.39185185
17.6666667,209704.036,4.39259259
17.7,209760.826,4.39333333
17.7333333,209817.877,4.39407407
17.7666667,209875.214,4.39481481
17.8,209932.883,4.39555556
17.8333333,209991.124,4.3962963
17.8666667,210049.817,4.39703704
17.9,210108.937,4.39777778
17.9333333,210168.441,4.39851852
17.9666667,210228.287,4.39925926
18,210288.286,4.4
18.0333333,210348.293,4.40074074
18.0666667,210408.247,4.40148148
18.1,210468.101,4.40222222
18.1333333,210527.814,4.40296296
18.1666667,210587.475,4.4037037
18.2,210647.123,4.40444444
18.2333333,210706.787,4.40518519
18.2666667,210766.487,4.40592593
18.3,210826.172,4.40666667
18.3333333,210885.755,4.40740741
18.3666667,210945.163,4.40814815
18.4,211004.318,4.40888889
18.4333333,211063.012,4.40962963
18.4666667,211121.28,4.41037037
18.5,211179.161,4.41111111
18.5333333,211236.68,4.41185185
18.5666667,211293.846,4.41259259
18.6,211350.685,4.41333333
18.6333333,211407.298,4.41407407
18.6666667,211463.676,4.41481481
18.7,211519.8,4.41555556
18.7333333,211575.523,4.4162963
18.7666667,211630.809,4.41703704
18.8,211685.661,4.41777778
18.8333333,211740.063,4.41851852
18.8666667,211793.979,4.41925926
18.9,211847.355,4.42
18.9333333,211900.399,4.42074074
18.9666667,211953.159,4.42148148
19,212005.679,4.42222222
19.0333333,212057.951,4.42296296
19.0666667,212109.998,4.4237037
19.1,212161.828,4.42444444
19.1333333,212213.419,4.42518519
19.1666667,212264.741,4.42592593
19.2,212315.687,4.42666667
19.2333333,212366.384,4.42740741
19.2666667,212416.873,4.42814815
19.3,212467.201,4.42888889
19.3333333,212517.424,4.42962963
19.3666667,212567.645,4.43037037
19.4,212617.909,4.43111111
19.4333333,212668.236,4.43185185
19.4666667,212718.637,4.43259259
19.5,212769.127,4.43333333
19.5333333,212819.671,4.43407407
19.5666667,212870.271,4.43481481
19.6,212920.94,4.43555556
19.6333333,212971.725,4.4362963
19.6666667,213022.718,4.43703704
19.7,213073.951,4.43777778
19.7333333,213125.471,4.43851852
19.7666667,213177.32,4.43925926
19.8,213229.67,4.44
19.8333333,213282.426,4.44074074
19.8666667,213335.562,4.44148148
19.9,213389.072,4.44222222
19.9333333,213442.993,4.44296296
19.9666667,213497.382,4.4437037
20,213552.164,4.44444444
20.0333333,213607.37,4.44518519
20.0666667,213663.03,4.44592593
20.1,213719.35,4.44666667
20.1333333,213776.27,4.44740741
20.1666667,213833.755,4.44814815
20.2,213891.808,4.44888889
20.2333333,213950.472,4.44962963
20.2666667,214009.834,4.45037037
20.3,214069.705,4.45111111
20.3333333,214130.075,4.45185185
20.3666667,214190.937,4.45259259
20.4,214252.427,4.45333333
20.4333333,214314.5,4.45407407
20.4666667,214377.108,4.45481481
20.5,214440.26,4.45555556
20.5333333,214503.989,4.4562963
20.5666667,214568.442,4.45703704
20.6,214633.402,4.45777778
20.6333333,214698.839,4.45851852
20.6666667,214764.725,4.45925926
20.7,214831.114,4.46
20.7333333,214897.942,4.46074074
20.7666667,214965.131,4.46148148
20.8,215032.677,4.46222222
20.8333333,215100.58,4.46296296
20.8666667,215168.965,4.4637037
20.9,215237.685,4.46444444
20.9333333,215306.719,4.46518519
20.9666667,215376.046,4.46592593
21,215445.672,4.46666667
21.0333333,215515.536,4.46740741
21.0666667,215585.553,4.46814815
21.1,215655.696,4.46888889
21.1333333,215725.941,4.46962963
21.1666667,215796.293,4.47037037
21.2,215866.711,4.47111111
21.2333333,215937.185,4.47185185
21.2666667,216007.705,4.47259259
21.3,216078.262,4.47333333
21.3333333,216148.816,4.47407407
21.3666667,216219.331,4.47481481
21.4,216289.778,4.47555556
21.4333333,216360.13,4.4762963
21.4666667,216430.305,4.47703704
21.5,216500.306,4.47777778
21.5333333,216570.137,4.47851852
21.5666667,216639.792,4.47925926
21.6,216709.248,4.48
21.6333333,216778.472,4.48074074
21.6666667,216847.509,4.48148148
21.7,216916.35,4.48222222
21.7333333,216984.984,4.48296296
21.7666667,217053.327,4.4837037
21.8,217121.392,4.48444444
21.8333333,217189.196,4.48518519
21.8666667,217256.733,4.48592593
21.9,217323.98,4.48666667
21.9333333,217390.883,4.48740741
21.9666667,217457.54,4.48814815
22,217523.962,4.48888889
22.0333333,217590.16,4.48962963
22.0666667,217656.094,4.49037037
22.1,217721.792,4.49111111
22.1333333,217787.285,4.49185185
22.1666667,217852.576,4.49259259
22.2,217917.659,4.49333333
22.2333333,217982.481,4.49407407
22.2666667,218047.128,4.49481481
22.3,218111.62,4.49555556
22.3333333,218175.973,4.4962963
22.3666667,218240.193,4.49703704
22.4,218304.322,4.49777778
22.4333333,218368.397,4.49851852
22.4666667,218432.433,4.49925926
22.5,218496.443,4.5
22.5333333,218560.441,4.50074074
22.5666667,218624.449,4.50148148
22.6,218688.479,4.50222222
22.6333333,218752.548,4.50296296
22.6666667,218816.688,4.5037037
22.7,218880.945,4.50444444
22.7333333,218945.329,4.50518519
22.7666667,219009.863,4.50592593
22.8,219074.567,4.50666667
22.8333333,219139.537,4.50740741
22.8666667,219204.738,4.50814815
22.9,219270.17,4.50888889
22.9333333,219335.844,4.50962963
22.9666667,219401.805,4.51037037
23,219468.11,4.51111111
23.0333333,219534.707,4.51185185
23.0666667,219601.612,4.51259259
23.1,219668.841,4.51333333
23.1333333,219736.523,4.51407407
23.1666667,219804.606,4.51481481
23.2,219873.068,4.51555556
23.2333333,219941.917,4.5162963
23.2666667,220011.193,4.51703704
23.3,220080.983,4.51777778
23.3333333,220151.17,4.51851852
23.3666667,220221.756,4.51925926
23.4,220292.741,4.52
23.4333333,220364.238,4.52074074
23.4666667,220436.198,4.52148148
23.5,220508.571,4.52222222
23.5333333,220581.361,4.52296296
23.5666667,220654.587,4.5237037
23.6,220728.364,4.52444444
23.6333333,220802.54,4.52518519
23.6666667,220877.106,4.52592593
23.7,220952.052,4.52666667
23.7333333,221027.448,4.52740741
23.7666667,221103.251,4.52814815
23.8,221179.393,4.52888889
23.8333333,221255.867,4.52962963
23.8666667,221332.668,4.53037037
23.9,221409.897,4.53111111
23.9333333,221487.418,4.53185185
23.9666667,221565.218,4.53259259
24,221643.284,4.53333333
24.0333333,221721.641,4.53407407
24.0666667,221800.258,4.53481481
24.1,221879.069,4.53555556
24.1333333,221958.058,4.5362963
24.1666667,222037.209,4.53703704
24.2,222116.552,4.53777778
24.2333333,222196.017,4.53851852
24.2666667,222275.587,4.53925926
24.3,222355.25,4.54
24.3333333,222435,4.54074074
24.3666667,222514.813,4.54148148
24.4,222594.653,4.54222222
24.4333333,222674.505,4.54296296
24.4666667,222754.352,4.5437037
24.5,222834.162,4.54444444
24.5333333,222913.92,4.54518519
24.5666667,222993.616,4.54592593
24.6,223073.241,4.54666667
24.6333333,223152.775,4.54740741
24.6666667,223232.186,4.54814815
24.7,223311.489,4.54888889
24.7333333,223390.674,4.54962963
24.7666667,223469.735,4.55037037
24.8,223548.617,4.55111111
24.8333333,223627.331,4.55185185
24.8666667,223705.887,4.55259259
24.9,223784.279,4.55333333
24.9333333,223862.491,4.55407407
24.9666667,223940.479,4.55481481
25,224018.296,4.55555556
25.0333333,224095.945,4.5562963
25.0666667,224173.427,4.55703704
25.1,224250.703,4.55777778
25.1333333,224327.794,4.55851852
25.1666667,224404.725,4.55925926
25.2,224481.5,4.56
25.2333333,224558.115,4.56074074
25.2666667,224634.532,4.56148148
25.3,224710.814,4.56222222
25.3333333,224786.967,4.56296296
25.3666667,224863.003,4.5637037
25.4,224938.911,4.56444444
25.4333333,225014.715,4.56518519
25.4666667,225090.444,4.56592593
25.5,225166.108,4.56666667
25.5333333,225241.717,4.56740741
25.5666667,225317.274,4.56814815
25.6,225392.809,4.56888889
25.6333333,225468.335,4.56962963
25.6666667,225543.863,4.57037037
25.7,225619.412,4.57111111
25.7333333,225695.011,4.57185185
25.7666667,225770.669,4.57259259
25.8,225846.4,4.57333333
25.8333333,225922.218,4.57407407
25.8666667,225998.179,4.57481481
25.9,226074.273,4.57555556
25.9333333,226150.505,4.5762963
25.9666667,226226.888,4.57703704
26,226303.454,4.57777778
26.0333333,226380.249,4.57851852
26.0666667,226457.242,4.57925926
26.1,226534.442,4.58
26.1333333,226611.863,4.58074074
26.1666667,226689.592,4.58148148
26.2,226767.593,4.58222222
26.2333333,226845.856,4.58296296
26.2666667,226924.387,4.5837037
26.3,227003.221,4.58444444
26.3333333,227082.426,4.58518519
26.3666667,227161.925,4.58592593
26.4,227241.722,4.58666667
26.4333333,227321.821,4.58740741
26.4666667,227402.31,4.58814815
26.5,227483.152,4.58888889
26.5333333,227564.309,4.58962963
26.5666667,227645.784,4.59037037
26.6,227727.595,4.59111111
26.6333333,227809.833,4.59185185
26.6666667,227892.385,4.59259259
26.7,227975.25,4.59333333
26.7333333,228058.424,4.59407407
26.7666667,228141.972,4.59481481
26.8,228225.863,4.59555556
26.8333333,228310.044,4.5962963
26.8666667,228394.51,4.59703704
26.9,228479.259,4.59777778
26.9333333,228564.377,4.59851852
26.9666667,228649.752,4.59925926
27,228735.376,4.6
27.0333333,228821.239,4.60074074
27.0666667,228907.372,4.60148148
27.1,228993.759,4.60222222
27.1333333,229080.342,4.60296296
27.1666667,229167.111,4.6037037
27.2,229254.056,4.60444444
27.2333333,229341.218,4.60518519
27.2666667,229428.525,4.60592593
27.3,229515.963,4.60666667
27.3333333,229603.521,4.60740741
27.3666667,229691.201,4.60814815
27.4,229778.99,4.60888889
27.4333333,229866.85,4.60962963
27.4666667,229954.77,4.61037037
27.5,230042.739,4.61111111
27.5333333,230130.751,4.61185185
27.5666667,230218.778,4.61259259
27.6,230306.808,4.61333333
27.6333333,230394.834,4.61407407
27.6666667,230482.841,4.61481481
27.7,230570.809,4.61555556
27.7333333,230658.735,4.6162963
27.7666667,230746.611,4.61703704
27.8,230834.429,4.61777778
27.8333333,230922.158,4.61851852
27.8666667,231009.799,4.61925926
27.9,231097.353,4.62
27.9333333,231184.816,4.62074074
27.9666667,231272.175,4.62148148
28,231359.398,4.62222222
28.0333333,231446.515,4.62296296
28.0666667,231533.523,4.6237037
28.1,231620.42,4.62444444
28.1333333,231707.178,4.62518519
28.1666667,231793.807,4.62592593
28.2,231880.324,4.62666667
28.2333333,231966.729,4.62740741
28.2666667,232053.021,4.62814815
28.3,232139.167,4.62888889
28.3333333,232225.211,4.62962963
28.3666667,232311.158,4.63037037
28.4,232397.011,4.63111111
28.4333333,232482.758,4.63185185
28.4666667,232568.414,4.63259259
28.5,232654,4.63333333
28.5333333,232739.523,4.63407407
28.5666667,232824.988,4.63481481
28.6,232910.39,4.63555556
28.6333333,232995.759,4.6362963
28.6666667,233081.102,4.63703704
28.7,233166.428,4.63777778
28.7333333,233251.746,4.63851852
28.7666667,233337.076,4.63925926
28.8,233422.426,4.64
28.8333333,233507.807,4.64074074
28.8666667,233593.228,4.64148148
28.9,233678.723,4.64222222
28.9333333,233764.29,4.64296296
28.9666667,233849.938,4.6437037
29,233935.674,4.64444444
29.0333333,234021.524,4.64518519
29.0666667,234107.518,4.64592593
29.1,234193.639,4.64666667
29.1333333,234279.896,4.64740741
29.1666667,234366.297,4.64814815
29.2,234452.905,4.64888889
29.2333333,234539.697,4.64962963
29.2666667,234626.668,4.65037037
29.3,234713.824,4.65111111
29.3333333,234801.192,4.65185185
29.3666667,234888.823,4.65259259
29.4,234976.665,4.65333333
29.4333333,235064.723,4.65407407
29.4666667,235153.003,4.65481481
29.5,235241.572,4.65555556
29.5333333,235330.402,4.6562963
29.5666667,235419.469,4.65703704
29.6,235508.775,4.65777778
29.6333333,235598.338,4.65851852
29.6666667,235688.226,4.65925926
29.7,235778.359,4.66
29.7333333,235868.737,4.66074074
29.7666667,235959.36,4.66148148
29.8,236050.282,4.66222222
29.8333333,236141.482,4.66296296
29.8666667,236232.919,4.6637037
29.9,236324.591,4.66444444
29.9333333,236416.499,4.66518519
29.9666667,236508.717,4.66592593
30,236601.154,4.66666667
30.0333333,236693.804,4.66740741
30.0666667,236786.664,4.66814815
30.1,236879.763,4.66888889
30.1333333,236973.092,4.66962963
30.1666667,237066.602,4.67037037
30.2,237160.289,4.67111111
30.2333333,237254.144,4.67185185
30.2666667,237348.215,4.67259259
30.3,237442.433,4.67333333
30.3333333,237536.788,4.67407407
30.3666667,237631.272,4.67481481
30.4,237725.894,4.67555556
30.4333333,237820.646,4.6762963
30.4666667,237915.491,4.67703704
30.5,238010.423,4.67777778
30.5333333,238105.432,4.67851852
30.5666667,238200.526,4.67925926
30.6,238295.676,4.68
30.6333333,238390.868,4.68074074
30.6666667,238486.094,4.68148148
30.7,238581.35,4.68222222
30.7333333,238676.624,4.68296296
30.7666667,238771.901,4.6837037
30.8,238867.175,4.68444444
30.8333333,238962.44,4.68518519
30.8666667,239057.68,4.68592593
30.9,239152.888,4.68666667
30.9333333,239248.061,4.68740741
30.9666667,239343.195,4.68814815
31,239438.279,4.68888889
31.0333333,239533.295,4.68962963
31.0666667,239628.254,4.69037037
31.1,239723.153,4.69111111
31.1333333,239817.988,4.69185185
31.1666667,239912.74,4.69259259
31.2,240007.413,4.69333333
31.2333333,240102.016,4.69407407
31.2666667,240196.547,4.69481481
31.3,240291.003,4.69555556
31.3333333,240385.363,4.6962963
31.3666667,240479.653,4.69703704
31.4,240573.874,4.69777778
31.4333333,240668.028,4.69851852
31.4666667,240762.105,4.69925926
31.5,240856.112,4.7
31.5333333,240950.063,4.70074074
31.5666667,241043.963,4.70148148
31.6,241137.815,4.70222222
31.6333333,241231.61,4.70296296
31.6666667,241325.372,4.7037037
31.7,241419.106,4.70444444
31.7333333,241512.817,4.70518519
31.7666667,241606.51,4.70592593
31.8,241700.195,4.70666667
31.8333333,241793.884,4.70740741
31.8666667,241887.581,4.70814815
31.9,241981.293,4.70888889
31.9333333,242075.041,4.70962963
31.9666667,242168.826,4.71037037
32,242262.656,4.71111111
32.0333333,242356.536,4.71185185
32.0666667,242450.484,4.71259259
32.1,242544.521,4.71333333
32.1333333,242638.637,4.71407407
32.1666667,242732.84,4.71481481
32.2,242827.136,4.71555556
32.2333333,242921.569,4.7162963
32.2666667,243016.124,4.71703704
32.3,243110.8,4.71777778
32.3333333,243205.602,4.71851852
32.3666667,243300.551,4.71925926
32.4,243395.683,4.72
32.4333333,243490.965,4.72074074
32.4666667,243586.4,4.72148148
32.5,243681.995,4.72222222
32.5333333,243777.8,4.72296296
32.5666667,243873.795,4.7237037
32.6,243969.965,4.72444444
32.6333333,244066.314,4.72518519
32.6666667,244162.854,4.72592593
32.7,244259.639,4.72666667
32.7333333,244356.612,4.72740741
32.7666667,244453.773,4.72814815
32.8,244551.122,4.72888889
32.8333333,244648.707,4.72962963
32.8666667,244746.511,4.73037037
32.9,244844.504,4.73111111
32.9333333,244942.685,4.73185185
32.9666667,245041.058,4.73259259
33,245139.684,4.73333333
33.0333333,245238.49,4.73407407
33.0666667,245337.476,4.73481481
33.1,245436.637,4.73555556
33.1333333,245536.004,4.7362963
33.1666667,245635.569,4.73703704
33.2,245735.295,4.73777778
33.2333333,245835.177,4.73851852
33.2666667,245935.211,4.73925926
33.3,246035.443,4.74
33.3333333,246135.815,4.74074074
33.3666667,246236.317,4.74148148
33.4,246336.945,4.74222222
33.4333333,246437.71,4.74296296
33.4666667,246538.61,4.7437037
33.5,246639.612,4.74444444
33.5333333,246740.708,4.74518519
33.5666667,246841.894,4.74592593
33.6,246943.186,4.74666667
33.6333333,247044.553,4.74740741
33.6666667,247145.983,4.74814815
33.7,247247.47,4.74888889
33.7333333,247349.014,4.74962963
33.7666667,247450.61,4.75037037
33.8,247552.239,4.75111111
33.8333333,247653.895,4.75185185
33.8666667,247755.572,4.75259259
33.9,247857.268,4.75333333
33.9333333,247958.97,4.75407407
33.9666667,248060.673,4.75481481
34,248162.371,4.75555556
34.0333333,248264.06,4.7562963
34.0666667,248365.729,4.75703704
34.1,248467.377,4.75777778
34.1333333,248569,4.75851852
34.1666667,248670.597,4.75925926
34.2,248772.155,4.76
34.2333333,248873.673,4.76074074
34.2666667,248975.155,4.76148148
34.3,249076.598,4.76222222
34.3333333,249177.999,4.76296296
34.3666667,249279.344,4.7637037
34.4,249380.647,4.76444444
34.4333333,249481.908,4.76518519
34.4666667,249583.128,4.76592593
34.5,249684.297,4.76666667
34.5333333,249785.419,4.76740741
34.5666667,249886.504,4.76814815
34.6,249987.553,4.76888889
34.6333333,250088.568,4.76962963
34.6666667,250189.54,4.77037037
34.7,250290.486,4.77111111
34.7333333,250391.41,4.77185185
34.7666667,250492.313,4.77259259
34.8,250593.198,4.77333333
34.8333333,250694.072,4.77407407
34.8666667,250794.942,4.77481481
34.9,250895.812,4.77555556
34.9333333,250996.686,4.7762963
34.9666667,251097.575,4.77703704
35,251198.485,4.77777778
35.0333333,251299.418,4.77851852
35.0666667,251400.381,4.77925926
35.1,251501.383,4.78
35.1333333,251602.439,4.78074074
35.1666667,251703.545,4.78148148
35.2,251804.706,4.78222222
35.2333333,251905.927,4.78296296
35.2666667,252007.237,4.7837037
35.3,252108.629,4.78444444
35.3333333,252210.102,4.78518519
35.3666667,252311.661,4.78592593
35.4,252413.32,4.78666667
35.4333333,252515.106,4.78740741
35.4666667,252616.997,4.78814815
35.5,252718.996,4.78888889
35.5333333,252821.109,4.78962963
35.5666667,252923.372,4.79037037
35.6,253025.773,4.79111111
35.6333333,253128.302,4.79185185
35.6666667,253230.961,4.79259259
35.7,253333.763,4.79333333
35.7333333,253436.747,4.79407407
35.7666667,253539.872,4.79481481
35.8,253643.139,4.79555556
35.8333333,253746.551,4.7962963
35.8666667,253850.143,4.79703704
35.9,253953.905,4.79777778
35.9333333,254057.815,4.79851852
35.9666667,254161.873,4.79925926
36,254266.084,4.8
36.0333333,254370.496,4.80074074
36.0666667,254475.055,4.80148148
36.1,254579.759,4.80222222
36.1333333,254684.608,4.80296296
36.1666667,254789.628,4.8037037
36.2,254894.814,4.80444444
36.2333333,255000.136,4.80518519
36.2666667,255105.593,4.80592593
36.3,255211.181,4.80666667
36.3333333,255316.944,4.80740741
36.3666667,255422.83,4.80814815
36.4,255528.835,4.80888889
36.4333333,255634.955,4.80962963
36.4666667,255741.204,4.81037037
36.5,255847.58,4.81111111
36.5333333,255954.056,4.81185185
36.5666667,256060.625,4.81259259
36.6,256167.286,4.81333333
36.6333333,256274.058,4.81407407
36.6666667,256380.912,4.81481481
36.7,256487.837,4.81555556
36.7333333,256594.83,4.8162963
36.7666667,256701.893,4.81703704
36.8,256809.026,4.81777778
36.8333333,256916.208,4.81851852
36.8666667,257023.435,4.81925926
36.9,257130.702,4.82
36.9333333,257238.013,4.82074074
36.9666667,257345.354,4.82148148
37,257452.719,4.82222222
37.0333333,257560.102,4.82296296
37.0666667,257667.502,4.8237037
37.1,257774.915,4.82444444
37.1333333,257882.332,4.82518519
37.1666667,257989.751,4.82592593
37.2,258097.169,4.82666667
37.2333333,258204.58,4.82740741
37.2666667,258311.982,4.82814815
37.3,258419.371,4.82888889
37.3333333,258526.748,4.82962963
37.3666667,258634.108,4.83037037
37.4,258741.445,4.83111111
37.4333333,258848.763,4.83185185
37.4666667,258956.06,4.83259259
37.5,259063.337,4.83333333
37.5333333,259170.588,4.83407407
37.5666667,259277.814,4.83481481
37.6,259385.02,4.83555556
37.6333333,259492.204,4.8362963
37.6666667,259599.369,4.83703704
37.7,259706.509,4.83777778
37.7333333,259813.633,4.83851852
37.7666667,259920.742,4.83925926
37.8,260027.838,4.84
37.8333333,260134.922,4.84074074
37.8666667,260241.997,4.84148148
37.9,260349.069,4.84222222
37.9333333,260456.139,4.84296296
37.9666667,260563.211,4.8437037
38,260670.291,4.84444444
38.0333333,260777.383,4.84518519
38.0666667,260884.488,4.84592593
38.1,260991.612,4.84666667
38.1333333,261098.76,4.84740741
38.1666667,261205.942,4.84814815
38.2,261313.157,4.84888889
38.2333333,261420.407,4.84962963
38.2666667,261527.697,4.85037037
38.3,261635.046,4.85111111
38.3333333,261742.45,4.85185185
38.3666667,261849.909,4.85259259
38.4,261957.427,4.85333333
38.4333333,262065.014,4.85407407
38.4666667,262172.689,4.85481481
38.5,262280.438,4.85555556
38.5333333,262388.263,4.8562963
38.5666667,262496.168,4.85703704
38.6,262604.182,4.85777778
38.6333333,262712.295,4.85851852
38.6666667,262820.5,4.85925926
38.7,262928.801,4.86
38.7333333,263037.207,4.86074074
38.7666667,263145.747,4.86148148
38.8,263254.393,4.86222222
38.8333333,263363.146,4.86296296
38.8666667,263472.007,4.8637037
38.9,263581.006,4.86444444
38.9333333,263690.135,4.86518519
38.9666667,263799.378,4.86592593
39,263908.737,4.86666667
39.0333333,264018.214,4.86740741
39.0666667,264127.85,4.86814815
39.1,264237.603,4.86888889
39.1333333,264347.472,4.86962963
39.1666667,264457.458,4.87037037
39.2,264567.583,4.87111111
39.2333333,264677.844,4.87185185
39.2666667,264788.218,4.87259259
39.3,264898.693,4.87333333
39.3333333,265009.312,4.87407407
39.3666667,265120.053,4.87481481
39.4,265230.899,4.87555556
39.4333333,265341.851,4.8762963
39.4666667,265452.911,4.87703704
39.5,265564.108,4.87777778
39.5333333,265675.405,4.87851852
39.5666667,265786.801,4.87925926
39.6,265898.294,4.88
39.6333333,266009.904,4.88074074
39.6666667,266121.619,4.88148148
39.7,266233.421,4.88222222
39.7333333,266345.307,4.88296296
39.7666667,266457.274,4.8837037
39.8,266569.346,4.88444444
39.8333333,266681.489,4.88518519
39.8666667,266793.702,4.88592593
39.9,266905.981,4.88666667
39.9333333,267018.337,4.88740741
39.9666667,267130.765,4.88814815
40,267243.25,4.88888889
40.0333333,267355.789,4.88962963
40.0666667,267468.38,4.89037037
40.1,267581.033,4.89111111
40.1333333,267693.73,4.89185185
40.1666667,267806.465,4.89259259
40.2,267919.236,4.89333333
40.2333333,268032.047,4.89407407
40.2666667,268144.896,4.89481481
40.3,268257.775,4.89555556
40.3333333,268370.682,4.8962963
40.3666667,268483.615,4.89703704
40.4,268596.58,4.89777778
40.4333333,268709.569,4.89851852
40.4666667,268822.578,4.89925926
40.5,268935.606,4.9
40.5333333,269048.654,4.90074074
40.5666667,269161.722,4.90148148
40.6,269274.807,4.90222222
40.6333333,269387.909,4.90296296
40.6666667,269501.027,4.9037037
40.7,269614.168,4.90444444
40.7333333,269727.329,4.90518519
40.7666667,269840.509,4.90592593
40.8,269953.71,4.90666667
40.8333333,270066.933,4.90740741
40.8666667,270180.185,4.90814815
40.9,270293.461,4.90888889
40.9333333,270406.761,4.90962963
40.9666667,270520.089,4.91037037
41,270633.453,4.91111111
41.0333333,270746.854,4.91185185
41.0666667,270860.291,4.91259259
41.1,270973.767,4.91333333
41.1333333,271087.285,4.91407407
41.1666667,271200.863,4.91481481
41.2,271314.49,4.91555556
41.2333333,271428.167,4.9162963
41.2666667,271541.897,4.91703704
41.3,271655.695,4.91777778
41.3333333,271769.565,4.91851852
41.3666667,271883.499,4.91925926
41.4,271997.5,4.92
41.4333333,272111.573,4.92074074
41.4666667,272225.749,4.92148148
41.5,272340.006,4.92222222
41.5333333,272454.346,4.92296296
41.5666667,272568.772,4.9237037
41.6,272683.301,4.92444444
41.6333333,272797.943,4.92518519
41.6666667,272912.681,4.92592593
41.7,273027.517,4.92666667
41.7333333,273142.454,4.92740741
41.7666667,273257.531,4.92814815
41.8,273372.721,4.92888889
41.8333333,273488.021,4.92962963
41.8666667,273603.434,4.93037037
41.9,273718.977,4.93111111
41.9333333,273834.667,4.93185185
41.9666667,273950.476,4.93259259
42,274066.406,4.93333333
42.0333333,274182.457,4.93407407
42.0666667,274298.667,4.93481481
42.1,274415.013,4.93555556
42.1333333,274531.482,4.9362963
42.1666667,274648.078,4.93703704
42.2,274764.81,4.93777778
42.2333333,274881.707,4.93851852
42.2666667,274998.73,4.93925926
42.3,275115.879,4.94
42.3333333,275233.154,4.94074074
42.3666667,275350.586,4.94148148
42.4,275468.158,4.94222222
42.4333333,275585.851,4.94296296
42.4666667,275703.666,4.9437037
42.5,275821.606,4.94444444
42.5333333,275939.705,4.94518519
42.5666667,276057.92,4.94592593
42.6,276176.249,4.94666667
42.6333333,276294.69,4.94740741
42.6666667,276413.268,4.94814815
42.7,276531.97,4.94888889
42.7333333,276650.777,4.94962963
42.7666667,276769.687,4.95037037
42.8,276888.697,4.95111111
42.8333333,277007.841,4.95185185
42.8666667,277127.078,4.95259259
42.9,277246.405,4.95333333
42.9333333,277365.82,4.95407407
42.9666667,277485.338,4.95481481
43,277604.953,4.95555556
43.0333333,277724.647,4.9562963
43.0666667,277844.417,4.95703704
43.1,277964.261,4.95777778
43.1333333,278084.201,4.95851852
43.1666667,278204.208,4.95925926
43.2,278324.28,4.96
43.2333333,278444.412,4.96074074
43.2666667,278564.613,4.96148148
43.3,278684.883,4.96222222
43.3333333,278805.206,4.96296296
43.3666667,278925.581,4.9637037
43.4,279046.006,4.96444444
43.4333333,279166.494,4.96518519
43.4666667,279287.029,4.96592593
43.5,279407.608,4.96666667
43.5333333,279528.228,4.96740741
43.5666667,279648.894,4.96814815
43.6,279769.609,4.96888889
43.6333333,279890.361,4.96962963
43.6666667,280011.151,4.97037037
43.7,280131.977,4.97111111
43.7333333,280252.849,4.97185185
43.7666667,280373.76,4.97259259
43.8,280494.707,4.97333333
43.8333333,280615.688,4.97407407
43.8666667,280736.708,4.97481481
43.9,280857.774,4.97555556
43.9333333,280978.877,4.9762963
43.9666667,281100.017,4.97703704
44,281221.194,4.97777778
44.0333333,281342.419,4.97851852
44.0666667,281463.69,4.97925926
44.1,281585.003,4.98
44.1333333,281706.358,4.98074074
44.1666667,281827.759,4.98148148
44.2,281949.224,4.98222222
44.2333333,282070.736,4.98296296
44.2666667,282192.299,4.9837037
44.3,282313.914,4.98444444
44.3333333,282435.593,4.98518519
44.3666667,282557.34,4.98592593
44.4,282679.146,4.98666667
44.4333333,282801.013,4.98740741
44.4666667,282922.943,4.98814815
44.5,283044.965,4.98888889
44.5333333,283167.056,4.98962963
44.5666667,283289.219,4.99037037
44.6,283411.454,4.99111111
44.6333333,283533.779,4.99185185
44.6666667,283656.199,4.99259259
44.7,283778.7,4.99333333
44.7333333,283901.284,4.99407407
44.7666667,284023.953,4.99481481
44.8,284146.74,4.99555556
44.8333333,284269.622,4.9962963
44.8666667,284392.595,4.99703704
44.9,284515.662,4.99777778
44.9333333,284638.838,4.99851852
44.9666667,284762.136,4.99925926
45,284885.535,5
45.0333333,285009.033,5.00074074
45.0666667,285132.634,5.00148148
45.1,285256.37,5.00222222
45.1333333,285380.219,5.00296296
45.1666667,285504.174,5.0037037
45.2,285628.234,5.00444444
45.2333333,285752.412,5.00518519
45.2666667,285876.729,5.00592593
45.3,286001.155,5.00666667
45.3333333,286125.688,5.00740741
45.3666667,286250.33,5.00814815
45.4,286375.109,5.00888889
45.4333333,286500.009,5.00962963
45.4666667,286625.015,5.01037037
45.5,286750.129,5.01111111
45.5333333,286875.355,5.01185185
45.5666667,287000.721,5.01259259
45.6,287126.191,5.01333333
45.6333333,287251.764,5.01407407
45.6666667,287377.439,5.01481481
45.7,287503.238,5.01555556
45.7333333,287629.152,5.0162963
45.7666667,287755.162,5.01703704
45.8,287881.269,5.01777778
45.8333333,288007.471,5.01851852
45.8666667,288133.8,5.01925926
45.9,288260.218,5.02
45.9333333,288386.724,5.02074074
45.9666667,288513.316,5.02148148
46,288640.008,5.02222222
46.0333333,288766.798,5.02296296
46.0666667,288893.668,5.0237037
46.1,289020.614,5.02444444
46.1333333,289147.636,5.02518519
46.1666667,289274.758,5.02592593
46.2,289401.952,5.02666667
46.2333333,289529.213,5.02740741
46.2666667,289656.541,5.02814815
46.3,289783.944,5.02888889
46.3333333,289911.423,5.02962963
46.3666667,290038.962,5.03037037
46.4,290166.559,5.03111111
46.4333333,290294.213,5.03185185
46.4666667,290421.94,5.03259259
46.5,290549.722,5.03333333
46.5333333,290677.555,5.03407407
46.5666667,290805.438,5.03481481
46.6,290933.375,5.03555556
46.6333333,291061.372,5.0362963
46.6666667,291189.415,5.03703704
46.7,291317.502,5.03777778
46.7333333,291445.634,5.03851852
46.7666667,291573.821,5.03925926
46.8,291702.054,5.04
46.8333333,291830.329,5.04074074
46.8666667,291958.646,5.04148148
46.9,292087.007,5.04222222
46.9333333,292215.422,5.04296296
46.9666667,292343.879,5.0437037
47,292472.376,5.04444444
47.0333333,292600.914,5.04518519
47.0666667,292729.505,5.04592593
47.1,292858.144,5.04666667
47.1333333,292986.826,5.04740741
47.1666667,293115.552,5.04814815
47.2,293244.324,5.04888889
47.2333333,293373.157,5.04962963
47.2666667,293502.037,5.05037037
47.3,293630.965,5.05111111
47.3333333,293759.942,5.05185185
47.3666667,293888.979,5.05259259
47.4,294018.078,5.05333333
47.4333333,294147.23,5.05407407
47.4666667,294276.437,5.05481481
47.5,294405.7,5.05555556
47.5333333,294535.044,5.0562963
47.5666667,294664.447,5.05703704
47.6,294793.913,5.05777778
47.6333333,294923.441,5.05851852
47.6666667,295053.046,5.05925926
47.7,295182.732,5.06
47.7333333,295312.487,5.06074074
47.7666667,295442.312,5.06148148
47.8,295572.208,5.06222222
47.8333333,295702.204,5.06296296
47.8666667,295832.279,5.0637037
47.9,295962.432,5.06444444
47.9333333,296092.662,5.06518519
47.9666667,296222.984,5.06592593
48,296353.408,5.06666667
48.0333333,296483.916,5.06740741
48.0666667,296614.508,5.06814815
48.1,296745.186,5.06888889
48.1333333,296875.977,5.06962963
48.1666667,297006.863,5.07037037
48.2,297137.839,5.07111111
48.2333333,297268.904,5.07185185
48.2666667,297400.068,5.07259259
48.3,297531.351,5.07333333
48.3333333,297662.726,5.07407407
48.3666667,297794.192,5.07481481
48.4,297925.752,5.07555556
48.4333333,298057.429,5.0762963
48.4666667,298189.211,5.07703704
48.5,298321.086,5.07777778
48.5333333,298453.053,5.07851852
48.5666667,298585.119,5.07925926
48.6,298717.308,5.08
48.6333333,298849.588,5.08074074
48.6666667,298981.96,5.08148148
48.7,299114.423,5.08222222
48.7333333,299246.997,5.08296296
48.7666667,299379.675,5.0837037
48.8,299512.44,5.08444444
48.8333333,299645.293,5.08518519
48.8666667,299778.234,5.08592593
48.9,299911.291,5.08666667
48.9333333,300044.432,5.08740741
48.9666667,300177.655,5.08814815
49,300310.96,5.08888889
49.0333333,300444.36,5.08962963
49.0666667,300577.853,5.09037037
49.1,300711.423,5.09111111
49.1333333,300845.068,5.09185185
49.1666667,300978.787,5.09259259
49.2,301112.605,5.09333333
49.2333333,301246.495,5.09407407
49.2666667,301380.453,5.09481481
49.3,301514.479,5.09555556
49.3333333,301648.58,5.0962963
49.3666667,301782.761,5.09703704
49.4,301917.004,5.09777778
49.4333333,302051.309,5.09851852
49.4666667,302185.673,5.09925926
49.5,302320.114,5.1
49.5333333,302454.616,5.10074074
49.5666667,302589.172,5.10148148
49.6,302723.783,5.10222222
49.6333333,302858.453,5.10296296
49.6666667,302993.189,5.1037037
49.7,303127.975,5.10444444
49.7333333,303262.811,5.10518519
49.7666667,303397.696,5.10592593
49.8,303532.643,5.10666667
49.8333333,303667.642,5.10740741
49.8666667,303802.687,5.10814815
49.9,303937.778,5.10888889
49.9333333,304072.918,5.10962963
49.9666667,304208.117,5.11037037
50,304343.361,5.11111111
50.0333333,304478.649,5.11185185
50.0666667,304613.982,5.11259259
50.1,304749.371,5.11333333
50.1333333,304884.81,5.11407407
50.1666667,305020.294,5.11481481
50.2,305155.824,5.11555556
50.2333333,305291.4,5.1162963
50.2666667,305427.038,5.11703704
50.3,305562.723,5.11777778
50.3333333,305698.455,5.11851852
50.3666667,305834.235,5.11925926
50.4,305970.074,5.12
50.4333333,306105.97,5.12074074
50.4666667,306241.918,5.12148148
50.5,306377.916,5.12222222
50.5333333,306513.966,5.12296296
50.5666667,306650.09,5.1237037
50.6,306786.27,5.12444444
50.6333333,306922.504,5.12518519
50.6666667,307058.796,5.12592593
50.7,307195.155,5.12666667
50.7333333,307331.586,5.12740741
50.7666667,307468.079,5.12814815
50.8,307604.632,5.12888889
50.8333333,307741.249,5.12962963
50.8666667,307877.952,5.13037037
50.9,308014.724,5.13111111
50.9333333,308151.562,5.13185185
50.9666667,308288.469,5.13259259
51,308425.453,5.13333333
51.0333333,308562.526,5.13407407
51.0666667,308699.671,5.13481481
51.1,308836.888,5.13555556
51.1333333,308974.179,5.1362963
51.1666667,309111.568,5.13703704
51.2,309249.038,5.13777778
51.2333333,309386.584,5.13851852
51.2666667,309524.208,5.13925926
51.3,309661.917,5.14
51.3333333,309799.729,5.14074074
51.3666667,309937.619,5.14148148
51.4,310075.59,5.14222222
51.4333333,310213.64,5.14296296
51.4666667,310351.794,5.1437037
51.5,310490.038,5.14444444
51.5333333,310628.363,5.14518519
51.5666667,310766.77,5.14592593
51.6,310905.263,5.14666667
51.6333333,311043.865,5.14740741
51.6666667,311182.548,5.14814815
51.7,311321.312,5.14888889
51.7333333,311460.158,5.14962963
51.7666667,311599.103,5.15037037
51.8,311738.141,5.15111111
51.8333333,311877.258,5.15185185
51.8666667,312016.455,5.15259259
51.9,312155.732,5.15333333
51.9333333,312295.116,5.15407407
51.9666667,312434.577,5.15481481
52,312574.115,5.15555556
52.0333333,312713.728,5.1562963
52.0666667,312853.431,5.15703704
52.1,312993.222,5.15777778
52.1333333,313133.085,5.15851852
52.1666667,313273.021,5.15925926
52.2,313413.027,5.16
52.2333333,313553.129,5.16074074
52.2666667,313693.3,5.16148148
52.3,313833.538,5.16222222
52.3333333,313973.843,5.16296296
52.3666667,314114.224,5.1637037
52.4,314254.683,5.16444444
52.4333333,314395.205,5.16518519
52.4666667,314535.789,5.16592593
52.5,314676.434,5.16666667
52.5333333,314817.158,5.16740741
52.5666667,314957.943,5.16814815
52.6,315098.785,5.16888889
52.6333333,315239.684,5.16962963
52.6666667,315380.645,5.17037037
52.7,315521.675,5.17111111
52.7333333,315662.758,5.17185185
52.7666667,315803.894,5.17259259
52.8,315945.082,5.17333333
52.8333333,316086.335,5.17407407
52.8666667,316227.644,5.17481481
52.9,316369.002,5.17555556
52.9333333,316510.409,5.1762963
52.9666667,316651.869,5.17703704
53,316793.391,5.17777778
53.0333333,316934.961,5.17851852
53.0666667,317076.578,5.17925926
53.1,317218.242,5.18
53.1333333,317359.965,5.18074074
53.1666667,317501.741,5.18148148
53.2,317643.563,5.18222222
53.2333333,317785.432,5.18296296
53.2666667,317927.35,5.1837037
53.3,318069.331,5.18444444
53.3333333,318211.359,5.18518519
53.3666667,318353.434,5.18592593
53.4,318495.556,5.18666667
53.4333333,318637.738,5.18740741
53.4666667,318779.975,5.18814815
53.5,318922.262,5.18888889
53.5333333,319064.599,5.18962963
53.5666667,319206.985,5.19037037
53.6,319349.442,5.19111111
53.6333333,319491.951,5.19185185
53.6666667,319634.512,5.19259259
53.7,319777.125,5.19333333
53.7333333,319919.802,5.19407407
53.7666667,320062.545,5.19481481
53.8,320205.343,5.19555556
53.8333333,320348.198,5.1962963
53.8666667,320491.109,5.19703704
53.9,320634.1,5.19777778
53.9333333,320777.151,5.19851852
53.9666667,320920.262,5.19925926
54,321063.434,5.2
54.0333333,321206.676,5.20074074
54.0666667,321349.996,5.20148148
54.1,321493.38,5.20222222
54.1333333,321636.828,5.20296296
54.1666667,321780.34,5.2037037
54.2,321923.94,5.20444444
54.2333333,322067.611,5.20518519
54.2666667,322211.349,5.20592593
54.3,322355.155,5.20666667
54.3333333,322499.037,5.20740741
54.3666667,322643.008,5.20814815
54.4,322787.05,5.20888889
54.4333333,322931.161,5.20962963
54.4666667,323075.344,5.21037037
54.5,323219.617,5.21111111
54.5333333,323363.971,5.21185185
54.5666667,323508.396,5.21259259
54.6,323652.894,5.21333333
54.6333333,323797.469,5.21407407
54.6666667,323942.14,5.21481481
54.7,324086.884,5.21555556
54.7333333,324231.701,5.2162963
54.7666667,324376.591,5.21703704
54.8,324521.571,5.21777778
54.8333333,324666.635,5.21851852
54.8666667,324811.77,5.21925926
54.9,324956.978,5.22
54.9333333,325102.26,5.22074074
54.9666667,325247.64,5.22148148
55,325393.09,5.22222222
55.0333333,325538.611,5.22296296
55.0666667,325684.203,5.2237037
55.1,325829.878,5.22444444
55.1333333,325975.635,5.22518519
55.1666667,326121.461,5.22592593
55.2,326267.354,5.22666667
55.2333333,326413.315,5.22740741
55.2666667,326559.368,5.22814815
55.3,326705.487,5.22888889
55.3333333,326851.67,5.22962963
55.3666667,326997.918,5.23037037
55.4,327144.24,5.23111111
55.4333333,327290.639,5.23185185
55.4666667,327437.099,5.23259259
55.5,327583.62,5.23333333
55.5333333,327730.202,5.23407407
55.5666667,327876.863,5.23481481
55.6,328023.585,5.23555556
55.6333333,328170.365,5.2362963
55.6666667,328317.202,5.23703704
55.7,328464.102,5.23777778
55.7333333,328611.073,5.23851852
55.7666667,328758.097,5.23925926
55.8,328905.176,5.24
55.8333333,329052.308,5.24074074
55.8666667,329199.509,5.24148148
55.9,329346.766,5.24222222
55.9333333,329494.075,5.24296296
55.9666667,329641.434,5.2437037
56,329788.848,5.24444444
56.0333333,329936.327,5.24518519
56.0666667,330083.856,5.24592593
56.1,330231.434,5.24666667
56.1333333,330379.06,5.24740741
56.1666667,330526.748,5.24814815
56.2,330674.49,5.24888889
56.2333333,330822.28,5.24962963
56.2666667,330970.118,5.25037037
56.3,331118.006,5.25111111
56.3333333,331265.959,5.25185185
56.3666667,331413.959,5.25259259
56.4,331562.007,5.25333333
56.4333333,331710.103,5.25407407
56.4666667,331858.258,5.25481481
56.5,332006.469,5.25555556
56.5333333,332154.728,5.2562963
56.5666667,332303.037,5.25703704
56.6,332451.395,5.25777778
56.6333333,332599.821,5.25851852
56.6666667,332748.297,5.25925926
56.7,332896.824,5.26
56.7333333,333045.401,5.26074074
56.7666667,333194.039,5.26148148
56.8,333342.74,5.26222222
56.8333333,333491.493,5.26296296
56.8666667,333640.298,5.2637037
56.9,333789.157,5.26444444
56.9333333,333938.09,5.26518519
56.9666667,334087.079,5.26592593
57,334236.123,5.26666667
57.0333333,334385.223,5.26740741
57.0666667,334534.388,5.26814815
57.1,334683.624,5.26888889
57.1333333,334832.918,5.26962963
57.1666667,334982.27,5.27037037
57.2,335131.682,5.27111111
57.2333333,335281.172,5.27185185
57.2666667,335430.726,5.27259259
57.3,335580.342,5.27333333
57.3333333,335730.019,5.27407407
57.3666667,335879.764,5.27481481
57.4,336029.59,5.27555556
57.4333333,336179.479,5.2762963
57.4666667,336329.431,5.27703704
57.5,336479.447,5.27777778
57.5333333,336629.546,5.27851852
57.5666667,336779.716,5.27925926
57.6,336929.951,5.28
57.6333333,337080.251,5.28074074
57.6666667,337230.621,5.28148148
57.7,337381.079,5.28222222
57.7333333,337531.602,5.28296296
57.7666667,337682.191,5.2837037
57.8,337832.847,5.28444444
57.8333333,337983.584,5.28518519
57.8666667,338134.398,5.28592593
57.9,338285.278,5.28666667
57.9333333,338436.225,5.28740741
57.9666667,338587.239,5.28814815
58,338738.343,5.28888889
58.0333333,338889.513,5.28962963
58.0666667,339040.749,5.29037037
58.1,339192.049,5.29111111
58.1333333,339343.428,5.29185185
58.1666667,339494.884,5.29259259
58.2,339646.404,5.29333333
58.2333333,339797.988,5.29407407
58.2666667,339949.636,5.29481481
58.3,340101.371,5.29555556
58.3333333,340253.169,5.2962963
58.3666667,340405.029,5.29703704
58.4,340556.951,5.29777778
58.4333333,340708.944,5.29851852
58.4666667,340861.012,5.29925926
58.5,341013.139,5.3
58.5333333,341165.326,5.30074074
58.5666667,341317.571,5.30148148
58.6,341469.895,5.30222222
58.6333333,341622.28,5.30296296
58.6666667,341774.721,5.3037037
58.7,341927.219,5.30444444
58.7333333,342079.781,5.30518519
58.7666667,342232.412,5.30592593
58.8,342385.098,5.30666667
58.8333333,342537.839,5.30740741
58.8666667,342690.633,5.30814815
58.9,342843.496,5.30888889
58.9333333,342996.417,5.30962963
58.9666667,343149.391,5.31037037
59,343302.416,5.31111111
59.0333333,343455.496,5.31185185
59.0666667,343608.644,5.31259259
59.1,343761.842,5.31333333
59.1333333,343915.09,5.31407407
59.1666667,344068.387,5.31481481
59.2,344221.748,5.31555556
59.2333333,344375.164,5.3162963
59.2666667,344528.629,5.31703704
59.3,344682.143,5.31777778
59.3333333,344835.709,5.31851852
59.3666667,344989.339,5.31925926
59.4,345143.018,5.32
59.4333333,345296.745,5.32074074
59.4666667,345450.521,5.32148148
59.5,345604.356,5.32222222
59.5333333,345758.248,5.32296296
59.5666667,345912.188,5.3237037
59.6,346066.176,5.32444444
59.6333333,346220.214,5.32518519
59.6666667,346374.32,5.32592593
59.7,346528.474,5.32666667
59.7333333,346682.678,5.32740741
59.7666667,346836.932,5.32814815
59.8,346991.245,5.32888889
59.8333333,347145.618,5.32962963
59.8666667,347300.042,5.33037037
59.9,347454.516,5.33111111
59.9333333,347609.042,5.33185185
59.9666667,347763.638,5.33259259
60,347918.288,5.33333333
60.0333333,348072.99,5.33407407
60.0666667,348227.745,5.33481481
60.1,348382.561,5.33555556
60.1333333,348537.444,5.3362963
60.1666667,348692.381,5.33703704
60.2,348847.372,5.33777778
60.2333333,349002.419,5.33851852
60.2666667,349157.539,5.33925926
60.3,349312.719,5.34
60.3333333,349467.955,5.34074074
60.3666667,349623.248,5.34148148
60.4,349778.604,5.34222222
60.4333333,349934.035,5.34296296
60.4666667,350089.523,5.3437037
60.5,350245.07,5.34444444
60.5333333,350400.675,5.34518519
60.5666667,350556.356,5.34592593
60.6,350712.103,5.34666667
60.6333333,350867.91,5.34740741
60.6666667,351023.777,5.34814815
60.7,351179.708,5.34888889
60.7333333,351335.72,5.34962963
60.7666667,351491.792,5.35037037
60.8,351647.924,5.35111111
60.8333333,351804.118,5.35185185
60.8666667,351960.388,5.35259259
60.9,352116.728,5.35333333
60.9333333,352273.13,5.35407407
60.9666667,352429.593,5.35481481
61,352586.119,5.35555556
61.0333333,352742.728,5.3562963
61.0666667,352899.399,5.35703704
61.1,353056.131,5.35777778
61.1333333,353212.924,5.35851852
61.1666667,353369.791,5.35925926
61.2,353526.73,5.36
61.2333333,353683.729,5.36074074
61.2666667,353840.789,5.36148148
61.3,353997.909,5.36222222
61.3333333,354155.112,5.36296296
61.3666667,354312.375,5.3637037
61.4,354469.698,5.36444444
61.4333333,354627.079,5.36518519
61.4666667,354784.53,5.36592593
61.5,354942.051,5.36666667
61.5333333,355099.631,5.36740741
61.5666667,355257.268,5.36814815
61.6,355414.963,5.36888889
61.6333333,355572.734,5.36962963
61.6666667,355730.564,5.37037037
61.7,355888.45,5.37111111
61.7333333,356046.392,5.37185185
61.7666667,356204.396,5.37259259
61.8,356362.469,5.37333333
61.8333333,356520.597,5.37407407
61.8666667,356678.779,5.37481481
61.9,356837.014,5.37555556
61.9333333,356995.319,5.3762963
61.9666667,357153.681,5.37703704
62,357312.096,5.37777778
62.0333333,357470.563,5.37851852
62.0666667,357629.086,5.37925926
62.1,357787.676,5.38
62.1333333,357946.317,5.38074074
62.1666667,358105.009,5.38148148
62.2,358263.751,5.38222222
62.2333333,358422.557,5.38296296
62.2666667,358581.419,5.3837037
62.3,358740.33,5.38444444
62.3333333,358899.291,5.38518519
62.3666667,359058.304,5.38592593
62.4,359217.383,5.38666667
62.4333333,359376.511,5.38740741
62.4666667,359535.688,5.38814815
62.5,359694.913,5.38888889
62.5333333,359854.199,5.38962963
62.5666667,360013.541,5.39037037
62.6,360172.931,5.39111111
62.6333333,360332.371,5.39185185
62.6666667,360491.859,5.39259259
62.7,360651.415,5.39333333
62.7333333,360811.02,5.39407407
62.7666667,360970.674,5.39481481
62.8,361130.376,5.39555556
62.8333333,361290.137,5.3962963
62.8666667,361449.958,5.39703704
62.9,361609.828,5.39777778
62.9333333,361769.748,5.39851852
62.9666667,361929.718,5.39925926
63,362089.756,5.4
63.0333333,362249.846,5.40074074
63.0666667,362409.987,5.40148148
63.1,362570.178,5.40222222
63.1333333,362730.429,5.40296296
63.1666667,362890.743,5.4037037
63.2,363051.109,5.40444444
63.2333333,363211.528,5.40518519
63.2666667,363371.998,5.40592593
63.3,363532.539,5.40666667
63.3333333,363693.136,5.40740741
63.3666667,363853.787,5.40814815
63.4,364014.491,5.40888889
63.4333333,364175.255,5.40962963
63.4666667,364336.089,5.41037037
63.5,364496.977,5.41111111
63.5333333,364657.92,5.41185185
63.5666667,364818.918,5.41259259
63.6,364979.988,5.41333333
63.6333333,365141.119,5.41407407
63.6666667,365302.306,5.41481481
63.7,365463.549,5.41555556
63.7333333,365624.853,5.4162963
63.7666667,365786.231,5.41703704
63.8,365947.666,5.41777778
63.8333333,366109.158,5.41851852
63.8666667,366270.707,5.41925926
63.9,366432.328,5.42
63.9333333,366594.014,5.42074074
63.9666667,366755.758,5.42148148
64,366917.56,5.42222222
64.0333333,367079.421,5.42296296
64.0666667,367241.36,5.4237037
64.1,367403.357,5.42444444
64.1333333,367565.412,5.42518519
64.1666667,367727.525,5.42592593
64.2,367889.707,5.42666667
64.2333333,368051.957,5.42740741
64.2666667,368214.265,5.42814815
64.3,368376.63,5.42888889
64.3333333,368539.053,5.42962963
64.3666667,368701.555,5.43037037
64.4,368864.114,5.43111111
64.4333333,369026.73,5.43185185
64.4666667,369189.403,5.43259259
64.5,369352.142,5.43333333
64.5333333,369514.95,5.43407407
64.5666667,369677.814,5.43481481
64.6,369840.733,5.43555556
64.6333333,370003.708,5.4362963
64.6666667,370166.758,5.43703704
64.7,370329.865,5.43777778
64.7333333,370493.027,5.43851852
64.7666667,370656.244,5.43925926
64.8,370819.522,5.44
64.8333333,370982.867,5.44074074
64.8666667,371146.267,5.44148148
64.9,371309.72,5.44222222
64.9333333,371473.225,5.44296296
64.9666667,371636.8,5.4437037
65,371800.432,5.44444444
65.0333333,371964.116,5.44518519
65.0666667,372127.852,5.44592593
65.1,372291.645,5.44666667
65.1333333,372455.504,5.44740741
65.1666667,372619.414,5.44814815
65.2,372783.375,5.44888889
65.2333333,372947.387,5.44962963
65.2666667,373111.463,5.45037037
65.3,373275.595,5.45111111
65.3333333,373439.777,5.45185185
65.3666667,373604.009,5.45259259
65.4,373768.293,5.45333333
65.4333333,373932.643,5.45407407
65.4666667,374097.043,5.45481481
65.5,374261.492,5.45555556
65.5333333,374425.99,5.4562963
65.5666667,374590.548,5.45703704
65.6,374755.163,5.45777778
65.6333333,374919.827,5.45851852
65.6666667,375084.54,5.45925926
65.7,375249.302,5.46
65.7333333,375414.131,5.46074074
65.7666667,375579.009,5.46148148
65.8,375743.936,5.46222222
65.8333333,375908.912,5.46296296
65.8666667,376073.946,5.4637037
65.9,376239.038,5.46444444
65.9333333,376404.18,5.46518519
65.9666667,376569.371,5.46592593
66,376734.611,5.46666667
66.0333333,376899.918,5.46740741
66.0666667,377065.277,5.46814815
66.1,377230.685,5.46888889
66.1333333,377396.142,5.46962963
66.1666667,377561.658,5.47037037
66.2,377727.235,5.47111111
66.2333333,377892.863,5.47185185
66.2666667,378058.541,5.47259259
66.3,378224.27,5.47333333
66.3333333,378390.067,5.47407407
66.3666667,378555.918,5.47481481
66.4,378721.821,5.47555556
66.4333333,378887.775,5.4762963
66.4666667,379053.787,5.47703704
66.5,379219.866,5.47777778
66.5333333,379385.996,5.47851852
66.5666667,379552.179,5.47925926
66.6,379718.415,5.48
66.6333333,379884.719,5.48074074
66.6666667,380051.082,5.48148148
66.7,380217.498,5.48222222
66.7333333,380383.967,5.48296296
66.7666667,380550.494,5.4837037
66.8,380717.092,5.48444444
66.8333333,380883.744,5.48518519
66.8666667,381050.45,5.48592593
66.9,381217.21,5.48666667
66.9333333,381384.038,5.48740741
66.9666667,381550.929,5.48814815
67,381717.874,5.48888889
67.0333333,381884.874,5.48962963
67.0666667,382051.931,5.49037037
67.1,382219.063,5.49111111
67.1333333,382386.249,5.49185185
67.1666667,382553.49,5.49259259
67.2,382720.786,5.49333333
67.2333333,382888.15,5.49407407
67.2666667,383055.577,5.49481481
67.3,383223.06,5.49555556
67.3333333,383390.598,5.4962963
67.3666667,383558.191,5.49703704
67.4,383725.861,5.49777778
67.4333333,383893.585,5.49851852
67.4666667,384061.364,5.49925926
67.5,384229.198,5.5
67.5333333,384397.095,5.50074074
67.5666667,384565.059,5.50148148
67.6,384733.078,5.50222222
67.6333333,384901.15,5.50296296
67.6666667,385069.277,5.5037037
67.7,385237.476,5.50444444
67.7333333,385405.731,5.50518519
67.7666667,385574.04,5.50592593
67.8,385742.402,5.50666667
67.8333333,385910.824,5.50740741
67.8666667,386079.313,5.50814815
67.9,386247.855,5.50888889
67.9333333,386416.449,5.50962963
67.9666667,386585.096,5.51037037
68,386753.811,5.51111111
68.0333333,386922.582,5.51185185
68.0666667,387091.405,5.51259259
68.1,387260.279,5.51333333
68.1333333,387429.21,5.51407407
68.1666667,387598.207,5.51481481
68.2,387767.255,5.51555556
68.2333333,387936.354,5.5162963
68.2666667,388105.503,5.51703704
68.3,388274.717,5.51777778
68.3333333,388443.987,5.51851852
68.3666667,388613.306,5.51925926
68.4,388782.676,5.52
68.4333333,388952.099,5.52074074
68.4666667,389121.587,5.52148148
68.5,389291.125,5.52222222
68.5333333,389460.712,5.52296296
68.5666667,389630.349,5.5237037
68.6,389800.046,5.52444444
68.6333333,389969.801,5.52518519
68.6666667,390139.604,5.52592593
68.7,390309.456,5.52666667
68.7333333,390479.357,5.52740741
68.7666667,390649.326,5.52814815
68.8,390819.344,5.52888889
68.8333333,390989.41,5.52962963
68.8666667,391159.525,5.53037037
68.9,391329.698,5.53111111
68.9333333,391499.93,5.53185185
68.9666667,391670.211,5.53259259
69,391840.54,5.53333333
69.0333333,392010.918,5.53407407
69.0666667,392181.364,5.53481481
69.1,392351.859,5.53555556
69.1333333,392522.404,5.5362963
69.1666667,392692.998,5.53703704
69.2,392863.648,5.53777778
69.2333333,393034.36,5.53851852
69.2666667,393205.121,5.53925926
69.3,393375.932,5.54
69.3333333,393546.793,5.54074074
69.3666667,393717.72,5.54148148
69.4,393888.7,5.54222222
69.4333333,394059.73,5.54296296
69.4666667,394230.811,5.5437037
69.5,394401.948,5.54444444
69.5333333,394573.149,5.54518519
69.5666667,394744.401,5.54592593
69.6,394915.704,5.54666667
69.6333333,395087.058,5.54740741
69.6666667,395258.479,5.54814815
69.7,395429.955,5.54888889
69.7333333,395601.484,5.54962963
69.7666667,395773.063,5.55037037
69.8,395944.699,5.55111111
69.8333333,396116.403,5.55185185
69.8666667,396288.159,5.55259259
69.9,396459.967,5.55333333
69.9333333,396631.828,5.55407407
69.9666667,396803.754,5.55481481
70,396975.74,5.55555556
70.0333333,397147.778,5.5562963
70.0666667,397319.869,5.55703704
70.1,397492.016,5.55777778
70.1333333,397664.233,5.55851852
70.1666667,397836.504,5.55925926
70.2,398008.827,5.56
70.2333333,398181.204,5.56074074
70.2666667,398353.645,5.56148148
70.3,398526.148,5.56222222
70.3333333,398698.705,5.56296296
70.3666667,398871.315,5.5637037
70.4,399043.978,5.56444444
70.4333333,399216.715,5.56518519
70.4666667,399389.505,5.56592593
70.5,399562.348,5.56666667
70.5333333,399735.244,5.56740741
70.5666667,399908.202,5.56814815
70.6,400081.225,5.56888889
70.6333333,400254.3,5.56962963
70.6666667,400427.428,5.57037037
70.7,400600.609,5.57111111
70.7333333,400773.862,5.57185185
70.7666667,400947.168,5.57259259
70.8,401120.527,5.57333333
70.8333333,401293.939,5.57407407
70.8666667,401467.41,5.57481481
70.9,401640.946,5.57555556
70.9333333,401814.533,5.5762963
70.9666667,401988.173,5.57703704
71,402161.864,5.57777778
71.0333333,402335.624,5.57851852
71.0666667,402509.438,5.57925926
71.1,402683.304,5.58
71.1333333,402857.221,5.58074074
71.1666667,403031.193,5.58148148
71.2,403205.232,5.58222222
71.2333333,403379.321,5.58296296
71.2666667,403553.461,5.5837037
71.3,403727.651,5.58444444
71.3333333,403901.905,5.58518519
71.3666667,404076.215,5.58592593
71.4,404250.576,5.58666667
71.4333333,404424.986,5.58740741
71.4666667,404599.448,5.58814815
71.5,404773.977,5.58888889
71.5333333,404948.556,5.58962963
71.5666667,405123.184,5.59037037
71.6,405297.861,5.59111111
71.6333333,405472.599,5.59185185
71.6666667,405647.394,5.59259259
71.7,405822.238,5.59333333
71.7333333,405997.131,5.59407407
71.7666667,406172.074,5.59481481
71.8,406347.084,5.59555556
71.8333333,406522.143,5.5962963
71.8666667,406697.251,5.59703704
71.9,406872.407,5.59777778
71.9333333,407047.622,5.59851852
71.9666667,407222.895,5.59925926
72,407398.217,5.6
72.0333333,407573.588,5.60074074
72.0666667,407749.007,5.60148148
72.1,407924.493,5.60222222
72.1333333,408100.029,5.60296296
72.1666667,408275.614,5.6037037
72.2,408451.248,5.60444444
72.2333333,408626.939,5.60518519
72.2666667,408802.689,5.60592593
72.3,408978.489,5.60666667
72.3333333,409154.338,5.60740741
72.3666667,409330.237,5.60814815
72.4,409506.201,5.60888889
72.4333333,409682.217,5.60962963
72.4666667,409858.283,5.61037037
72.5,410034.398,5.61111111
72.5333333,410210.569,5.61185185
72.5666667,410386.803,5.61259259
72.6,410563.087,5.61333333
72.6333333,410739.42,5.61407407
72.6666667,410915.804,5.61481481
72.7,411092.253,5.61555556
72.7333333,411268.757,5.6162963
72.7666667,411445.311,5.61703704
72.8,411621.916,5.61777778
72.8333333,411798.575,5.61851852
72.8666667,411975.301,5.61925926
72.9,412152.077,5.62
72.9333333,412328.905,5.62074074
72.9666667,412505.783,5.62148148
73,412682.726,5.62222222
73.0333333,412859.726,5.62296296
73.0666667,413036.778,5.6237037
73.1,413213.881,5.62444444
73.1333333,413391.037,5.62518519
73.1666667,413568.263,5.62592593
73.2,413745.541,5.62666667
73.2333333,413922.87,5.62740741
73.2666667,414100.25,5.62814815
73.3,414277.694,5.62888889
73.3333333,414455.198,5.62962963
73.3666667,414632.754,5.63037037
73.4,414810.361,5.63111111
73.4333333,414988.021,5.63185185
73.4666667,415165.752,5.63259259
73.5,415343.536,5.63333333
73.5333333,415521.371,5.63407407
73.5666667,415699.257,5.63481481
73.6,415877.205,5.63555556
73.6333333,416055.216,5.6362963
73.6666667,416233.278,5.63703704
73.7,416411.392,5.63777778
73.7333333,416589.558,5.63851852
73.7666667,416767.793,5.63925926
73.8,416946.082,5.64
73.8333333,417124.422,5.64074074
73.8666667,417302.814,5.64148148
73.9,417481.265,5.64222222
73.9333333,417659.779,5.64296296
73.9666667,417838.345,5.6437037
74,418016.961,5.64444444
74.0333333,418195.629,5.64518519
74.0666667,418374.364,5.64592593
74.1,418553.154,5.64666667
74.1333333,418731.994,5.64740741
74.1666667,418910.885,5.64814815
74.2,419089.832,5.64888889
74.2333333,419268.844,5.64962963
74.2666667,419447.906,5.65037037
74.3,419627.018,5.65111111
74.3333333,419806.181,5.65185185
74.3666667,419985.407,5.65259259
74.4,420164.69,5.65333333
74.4333333,420344.022,5.65407407
74.4666667,420523.404,5.65481481
74.5,420702.839,5.65555556
74.5333333,420882.339,5.6562963
74.5666667,421061.89,5.65703704
74.6,421241.489,5.65777778
74.6333333,421421.138,5.65851852
74.6666667,421600.849,5.65925926
74.7,421780.616,5.66
74.7333333,421960.432,5.66074074
74.7666667,422140.297,5.66148148
74.8,422320.212,5.66222222
74.8333333,422500.195,5.66296296
74.8666667,422680.226,5.6637037
74.9,422860.306,5.66444444
74.9333333,423040.435,5.66518519
74.9666667,423220.623,5.66592593
75,423400.869,5.66666667
75.0333333,423581.163,5.66740741
75.0666667,423761.507,5.66814815
75.1,423941.899,5.66888889
75.1333333,424122.358,5.66962963
75.1666667,424302.867,5.67037037
75.2,424483.424,5.67111111
75.2333333,424664.031,5.67185185
75.2666667,424844.694,5.67259259
75.3,425025.417,5.67333333
75.3333333,425206.189,5.67407407
75.3666667,425387.01,5.67481481
75.4,425567.88,5.67555556
75.4333333,425748.815,5.6762963
75.4666667,425929.802,5.67703704
75.5,426110.838,5.67777778
75.5333333,426291.923,5.67851852
75.5666667,426473.064,5.67925926
75.6,426654.267,5.68
75.6333333,426835.519,5.68074074
75.6666667,427016.821,5.68148148
75.7,427198.172,5.68222222
75.7333333,427379.588,5.68296296
75.7666667,427561.057,5.6837037
75.8,427742.577,5.68444444
75.8333333,427924.146,5.68518519
75.8666667,428105.769,5.68592593
75.9,428287.457,5.68666667
75.9333333,428469.195,5.68740741
75.9666667,428650.984,5.68814815
76,428832.822,5.68888889
76.0333333,429014.724,5.68962963
76.0666667,429196.682,5.69037037
76.1,429378.691,5.69111111
76.1333333,429560.75,5.69185185
76.1666667,429742.862,5.69259259
76.2,429925.042,5.69333333
76.2333333,430107.272,5.69407407
76.2666667,430289.553,5.69481481
76.3,430471.885,5.69555556
76.3333333,430654.278,5.6962963
76.3666667,430836.731,5.69703704
76.4,431019.235,5.69777778
76.4333333,431201.789,5.69851852
76.4666667,431384.395,5.69925926
76.5,431567.071,5.7
76.5333333,431749.798,5.70074074
76.5666667,431932.575,5.70148148
76.6,432115.404,5.70222222
76.6333333,432298.293,5.70296296
76.6666667,432481.243,5.7037037
76.7,432664.244,5.70444444
76.7333333,432847.296,5.70518519
76.7666667,433030.399,5.70592593
76.8,433213.571,5.70666667
76.8333333,433396.795,5.70740741
76.8666667,433580.07,5.70814815
76.9,433763.396,5.70888889
76.9333333,433946.78,5.70962963
76.9666667,434130.227,5.71037037
77,434313.724,5.71111111
77.0333333,434497.273,5.71185185
77.0666667,434680.872,5.71259259
77.1,434864.537,5.71333333
77.1333333,435048.256,5.71407407
77.1666667,435232.026,5.71481481
77.2,435415.846,5.71555556
77.2333333,435599.722,5.7162963
77.2666667,435783.662,5.71703704
77.3,435967.652,5.71777778
77.3333333,436151.693,5.71851852
77.3666667,436335.783,5.71925926
77.4,436519.937,5.72
77.4333333,436704.147,5.72074074
77.4666667,436888.406,5.72148148
77.5,437072.716,5.72222222
77.5333333,437257.078,5.72296296
77.5666667,437441.505,5.7237037
77.6,437625.983,5.72444444
77.6333333,437810.509,5.72518519
77.6666667,437995.086,5.72592593
77.7,438179.723,5.72666667
77.7333333,438364.417,5.72740741
77.7666667,438549.16,5.72814815
77.8,438733.953,5.72888889
77.8333333,438918.796,5.72962963
77.8666667,439103.706,5.73037037
77.9,439288.665,5.73111111
77.9333333,439473.673,5.73185185
77.9666667,439658.73,5.73259259
78,439843.845,5.73333333
78.0333333,440029.019,5.73407407
78.0666667,440214.242,5.73481481
78.1,440399.514,5.73555556
78.1333333,440584.835,5.7362963
78.1666667,440770.223,5.73703704
78.2,440955.66,5.73777778
78.2333333,441141.146,5.73851852
78.2666667,441326.681,5.73925926
78.3,441512.273,5.74
78.3333333,441697.925,5.74074074
78.3666667,441883.626,5.74148148
78.4,442069.375,5.74222222
78.4333333,442255.173,5.74296296
78.4666667,442441.038,5.7437037
78.5,442626.953,5.74444444
78.5333333,442812.917,5.74518519
78.5666667,442998.931,5.74592593
78.6,443184.999,5.74666667
78.6333333,443371.13,5.74740741
78.6666667,443557.31,5.74814815
78.7,443743.538,5.74888889
78.7333333,443929.817,5.74962963
78.7666667,444116.159,5.75037037
78.8,444302.555,5.75111111
78.8333333,444489,5.75185185
78.8666667,444675.494,5.75259259
78.9,444862.042,5.75333333
78.9333333,445048.655,5.75407407
78.9666667,445235.318,5.75481481
79,445422.029,5.75555556
79.0333333,445608.791,5.7562963
79.0666667,445795.615,5.75703704
79.1,445982.496,5.75777778
79.1333333,446169.426,5.75851852
79.1666667,446356.406,5.75925926
79.2,446543.438,5.76
79.2333333,446730.537,5.76074074
79.2666667,446917.686,5.76148148
79.3,447104.886,5.76222222
79.3333333,447292.135,5.76296296
79.3666667,447479.445,5.7637037
79.4,447666.814,5.76444444
79.4333333,447854.234,5.76518519
79.4666667,448041.703,5.76592593
79.5,448229.223,5.76666667
79.5333333,448416.813,5.76740741
79.5666667,448604.452,5.76814815
79.6,448792.142,5.76888889
79.6333333,448979.882,5.76962963
79.6666667,449167.682,5.77037037
79.7,449355.543,5.77111111
79.7333333,449543.454,5.77185185
79.7666667,449731.415,5.77259259
79.8,449919.426,5.77333333
79.8333333,450107.507,5.77407407
79.8666667,450295.638,5.77481481
79.9,450483.82,5.77555556
79.9333333,450672.053,5.7762963
79.9666667,450860.343,5.77703704
80,451048.695,5.77777778
80.0333333,451237.098,5.77851852
80.0666667,451425.551,5.77925926
80.1,451614.054,5.78
80.1333333,451802.624,5.78074074
80.1666667,451991.247,5.78148148
80.2,452179.92,5.78222222
80.2333333,452368.643,5.78296296
80.2666667,452557.422,5.7837037
80.3,452746.265,5.78444444
80.3333333,452935.157,5.78518519
80.3666667,453124.1,5.78592593
80.4,453313.092,5.78666667
80.4333333,453502.149,5.78740741
80.4666667,453691.26,5.78814815
80.5,453880.421,5.78888889
80.5333333,454069.632,5.78962963
80.5666667,454258.896,5.79037037
80.6,454448.225,5.79111111
80.6333333,454637.604,5.79185185
80.6666667,454827.033,5.79259259
80.7,455016.511,5.79333333
80.7333333,455206.05,5.79407407
80.7666667,455395.646,5.79481481
80.8,455585.291,5.79555556
80.8333333,455774.986,5.7962963
80.8666667,455964.731,5.79703704
80.9,456154.544,5.79777778
80.9333333,456344.405,5.79851852
80.9666667,456534.316,5.79925926
81,456724.276,5.8
81.0333333,456914.295,5.80074074
81.0666667,457104.372,5.80148148
81.1,457294.498,5.80222222
81.1333333,457484.673,5.80296296
81.1666667,457674.897,5.8037037
81.2,457865.189,5.80444444
81.2333333,458055.531,5.80518519
81.2666667,458245.921,5.80592593
81.3,458436.36,5.80666667
81.3333333,458626.857,5.80740741
81.3666667,458817.413,5.80814815
81.4,459008.018,5.80888889
81.4333333,459198.672,5.80962963
81.4666667,459389.376,5.81037037
81.5,459580.145,5.81111111
81.5333333,459770.965,5.81185185
81.5666667,459961.834,5.81259259
81.6,460152.753,5.81333333
81.6333333,460343.726,5.81407407
81.6666667,460534.762,5.81481481
81.7,460725.847,5.81555556
81.7333333,460916.98,5.8162963
81.7666667,461108.163,5.81703704
81.8,461299.41,5.81777778
81.8333333,461490.711,5.81851852
81.8666667,461682.06,5.81925926
81.9,461873.459,5.82
81.9333333,462064.912,5.82074074
81.9666667,462256.429,5.82148148
82,462447.995,5.82222222
82.0333333,462639.611,5.82296296
82.0666667,462831.276,5.8237037
82.1,463023.003,5.82444444
82.1333333,463214.786,5.82518519
82.1666667,463406.619,5.82592593
82.2,463598.501,5.82666667
82.2333333,463790.436,5.82740741
82.2666667,463982.437,5.82814815
82.3,464174.488,5.82888889
82.3333333,464366.588,5.82962963
82.3666667,464558.738,5.83037037
82.4,464750.949,5.83111111
82.4333333,464943.218,5.83185185
82.4666667,465135.537,5.83259259
82.5,465327.906,5.83333333
82.5333333,465520.325,5.83407407
82.5666667,465712.813,5.83481481
82.6,465905.351,5.83555556
82.6333333,466097.939,5.8362963
82.6666667,466290.577,5.83703704
82.7,466483.274,5.83777778
82.7333333,466676.031,5.83851852
82.7666667,466868.838,5.83925926
82.8,467061.696,5.84
82.8333333,467254.603,5.84074074
82.8666667,467447.579,5.84148148
82.9,467640.605,5.84222222
82.9333333,467833.682,5.84296296
82.9666667,468026.809,5.8437037
83,468219.994,5.84444444
83.0333333,468413.24,5.84518519
83.0666667,468606.537,5.84592593
83.1,468799.883,5.84666667
83.1333333,468993.28,5.84740741
83.1666667,469186.742,5.84814815
83.2,469380.258,5.84888889
83.2333333,469573.824,5.84962963
83.2666667,469767.44,5.85037037
83.3,469961.111,5.85111111
83.3333333,470154.846,5.85185185
83.3666667,470348.631,5.85259259
83.4,470542.466,5.85333333
83.4333333,470736.35,5.85407407
83.4666667,470930.299,5.85481481
83.5,471124.302,5.85555556
83.5333333,471318.355,5.8562963
83.5666667,471512.458,5.85703704
83.6,471706.614,5.85777778
83.6333333,471900.836,5.85851852
83.6666667,472095.107,5.85925926
83.7,472289.428,5.86
83.7333333,472483.798,5.86074074
83.7666667,472678.23,5.86148148
83.8,472872.719,5.86222222
83.8333333,473067.257,5.86296296
83.8666667,473261.844,5.8637037
83.9,473456.483,5.86444444
83.9333333,473651.188,5.86518519
83.9666667,473845.943,5.86592593
84,474040.747,5.86666667
84.0333333,474235.601,5.86740741
84.0666667,474430.514,5.86814815
84.1,474625.485,5.86888889
84.1333333,474820.506,5.86962963
84.1666667,475015.576,5.87037037
84.2,475210.695,5.87111111
84.2333333,475405.882,5.87185185
84.2666667,475601.118,5.87259259
84.3,475796.404,5.87333333
84.3333333,475991.739,5.87407407
84.3666667,476187.131,5.87481481
84.4,476382.584,5.87555556
84.4333333,476578.085,5.8762963
84.4666667,476773.636,5.87703704
84.5,476969.236,5.87777778
84.5333333,477164.902,5.87851852
84.5666667,477360.619,5.87925926
84.6,477556.386,5.88
84.6333333,477752.202,5.88074074
84.6666667,477948.073,5.88148148
84.7,478144.006,5.88222222
84.7333333,478339.989,5.88296296
84.7666667,478536.02,5.8837037
84.8,478732.101,5.88444444
84.8333333,478928.246,5.88518519
84.8666667,479124.445,5.88592593
84.9,479320.693,5.88666667
84.9333333,479516.99,5.88740741
84.9666667,479713.341,5.88814815
85,479909.756,5.88888889
85.0333333,480106.221,5.88962963
85.0666667,480302.735,5.89037037
85.1,480499.298,5.89111111
85.1333333,480695.924,5.89185185
85.1666667,480892.605,5.89259259
85.2,481089.336,5.89333333
85.2333333,481286.117,5.89407407
85.2666667,481482.95,5.89481481
85.3,481679.848,5.89555556
85.3333333,481876.797,5.8962963
85.3666667,482073.795,5.89703704
85.4,482270.843,5.89777778
85.4333333,482467.952,5.89851852
85.4666667,482665.118,5.89925926
85.5,482862.335,5.9
85.5333333,483059.601,5.90074074
85.5666667,483256.917,5.90148148
85.6,483454.302,5.90222222
85.6333333,483651.737,5.90296296
85.6666667,483849.221,5.9037037
85.7,484046.756,5.90444444
85.7333333,484244.35,5.90518519
85.7666667,484442.003,5.90592593
85.8,484639.707,5.90666667
85.8333333,484837.46,5.90740741
85.8666667,485035.263,5.90814815
85.9,485233.135,5.90888889
85.9333333,485431.057,5.90962963
85.9666667,485629.029,5.91037037
86,485827.052,5.91111111
86.0333333,486025.132,5.91185185
86.0666667,486223.273,5.91259259
86.1,486421.465,5.91333333
86.1333333,486619.707,5.91407407
86.1666667,486817.998,5.91481481
86.2,487016.356,5.91555556
86.2333333,487214.767,5.9162963
86.2666667,487413.227,5.91703704
86.3,487611.738,5.91777778
86.3333333,487810.304,5.91851852
86.3666667,488008.934,5.91925926
86.4,488207.613,5.92
86.4333333,488406.343,5.92074074
86.4666667,488605.122,5.92148148
86.5,488803.966,5.92222222
86.5333333,489002.864,5.92296296
86.5666667,489201.813,5.9237037
86.6,489400.811,5.92444444
86.6333333,489599.862,5.92518519
86.6666667,489798.979,5.92592593
86.7,489998.146,5.92666667
86.7333333,490197.362,5.92740741
86.7666667,490396.628,5.92814815
86.8,490595.957,5.92888889
86.8333333,490795.341,5.92962963
86.8666667,490994.776,5.93037037
86.9,491194.26,5.93111111
86.9333333,491393.795,5.93185185
86.9666667,491593.398,5.93259259
87,491793.05,5.93333333
87.0333333,491992.751,5.93407407
87.0666667,492192.503,5.93481481
87.1,492392.314,5.93555556
87.1333333,492592.183,5.9362963
87.1666667,492792.102,5.93703704
87.2,492992.071,5.93777778
87.2333333,493192.089,5.93851852
87.2666667,493392.175,5.93925926
87.3,493592.311,5.94
87.3333333,493792.497,5.94074074
87.3666667,493992.732,5.94148148
87.4,494193.024,5.94222222
87.4333333,494393.377,5.94296296
87.4666667,494593.78,5.9437037
87.5,494794.232,5.94444444
87.5333333,494994.733,5.94518519
87.5666667,495195.301,5.94592593
87.6,495395.92,5.94666667
87.6333333,495596.589,5.94740741
87.6666667,495797.307,5.94814815
87.7,495998.081,5.94888889
87.7333333,496198.917,5.94962963
87.7666667,496399.802,5.95037037
87.8,496600.737,5.95111111
87.8333333,496801.722,5.95185185
87.8666667,497002.771,5.95259259
87.9,497203.873,5.95333333
87.9333333,497405.025,5.95407407
87.9666667,497606.227,5.95481481
88,497807.483,5.95555556
88.0333333,498008.802,5.9562963
88.0666667,498210.172,5.95703704
88.1,498411.591,5.95777778
88.1333333,498613.059,5.95851852
88.1666667,498814.59,5.95925926
88.2,499016.177,5.96
88.2333333,499217.814,5.96074074
88.2666667,499419.5,5.96148148
88.3,499621.239,5.96222222
88.3333333,499823.043,5.96296296
88.3666667,500024.898,5.9637037
88.4,500226.802,5.96444444
88.4333333,500428.756,5.96518519
88.4666667,500630.771,5.96592593
88.5,500832.844,5.96666667
88.5333333,501034.966,5.96740741
88.5666667,501237.139,5.96814815
88.6,501439.362,5.96888889
88.6333333,501641.653,5.96962963
88.6666667,501843.994,5.97037037
88.7,502046.385,5.97111111
88.7333333,502248.826,5.97185185
88.7666667,502451.327,5.97259259
88.8,502653.887,5.97333333
88.8333333,502856.497,5.97407407
88.8666667,503059.157,5.97481481
88.9,503261.867,5.97555556
88.9333333,503464.645,5.9762963
88.9666667,503667.474,5.97703704
89,503870.354,5.97777778
89.0333333,504073.283,5.97851852
89.0666667,504276.27,5.97925926
89.1,504479.319,5.98
89.1333333,504682.417,5.98074074
89.1666667,504885.566,5.98148148
89.2,505088.764,5.98222222
89.2333333,505292.03,5.98296296
89.2666667,505495.348,5.9837037
89.3,505698.716,5.98444444
89.3333333,505902.134,5.98518519
89.3666667,506105.608,5.98592593
89.4,506309.145,5.98666667
89.4333333,506512.733,5.98740741
89.4666667,506716.37,5.98814815
89.5,506920.058,5.98888889
89.5333333,507123.81,5.98962963
89.5666667,507327.617,5.99037037
89.6,507531.474,5.99111111
89.6333333,507735.38,5.99185185
89.6666667,507939.341,5.99259259
89.7,508143.367,5.99333333
89.7333333,508347.443,5.99407407
89.7666667,508551.569,5.99481481
89.8,508755.745,5.99555556
89.8333333,508959.983,5.9962963
89.8666667,509164.278,5.99703704
89.9,509368.623,5.99777778
89.9333333,509573.017,5.99851852
89.9666667,509777.464,5.99925926
90,509981.978,6.00005442
90.0333333,510186.553,6.00097222
90.0666667,510391.218,6.00194444
90.1,510596.013,6.00291667
90.1333333,510801.064,6.00388889
90.1666667,511006.486,6.00486111
90.2,511212.275,6.00583333
90.2333333,511418.44,6.00680556
90.2666667,511624.976,6.00777778
90.3,511831.929,6.00875
90.3333333,512039.08,6.00972222
90.3666667,512246.379,6.01069444
90.4,512453.789,6.01166667
90.4333333,512661.305,6.01263889
90.4666667,512868.979,6.01361111
90.5,513076.849,6.01458333
90.5333333,513284.966,6.01555556
90.5666667,513493.377,6.01652778
90.6,513702.245,6.0175
90.6333333,513911.447,6.01847222
90.6666667,514120.932,6.01944444
90.7,514330.657,6.02041667
90.7333333,514540.587,6.02138889
90.7666667,514750.669,6.02236111
90.8,514960.862,6.02333333
90.8333333,515171.182,6.02430556
90.8666667,515381.656,6.02527778
90.9,515592.414,6.02625
90.9333333,515803.473,6.02722222
90.9666667,516014.832,6.02819444
91,516226.497,6.02916667
91.0333333,516438.484,6.03013889
91.0666667,516650.781,6.03111111
91.1,516863.264,6.03208333
91.1333333,517075.903,6.03305556
91.1666667,517288.68,6.03402778
91.2,517501.629,6.035
91.2333333,517714.77,6.03597222
91.2666667,517928.123,6.03694444
91.3,518141.721,6.03791667
91.3333333,518355.612,6.03888889
91.3666667,518569.899,6.03986111
91.4,518784.467,6.04083333
91.4333333,518999.29,6.04180556
91.4666667,519214.341,6.04277778
91.5,519429.625,6.04375
91.5333333,519645.094,6.04472222
91.5666667,519860.726,6.04569444
91.6,520076.533,6.04666667
91.6333333,520292.542,6.04763889
91.6666667,520508.882,6.04861111
91.7,520725.502,6.04958333
91.7333333,520942.408,6.05055556
91.7666667,521159.602,6.05152778
91.8,521377.123,6.0525
91.8333333,521594.928,6.05347222
91.8666667,521812.94,6.05444444
91.9,522031.145,6.05541667
91.9333333,522249.531,6.05638889
91.9666667,522468.175,6.05736111
92,522687.038,6.05833333
92.0333333,522906.14,6.05930556
92.0666667,523125.501,6.06027778
92.1,523345.184,6.06125
92.1333333,523565.218,6.06222222
92.1666667,523785.521,6.06319444
92.2,524006.077,6.06416667
92.2333333,524226.866,6.06513889
92.2666667,524447.933,6.06611111
92.3,524669.203,6.06708333
92.3333333,524890.671,6.06805556
92.3666667,525112.346,6.06902778
92.4,525334.272,6.07
92.4333333,525556.518,6.07097222
92.4666667,525779.031,6.07194444
92.5,526001.813,6.07291667
92.5333333,526224.865,6.07388889
92.5666667,526448.243,6.07486111
92.6,526671.87,6.07583333
92.6333333,526895.708,6.07680556
92.6666667,527119.746,6.07777778
92.7,527343.994,6.07875
92.7333333,527568.505,6.07972222
92.7666667,527793.235,6.08069444
92.8,528018.195,6.08166667
92.8333333,528243.397,6.08263889
92.8666667,528468.915,6.08361111
92.9,528694.717,6.08458333
92.9333333,528920.755,6.08555556
92.9666667,529147.018,6.08652778
93,529373.501,6.0875
93.0333333,529600.245,6.08847222
93.0666667,529827.175,6.08944444
93.1,530054.296,6.09041667
93.1333333,530281.612,6.09138889
93.1666667,530509.182,6.09236111
93.2,530737.014,6.09333333
93.2333333,530965.075,6.09430556
93.2666667,531193.365,6.09527778
93.3,531421.882,6.09625
93.3333333,531650.694,6.09722222
93.3666667,531879.7,6.09819444
93.4,532108.892,6.09916667
93.4333333,532338.265,6.10013889
93.4666667,532567.846,6.10111111
93.5,532797.65,6.10208333
93.5333333,533027.649,6.10305556
93.5666667,533257.849,6.10402778
93.6,533488.257,6.105
93.6333333,533718.954,6.10597222
93.6666667,533949.866,6.10694444
93.7,534180.98,6.10791667
93.7333333,534412.286,6.10888889
93.7666667,534643.802,6.10986111
93.8,534875.534,6.11083333
93.8333333,535107.44,6.11180556
93.8666667,535339.522,6.11277778
93.9,535571.784,6.11375
93.9333333,535804.297,6.11472222
93.9666667,536037.025,6.11569444
94,536269.954,6.11666667
94.0333333,536503.086,6.11763889
94.0666667,536736.438,6.11861111
94.1,536970.035,6.11958333
94.1333333,537203.813,6.12055556
94.1666667,537437.77,6.12152778
94.2,537671.901,6.1225
94.2333333,537906.256,6.12347222
94.2666667,538140.815,6.12444444
94.3,538375.563,6.12541667
94.3333333,538610.505,6.12638889
94.3666667,538845.66,6.12736111
94.4,539081.084,6.12833333
94.4333333,539316.707,6.12930556
94.4666667,539552.525,6.13027778
94.5,539788.534,6.13125
94.5333333,540024.773,6.13222222
94.5666667,540261.222,6.13319444
94.6,540497.854,6.13416667
94.6333333,540734.672,6.13513889
94.6666667,540971.686,6.13611111
94.7,541208.97,6.13708333
94.7333333,541446.459,6.13805556
94.7666667,541684.153,6.13902778
94.8,541922.052,6.14
94.8333333,542160.195,6.14097222
94.8666667,542398.574,6.14194444
94.9,542637.146,6.14291667
94.9333333,542875.909,6.14388889
94.9666667,543114.863,6.14486111
95,543354.082,6.14583333
95.0333333,543593.502,6.14680556
95.0666667,543833.123,6.14777778
95.1,544072.949,6.14875
95.1333333,544313.018,6.14972222
95.1666667,544553.342,6.15069444
95.2,544793.873,6.15166667
95.2333333,545034.607,6.15263889
95.2666667,545275.542,6.15361111
95.3,545516.739,6.15458333
95.3333333,545758.142,6.15555556
95.3666667,545999.74,6.15652778
95.4,546241.535,6.1575
95.4333333,546483.555,6.15847222
95.4666667,546725.835,6.15944444
95.5,546968.321,6.16041667
95.5333333,547211.013,6.16138889
95.5666667,547453.911,6.16236111
95.6,547697.072,6.16333333
95.6333333,547940.449,6.16430556
95.6666667,548184.02,6.16527778
95.7,548427.786,6.16625
95.7333333,548671.759,6.16722222
95.7666667,548915.985,6.16819444
95.8,549160.406,6.16916667
95.8333333,549405.024,6.17013889
95.8666667,549649.84,6.17111111
95.9,549894.906,6.17208333
95.9333333,550140.196,6.17305556
95.9666667,550385.68,6.17402778
96,550631.355,6.175
96.0333333,550877.229,6.17597222
96.0666667,551123.352,6.17694444
96.1,551369.659,6.17791667
96.1333333,551616.15,6.17888889
96.1666667,551862.826,6.17986111
96.2,552109.728,6.18083333
96.2333333,552356.85,6.18180556
96.2666667,552604.159,6.18277778
96.3,552851.654,6.18375
96.3333333,553099.335,6.18472222
96.3666667,553347.268,6.18569444
96.4,553595.379,6.18666667
96.4333333,553843.667,6.18763889
96.4666667,554092.129,6.18861111
96.5,554340.797,6.18958333
96.5333333,554589.675,6.19055556
96.5666667,554838.729,6.19152778
96.6,555087.959,6.1925
96.6333333,555337.365,6.19347222
96.6666667,555587.011,6.19444444
96.7,555836.837,6.19541667
96.7333333,556086.835,6.19638889
96.7666667,556337.005,6.19736111
96.8,556587.368,6.19833333
96.8333333,556837.941,6.19930556
96.8666667,557088.679,6.20027778
96.9,557339.585,6.20125
96.9333333,557590.659,6.20222222
96.9666667,557841.956,6.20319444
97,558093.434,6.20416667
97.0333333,558345.083,6.20513889
97.0666667,558596.901,6.20611111
97.1,558848.906,6.20708333
97.1333333,559101.125,6.20805556
97.1666667,559353.511,6.20902778
97.2,559606.062,6.21
97.2333333,559858.777,6.21097222
97.2666667,560111.704,6.21194444
97.3,560364.815,6.21291667
97.3333333,560618.094,6.21388889
97.3666667,560871.541,6.21486111
97.4,561125.168,6.21583333
97.4333333,561379.019,6.21680556
97.4666667,561633.04,6.21777778
97.5,561887.229,6.21875
97.5333333,562141.585,6.21972222
97.5666667,562396.15,6.22069444
97.6,562650.907,6.22166667
97.6333333,562905.831,6.22263889
97.6666667,563160.923,6.22361111
97.7,563416.19,6.22458333
97.7333333,563671.689,6.22555556
97.7666667,563927.361,6.22652778
97.8,564183.205,6.2275
97.8333333,564439.221,6.22847222
97.8666667,564695.445,6.22944444
97.9,564951.873,6.23041667
97.9333333,565208.473,6.23138889
97.9666667,565465.244,6.23236111
98,565722.186,6.23333333
98.0333333,565979.366,6.23430556
98.0666667,566236.722,6.23527778
98.1,566494.251,6.23625
98.1333333,566751.956,6.23722222
98.1666667,567009.865,6.23819444
98.2,567267.99,6.23916667
98.2333333,567526.29,6.24013889
98.2666667,567784.765,6.24111111
98.3,568043.414,6.24208333
98.3333333,568302.298,6.24305556
98.3666667,568561.364,6.24402778
98.4,568820.605,6.245
98.4333333,569080.02,6.24597222
98.4666667,569339.632,6.24694444
98.5,569599.467,6.24791667
98.5333333,569859.478,6.24888889
98.5666667,570119.664,6.24986111
98.6,570380.026,6.25083333
98.6333333,570640.616,6.25180556
98.6666667,570901.395,6.25277778
98.7,571162.347,6.25375
98.7333333,571423.472,6.25472222
98.7666667,571684.785,6.25569444
98.8,571946.322,6.25666667
98.8333333,572208.032,6.25763889
98.8666667,572469.914,6.25861111
98.9,572731.969,6.25958333
98.9333333,572994.24,6.26055556
98.9666667,573256.705,6.26152778
99,573519.34,6.2625
99.0333333,573782.144,6.26347222
99.0666667,574045.125,6.26444444
99.1,574308.332,6.26541667
99.1333333,574571.705,6.26638889
99.1666667,574835.244,6.26736111
99.2,575098.95,6.26833333
99.2333333,575362.859,6.26930556
99.2666667,575626.961,6.27027778
99.3,575891.228,6.27125
99.3333333,576155.659,6.27222222
99.3666667,576420.255,6.27319444
99.4,576685.076,6.27416667
99.4333333,576950.057,6.27513889
99.4666667,577215.2,6.27611111
99.5,577480.502,6.27708333
99.5333333,577745.993,6.27805556
99.5666667,578011.676,6.27902778
99.6,578277.516,6.28
99.6333333,578543.515,6.28097222
99.6666667,578809.672,6.28194444
99.7,579076.042,6.28291667
99.7333333,579342.574,6.28388889
99.7666667,579609.261,6.28486111
99.8,579876.103,6.28583333
99.8333333,580143.122,6.28680556
99.8666667,580410.332,6.28777778
99.9,580677.695,6.28875
99.9333333,580945.212,6.28972222
99.9666667,581212.881,6.29069444
100,581480.752,6.29166667
100.033333,581748.785,6.29263889
100.066667,582016.971,6.29361111
100.1,582285.309,6.29458333
100.133333,582553.815,6.29555556
100.166667,582822.515,6.29652778
100.2,583091.365,6.2975
100.233333,583360.366,6.29847222
100.266667,583629.517,6.29944444
100.3,583898.861,6.30041667
100.333333,584168.372,6.30138889
100.366667,584438.034,6.30236111
100.4,584707.845,6.30333333
100.433333,584977.819,6.30430556
100.466667,585247.991,6.30527778
100.5,585518.315,6.30625
100.533333,585788.789,6.30722222
100.566667,586059.414,6.30819444
100.6,586330.226,6.30916667
100.633333,586601.211,6.31013889
100.666667,586872.347,6.31111111
100.7,587143.635,6.31208333
100.733333,587415.078,6.31305556
100.766667,587686.728,6.31402778
100.8,587958.53,6.315
100.833333,588230.485,6.31597222
100.866667,588502.592,6.31694444
100.9,588774.884,6.31791667
100.933333,589047.356,6.31888889
100.966667,589319.982,6.31986111
101,589592.76,6.32083333
101.033333,589865.691,6.32180556
101.066667,590138.835,6.32277778
101.1,590412.134,6.32375
101.133333,590685.587,6.32472222
101.166667,590959.195,6.32569444
101.2,591232.983,6.32666667
101.233333,591506.961,6.32763889
101.266667,591781.093,6.32861111
101.3,592055.38,6.32958333
101.333333,592329.822,6.33055556
101.366667,592604.472,6.33152778
101.4,592879.285,6.3325
101.433333,593154.253,6.33347222
101.466667,593429.376,6.33444444
101.5,593704.674,6.33541667
101.533333,593980.169,6.33638889
101.566667,594255.819,6.33736111
101.6,594531.624,6.33833333
101.633333,594807.585,6.33930556
101.666667,595083.748,6.34027778
101.7,595360.079,6.34125
101.733333,595636.565,6.34222222
101.766667,595913.205,6.34319444
101.8,596190.014,6.34416667
101.833333,596467.023,6.34513889
101.866667,596744.187,6.34611111
101.9,597021.504,6.34708333
101.933333,597298.975,6.34805556
101.966667,597576.639,6.34902778
102,597854.476,6.35
102.033333,598132.466,6.35097222
102.066667,598410.607,6.35194444
102.1,598688.909,6.35291667
102.133333,598967.413,6.35388889
102.166667,599246.068,6.35486111
102.2,599524.873,6.35583333
102.233333,599803.829,6.35680556
102.266667,600082.968,6.35777778
102.3,600362.282,6.35875
102.333333,600641.744,6.35972222
102.366667,600921.355,6.36069444
102.4,601201.115,6.36166667
102.433333,601481.079,6.36263889
102.466667,601761.19,6.36361111
102.5,602041.448,6.36458333
102.533333,602321.851,6.36555556
102.566667,602602.428,6.36652778
102.6,602883.179,6.3675
102.633333,603164.074,6.36847222
102.666667,603445.114,6.36944444
102.7,603726.298,6.37041667
102.733333,604007.678,6.37138889
102.766667,604289.204,6.37236111
102.8,604570.873,6.37333333
102.833333,604852.684,6.37430556
102.866667,605134.658,6.37527778
102.9,605416.807,6.37625
102.933333,605699.097,6.37722222
102.966667,605981.528,6.37819444
103,606264.099,6.37916667
103.033333,606546.855,6.38013889
103.066667,606829.761,6.38111111
103.1,607112.806,6.38208333
103.133333,607395.991,6.38305556
103.166667,607679.329,6.38402778
103.2,607962.846,6.385
103.233333,608246.501,6.38597222
103.266667,608530.294,6.38694444
103.3,608814.225,6.38791667
103.333333,609098.334,6.38888889
103.366667,609382.596,6.38986111
103.4,609666.995,6.39083333
103.433333,609951.532,6.39180556
103.466667,610236.217,6.39277778
103.5,610521.084,6.39375
103.533333,610806.088,6.39472222
103.566667,611091.23,6.39569444
103.6,611376.509,6.39666667
103.633333,611661.961,6.39763889
103.666667,611947.57,6.39861111
103.7,612233.316,6.39958333
103.733333,612519.201,6.40055556
103.766667,612805.228,6.40152778
103.8,613091.442,6.4025
103.833333,613377.795,6.40347222
103.866667,613664.285,6.40444444
103.9,613950.915,6.40541667
103.933333,614237.711,6.40638889
103.966667,614524.672,6.40736111
104,614811.771,6.40833333
104.033333,615099.009,6.40930556
104.066667,615386.386,6.41027778
104.1,615673.955,6.41125
104.133333,615961.665,6.41222222
104.166667,616249.514,6.41319444
104.2,616537.502,6.41416667
104.233333,616825.654,6.41513889
104.266667,617113.976,6.41611111
104.3,617402.439,6.41708333
104.333333,617691.041,6.41805556
104.366667,617979.783,6.41902778
104.4,618268.714,6.42
104.433333,618557.791,6.42097222
104.466667,618847.009,6.42194444
104.5,619136.366,6.42291667
104.533333,619425.883,6.42388889
104.566667,619715.576,6.42486111
104.6,620005.41,6.42583333
104.633333,620295.383,6.42680556
104.666667,620585.498,6.42777778
104.7,620875.796,6.42875
104.733333,621166.245,6.42972222
104.766667,621456.835,6.43069444
104.8,621747.565,6.43166667
104.833333,622038.448,6.43263889
104.866667,622329.513,6.43361111
104.9,622620.717,6.43458333
104.933333,622912.061,6.43555556
104.966667,623203.544,6.43652778
105,623495.205,6.4375
105.033333,623787.021,6.43847222
105.066667,624078.976,6.43944444
105.1,624371.07,6.44041667
105.133333,624663.31,6.44138889
105.166667,624955.735,6.44236111
105.2,625248.298,6.44333333
105.233333,625540.998,6.44430556
105.266667,625833.836,6.44527778
105.3,626126.843,6.44625
105.333333,626420.009,6.44722222
105.366667,626713.311,6.44819444
105.4,627006.75,6.44916667
105.433333,627300.327,6.45013889
105.466667,627594.09,6.45111111
105.5,627887.989,6.45208333
105.533333,628182.023,6.45305556
105.566667,628476.191,6.45402778
105.6,628770.52,6.455
105.633333,629065.01,6.45597222
105.666667,629359.633,6.45694444
105.7,629654.389,6.45791667
105.733333,629949.279,6.45888889
105.766667,630244.351,6.45986111
105.8,630539.558,6.46083333
105.833333,630834.897,6.46180556
105.866667,631130.368,6.46277778
105.9,631425.991,6.46375
105.933333,631721.776,6.46472222
105.966667,632017.692,6.46569444
106,632313.739,6.46666667
106.033333,632609.916,6.46763889
106.066667,632906.267,6.46861111
106.1,633202.756,6.46958333
106.133333,633499.374,6.47055556
106.166667,633796.122,6.47152778
106.2,634093.014,6.4725
106.233333,634390.071,6.47347222
106.266667,634687.256,6.47444444
106.3,634984.571,6.47541667
106.333333,635282.014,6.47638889
106.366667,635579.623,6.47736111
106.4,635877.374,6.47833333
106.433333,636175.252,6.47930556
106.466667,636473.259,6.48027778
106.5,636771.403,6.48125
106.533333,637069.716,6.48222222
106.566667,637368.157,6.48319444
106.6,637666.726,6.48416667
106.633333,637965.423,6.48513889
106.666667,638264.279,6.48611111
106.7,638563.281,6.48708333
106.733333,638862.411,6.48805556
106.766667,639161.669,6.48902778
106.8,639461.059,6.49
106.833333,639760.622,6.49097222
106.866667,640060.314,6.49194444
106.9,640360.133,6.49291667
106.933333,640660.08,6.49388889
106.966667,640960.182,6.49486111
107,641260.436,6.49583333
107.033333,641560.817,6.49680556
107.066667,641861.327,6.49777778
107.1,642161.964,6.49875
107.133333,642462.78,6.49972222
107.166667,642763.725,6.50069444
107.2,643064.798,6.50166667
107.233333,643366,6.50263889
107.266667,643667.353,6.50361111
107.3,643968.862,6.50458333
107.333333,644270.5,6.50555556
107.366667,644572.267,6.50652778
107.4,644874.163,6.5075
107.433333,645176.233,6.50847222
107.466667,645478.437,6.50944444
107.5,645780.771,6.51041667
107.533333,646083.233,6.51138889
107.566667,646385.842,6.51236111
107.6,646688.613,6.51333333
107.633333,646991.514,6.51430556
107.666667,647294.543,6.51527778
107.7,647597.702,6.51625
107.733333,647901.03,6.51722222
107.766667,648204.498,6.51819444
107.8,648508.095,6.51916667
107.833333,648811.821,6.52013889
107.866667,649115.688,6.52111111
107.9,649419.723,6.52208333
107.933333,649723.886,6.52305556
107.966667,650028.179,6.52402778
108,650332.6,6.525
108.033333,650637.185,6.52597222
108.066667,650941.914,6.52694444
108.1,651246.771,6.52791667
108.133333,651551.757,6.52888889
108.166667,651856.878,6.52986111
108.2,652162.17,6.53083333
108.233333,652467.59,6.53180556
108.266667,652773.138,6.53277778
108.3,653078.813,6.53375
108.333333,653384.646,6.53472222
108.366667,653690.626,6.53569444
108.4,653996.733,6.53666667
108.433333,654302.967,6.53763889
108.466667,654609.33,6.53861111
108.5,654915.866,6.53958333
108.533333,655222.529,6.54055556
108.566667,655529.318,6.54152778
108.6,655836.232,6.5425
108.633333,656143.297,6.54347222
108.666667,656450.512,6.54444444
108.7,656757.851,6.54541667
108.733333,657065.316,6.54638889
108.766667,657372.906,6.54736111
108.8,657680.666,6.54833333
108.833333,657988.553,6.54930556
108.866667,658296.564,6.55027778
108.9,658604.698,6.55125
108.933333,658912.976,6.55222222
108.966667,659221.406,6.55319444
109,659529.959,6.55416667
109.033333,659838.636,6.55513889
109.066667,660147.435,6.55611111
109.1,660456.397,6.55708333
109.133333,660765.489,6.55805556
109.166667,661074.703,6.55902778
109.2,661384.039,6.56
109.233333,661693.512,6.56097222
109.266667,662003.139,6.56194444
109.3,662312.888,6.56291667
109.333333,662622.759,6.56388889
109.366667,662932.751,6.56486111
109.4,663242.899,6.56583333
109.433333,663553.181,6.56680556
109.466667,663863.583,6.56777778
109.5,664174.106,6.56875
109.533333,664484.76,6.56972222
109.566667,664795.572,6.57069444
109.6,665106.504,6.57166667
109.633333,665417.557,6.57263889
109.666667,665728.731,6.57361111
109.7,666040.055,6.57458333
109.733333,666351.516,6.57555556
109.766667,666663.098,6.57652778
109.8,666974.8,6.5775
109.833333,667286.627,6.57847222
109.866667,667598.617,6.57944444
109.9,667910.727,6.58041667
109.933333,668222.957,6.58138889
109.966667,668535.307,6.58236111
110,668847.804,6.58333333
110.033333,669160.442,6.58430556
110.066667,669473.201,6.58527778
110.1,669786.08,6.58625
110.133333,670099.079,6.58722222
110.166667,670412.246,6.58819444
110.2,670725.533,6.58916667
110.233333,671038.941,6.59013889
110.266667,671352.469,6.59111111
110.3,671666.139,6.59208333
110.333333,671979.956,6.59305556
110.366667,672293.893,6.59402778
110.4,672607.951,6.595
110.433333,672922.13,6.59597222
110.466667,673236.472,6.59694444
110.5,673550.94,6.59791667
110.533333,673865.528,6.59888889
110.566667,674180.238,6.59986111
110.6,674495.084,6.60083333
110.633333,674810.083,6.60180556
110.666667,675125.202,6.60277778
110.7,675440.443,6.60375
110.733333,675755.804,6.60472222
110.766667,676071.324,6.60569444
110.8,676386.975,6.60666667
110.833333,676702.746,6.60763889
110.866667,677018.639,6.60861111
110.9,677334.664,6.60958333
110.933333,677650.846,6.61055556
110.966667,677967.148,6.61152778
111,678283.572,6.6125
111.033333,678600.116,6.61347222
111.066667,678916.814,6.61444444
111.1,679233.647,6.61541667
111.133333,679550.6,6.61638889
111.166667,679867.674,6.61736111
111.2,680184.876,6.61833333
111.233333,680502.238,6.61930556
111.266667,680819.721,6.62027778
111.3,681137.323,6.62125
111.333333,681455.046,6.62222222
111.366667,681772.917,6.62319444
111.4,682090.927,6.62416667
111.433333,682409.056,6.62513889
111.466667,682727.305,6.62611111
111.5,683045.676,6.62708333
111.533333,683364.211,6.62805556
111.566667,683682.865,6.62902778
111.6,684001.638,6.63
111.633333,684320.53,6.63097222
111.666667,684639.564,6.63194444
111.7,684958.74,6.63291667
111.733333,685278.035,6.63388889
111.766667,685597.448,6.63486111
111.8,685916.979,6.63583333
111.833333,686236.673,6.63680556
111.866667,686556.486,6.63777778
111.9,686876.417,6.63875
111.933333,687196.466,6.63972222
111.966667,687516.651,6.64069444
112,687836.981,6.64166667
112.033333,688157.428,6.64263889
112.066667,688477.991,6.64361111
112.1,688798.672,6.64458333
112.133333,689119.509,6.64555556
112.166667,689440.469,6.64652778
112.2,689761.545,6.6475
112.233333,690082.737,6.64847222
112.266667,690404.06,6.64944444
112.3,690725.53,6.65041667
112.333333,691047.117,6.65138889
112.366667,691368.819,6.65236111
112.4,691690.637,6.65333333
112.433333,692012.604,6.65430556
112.466667,692334.699,6.65527778
112.5,692656.908,6.65625
112.533333,692979.233,6.65722222
112.566667,693301.683,6.65819444
112.6,693624.284,6.65916667
112.633333,693947,6.66013889
112.666667,694269.83,6.66111111
112.7,694592.776,6.66208333
112.733333,694915.866,6.66305556
112.766667,695239.087,6.66402778
112.8,695562.422,6.665
112.833333,695885.873,6.66597222
112.866667,696209.443,6.66694444
112.9,696533.167,6.66791667
112.933333,696857.007,6.66888889
112.966667,697180.961,6.66986111
113,697505.03,6.67083333
113.033333,697829.238,6.67180556
113.066667,698153.581,6.67277778
113.1,698478.039,6.67375
113.133333,698802.612,6.67472222
113.166667,699127.299,6.67569444
113.2,699452.146,6.67666667
113.233333,699777.107,6.67763889
113.266667,700102.183,6.67861111
113.3,700427.374,6.67958333
113.333333,700752.701,6.68055556
113.366667,701078.166,6.68152778
113.4,701403.746,6.6825
113.433333,701729.441,6.68347222
113.466667,702055.251,6.68444444
113.5,702381.216,6.68541667
113.533333,702707.301,6.68638889
113.566667,703033.5,6.68736111
113.6,703359.815,6.68833333
113.633333,703686.26,6.68930556
113.666667,704012.849,6.69027778
113.7,704339.553,6.69125
113.733333,704666.372,6.69222222
113.766667,704993.307,6.69319444
113.8,705320.392,6.69416667
113.833333,705647.601,6.69513889
113.866667,705974.925,6.69611111
113.9,706302.364,6.69708333
113.933333,706629.93,6.69805556
113.966667,706957.644,6.69902778
114,707285.473,6.7
114.033333,707613.417,6.70097222
114.066667,707941.476,6.70194444
114.1,708269.682,6.70291667
114.133333,708598.016,6.70388889
114.166667,708926.465,6.70486111
114.2,709255.028,6.70583333
114.233333,709583.713,6.70680556
114.266667,709912.551,6.70777778
114.3,710241.504,6.70875
114.333333,710570.571,6.70972222
114.366667,710899.752,6.71069444
114.4,711229.076,6.71166667
114.433333,711558.531,6.71263889
114.466667,711888.101,6.71361111
114.5,712217.785,6.71458333
114.533333,712547.586,6.71555556
114.566667,712877.543,6.71652778
114.6,713207.614,6.7175
114.633333,713537.799,6.71847222
114.666667,713868.098,6.71944444
114.7,714198.533,6.72041667
114.733333,714529.104,6.72138889
114.766667,714859.788,6.72236111
114.8,715190.586,6.72333333
114.833333,715521.498,6.72430556
114.866667,715852.565,6.72527778
114.9,716183.747,6.72625
114.933333,716515.042,6.72722222
114.966667,716846.45,6.72819444
115,717177.989,6.72916667
115.033333,717509.667,6.73013889
115.066667,717841.458,6.73111111
115.1,718173.361,6.73208333
115.133333,718505.377,6.73305556
115.166667,718837.543,6.73402778
115.2,719169.827,6.735
115.233333,719502.223,6.73597222
115.266667,719834.732,6.73694444
115.3,720167.366,6.73791667
115.333333,720500.142,6.73888889
115.366667,720833.03,6.73986111
115.4,721166.029,6.74083333
115.433333,721499.14,6.74180556
115.466667,721832.396,6.74277778
115.5,722165.774,6.74375
115.533333,722499.263,6.74472222
115.566667,722832.864,6.74569444
115.6,723166.585,6.74666667
115.633333,723500.451,6.74763889
115.666667,723834.429,6.74861111
115.7,724168.518,6.74958333
115.733333,724502.717,6.75055556
115.766667,724837.057,6.75152778
115.8,725171.522,6.7525
115.833333,725506.097,6.75347222
115.866667,725840.784,6.75444444
115.9,726175.586,6.75541667
115.933333,726510.538,6.75638889
115.966667,726845.6,6.75736111
116,727180.773,6.75833333
116.033333,727516.057,6.75930556
116.066667,727851.476,6.76027778
116.1,728187.024,6.76125
116.133333,728522.683,6.76222222
116.166667,728858.452,6.76319444
116.2,729194.333,6.76416667
116.233333,729530.368,6.76513889
116.266667,729866.512,6.76611111
116.3,730202.768,6.76708333
116.333333,730539.134,6.76805556
116.366667,730875.631,6.76902778
116.4,731212.261,6.77
116.433333,731549.002,6.77097222
116.466667,731885.854,6.77194444
116.5,732222.817,6.77291667
116.533333,732559.93,6.77388889
116.566667,732897.157,6.77486111
116.6,733234.495,6.77583333
116.633333,733571.944,6.77680556
116.666667,733909.519,6.77777778
116.7,734247.233,6.77875
116.733333,734585.057,6.77972222
116.766667,734922.992,6.78069444
116.8,735261.037,6.78166667
116.833333,735599.229,6.78263889
116.866667,735937.54,6.78361111
116.9,736275.961,6.78458333
116.933333,736614.493,6.78555556
116.966667,736953.148,6.78652778
117,737291.945,6.7875
117.033333,737630.852,6.78847222
117.066667,737969.871,6.78944444
117.1,738309,6.79041667
117.133333,738648.271,6.79138889
117.166667,738987.665,6.79236111
117.2,739327.17,6.79333333
117.233333,739666.785,6.79430556
117.266667,740006.519,6.79527778
117.3,740346.399,6.79625
117.333333,740686.389,6.79722222
117.366667,741026.491,6.79819444
117.4,741366.703,6.79916667
117.433333,741707.052,6.80013889
117.466667,742047.528,6.80111111
117.5,742388.114,6.80208333
117.533333,742728.811,6.80305556
117.566667,743069.621,6.80402778
117.6,743410.582,6.805
117.633333,743751.653,6.80597222
117.666667,744092.834,6.80694444
117.7,744434.126,6.80791667
117.733333,744775.549,6.80888889
117.766667,745117.104,6.80986111
117.8,745458.769,6.81083333
117.833333,745800.543,6.81180556
117.866667,746142.427,6.81277778
117.9,746484.463,6.81375
117.933333,746826.61,6.81472222
117.966667,747168.866,6.81569444
118,747511.232,6.81666667
118.033333,747853.725,6.81763889
118.066667,748196.353,6.81861111
118.1,748539.09,6.81958333
118.133333,748881.937,6.82055556
118.166667,749224.892,6.82152778
118.2,749567.995,6.8225
118.233333,749911.211,6.82347222
118.266667,750254.537,6.82444444
118.3,750597.972,6.82541667
118.333333,750941.529,6.82638889
118.366667,751285.224,6.82736111
118.4,751629.028,6.82833333
118.433333,751972.94,6.82930556
118.466667,752316.961,6.83027778
118.5,752661.124,6.83125
118.533333,753005.405,6.83222222
118.566667,753349.794,6.83319444
118.6,753694.291,6.83416667
118.633333,754038.907,6.83513889
118.666667,754383.664,6.83611111
118.7,754728.529,6.83708333
118.733333,755073.502,6.83805556
118.766667,755418.583,6.83902778
118.8,755763.801,6.84
118.833333,756109.141,6.84097222
118.866667,756454.589,6.84194444
118.9,756800.145,6.84291667
118.933333,757145.814,6.84388889
118.966667,757491.629,6.84486111
119,757837.551,6.84583333
119.033333,758183.581,6.84680556
119.066667,758529.719,6.84777778
119.1,758875.989,6.84875
119.133333,759222.385,6.84972222
119.166667,759568.889,6.85069444
119.2,759915.501,6.85166667
119.233333,760262.222,6.85263889
119.266667,760609.091,6.85361111
119.3,760956.069,6.85458333
119.333333,761303.154,6.85555556
119.366667,761650.347,6.85652778
119.4,761997.668,6.8575
119.433333,762345.118,6.85847222
119.466667,762692.677,6.85944444
119.5,763040.343,6.86041667
119.533333,763388.118,6.86138889
119.566667,763736.039,6.86236111
119.6,764084.071,6.86333333
119.633333,764432.21,6.86430556
119.666667,764780.458,6.86527778
119.7,765128.829,6.86625
119.733333,765477.335,6.86722222
119.766667,765825.948,6.86819444
119.8,766174.67,6.86916667
119.833333,766523.499,6.87013889
119.866667,766872.47,6.87111111
119.9,767221.557,6.87208333
119.933333,767570.752,6.87305556
119.966667,767920.055,6.87402778
120,768269.477,6.875
120.033333,768619.038,6.87597222
120.066667,768968.706,6.87694444
120.1,769318.483,6.87791667
120.133333,769668.367,6.87888889
120.166667,770018.39,6.87986111
120.2,770368.532,6.88083333
120.233333,770718.782,6.88180556
120.266667,771069.14,6.88277778
120.3,771419.614,6.88375
120.333333,771770.229,6.88472222
120.366667,772120.953,6.88569444
120.4,772471.784,6.88666667
120.433333,772822.724,6.88763889
120.466667,773173.797,6.88861111
120.5,773524.994,6.88958333
120.533333,773876.299,6.89055556
120.566667,774227.711,6.89152778
120.6,774579.234,6.8925
120.633333,774930.904,6.89347222
120.666667,775282.681,6.89444444
120.7,775634.566,6.89541667
120.733333,775986.559,6.89638889
120.766667,776338.681,6.89736111
120.8,776690.931,6.89833333
120.833333,777043.288,6.89930556
120.866667,777395.752,6.90027778
120.9,777748.324,6.90125
120.933333,778101.044,6.90222222
120.966667,778453.873,6.90319444
121,778806.809,6.90416667
121.033333,779159.852,6.90513889
121.066667,779513.02,6.90611111
121.1,779866.319,6.90708333
121.133333,780219.725,6.90805556
121.166667,780573.239,6.90902778
121.2,780926.859,6.91
121.233333,781280.623,6.91097222
121.266667,781634.499,6.91194444
121.3,781988.482,6.91291667
121.333333,782342.572,6.91388889
121.366667,782696.782,6.91486111
121.4,783051.127,6.91583333
121.433333,783405.579,6.91680556
121.466667,783760.137,6.91777778
121.5,784114.802,6.91875
121.533333,784469.606,6.91972222
121.566667,784824.526,6.92069444
121.6,785179.552,6.92166667
121.633333,785534.685,6.92263889
121.666667,785889.933,6.92361111
121.7,786245.321,6.92458333
121.733333,786600.814,6.92555556
121.766667,786956.414,6.92652778
121.8,787312.12,6.9275
121.833333,787667.96,6.92847222
121.866667,788023.92,6.92944444
121.9,788379.987,6.93041667
121.933333,788736.159,6.93138889
121.966667,789092.443,6.93236111
122,789448.869,6.93333333
122.033333,789805.401,6.93430556
122.066667,790162.04,6.93527778
122.1,790518.784,6.93625
122.133333,790875.659,6.93722222
122.166667,791232.656,6.93819444
122.2,791589.76,6.93916667
122.233333,791946.97,6.94013889
122.266667,792304.288,6.94111111
122.3,792661.751,6.94208333
122.333333,793019.32,6.94305556
122.366667,793376.996,6.94402778
122.4,793734.777,6.945
122.433333,794092.684,6.94597222
122.466667,794450.719,6.94694444
122.5,794808.859,6.94791667
122.533333,795167.106,6.94888889
122.566667,795525.458,6.94986111
122.6,795883.955,6.95083333
122.633333,796242.561,6.95180556
122.666667,796601.273,6.95277778
122.7,796960.091,6.95375
122.733333,797319.03,6.95472222
122.766667,797678.101,6.95569444
122.8,798037.278,6.95666667
122.833333,798396.561,6.95763889
122.866667,798755.95,6.95861111
122.9,799115.48,6.95958333
122.933333,799475.122,6.96055556
122.966667,799834.871,6.96152778
123,800194.725,6.9625
123.033333,800554.697,6.96347222
123.066667,800914.805,6.96444444
123.1,801275.019,6.96541667
123.133333,801635.339,6.96638889
123.166667,801995.765,6.96736111
123.2,802356.327,6.96833333
123.233333,802717.006,6.96930556
123.266667,803077.792,6.97027778
123.3,803438.683,6.97125
123.333333,803799.688,6.97222222
123.366667,804160.833,6.97319444
123.4,804522.084,6.97416667
123.433333,804883.44,6.97513889
123.466667,805244.903,6.97611111
123.5,805606.498,6.97708333
123.533333,805968.214,6.97805556
123.566667,806330.036,6.97902778
123.6,806691.964,6.98
123.633333,807054.002,6.98097222
123.666667,807416.183,6.98194444
123.7,807778.47,6.98291667
123.733333,808140.863,6.98388889
123.766667,808503.362,6.98486111
123.8,808865.989,6.98583333
123.833333,809228.741,6.98680556
123.866667,809591.599,6.98777778
123.9,809954.563,6.98875
123.933333,810317.632,6.98972222
123.966667,810680.848,6.99069444
124,811044.171,6.99166667
124.033333,811407.599,6.99263889
124.066667,811771.132,6.99361111
124.1,812134.79,6.99458333
124.133333,812498.576,6.99555556
124.166667,812862.468,6.99652778
124.2,813226.465,6.9975
124.233333,813590.568,6.99847222
124.266667,813954.813,6.99944444
124.3,814319.169,7.00041667
124.333333,814683.629,7.00138889
124.366667,815048.196,7.00236111
124.4,815412.881,7.00333333
124.433333,815777.699,7.00430556
124.466667,816142.623,7.00527778
124.5,816507.652,7.00625
124.533333,816872.786,7.00722222
124.566667,817238.058,7.00819444
124.6,817603.444,7.00916667
124.633333,817968.935,7.01013889
124.666667,818334.532,7.01111111
124.7,818700.243,7.01208333
124.733333,819066.091,7.01305556
124.766667,819432.044,7.01402778
124.8,819798.102,7.015
124.833333,820164.265,7.01597222
124.866667,820530.562,7.01694444
124.9,820896.976,7.01791667
124.933333,821263.496,7.01888889
124.966667,821630.12,7.01986111
125,821996.855,7.02083333
125.033333,822363.731,7.02180556
125.066667,822730.711,7.02277778
125.1,823097.797,7.02375
125.133333,823464.987,7.02472222
125.166667,823832.306,7.02569444
125.2,824199.748,7.02666667
125.233333,824567.294,7.02763889
125.266667,824934.945,7.02861111
125.3,825302.702,7.02958333
125.333333,825670.604,7.03055556
125.366667,826038.611,7.03152778
125.4,826406.722,7.0325
125.433333,826774.938,7.03347222
125.466667,827143.28,7.03444444
125.5,827511.747,7.03541667
125.533333,827880.319,7.03638889
125.566667,828248.996,7.03736111
125.6,828617.777,7.03833333
125.633333,828986.702,7.03930556
125.666667,829355.735,7.04027778
125.7,829724.872,7.04125
125.733333,830094.114,7.04222222
125.766667,830463.477,7.04319444
125.8,830832.969,7.04416667
125.833333,831202.567,7.04513889
125.866667,831572.27,7.04611111
125.9,831942.077,7.04708333
125.933333,832312.024,7.04805556
125.966667,832682.082,7.04902778
126,833052.245,7.05
126.033333,833422.513,7.05097222
126.066667,833792.898,7.05194444
126.1,834163.416,7.05291667
126.133333,834534.04,7.05388889
126.166667,834904.769,7.05486111
126.2,835275.602,7.05583333
126.233333,835646.571,7.05680556
126.266667,836017.655,7.05777778
126.3,836388.844,7.05875
126.333333,836760.139,7.05972222
126.366667,837131.545,7.06069444
126.4,837503.091,7.06166667
126.433333,837874.741,7.06263889
126.466667,838246.495,7.06361111
126.5,838618.355,7.06458333
126.533333,838990.346,7.06555556
126.566667,839362.457,7.06652778
126.6,839734.672,7.0675
126.633333,840106.993,7.06847222
126.666667,840479.422,7.06944444
126.7,840851.993,7.07041667
126.733333,841224.67,7.07138889
126.766667,841597.451,7.07236111
126.8,841970.337,7.07333333
126.833333,842343.35,7.07430556
126.866667,842716.487,7.07527778
126.9,843089.728,7.07625
126.933333,843463.075,7.07722222
126.966667,843836.526,7.07819444
127,844210.123,7.07916667
127.033333,844583.825,7.08013889
127.066667,844957.632,7.08111111
127.1,845331.544,7.08208333
127.133333,845705.578,7.08305556
127.166667,846079.74,7.08402778
127.2,846454.007,7.085
127.233333,846828.379,7.08597222
127.266667,847202.855,7.08694444
127.3,847577.473,7.08791667
127.333333,847952.2,7.08888889
127.366667,848327.031,7.08986111
127.4,848701.967,7.09083333
127.433333,849077.022,7.09180556
127.466667,849452.208,7.09277778
127.5,849827.499,7.09375
127.533333,850202.895,7.09472222
127.566667,850578.395,7.09569444
127.6,850954.032,7.09666667
127.633333,851329.783,7.09763889
127.666667,851705.637,7.09861111
127.7,852081.597,7.09958333
127.733333,852457.67,7.10055556
127.766667,852833.88,7.10152778
127.8,853210.193,7.1025
127.833333,853586.612,7.10347222
127.866667,853963.134,7.10444444
127.9,854339.79,7.10541667
127.933333,854716.562,7.10638889
127.966667,855093.439,7.10736111
128,855470.42,7.10833333
128.033333,855847.512,7.10930556
128.066667,856224.743,7.11027778
128.1,856602.078,7.11125
128.133333,856979.518,7.11222222
128.166667,857357.062,7.11319444
128.2,857734.735,7.11416667
128.233333,858112.528,7.11513889
128.266667,858490.426,7.11611111
128.3,858868.429,7.11708333
128.333333,859246.537,7.11805556
128.366667,859624.789,7.11902778
128.4,860003.145,7.12
128.433333,860381.606,7.12097222
128.466667,860760.17,7.12194444
128.5,861138.86,7.12291667
128.533333,861517.674,7.12388889
128.566667,861896.593,7.12486111
128.6,862275.615,7.12583333
128.633333,862654.743,7.12680556
128.666667,863034.013,7.12777778
128.7,863413.39,7.12875
128.733333,863792.871,7.12972222
128.766667,864172.456,7.13069444
128.8,864552.162,7.13166667
128.833333,864931.997,7.13263889
128.866667,865311.936,7.13361111
128.9,865691.98,7.13458333
128.933333,866072.128,7.13555556
128.966667,866452.414,7.13652778
129,866832.812,7.1375
129.033333,867213.314,7.13847222
129.066667,867593.92,7.13944444
129.1,867974.643,7.14041667
129.133333,868355.499,7.14138889
129.166667,868736.459,7.14236111
129.2,869117.523,7.14333333
129.233333,869498.692,7.14430556
129.266667,869879.996,7.14527778
129.3,870261.415,7.14625
129.333333,870642.938,7.14722222
129.366667,871024.565,7.14819444
129.4,871406.305,7.14916667
129.433333,871788.183,7.15013889
129.466667,872170.164,7.15111111
129.5,872552.25,7.15208333
129.533333,872934.441,7.15305556
129.566667,873316.762,7.15402778
129.6,873699.202,7.155
129.633333,874081.747,7.15597222
129.666667,874464.396,7.15694444
129.7,874847.153,7.15791667
129.733333,875230.052,7.15888889
129.766667,875613.056,7.15986111
129.8,875996.163,7.16083333
129.833333,876379.376,7.16180556
129.866667,876762.715,7.16277778
129.9,877146.177,7.16375
129.933333,877529.743,7.16472222
129.966667,877913.414,7.16569444
130,878297.189,7.16666667
130.033333,878681.11,7.16763889
130.066667,879065.135,7.16861111
130.1,879449.264,7.16958333
130.133333,879833.498,7.17055556
130.166667,880217.855,7.17152778
130.2,880602.338,7.1725
130.233333,880986.926,7.17347222
130.266667,881371.619,7.17444444
130.3,881756.415,7.17541667
130.333333,882141.353,7.17638889
130.366667,882526.4,7.17736111
130.4,882911.551,7.17833333
130.433333,883296.806,7.17930556
130.466667,883682.18,7.18027778
130.5,884067.684,7.18125
130.533333,884453.294,7.18222222
130.566667,884839.007,7.18319444
130.6,885224.825,7.18416667
130.633333,885610.78,7.18513889
130.666667,885996.847,7.18611111
130.7,886383.019,7.18708333
130.733333,886769.295,7.18805556
130.766667,887155.685,7.18902778
130.8,887542.211,7.19
130.833333,887928.84,7.19097222
130.866667,888315.574,7.19194444
130.9,888702.413,7.19291667
130.933333,889089.384,7.19388889
130.966667,889476.471,7.19486111
131,889863.663,7.19583333
131.033333,890250.959,7.19680556
131.066667,890638.366,7.19777778
131.1,891025.912,7.19875
131.133333,891413.561,7.19972222
131.166667,891801.315,7.20069444
131.2,892189.174,7.20166667
131.233333,892577.161,7.20263889
131.266667,892965.268,7.20361111
131.3,893353.48,7.20458333
131.333333,893741.796,7.20555556
131.366667,894130.218,7.20652778
131.4,894518.783,7.2075
131.433333,894907.453,7.20847222
131.466667,895296.227,7.20944444
131.5,895685.104,7.21041667
131.533333,896074.107,7.21138889
131.566667,896463.234,7.21236111
131.6,896852.466,7.21333333
131.633333,897241.801,7.21430556
131.666667,897631.241,7.21527778
131.7,898020.824,7.21625
131.733333,898410.514,7.21722222
131.766667,898800.307,7.21819444
131.8,899190.205,7.21916667
131.833333,899580.223,7.22013889
131.866667,899970.37,7.22111111
131.9,900360.622,7.22208333
131.933333,900750.977,7.22305556
131.966667,901141.437,7.22402778
132,901532.036,7.225
132.033333,901922.745,7.22597222
132.066667,902313.559,7.22694444
132.1,902704.477,7.22791667
132.133333,903095.511,7.22888889
132.166667,903486.678,7.22986111
132.2,903877.95,7.23083333
132.233333,904269.326,7.23180556
132.266667,904660.806,7.23277778
132.3,905052.422,7.23375
132.333333,905444.151,7.23472222
132.366667,905835.986,7.23569444
132.4,906227.924,7.23666667
132.433333,906619.975,7.23763889
132.466667,907012.163,7.23861111
132.5,907404.456,7.23958333
132.533333,907796.853,7.24055556
132.566667,908189.354,7.24152778
132.6,908581.986,7.2425
132.633333,908974.737,7.24347222
132.666667,909367.592,7.24444444
132.7,909760.552,7.24541667
132.733333,910153.621,7.24638889
132.766667,910546.83,7.24736111
132.8,910940.144,7.24833333
132.833333,911333.562,7.24930556
132.866667,911727.085,7.25027778
132.9,912120.735,7.25125
132.933333,912514.507,7.25222222
132.966667,912908.384,7.25319444
133,913302.365,7.25416667
133.033333,913696.451,7.25513889
133.066667,914090.682,7.25611111
133.1,914485.018,7.25708333
133.133333,914879.458,7.25805556
133.166667,915274.002,7.25902778
133.2,915668.67,7.26
133.233333,916063.464,7.26097222
133.266667,916458.363,7.26194444
133.3,916853.366,7.26291667
133.333333,917248.474,7.26388889
133.366667,917643.723,7.26486111
133.4,918039.08,7.26583333
133.433333,918434.542,7.26680556
133.466667,918830.109,7.26777778
133.5,919225.794,7.26875
133.533333,919621.61,7.26972222
133.566667,920017.531,7.27069444
133.6,920413.556,7.27166667
133.633333,920809.686,7.27263889
133.666667,921205.953,7.27361111
133.7,921602.332,7.27458333
133.733333,921998.816,7.27555556
133.766667,922395.404,7.27652778
133.8,922792.108,7.2775
133.833333,923188.946,7.27847222
133.866667,923585.888,7.27944444
133.9,923982.935,7.28041667
133.933333,924380.087,7.28138889
133.966667,924777.371,7.28236111
134,925174.773,7.28333333
134.033333,925572.278,7.28430556
134.066667,925969.888,7.28527778
134.1,926367.609,7.28625
134.133333,926765.469,7.28722222
134.166667,927163.434,7.28819444
134.2,927561.503,7.28916667
134.233333,927959.676,7.29013889
134.266667,928357.978,7.29111111
134.3,928756.402,7.29208333
134.333333,929154.929,7.29305556
134.366667,929553.561,7.29402778
134.4,929952.3,7.295
134.433333,930351.182,7.29597222
134.466667,930750.168,7.29694444
134.5,931149.259,7.29791667
134.533333,931548.454,7.29888889
134.566667,931947.774,7.29986111
134.6,932347.219,7.30083333
134.633333,932746.769,7.30180556
134.666667,933146.423,7.30277778
134.7,933546.182,7.30375
134.733333,933946.084,7.30472222
134.766667,934346.092,7.30569444
134.8,934746.205,7.30666667
134.833333,935146.423,7.30763889
134.866667,935546.761,7.30861111
134.9,935947.229,7.30958333
134.933333,936347.801,7.31055556
134.966667,936748.477,7.31152778
135,937149.258,7.3125
135.033333,937550.179,7.31347222
135.066667,937951.21,7.31444444
135.1,938352.345,7.31541667
135.133333,938753.586,7.31638889
135.166667,939154.943,7.31736111
135.2,939556.433,7.31833333
135.233333,939958.028,7.31930556
135.266667,940359.728,7.32027778
135.3,940761.532,7.32125
135.333333,941163.472,7.32222222
135.366667,941565.526,7.32319444
135.4,941967.685,7.32416667
135.433333,942369.948,7.32513889
135.466667,942772.325,7.32611111
135.5,943174.839,7.32708333
135.533333,943577.457,7.32805556
135.566667,943980.18,7.32902778
135.6,944383.008,7.33
135.633333,944785.968,7.33097222
135.666667,945189.046,7.33194444
135.7,945592.229,7.33291667
135.733333,945995.516,7.33388889
135.766667,946398.913,7.33486111
135.8,946802.451,7.33583333
135.833333,947206.094,7.33680556
135.866667,947609.841,7.33777778
135.9,948013.693,7.33875
135.933333,948417.673,7.33972222
135.966667,948821.776,7.34069444
136,949225.983,7.34166667
136.033333,949630.295,7.34263889
136.066667,950034.713,7.34361111
136.1,950439.276,7.34458333
136.133333,950843.943,7.34555556
136.166667,951248.715,7.34652778
136.2,951653.593,7.3475
136.233333,952058.594,7.34847222
136.266667,952463.721,7.34944444
136.3,952868.954,7.35041667
136.333333,953274.291,7.35138889
136.366667,953679.733,7.35236111
136.4,954085.318,7.35333333
136.433333,954491.011,7.35430556
136.466667,954896.809,7.35527778
136.5,955302.711,7.35625
136.533333,955708.733,7.35722222
136.566667,956114.887,7.35819444
136.6,956521.145,7.35916667
136.633333,956927.508,7.36013889
136.666667,957333.976,7.36111111
136.7,957740.582,7.36208333
136.733333,958147.3,7.36305556
136.766667,958554.124,7.36402778
136.8,958961.052,7.365
136.833333,959368.096,7.36597222
136.866667,959775.275,7.36694444
136.9,960182.559,7.36791667
136.933333,960589.948,7.36888889
136.966667,960997.442,7.36986111
137,961405.07,7.37083333
137.033333,961812.815,7.37180556
137.066667,962220.664,7.37277778
137.1,962628.619,7.37375
137.133333,963036.685,7.37472222
137.166667,963444.89,7.37569444
137.2,963853.2,7.37666667
137.233333,964261.615,7.37763889
137.266667,964670.135,7.37861111
137.3,965078.786,7.37958333
137.333333,965487.557,7.38055556
137.366667,965896.433,7.38152778
137.4,966305.414,7.3825
137.433333,966714.502,7.38347222
137.466667,967123.734,7.38444444
137.5,967533.071,7.38541667
137.533333,967942.512,7.38638889
137.566667,968352.059,7.38736111
137.6,968761.732,7.38833333
137.633333,969171.53,7.38930556
137.666667,969581.433,7.39027778
137.7,969991.44,7.39125
137.733333,970401.553,7.39222222
137.766667,970811.81,7.39319444
137.8,971222.174,7.39416667
137.833333,971632.643,7.39513889
137.866667,972043.217,7.39611111
137.9,972453.913,7.39708333
137.933333,972864.738,7.39805556
137.966667,973275.668,7.39902778
138,973686.703,7.4
138.033333,974097.843,7.40097222
138.066667,974509.124,7.40194444
138.1,974920.516,7.40291667
138.133333,975332.012,7.40388889
138.166667,975743.614,7.40486111
138.2,976155.334,7.40583333
138.233333,976567.187,7.40680556
138.266667,976979.145,7.40777778
138.3,977391.208,7.40875
138.333333,977803.377,7.40972222
138.366667,978215.682,7.41069444
138.4,978628.102,7.41166667
138.433333,979040.627,7.41263889
138.466667,979453.257,7.41361111
138.5,979866.001,7.41458333
138.533333,980278.883,7.41555556
138.566667,980691.87,7.41652778
138.6,981104.962,7.4175
138.633333,981518.159,7.41847222
138.666667,981931.489,7.41944444
138.7,982344.938,7.42041667
138.733333,982758.492,7.42138889
138.766667,983172.152,7.42236111
138.8,983585.922,7.42333333
138.833333,983999.833,7.42430556
138.866667,984413.849,7.42527778
138.9,984827.971,7.42625
138.933333,985242.198,7.42722222
138.966667,985656.554,7.42819444
139,986071.033,7.42916667
139.033333,986485.617,7.43013889
139.066667,986900.306,7.43111111
139.1,987315.102,7.43208333
139.133333,987730.044,7.43305556
139.166667,988145.09,7.43402778
139.2,988560.243,7.435
139.233333,988975.5,7.43597222
139.266667,989390.882,7.43694444
139.3,989806.392,7.43791667
139.333333,990222.007,7.43888889
139.366667,990637.727,7.43986111
139.4,991053.553,7.44083333
139.433333,991469.522,7.44180556
139.466667,991885.6,7.44277778
139.5,992301.783,7.44375
139.533333,992718.072,7.44472222
139.566667,993134.481,7.44569444
139.6,993551.022,7.44666667
139.633333,993967.668,7.44763889
139.666667,994384.42,7.44861111
139.7,994801.277,7.44958333
139.733333,995218.274,7.45055556
139.766667,995635.384,7.45152778
139.8,996052.598,7.4525
139.833333,996469.919,7.45347222
139.866667,996887.356,7.45444444
139.9,997304.929,7.45541667
139.933333,997722.607,7.45638889
139.966667,998140.391,7.45736111
140,998558.28,7.45833333
140.033333,998976.305,7.45930556
140.066667,999394.447,7.46027778
140.1,999812.694,7.46125
140.133333,1000231.05,7.46222222
140.166667,1000649.51,7.46319444
140.2,1001068.12,7.46416667
140.233333,1001486.83,7.46513889
140.266667,1001905.64,7.46611111
140.3,1002324.57,7.46708333
140.333333,1002743.62,7.46805556
140.366667,1003162.79,7.46902778
140.4,1003582.07,7.47
140.433333,1004001.46,7.47097222
140.466667,1004420.96,7.47194444
140.5,1004840.59,7.47291667
140.533333,1005260.34,7.47388889
140.566667,1005680.19,7.47486111
140.6,1006100.14,7.47583333
140.633333,1006520.22,7.47680556
140.666667,1006940.43,7.47777778
140.7,1007360.75,7.47875
140.733333,1007781.17,7.47972222
140.766667,1008201.69,7.48069444
140.8,1008622.36,7.48166667
140.833333,1009043.14,7.48263889
140.866667,1009464.02,7.48361111
140.9,1009885.01,7.48458333
140.933333,1010306.12,7.48555556
140.966667,1010727.37,7.48652778
141,1011148.71,7.4875
141.033333,1011570.17,7.48847222
141.066667,1011991.73,7.48944444
141.1,1012413.43,7.49041667
141.133333,1012835.24,7.49138889
141.166667,1013257.16,7.49236111
141.2,1013679.18,7.49333333
141.233333,1014101.33,7.49430556
141.266667,1014523.6,7.49527778
141.3,1014945.99,7.49625
141.333333,1015368.48,7.49722222
141.366667,1015791.07,7.49819444
141.4,1016213.8,7.49916667
141.433333,1016636.65,7.50013889
141.466667,1017059.6,7.50111111
141.5,1017482.66,7.50208333
141.533333,1017905.84,7.50305556
141.566667,1018329.15,7.50402778
141.6,1018752.57,7.505
141.633333,1019176.09,7.50597222
141.666667,1019599.72,7.50694444
141.7,1020023.49,7.50791667
141.733333,1020447.37,7.50888889
141.766667,1020871.36,7.50986111
141.8,1021295.46,7.51083333
141.833333,1021719.67,7.51180556
141.866667,1022144.01,7.51277778
141.9,1022568.47,7.51375
141.933333,1022993.03,7.51472222
141.966667,1023417.7,7.51569444
142,1023842.5,7.51666667
142.033333,1024267.42,7.51763889
142.066667,1024692.44,7.51861111
142.1,1025117.58,7.51958333
142.133333,1025542.82,7.52055556
142.166667,1025968.2,7.52152778
142.2,1026393.7,7.5225
142.233333,1026819.3,7.52347222
142.266667,1027245,7.52444444
142.3,1027670.83,7.52541667
142.333333,1028096.79,7.52638889
142.366667,1028522.86,7.52736111
142.4,1028949.03,7.52833333
142.433333,1029375.3,7.52930556
142.466667,1029801.73,7.53027778
142.5,1030228.26,7.53125
142.533333,1030654.9,7.53222222
142.566667,1031081.64,7.53319444
142.6,1031508.51,7.53416667
142.633333,1031935.5,7.53513889
142.666667,1032362.61,7.53611111
142.7,1032789.82,7.53708333
142.733333,1033217.13,7.53805556
142.766667,1033644.59,7.53902778
142.8,1034072.16,7.54
142.833333,1034499.84,7.54097222
142.866667,1034927.62,7.54194444
142.9,1035355.52,7.54291667
142.933333,1035783.56,7.54388889
142.966667,1036211.7,7.54486111
143,1036639.95,7.54583333
143.033333,1037068.31,7.54680556
143.066667,1037496.8,7.54777778
143.1,1037925.41,7.54875
143.133333,1038354.13,7.54972222
143.166667,1038782.95,7.55069444
143.2,1039211.89,7.55166667
143.233333,1039640.97,7.55263889
143.266667,1040070.15,7.55361111
143.3,1040499.44,7.55458333
143.333333,1040928.84,7.55555556
143.366667,1041358.37,7.55652778
143.4,1041788.02,7.5575
143.433333,1042217.78,7.55847222
143.466667,1042647.64,7.55944444
143.5,1043077.61,7.56041667
143.533333,1043507.73,7.56138889
143.566667,1043937.96,7.56236111
143.6,1044368.29,7.56333333
143.633333,1044798.73,7.56430556
143.666667,1045229.29,7.56527778
143.7,1045659.99,7.56625
143.733333,1046090.79,7.56722222
143.766667,1046521.69,7.56819444
143.8,1046952.71,7.56916667
143.833333,1047383.87,7.57013889
143.866667,1047815.13,7.57111111
143.9,1048246.51,7.57208333
143.933333,1048677.99,7.57305556
143.966667,1049109.59,7.57402778
144,1049541.33,7.575
144.033333,1049973.17,7.57597222
144.066667,1050405.12,7.57694444
144.1,1050837.17,7.57791667
144.133333,1051269.37,7.57888889
144.166667,1051701.68,7.57986111
144.2,1052134.1,7.58083333
144.233333,1052566.62,7.58180556
144.266667,1052999.26,7.58277778
144.3,1053432.04,7.58375
144.333333,1053864.93,7.58472222
144.366667,1054297.92,7.58569444
144.4,1054731.02,7.58666667
144.433333,1055164.25,7.58763889
144.466667,1055597.61,7.58861111
144.5,1056031.07,7.58958333
144.533333,1056464.64,7.59055556
144.566667,1056898.32,7.59152778
144.6,1057332.14,7.5925
144.633333,1057766.07,7.59347222
144.666667,1058200.11,7.59444444
144.7,1058634.25,7.59541667
144.733333,1059068.53,7.59638889
144.766667,1059502.93,7.59736111
144.8,1059937.43,7.59833333
144.833333,1060372.04,7.59930556
144.866667,1060806.77,7.60027778
144.9,1061241.64,7.60125
144.933333,1061676.61,7.60222222
144.966667,1062111.69,7.60319444
145,1062546.88,7.60416667
145.033333,1062982.2,7.60513889
145.066667,1063417.64,7.60611111
145.1,1063853.19,7.60708333
145.133333,1064288.85,7.60805556
145.166667,1064724.62,7.60902778
145.2,1065160.53,7.61
145.233333,1065596.55,7.61097222
145.266667,1066032.68,7.61194444
145.3,1066468.91,7.61291667
145.333333,1066905.28,7.61388889
145.366667,1067341.77,7.61486111
145.4,1067778.36,7.61583333
145.433333,1068215.07,7.61680556
145.466667,1068651.88,7.61777778
145.5,1069088.84,7.61875
145.533333,1069525.91,7.61972222
145.566667,1069963.08,7.62069444
145.6,1070400.36,7.62166667
145.633333,1070837.77,7.62263889
145.666667,1071275.3,7.62361111
145.7,1071712.95,7.62458333
145.733333,1072150.7,7.62555556
145.766667,1072588.56,7.62652778
145.8,1073026.56,7.6275
145.833333,1073464.68,7.62847222
145.866667,1073902.9,7.62944444
145.9,1074341.23,7.63041667
145.933333,1074779.68,7.63138889
145.966667,1075218.27,7.63236111
146,1075656.96,7.63333333
146.033333,1076095.76,7.63430556
146.066667,1076534.67,7.63527778
146.1,1076973.72,7.63625
146.133333,1077412.88,7.63722222
146.166667,1077852.15,7.63819444
146.2,1078291.53,7.63916667
146.233333,1078731.03,7.64013889
146.266667,1079170.66,7.64111111
146.3,1079610.4,7.64208333
146.333333,1080050.25,7.64305556
146.366667,1080490.21,7.64402778
146.4,1080930.3,7.645
146.433333,1081370.52,7.64597222
146.466667,1081810.84,7.64694444
146.5,1082251.27,7.64791667
146.533333,1082691.81,7.64888889
146.566667,1083132.49,7.64986111
146.6,1083573.29,7.65083333
146.633333,1084014.19,7.65180556
146.666667,1084455.2,7.65277778
146.7,1084896.33,7.65375
146.733333,1085337.6,7.65472222
146.766667,1085778.97,7.65569444
146.8,1086220.45,7.65666667
146.833333,1086662.04,7.65763889
146.866667,1087103.78,7.65861111
146.9,1087545.62,7.65958333
146.933333,1087987.57,7.66055556
146.966667,1088429.63,7.66152778
147,1088871.82,7.6625
147.033333,1089314.13,7.66347222
147.066667,1089756.56,7.66444444
147.1,1090199.09,7.66541667
147.133333,1090641.73,7.66638889
147.166667,1091084.51,7.66736111
147.2,1091527.41,7.66833333
147.233333,1091970.41,7.66930556
147.266667,1092413.53,7.67027778
147.3,1092856.76,7.67125
147.333333,1093300.13,7.67222222
147.366667,1093743.6,7.67319444
147.4,1094187.19,7.67416667
147.433333,1094630.88,7.67513889
147.466667,1095074.71,7.67611111
147.5,1095518.66,7.67708333
147.533333,1095962.72,7.67805556
147.566667,1096406.89,7.67902778
147.6,1096851.17,7.68
147.633333,1097295.59,7.68097222
147.666667,1097740.12,7.68194444
147.7,1098184.76,7.68291667
147.733333,1098629.51,7.68388889
147.766667,1099074.39,7.68486111
147.8,1099519.39,7.68583333
147.833333,1099964.5,7.68680556
147.866667,1100409.72,7.68777778
147.9,1100855.06,7.68875
147.933333,1101300.53,7.68972222
147.966667,1101746.12,7.69069444
148,1102191.81,7.69166667
148.033333,1102637.61,7.69263889
148.066667,1103083.55,7.69361111
148.1,1103529.61,7.69458333
148.133333,1103975.77,7.69555556
148.166667,1104422.05,7.69652778
148.2,1104868.43,7.6975
148.233333,1105314.96,7.69847222
148.266667,1105761.61,7.69944444
148.3,1106208.35,7.70041667
148.333333,1106655.21,7.70138889
148.366667,1107102.2,7.70236111
148.4,1107549.31,7.70333333
148.433333,1107996.53,7.70430556
148.466667,1108443.87,7.70527778
148.5,1108891.3,7.70625
148.533333,1109338.89,7.70722222
148.566667,1109786.59,7.70819444
148.6,1110234.39,7.70916667
148.633333,1110682.31,7.71013889
148.666667,1111130.35,7.71111111
148.7,1111578.52,7.71208333
148.733333,1112026.8,7.71305556
148.766667,1112475.19,7.71402778
148.8,1112923.68,7.715
148.833333,1113372.32,7.71597222
148.866667,1113821.08,7.71694444
148.9,1114269.94,7.71791667
148.933333,1114718.91,7.71888889
148.966667,1115168.01,7.71986111
149,1115617.24,7.72083333
149.033333,1116066.57,7.72180556
149.066667,1116516.02,7.72277778
149.1,1116965.58,7.72375
149.133333,1117415.27,7.72472222
149.166667,1117865.08,7.72569444
149.2,1118315.01,7.72666667
149.233333,1118765.04,7.72763889
149.266667,1119215.18,7.72861111
149.3,1119665.47,7.72958333
149.333333,1120115.87,7.73055556
149.366667,1120566.38,7.73152778
149.4,1121016.99,7.7325
149.433333,1121467.74,7.73347222
149.466667,1121918.61,7.73444444
149.5,1122369.6,7.73541667
149.533333,1122820.69,7.73638889
149.566667,1123271.89,7.73736111
149.6,1123723.24,7.73833333
149.633333,1124174.7,7.73930556
149.666667,1124626.26,7.74027778
149.7,1125077.94,7.74125
149.733333,1125529.74,7.74222222
149.766667,1125981.68,7.74319444
149.8,1126433.72,7.74416667
149.833333,1126885.87,7.74513889
149.866667,1127338.13,7.74611111
149.9,1127790.54,7.74708333
149.933333,1128243.06,7.74805556
149.966667,1128695.69,7.74902778
150,1129148.42,7.75
150.033333,1129601.29,7.75097222
150.066667,1130054.28,7.75194444
150.1,1130507.39,7.75291667
150.133333,1130960.6,7.75388889
150.166667,1131413.92,7.75486111
150.2,1131867.39,7.75583333
150.233333,1132320.97,7.75680556
150.266667,1132774.66,7.75777778
150.3,1133228.46,7.75875
150.333333,1133682.38,7.75972222
150.366667,1134136.44,7.76069444
150.4,1134590.61,7.76166667
150.433333,1135044.88,7.76263889
150.466667,1135499.27,7.76361111
150.5,1135953.8,7.76458333
150.533333,1136408.44,7.76555556
150.566667,1136863.19,7.76652778
150.6,1137318.05,7.7675
150.633333,1137773.04,7.76847222
150.666667,1138228.16,7.76944444
150.7,1138683.39,7.77041667
150.733333,1139138.73,7.77138889
150.766667,1139594.18,7.77236111
150.8,1140049.76,7.77333333
150.833333,1140505.47,7.77430556
150.866667,1140961.29,7.77527778
150.9,1141417.22,7.77625
150.933333,1141873.26,7.77722222
150.966667,1142329.45,7.77819444
151,1142785.72,7.77916667
151.033333,1143242.14,7.78013889
151.066667,1143698.68,7.78111111
151.1,1144155.32,7.78208333
151.133333,1144612.07,7.78305556
151.166667,1145068.95,7.78402778
151.2,1145525.96,7.785
151.233333,1145983.09,7.78597222
151.266667,1146440.32,7.78694444
151.3,1146897.66,7.78791667
151.333333,1147355.15,7.78888889
151.366667,1147812.75,7.78986111
151.4,1148270.47,7.79083333
151.433333,1148728.29,7.79180556
151.466667,1149186.24,7.79277778
151.5,1149644.33,7.79375
151.533333,1150102.53,7.79472222
151.566667,1150560.83,7.79569444
151.6,1151019.25,7.79666667
151.633333,1151477.82,7.79763889
151.666667,1151936.5,7.79861111
151.7,1152395.29,7.79958333
151.733333,1152854.2,7.80055556
151.766667,1153313.22,7.80152778
151.8,1153772.39,7.8025
151.833333,1154231.67,7.80347222
151.866667,1154691.06,7.80444444
151.9,1155150.57,7.80541667
151.933333,1155610.21,7.80638889
151.966667,1156069.98,7.80736111
152,1156529.86,7.80833333
152.033333,1156989.85,7.80930556
152.066667,1157449.96,7.81027778
152.1,1157910.22,7.81125
152.133333,1158370.59,7.81222222
152.166667,1158831.07,7.81319444
152.2,1159291.66,7.81416667
152.233333,1159752.4,7.81513889
152.266667,1160213.26,7.81611111
152.3,1160674.23,7.81708333
152.333333,1161135.32,7.81805556
152.366667,1161596.52,7.81902778
152.4,1162057.87,7.82
152.433333,1162519.34,7.82097222
152.466667,1162980.92,7.82194444
152.5,1163442.61,7.82291667
152.533333,1163904.44,7.82388889
152.566667,1164366.41,7.82486111
152.6,1164828.48,7.82583333
152.633333,1165290.67,7.82680556
152.666667,1165752.97,7.82777778
152.7,1166215.43,7.82875
152.733333,1166678,7.82972222
152.766667,1167140.68,7.83069444
152.8,1167603.48,7.83166667
152.833333,1168066.42,7.83263889
152.866667,1168529.49,7.83361111
152.9,1168992.67,7.83458333
152.933333,1169455.97,7.83555556
152.966667,1169919.38,7.83652778
153,1170382.95,7.8375
153.033333,1170846.63,7.83847222
153.066667,1171310.43,7.83944444
153.1,1171774.34,7.84041667
153.133333,1172238.39,7.84138889
153.166667,1172702.57,7.84236111
153.2,1173166.88,7.84333333
153.233333,1173631.29,7.84430556
153.266667,1174095.82,7.84527778
153.3,1174560.51,7.84625
153.333333,1175025.31,7.84722222
153.366667,1175490.23,7.84819444
153.4,1175955.27,7.84916667
153.433333,1176420.43,7.85013889
153.466667,1176885.74,7.85111111
153.5,1177351.17,7.85208333
153.533333,1177816.71,7.85305556
153.566667,1178282.37,7.85402778
153.6,1178748.18,7.855
153.633333,1179214.11,7.85597222
153.666667,1179680.17,7.85694444
153.7,1180146.33,7.85791667
153.733333,1180612.62,7.85888889
153.766667,1181079.07,7.85986111
153.8,1181545.63,7.86083333
153.833333,1182012.31,7.86180556
153.866667,1182479.1,7.86277778
153.9,1182946.04,7.86375
153.933333,1183413.11,7.86472222
153.966667,1183880.3,7.86569444
154,1184347.61,7.86666667
154.033333,1184815.04,7.86763889
154.066667,1185282.62,7.86861111
154.1,1185750.33,7.86958333
154.133333,1186218.15,7.87055556
154.166667,1186686.08,7.87152778
154.2,1187154.16,7.8725
154.233333,1187622.38,7.87347222
154.266667,1188090.72,7.87444444
154.3,1188559.17,7.87541667
154.333333,1189027.74,7.87638889
154.366667,1189496.47,7.87736111
154.4,1189965.32,7.87833333
154.433333,1190434.29,7.87930556
154.466667,1190903.38,7.88027778
154.5,1191372.61,7.88125
154.533333,1191841.98,7.88222222
154.566667,1192311.47,7.88319444
154.6,1192781.07,7.88416667
154.633333,1193250.8,7.88513889
154.666667,1193720.68,7.88611111
154.7,1194190.69,7.88708333
154.733333,1194660.82,7.88805556
154.766667,1195131.06,7.88902778
154.8,1195601.44,7.89
154.833333,1196071.97,7.89097222
154.866667,1196542.62,7.89194444
154.9,1197013.38,7.89291667
154.933333,1197484.27,7.89388889
154.966667,1197955.31,7.89486111
155,1198426.48,7.89583333
155.033333,1198897.77,7.89680556
155.066667,1199369.18,7.89777778
155.1,1199840.71,7.89875
155.133333,1200312.41,7.89972222
155.166667,1200784.22,7.90069444
155.2,1201256.16,7.90166667
155.233333,1201728.21,7.90263889
155.266667,1202200.41,7.90361111
155.3,1202672.75,7.90458333
155.333333,1203145.21,7.90555556
155.366667,1203617.79,7.90652778
155.4,1204090.49,7.9075
155.433333,1204563.36,7.90847222
155.466667,1205036.34,7.90944444
155.5,1205509.45,7.91041667
155.533333,1205982.67,7.91138889
155.566667,1206456.04,7.91236111
155.6,1206929.56,7.91333333
155.633333,1207403.19,7.91430556
155.666667,1207876.95,7.91527778
155.7,1208350.82,7.91625
155.733333,1208824.86,7.91722222
155.766667,1209299.03,7.91819444
155.8,1209773.31,7.91916667
155.833333,1210247.72,7.92013889
155.866667,1210722.27,7.92111111
155.9,1211196.96,7.92208333
155.933333,1211671.78,7.92305556
155.966667,1212146.71,7.92402778
156,1212621.77,7.925
156.033333,1213096.99,7.92597222
156.066667,1213572.34,7.92694444
156.1,1214047.81,7.92791667
156.133333,1214523.4,7.92888889
156.166667,1214999.13,7.92986111
156.2,1215475.02,7.93083333
156.233333,1215951.02,7.93180556
156.266667,1216427.15,7.93277778
156.3,1216903.4,7.93375
156.333333,1217379.8,7.93472222
156.366667,1217856.34,7.93569444
156.4,1218333.01,7.93666667
156.433333,1218809.79,7.93763889
156.466667,1219286.71,7.93861111
156.5,1219763.79,7.93958333
156.533333,1220240.99,7.94055556
156.566667,1220718.31,7.94152778
156.6,1221195.75,7.9425
156.633333,1221673.35,7.94347222
156.666667,1222151.09,7.94444444
156.7,1222628.95,7.94541667
156.733333,1223106.94,7.94638889
156.766667,1223585.05,7.94736111
156.8,1224063.33,7.94833333
156.833333,1224541.73,7.94930556
156.866667,1225020.26,7.95027778
156.9,1225498.9,7.95125
156.933333,1225977.7,7.95222222
156.966667,1226456.65,7.95319444
157,1226935.72,7.95416667
157.033333,1227414.91,7.95513889
157.066667,1227894.22,7.95611111
157.1,1228373.71,7.95708333
157.133333,1228853.32,7.95805556
157.166667,1229333.05,7.95902778
157.2,1229812.91,7.96
157.233333,1230292.92,7.96097222
157.266667,1230773.07,7.96194444
157.3,1231253.35,7.96291667
157.333333,1231733.75,7.96388889
157.366667,1232214.28,7.96486111
157.4,1232694.98,7.96583333
157.433333,1233175.8,7.96680556
157.466667,1233656.75,7.96777778
157.5,1234137.83,7.96875
157.533333,1234619.04,7.96972222
157.566667,1235100.42,7.97069444
157.6,1235581.91,7.97166667
157.633333,1236063.53,7.97263889
157.666667,1236545.28,7.97361111
157.7,1237027.19,7.97458333
157.733333,1237509.24,7.97555556
157.766667,1237991.41,7.97652778
157.8,1238473.7,7.9775
157.833333,1238956.14,7.97847222
157.866667,1239438.73,7.97944444
157.9,1239921.46,7.98041667
157.933333,1240404.3,7.98138889
157.966667,1240887.27,7.98236111
158,1241370.41,7.98333333
158.033333,1241853.68,7.98430556
158.066667,1242337.07,7.98527778
158.1,1242820.6,7.98625
158.133333,1243304.26,7.98722222
158.166667,1243788.08,7.98819444
158.2,1244272.03,7.98916667
158.233333,1244756.1,7.99013889
158.266667,1245240.31,7.99111111
158.3,1245724.66,7.99208333
158.333333,1246209.17,7.99305556
158.366667,1246693.8,7.99402778
158.4,1247178.55,7.995
158.433333,1247663.44,7.99597222
158.466667,1248148.5,7.99694444
158.5,1248633.68,7.99791667
158.533333,1249118.99,7.99888889
158.566667,1249604.43,7.99986111
158.6,1250090.02,8.00083333
158.633333,1250575.76,8.00180556
158.666667,1251061.63,8.00277778
158.7,1251547.62,8.00375
158.733333,1252033.74,8.00472222
158.766667,1252520.04,8.00569444
158.8,1253006.46,8.00666667
158.833333,1253493.01,8.00763889
158.866667,1253979.69,8.00861111
158.9,1254466.52,8.00958333
158.933333,1254953.5,8.01055556
158.966667,1255440.61,8.01152778
159,1255927.84,8.0125
159.033333,1256415.21,8.01347222
159.066667,1256902.75,8.01444444
159.1,1257390.41,8.01541667
159.133333,1257878.21,8.01638889
159.166667,1258366.14,8.01736111
159.2,1258854.21,8.01833333
159.233333,1259342.44,8.01930556
159.266667,1259830.79,8.02027778
159.3,1260319.28,8.02125
159.333333,1260807.89,8.02222222
159.366667,1261296.68,8.02319444
159.4,1261785.6,8.02416667
159.433333,1262274.65,8.02513889
159.466667,1262763.82,8.02611111
159.5,1263253.14,8.02708333
159.533333,1263742.62,8.02805556
159.566667,1264232.24,8.02902778
159.6,1264721.98,8.03
159.633333,1265211.85,8.03097222
159.666667,1265701.88,8.03194444
159.7,1266192.06,8.03291667
159.733333,1266682.36,8.03388889
159.766667,1267172.8,8.03486111
159.8,1267663.37,8.03583333
159.833333,1268154.11,8.03680556
159.866667,1268644.98,8.03777778
159.9,1269135.98,8.03875
159.933333,1269627.11,8.03972222
159.966667,1270118.4,8.04069444
160,1270609.84,8.04166667
160.033333,1271101.41,8.04263889
160.066667,1271593.11,8.04361111
160.1,1272084.94,8.04458333
160.133333,1272576.95,8.04555556
160.166667,1273069.08,8.04652778
160.2,1273561.35,8.0475
160.233333,1274053.75,8.04847222
160.266667,1274546.3,8.04944444
160.3,1275039,8.05041667
160.333333,1275531.84,8.05138889
160.366667,1276024.81,8.05236111
160.4,1276517.9,8.05333333
160.433333,1277011.18,8.05430556
160.466667,1277504.59,8.05527778
160.5,1277998.13,8.05625
160.533333,1278491.79,8.05722222
160.566667,1278985.61,8.05819444
160.6,1279479.59,8.05916667
160.633333,1279973.7,8.06013889
160.666667,1280467.94,8.06111111
160.7,1280962.31,8.06208333
160.733333,1281456.86,8.06305556
160.766667,1281951.54,8.06402778
160.8,1282446.36,8.065
160.833333,1282941.3,8.06597222
160.866667,1283436.39,8.06694444
160.9,1283931.65,8.06791667
160.933333,1284427.04,8.06888889
160.966667,1284922.56,8.06986111
161,1285418.21,8.07083333
161.033333,1285914.03,8.07180556
161.066667,1286409.99,8.07277778
161.1,1286906.09,8.07375
161.133333,1287402.32,8.07472222
161.166667,1287898.68,8.07569444
161.2,1288395.22,8.07666667
161.233333,1288891.9,8.07763889
161.266667,1289388.7,8.07861111
161.3,1289885.63,8.07958333
161.333333,1290382.73,8.08055556
161.366667,1290879.98,8.08152778
161.4,1291377.36,8.0825
161.433333,1291874.88,8.08347222
161.466667,1292372.53,8.08444444
161.5,1292870.35,8.08541667
161.533333,1293368.31,8.08638889
161.566667,1293866.41,8.08736111
161.6,1294364.63,8.08833333
161.633333,1294863.01,8.08930556
161.666667,1295361.55,8.09027778
161.7,1295860.22,8.09125
161.733333,1296359.03,8.09222222
161.766667,1296857.96,8.09319444
161.8,1297357.08,8.09416667
161.833333,1297856.34,8.09513889
161.866667,1298355.72,8.09611111
161.9,1298855.24,8.09708333
161.933333,1299354.91,8.09805556
161.966667,1299854.75,8.09902778
162,1300354.71,8.1
162.033333,1300854.81,8.10097222
162.066667,1301355.04,8.10194444
162.1,1301855.46,8.10291667
162.133333,1302356.01,8.10388889
162.166667,1302856.69,8.10486111
162.2,1303357.5,8.10583333
162.233333,1303858.47,8.10680556
162.266667,1304359.6,8.10777778
162.3,1304860.87,8.10875
162.333333,1305362.27,8.10972222
162.366667,1305863.8,8.11069444
162.4,1306365.51,8.11166667
162.433333,1306867.36,8.11263889
162.466667,1307369.35,8.11361111
162.5,1307871.47,8.11458333
162.533333,1308373.73,8.11555556
162.566667,1308876.17,8.11652778
162.6,1309378.74,8.1175
162.633333,1309881.45,8.11847222
162.666667,1310384.29,8.11944444
162.7,1310887.3,8.12041667
162.733333,1311390.46,8.12138889
162.766667,1311893.75,8.12236111
162.8,1312397.18,8.12333333
162.833333,1312900.74,8.12430556
162.866667,1313404.49,8.12527778
162.9,1313908.37,8.12625
162.933333,1314412.39,8.12722222
162.966667,1314916.54,8.12819444
163,1315420.85,8.12916667
163.033333,1315925.32,8.13013889
163.066667,1316429.93,8.13111111
163.1,1316934.67,8.13208333
163.133333,1317439.54,8.13305556
163.166667,1317944.6,8.13402778
163.2,1318449.8,8.135
163.233333,1318955.13,8.13597222
163.266667,1319460.59,8.13694444
163.3,1319966.22,8.13791667
163.333333,1320472.01,8.13888889
163.366667,1320977.93,8.13986111
163.4,1321483.99,8.14083333
163.433333,1321990.18,8.14180556
163.466667,1322496.55,8.14277778
163.5,1323003.07,8.14375
163.533333,1323509.72,8.14472222
163.566667,1324016.5,8.14569444
163.6,1324523.44,8.14666667
163.633333,1325030.55,8.14763889
163.666667,1325537.8,8.14861111
163.7,1326045.17,8.14958333
163.733333,1326552.69,8.15055556
163.766667,1327060.38,8.15152778
163.8,1327568.22,8.1525
163.833333,1328076.19,8.15347222
163.866667,1328584.3,8.15444444
163.9,1329092.56,8.15541667
163.933333,1329601,8.15638889
163.966667,1330109.56,8.15736111
164,1330618.27,8.15833333
164.033333,1331127.11,8.15930556
164.066667,1331636.13,8.16027778
164.1,1332145.29,8.16125
164.133333,1332654.59,8.16222222
164.166667,1333164.03,8.16319444
164.2,1333673.62,8.16416667
164.233333,1334183.38,8.16513889
164.266667,1334693.28,8.16611111
164.3,1335203.31,8.16708333
164.333333,1335713.48,8.16805556
164.366667,1336223.83,8.16902778
164.4,1336734.32,8.17
164.433333,1337244.96,8.17097222
164.466667,1337755.73,8.17194444
164.5,1338266.64,8.17291667
164.533333,1338777.74,8.17388889
164.566667,1339288.97,8.17486111
164.6,1339800.34,8.17583333
164.633333,1340311.85,8.17680556
164.666667,1340823.52,8.17777778
164.7,1341335.35,8.17875
164.733333,1341847.32,8.17972222
164.766667,1342359.43,8.18069444
164.8,1342871.67,8.18166667
164.833333,1343384.11,8.18263889
164.866667,1343896.68,8.18361111
164.9,1344409.39,8.18458333
164.933333,1344922.23,8.18555556
164.966667,1345435.24,8.18652778
165,1345948.41,8.1875
165.033333,1346461.73,8.18847222
165.066667,1346975.17,8.18944444
165.1,1347488.76,8.19041667
165.133333,1348002.53,8.19138889
165.166667,1348516.44,8.19236111
165.2,1349030.5,8.19333333
165.233333,1349544.69,8.19430556
165.266667,1350059.03,8.19527778
165.3,1350573.55,8.19625
165.333333,1351088.2,8.19722222
165.366667,1351603,8.19819444
165.4,1352117.93,8.19916667
165.433333,1352633.04,8.20013889
165.466667,1353148.3,8.20111111
165.5,1353663.7,8.20208333
165.533333,1354179.24,8.20305556
165.566667,1354694.93,8.20402778
165.6,1355210.79,8.205
165.633333,1355726.8,8.20597222
165.666667,1356242.94,8.20694444
165.7,1356759.22,8.20791667
165.733333,1357275.68,8.20888889
165.766667,1357792.29,8.20986111
165.8,1358309.04,8.21083333
165.833333,1358825.93,8.21180556
165.866667,1359342.96,8.21277778
165.9,1359860.18,8.21375
165.933333,1360377.54,8.21472222
165.966667,1360895.03,8.21569444
166,1361412.67,8.21666667
166.033333,1361930.47,8.21763889
166.066667,1362448.44,8.21861111
166.1,1362966.55,8.21958333
166.133333,1363484.79,8.22055556
166.166667,1364003.18,8.22152778
166.2,1364521.75,8.2225
166.233333,1365040.47,8.22347222
166.266667,1365559.32,8.22444444
166.3,1366078.31,8.22541667
166.333333,1366597.47,8.22638889
166.366667,1367116.8,8.22736111
166.4,1367636.26,8.22833333
166.433333,1368155.86,8.22930556
166.466667,1368675.61,8.23027778
166.5,1369195.54,8.23125
166.533333,1369715.62,8.23222222
166.566667,1370235.83,8.23319444
166.6,1370756.19,8.23416667
166.633333,1371276.7,8.23513889
166.666667,1371797.39,8.23611111
166.7,1372318.22,8.23708333
166.733333,1372839.19,8.23805556
166.766667,1373360.29,8.23902778
166.8,1373881.59,8.24
166.833333,1374403.03,8.24097222
166.866667,1374924.61,8.24194444
166.9,1375446.33,8.24291667
166.933333,1375968.21,8.24388889
166.966667,1376490.26,8.24486111
167,1377012.46,8.24583333
167.033333,1377534.79,8.24680556
167.066667,1378057.27,8.24777778
167.1,1378579.92,8.24875
167.133333,1379102.73,8.24972222
167.166667,1379625.68,8.25069444
167.2,1380148.77,8.25166667
167.233333,1380672.02,8.25263889
167.266667,1381195.44,8.25361111
167.3,1381719.01,8.25458333
167.333333,1382242.71,8.25555556
167.366667,1382766.56,8.25652778
167.4,1383290.58,8.2575
167.433333,1383814.77,8.25847222
167.466667,1384339.09,8.25944444
167.5,1384863.55,8.26041667
167.533333,1385388.16,8.26138889
167.566667,1385912.96,8.26236111
167.6,1386437.9,8.26333333
167.633333,1386962.98,8.26430556
167.666667,1387488.21,8.26527778
167.7,1388013.6,8.26625
167.733333,1388539.16,8.26722222
167.766667,1389064.86,8.26819444
167.8,1389590.7,8.26916667
167.833333,1390116.68,8.27013889
167.866667,1390642.86,8.27111111
167.9,1391169.18,8.27208333
167.933333,1391695.64,8.27305556
167.966667,1392222.24,8.27402778
168,1392749.01,8.275
168.033333,1393275.95,8.27597222
168.066667,1393803.03,8.27694444
168.1,1394330.25,8.27791667
168.133333,1394857.61,8.27888889
168.166667,1395385.17,8.27986111
168.2,1395912.87,8.28083333
168.233333,1396440.71,8.28180556
168.266667,1396968.69,8.28277778
168.3,1397496.84,8.28375
168.333333,1398025.16,8.28472222
168.366667,1398553.62,8.28569444
168.4,1399082.23,8.28666667
168.433333,1399610.98,8.28763889
168.466667,1400139.91,8.28861111
168.5,1400669,8.28958333
168.533333,1401198.23,8.29055556
168.566667,1401727.6,8.29152778
168.6,1402257.12,8.2925
168.633333,1402786.83,8.29347222
168.666667,1403316.69,8.29444444
168.7,1403846.68,8.29541667
168.733333,1404376.81,8.29638889
168.766667,1404907.13,8.29736111
168.8,1405437.61,8.29833333
168.833333,1405968.23,8.29930556
168.866667,1406498.99,8.30027778
168.9,1407029.9,8.30125
168.933333,1407561,8.30222222
168.966667,1408092.24,8.30319444
169,1408623.63,8.30416667
169.033333,1409155.15,8.30513889
169.066667,1409686.86,8.30611111
169.1,1410218.73,8.30708333
169.133333,1410750.74,8.30805556
169.166667,1411282.89,8.30902778
169.2,1411815.19,8.31
169.233333,1412347.69,8.31097222
169.266667,1412880.32,8.31194444
169.3,1413413.1,8.31291667
169.333333,1413946.03,8.31388889
169.366667,1414479.12,8.31486111
169.4,1415012.39,8.31583333
169.433333,1415545.8,8.31680556
169.466667,1416079.35,8.31777778
169.5,1416613.04,8.31875
169.533333,1417146.93,8.31972222
169.566667,1417680.97,8.32069444
169.6,1418215.15,8.32166667
169.633333,1418749.47,8.32263889
169.666667,1419283.96,8.32361111
169.7,1419818.62,8.32458333
169.733333,1420353.43,8.32555556
169.766667,1420888.38,8.32652778
169.8,1421423.48,8.3275
169.833333,1421958.76,8.32847222
169.866667,1422494.2,8.32944444
169.9,1423029.78,8.33041667
169.933333,1423565.51,8.33138889
169.966667,1424101.39,8.33236111
170,1424637.46,8.33333333
170.033333,1425173.67,8.33430556
170.066667,1425710.03,8.33527778
170.1,1426246.53,8.33625
170.133333,1426783.21,8.33722222
170.166667,1427320.06,8.33819444
170.2,1427857.04,8.33916667
170.233333,1428394.17,8.34013889
170.266667,1428931.46,8.34111111
170.3,1429468.93,8.34208333
170.333333,1430006.55,8.34305556
170.366667,1430544.32,8.34402778
170.4,1431082.22,8.345
170.433333,1431620.31,8.34597222
170.466667,1432158.56,8.34694444
170.5,1432696.96,8.34791667
170.533333,1433235.5,8.34888889
170.566667,1433774.19,8.34986111
170.6,1434313.07,8.35083333
170.633333,1434852.1,8.35180556
170.666667,1435391.27,8.35277778
170.7,1435930.59,8.35375
170.733333,1436470.09,8.35472222
170.766667,1437009.75,8.35569444
170.8,1437549.56,8.35666667
170.833333,1438089.51,8.35763889
170.866667,1438629.61,8.35861111
170.9,1439169.9,8.35958333
170.933333,1439710.35,8.36055556
170.966667,1440250.93,8.36152778
171,1440791.66,8.3625
171.033333,1441332.57,8.36347222
171.066667,1441873.65,8.36444444
171.1,1442414.87,8.36541667
171.133333,1442956.24,8.36638889
171.166667,1443497.75,8.36736111
171.2,1444039.46,8.36833333
171.233333,1444581.32,8.36930556
171.266667,1445123.32,8.37027778
171.3,1445665.47,8.37125
171.333333,1446207.79,8.37222222
171.366667,1446750.28,8.37319444
171.4,1447292.92,8.37416667
171.433333,1447835.71,8.37513889
171.466667,1448378.64,8.37611111
171.5,1448921.76,8.37708333
171.533333,1449465.04,8.37805556
171.566667,1450008.47,8.37902778
171.6,1450552.04,8.38
171.633333,1451095.77,8.38097222
171.666667,1451639.68,8.38194444
171.7,1452183.75,8.38291667
171.733333,1452727.96,8.38388889
171.766667,1453272.31,8.38486111
171.8,1453816.85,8.38583333
171.833333,1454361.55,8.38680556
171.866667,1454906.4,8.38777778
171.9,1455451.39,8.38875
171.933333,1455996.54,8.38972222
171.966667,1456541.88,8.39069444
172,1457087.37,8.39166667
172.033333,1457633,8.39263889
172.066667,1458178.78,8.39361111
172.1,1458724.74,8.39458333
172.133333,1459270.87,8.39555556
172.166667,1459817.15,8.39652778
172.2,1460363.57,8.3975
172.233333,1460910.14,8.39847222
172.266667,1461456.91,8.39944444
172.3,1462003.82,8.40041667
172.333333,1462550.88,8.40138889
172.366667,1463098.09,8.40236111
172.4,1463645.47,8.40333333
172.433333,1464193.03,8.40430556
172.466667,1464740.74,8.40527778
172.5,1465288.58,8.40625
172.533333,1465836.58,8.40722222
172.566667,1466384.78,8.40819444
172.6,1466933.13,8.40916667
172.633333,1467481.62,8.41013889
172.666667,1468030.26,8.41111111
172.7,1468579.07,8.41208333
172.733333,1469128.06,8.41305556
172.766667,1469677.19,8.41402778
172.8,1470226.48,8.415
172.833333,1470775.91,8.41597222
172.866667,1471325.53,8.41694444
172.9,1471875.31,8.41791667
172.933333,1472425.24,8.41888889
172.966667,1472975.31,8.41986111
173,1473525.55,8.42083333
173.033333,1474075.98,8.42180556
173.066667,1474626.55,8.42277778
173.1,1475177.27,8.42375
173.133333,1475728.13,8.42472222
173.166667,1476279.19,8.42569444
173.2,1476830.41,8.42666667
173.233333,1477381.77,8.42763889
173.266667,1477933.28,8.42861111
173.3,1478484.96,8.42958333
173.333333,1479036.82,8.43055556
173.366667,1479588.83,8.43152778
173.4,1480140.99,8.4325
173.433333,1480693.29,8.43347222
173.466667,1481245.78,8.43444444
173.5,1481798.44,8.43541667
173.533333,1482351.24,8.43638889
173.566667,1482904.2,8.43736111
173.6,1483457.3,8.43833333
173.633333,1484010.61,8.43930556
173.666667,1484564.06,8.44027778
173.7,1485117.66,8.44125
173.733333,1485671.41,8.44222222
173.766667,1486225.33,8.44319444
173.8,1486779.43,8.44416667
173.833333,1487333.68,8.44513889
173.866667,1487888.08,8.44611111
173.9,1488442.62,8.44708333
173.933333,1488997.37,8.44805556
173.966667,1489552.26,8.44902778
174,1490107.31,8.45
174.033333,1490662.5,8.45097222
174.066667,1491217.87,8.45194444
174.1,1491773.41,8.45291667
174.133333,1492329.11,8.45388889
174.166667,1492884.95,8.45486111
174.2,1493440.94,8.45583333
174.233333,1493997.13,8.45680556
174.266667,1494553.47,8.45777778
174.3,1495109.96,8.45875
174.333333,1495666.6,8.45972222
174.366667,1496223.41,8.46069444
174.4,1496780.4,8.46166667
174.433333,1497337.55,8.46263889
174.466667,1497894.84,8.46361111
174.5,1498452.27,8.46458333
174.533333,1499009.91,8.46555556
174.566667,1499567.7,8.46652778
174.6,1500125.64,8.4675
174.633333,1500683.73,8.46847222
174.666667,1501241.99,8.46944444
174.7,1501800.43,8.47041667
174.733333,1502359.03,8.47138889
174.766667,1502917.77,8.47236111
174.8,1503476.66,8.47333333
174.833333,1504035.74,8.47430556
174.866667,1504594.98,8.47527778
174.9,1505154.38,8.47625
174.933333,1505713.92,8.47722222
174.966667,1506273.62,8.47819444
175,1506833.52,8.47916667
175.033333,1507393.57,8.48013889
175.066667,1507953.76,8.48111111
175.1,1508514.11,8.48208333
175.133333,1509074.64,8.48305556
175.166667,1509635.34,8.48402778
175.2,1510196.19,8.485
175.233333,1510757.19,8.48597222
175.266667,1511318.34,8.48694444
175.3,1511879.7,8.48791667
175.333333,1512441.2,8.48888889
175.366667,1513002.85,8.48986111
175.4,1513564.66,8.49083333
175.433333,1514126.64,8.49180556
175.466667,1514688.8,8.49277778
175.5,1515251.11,8.49375
175.533333,1515813.56,8.49472222
175.566667,1516376.17,8.49569444
175.6,1516938.98,8.49666667
175.633333,1517501.95,8.49763889
175.666667,1518065.06,8.49861111
175.7,1518628.32,8.49958333
175.733333,1519191.76,8.50055556
175.766667,1519755.38,8.50152778
175.8,1520319.15,8.5025
175.833333,1520883.06,8.50347222
175.866667,1521447.13,8.50444444
175.9,1522011.4,8.50541667
175.933333,1522575.83,8.50638889
175.966667,1523140.4,8.50736111
176,1523705.13,8.50833333
176.033333,1524270.02,8.50930556
176.066667,1524835.1,8.51027778
176.1,1525400.33,8.51125
176.133333,1525965.72,8.51222222
176.166667,1526531.25,8.51319444
176.2,1527096.98,8.51416667
176.233333,1527662.87,8.51513889
176.266667,1528228.91,8.51611111
176.3,1528795.1,8.51708333
176.333333,1529361.45,8.51805556
176.366667,1529928,8.51902778
176.4,1530494.7,8.52
176.433333,1531061.54,8.52097222
176.466667,1531628.54,8.52194444
176.5,1532195.73,8.52291667
176.533333,1532763.09,8.52388889
176.566667,1533330.6,8.52486111
176.6,1533898.25,8.52583333
176.633333,1534466.07,8.52680556
176.666667,1535034.09,8.52777778
176.7,1535602.25,8.52875
176.733333,1536170.57,8.52972222
176.766667,1536739.04,8.53069444
176.8,1537307.69,8.53166667
176.833333,1537876.52,8.53263889
176.866667,1538445.49,8.53361111
176.9,1539014.62,8.53458333
176.933333,1539583.9,8.53555556
176.966667,1540153.39,8.53652778
177,1540723.03,8.5375
177.033333,1541292.81,8.53847222
177.066667,1541862.75,8.53944444
177.1,1542432.87,8.54041667
177.133333,1543003.17,8.54138889
177.166667,1543573.62,8.54236111
177.2,1544144.22,8.54333333
177.233333,1544714.97,8.54430556
177.266667,1545285.93,8.54527778
177.3,1545857.04,8.54625
177.333333,1546428.3,8.54722222
177.366667,1546999.71,8.54819444
177.4,1547571.3,8.54916667
177.433333,1548143.07,8.55013889
177.466667,1548715,8.55111111
177.5,1549287.07,8.55208333
177.533333,1549859.3,8.55305556
177.566667,1550431.72,8.55402778
177.6,1551004.31,8.555
177.633333,1551577.05,8.55597222
177.666667,1552149.94,8.55694444
177.7,1552723,8.55791667
177.733333,1553296.25,8.55888889
177.766667,1553869.65,8.55986111
177.8,1554443.2,8.56083333
177.833333,1555016.9,8.56180556
177.866667,1555590.8,8.56277778
177.9,1556164.87,8.56375
177.933333,1556739.08,8.56472222
177.966667,1557313.45,8.56569444
178,1557887.98,8.56666667
178.033333,1558462.71,8.56763889
178.066667,1559037.59,8.56861111
178.1,1559612.62,8.56958333
178.133333,1560187.8,8.57055556
178.166667,1560763.18,8.57152778
178.2,1561338.72,8.5725
178.233333,1561914.42,8.57347222
178.266667,1562490.27,8.57444444
178.3,1563066.27,8.57541667
178.333333,1563642.48,8.57638889
178.366667,1564218.84,8.57736111
178.4,1564795.36,8.57833333
178.433333,1565372.02,8.57930556
178.466667,1565948.87,8.58027778
178.5,1566525.9,8.58125
178.533333,1567103.08,8.58222222
178.566667,1567680.41,8.58319444
178.6,1568257.89,8.58416667
178.633333,1568835.59,8.58513889
178.666667,1569413.43,8.58611111
178.7,1569991.43,8.58708333
178.733333,1570569.58,8.58805556
178.766667,1571147.91,8.58902778
178.8,1571726.42,8.59
178.833333,1572305.09,8.59097222
178.866667,1572883.9,8.59194444
178.9,1573462.87,8.59291667
178.933333,1574042.05,8.59388889
178.966667,1574621.38,8.59486111
179,1575200.86,8.59583333
179.033333,1575780.5,8.59680556
179.066667,1576360.31,8.59777778
179.1,1576940.31,8.59875
179.133333,1577520.46,8.59972222
179.166667,1578100.76,8.60069444
179.2,1578681.22,8.60166667
179.233333,1579261.88,8.60263889
179.266667,1579842.7,8.60361111
179.3,1580423.67,8.60458333
179.333333,1581004.79,8.60555556
179.366667,1581586.09,8.60652778
179.4,1582167.57,8.6075
179.433333,1582749.22,8.60847222
179.466667,1583331.01,8.60944444
179.5,1583912.96,8.61041667
179.533333,1584495.1,8.61138889
179.566667,1585077.41,8.61236111
179.6,1585659.87,8.61333333
179.633333,1586242.49,8.61430556
179.666667,1586825.26,8.61527778
179.7,1587408.24,8.61625
179.733333,1587991.38,8.61722222
179.766667,1588574.66,8.61819444
179.8,1589158.1,8.61916667
179.833333,1589741.73,8.62013889
179.866667,1590325.53,8.62111111
179.9,1590909.49,8.62208333
179.933333,1591493.59,8.62305556
179.966667,1592077.86,8.62402778
180,1592662.33,8.625
180.033333,1593246.96,8.62597222
180.066667,1593831.74,8.62694444
180.1,1594416.67,8.62791667
180.133333,1595001.79,8.62888889
180.166667,1595587.08,8.62986111
180.2,1596172.53,8.63083333
180.233333,1596758.14,8.63180556
180.266667,1597343.89,8.63277778
180.3,1597929.86,8.63375
180.333333,1598515.98,8.63472222
180.366667,1599102.26,8.63569444
180.4,1599688.69,8.63666667
180.433333,1600275.29,8.63763889
180.466667,1600862.09,8.63861111
180.5,1601449.03,8.63958333
180.533333,1602036.13,8.64055556
180.566667,1602623.39,8.64152778
180.6,1603210.84,8.6425
180.633333,1603798.46,8.64347222
180.666667,1604386.24,8.64444444
180.7,1604974.16,8.64541667
180.733333,1605562.26,8.64638889
180.766667,1606150.55,8.64736111
180.8,1606739,8.64833333
180.833333,1607327.6,8.64930556
180.866667,1607916.35,8.65027778
180.9,1608505.3,8.65125
180.933333,1609094.42,8.65222222
180.966667,1609683.69,8.65319444
181,1610273.12,8.65416667
181.033333,1610862.71,8.65513889
181.066667,1611452.51,8.65611111
181.1,1612042.45,8.65708333
181.133333,1612632.55,8.65805556
181.166667,1613222.81,8.65902778
181.2,1613813.25,8.66
181.233333,1614403.87,8.66097222
181.266667,1614994.65,8.66194444
181.3,1615585.57,8.66291667
181.333333,1616176.66,8.66388889
181.366667,1616767.96,8.66486111
181.4,1617359.41,8.66583333
181.433333,1617951.01,8.66680556
181.466667,1618542.77,8.66777778
181.5,1619134.71,8.66875
181.533333,1619726.83,8.66972222
181.566667,1620319.11,8.67069444
181.6,1620911.54,8.67166667
181.633333,1621504.13,8.67263889
181.666667,1622096.93,8.67361111
181.7,1622689.88,8.67458333
181.733333,1623282.99,8.67555556
181.766667,1623876.25,8.67652778
181.8,1624469.69,8.6775
181.833333,1625063.32,8.67847222
181.866667,1625657.1,8.67944444
181.9,1626251.04,8.68041667
181.933333,1626845.13,8.68138889
181.966667,1627439.43,8.68236111
182,1628033.89,8.68333333
182.033333,1628628.51,8.68430556
182.066667,1629223.27,8.68527778
182.1,1629818.22,8.68625
182.133333,1630413.35,8.68722222
182.166667,1631008.64,8.68819444
182.2,1631604.09,8.68916667
182.233333,1632199.69,8.69013889
182.266667,1632795.49,8.69111111
182.3,1633391.45,8.69208333
182.333333,1633987.58,8.69305556
182.366667,1634583.85,8.69402778
182.4,1635180.3,8.695
182.433333,1635776.94,8.69597222
182.466667,1636373.74,8.69694444
182.5,1636970.69,8.69791667
182.533333,1637567.8,8.69888889
182.566667,1638165.11,8.69986111
182.6,1638762.58,8.70083333
182.633333,1639360.21,8.70180556
182.666667,1639958,8.70277778
182.7,1640555.95,8.70375
182.733333,1641154.1,8.70472222
182.766667,1641752.41,8.70569444
182.8,1642350.88,8.70666667
182.833333,1642949.5,8.70763889
182.866667,1643548.31,8.70861111
182.9,1644147.3,8.70958333
182.933333,1644746.44,8.71055556
182.966667,1645345.74,8.71152778
183,1645945.19,8.7125
183.033333,1646544.86,8.71347222
183.066667,1647144.68,8.71444444
183.1,1647744.66,8.71541667
183.133333,1648344.79,8.71638889
183.166667,1648945.1,8.71736111
183.2,1649545.6,8.71833333
183.233333,1650146.26,8.71930556
183.266667,1650747.07,8.72027778
183.3,1651348.04,8.72125
183.333333,1651949.21,8.72222222
183.366667,1652550.55,8.72319444
183.4,1653152.04,8.72416667
183.433333,1653753.69,8.72513889
183.466667,1654355.51,8.72611111
183.5,1654957.53,8.72708333
183.533333,1655559.7,8.72805556
183.566667,1656162.02,8.72902778
183.6,1656764.5,8.73
183.633333,1657367.19,8.73097222
183.666667,1657970.04,8.73194444
183.7,1658573.05,8.73291667
183.733333,1659176.21,8.73388889
183.766667,1659779.54,8.73486111
183.8,1660383.07,8.73583333
183.833333,1660986.76,8.73680556
183.866667,1661590.6,8.73777778
183.9,1662194.6,8.73875
183.933333,1662798.8,8.73972222
183.966667,1663403.16,8.74069444
184,1664007.69,8.74166667
184.033333,1664612.36,8.74263889
184.066667,1665217.21,8.74361111
184.1,1665822.26,8.74458333
184.133333,1666427.46,8.74555556
184.166667,1667032.82,8.74652778
184.2,1667638.34,8.7475
184.233333,1668244.05,8.74847222
184.266667,1668849.93,8.74944444
184.3,1669455.97,8.75041667
184.333333,1670062.17,8.75138889
184.366667,1670668.53,8.75236111
184.4,1671275.1,8.75333333
184.433333,1671881.82,8.75430556
184.466667,1672488.7,8.75527778
184.5,1673095.73,8.75625
184.533333,1673702.96,8.75722222
184.566667,1674310.36,8.75819444
184.6,1674917.93,8.75916667
184.633333,1675525.64,8.76013889
184.666667,1676133.52,8.76111111
184.7,1676741.6,8.76208333
184.733333,1677349.85,8.76305556
184.766667,1677958.25,8.76402778
184.8,1678566.8,8.765
184.833333,1679175.54,8.76597222
184.866667,1679784.47,8.76694444
184.9,1680393.55,8.76791667
184.933333,1681002.79,8.76888889
184.966667,1681612.18,8.76986111
185,1682221.79,8.77083333
185.033333,1682831.55,8.77180556
185.066667,1683441.47,8.77277778
185.1,1684051.55,8.77375
185.133333,1684661.81,8.77472222
185.166667,1685272.26,8.77569444
185.2,1685882.86,8.77666667
185.233333,1686493.62,8.77763889
185.266667,1687104.54,8.77861111
185.3,1687715.66,8.77958333
185.333333,1688326.95,8.78055556
185.366667,1688938.4,8.78152778
185.4,1689550,8.7825
185.433333,1690161.77,8.78347222
185.466667,1690773.74,8.78444444
185.5,1691385.87,8.78541667
185.533333,1691998.16,8.78638889
185.566667,1692610.6,8.78736111
185.6,1693223.24,8.78833333
185.633333,1693836.05,8.78930556
185.666667,1694449.02,8.79027778
185.7,1695062.15,8.79125
185.733333,1695675.44,8.79222222
185.766667,1696288.94,8.79319444
185.8,1696902.59,8.79416667
185.833333,1697516.4,8.79513889
185.866667,1698130.37,8.79611111
185.9,1698744.53,8.79708333
185.933333,1699358.87,8.79805556
185.966667,1699973.37,8.79902778
186,1700588.02,8.8
186.033333,1701202.83,8.80097222
186.066667,1701817.85,8.80194444
186.1,1702433.03,8.80291667
186.133333,1703048.37,8.80388889
186.166667,1703663.87,8.80486111
186.2,1704279.55,8.80583333
186.233333,1704895.41,8.80680556
186.266667,1705511.44,8.80777778
186.3,1706127.61,8.80875
186.333333,1706743.95,8.80972222
186.366667,1707360.5,8.81069444
186.4,1707977.21,8.81166667
186.433333,1708594.07,8.81263889
186.466667,1709211.09,8.81361111
186.5,1709828.3,8.81458333
186.533333,1710445.69,8.81555556
186.566667,1711063.24,8.81652778
186.6,1711680.95,8.8175
186.633333,1712298.81,8.81847222
186.666667,1712916.89,8.81944444
186.7,1713535.13,8.82041667
186.733333,1714153.52,8.82138889
186.766667,1714772.07,8.82236111
186.8,1715390.8,8.82333333
186.833333,1716009.72,8.82430556
186.866667,1716628.8,8.82527778
186.9,1717248.04,8.82625
186.933333,1717867.43,8.82722222
186.966667,1718487.03,8.82819444
187,1719106.79,8.82916667
187.033333,1719726.72,8.83013889
187.066667,1720346.8,8.83111111
187.1,1720967.05,8.83208333
187.133333,1721587.5,8.83305556
187.166667,1722208.11,8.83402778
187.2,1722828.88,8.835
187.233333,1723449.81,8.83597222
187.266667,1724070.93,8.83694444
187.3,1724692.23,8.83791667
187.333333,1725313.68,8.83888889
187.366667,1725935.29,8.83986111
187.4,1726557.07,8.84083333
187.433333,1727179.05,8.84180556
187.466667,1727801.19,8.84277778
187.5,1728423.49,8.84375
187.533333,1729045.95,8.84472222
187.566667,1729668.6,8.84569444
187.6,1730291.43,8.84666667
187.633333,1730914.41,8.84763889
187.666667,1731537.56,8.84861111
187.7,1732160.86,8.84958333
187.733333,1732784.38,8.85055556
187.766667,1733408.05,8.85152778
187.8,1734031.88,8.8525
187.833333,1734655.87,8.85347222
187.866667,1735280.05,8.85444444
187.9,1735904.41,8.85541667
187.933333,1736528.93,8.85638889
187.966667,1737153.61,8.85736111
188,1737778.44,8.85833333
188.033333,1738403.49,8.85930556
188.066667,1739028.69,8.86027778
188.1,1739654.06,8.86125
188.133333,1740279.58,8.86222222
188.166667,1740905.28,8.86319444
188.2,1741531.18,8.86416667
188.233333,1742157.23,8.86513889
188.266667,1742783.44,8.86611111
188.3,1743409.81,8.86708333
188.333333,1744036.39,8.86805556
188.366667,1744663.13,8.86902778
188.4,1745290.03,8.87
188.433333,1745917.09,8.87097222
188.466667,1746544.32,8.87194444
188.5,1747171.75,8.87291667
188.533333,1747799.34,8.87388889
188.566667,1748427.08,8.87486111
188.6,1749054.98,8.87583333
188.633333,1749683.09,8.87680556
188.666667,1750311.36,8.87777778
188.7,1750939.8,8.87875
188.733333,1751568.39,8.87972222
188.766667,1752197.15,8.88069444
188.8,1752826.12,8.88166667
188.833333,1753455.24,8.88263889
188.866667,1754084.52,8.88361111
188.9,1754713.96,8.88458333
188.933333,1755343.59,8.88555556
188.966667,1755973.41,8.88652778
189,1756603.38,8.8875
189.033333,1757233.51,8.88847222
189.066667,1757863.8,8.88944444
189.1,1758494.3,8.89041667
189.133333,1759124.96,8.89138889
189.166667,1759755.78,8.89236111
189.2,1760386.75,8.89333333
189.233333,1761017.92,8.89430556
189.266667,1761649.27,8.89527778
189.3,1762280.77,8.89625
189.333333,1762912.44,8.89722222
189.366667,1763544.26,8.89819444
189.4,1764176.3,8.89916667
189.433333,1764808.5,8.90013889
189.466667,1765440.85,8.90111111
189.5,1766073.36,8.90208333
189.533333,1766706.06,8.90305556
189.566667,1767338.95,8.90402778
189.6,1767971.99,8.905
189.633333,1768605.19,8.90597222
189.666667,1769238.55,8.90694444
189.7,1769872.12,8.90791667
189.733333,1770505.86,8.90888889
189.766667,1771139.75,8.90986111
189.8,1771773.8,8.91083333
189.833333,1772408.03,8.91180556
189.866667,1773042.45,8.91277778
189.9,1773677.04,8.91375
189.933333,1774311.78,8.91472222
189.966667,1774946.68,8.91569444
190,1775581.78,8.91666667
190.033333,1776217.05,8.91763889
190.066667,1776852.48,8.91861111
190.1,1777488.07,8.91958333
190.133333,1778123.83,8.92055556
190.166667,1778759.8,8.92152778
190.2,1779395.92,8.9225
190.233333,1780032.2,8.92347222
190.266667,1780668.63,8.92444444
190.3,1781305.27,8.92541667
190.333333,1781942.08,8.92638889
190.366667,1782579.05,8.92736111
190.4,1783216.18,8.92833333
190.433333,1783853.47,8.92930556
190.466667,1784490.97,8.93027778
190.5,1785128.64,8.93125
190.533333,1785766.45,8.93222222
190.566667,1786404.43,8.93319444
190.6,1787042.6,8.93416667
190.633333,1787680.95,8.93513889
190.666667,1788319.46,8.93611111
190.7,1788958.13,8.93708333
190.733333,1789596.95,8.93805556
190.766667,1790236,8.93902778
190.8,1790875.2,8.94
190.833333,1791514.56,8.94097222
190.866667,1792154.07,8.94194444
190.9,1792793.77,8.94291667
190.933333,1793433.67,8.94388889
190.966667,1794073.72,8.94486111
191,1794713.92,8.94583333
191.033333,1795354.29,8.94680556
191.066667,1795994.87,8.94777778
191.1,1796635.61,8.94875
191.133333,1797276.51,8.94972222
191.166667,1797917.56,8.95069444
191.2,1798558.8,8.95166667
191.233333,1799200.23,8.95263889
191.266667,1799841.82,8.95361111
191.3,1800483.57,8.95458333
191.333333,1801125.48,8.95555556
191.366667,1801767.59,8.95652778
191.4,1802409.87,8.9575
191.433333,1803052.31,8.95847222
191.466667,1803694.91,8.95944444
191.5,1804337.68,8.96041667
191.533333,1804980.65,8.96138889
191.566667,1805623.78,8.96236111
191.6,1806267.07,8.96333333
191.633333,1806910.52,8.96430556
191.666667,1807554.17,8.96527778
191.7,1808197.99,8.96625
191.733333,1808841.97,8.96722222
191.766667,1809486.11,8.96819444
191.8,1810130.41,8.96916667
191.833333,1810774.93,8.97013889
191.866667,1811419.6,8.97111111
191.9,1812064.43,8.97208333
191.933333,1812709.42,8.97305556
191.966667,1813354.6,8.97402778
192,1813999.97,8.975
192.033333,1814645.49,8.97597222
192.066667,1815291.17,8.97694444
192.1,1815937.01,8.97791667
192.133333,1816583.06,8.97888889
192.166667,1817229.28,8.97986111
192.2,1817875.65,8.98083333
192.233333,1818522.18,8.98180556
192.266667,1819168.9,8.98277778
192.3,1819815.8,8.98375
192.333333,1820462.87,8.98472222
192.366667,1821110.09,8.98569444
192.4,1821757.47,8.98666667
192.433333,1822405.06,8.98763889
192.466667,1823052.82,8.98861111
192.5,1823700.73,8.98958333
192.533333,1824348.8,8.99055556
192.566667,1824997.06,8.99152778
192.6,1825645.5,8.9925
192.633333,1826294.11,8.99347222
192.666667,1826942.87,8.99444444
192.7,1827591.79,8.99541667
192.733333,1828240.93,8.99638889
192.766667,1828890.22,8.99736111
192.8,1829539.68,8.99833333
192.833333,1830189.29,8.99930556
192.866667,1830839.08,9.00027778
192.9,1831489.07,9.00125
192.933333,1832139.22,9.00222222
192.966667,1832789.52,9.00319444
193,1833439.99,9.00416667
193.033333,1834090.65,9.00513889
193.066667,1834741.49,9.00611111
193.1,1835392.49,9.00708333
193.133333,1836043.65,9.00805556
193.166667,1836694.97,9.00902778
193.2,1837346.5,9.01
193.233333,1837998.19,9.01097222
193.266667,1838650.04,9.01194444
193.3,1839302.05,9.01291667
193.333333,1839954.25,9.01388889
193.366667,1840606.63,9.01486111
193.4,1841259.17,9.01583333
193.433333,1841911.87,9.01680556
193.466667,1842564.73,9.01777778
193.5,1843217.8,9.01875
193.533333,1843871.04,9.01972222
193.566667,1844524.43,9.02069444
193.6,1845177.97,9.02166667
193.633333,1845831.71,9.02263889
193.666667,1846485.64,9.02361111
193.7,1847139.72,9.02458333
193.733333,1847793.96,9.02555556
193.766667,1848448.36,9.02652778
193.8,1849102.97,9.0275
193.833333,1849757.75,9.02847222
193.866667,1850412.68,9.02944444
193.9,1851067.77,9.03041667
193.933333,1851723.04,9.03138889
193.966667,1852378.51,9.03236111
194,1853034.13,9.03333333
194.033333,1853689.91,9.03430556
194.066667,1854345.85,9.03527778
194.1,1855002.01,9.03625
194.133333,1855658.32,9.03722222
194.166667,1856314.8,9.03819444
194.2,1856971.43,9.03916667
194.233333,1857628.24,9.04013889
194.266667,1858285.25,9.04111111
194.3,1858942.42,9.04208333
194.333333,1859599.74,9.04305556
194.366667,1860257.22,9.04402778
194.4,1860914.91,9.045
194.433333,1861572.77,9.04597222
194.466667,1862230.78,9.04694444
194.5,1862888.96,9.04791667
194.533333,1863547.31,9.04888889
194.566667,1864205.86,9.04986111
194.6,1864864.56,9.05083333
194.633333,1865523.43,9.05180556
194.666667,1866182.45,9.05277778
194.7,1866841.68,9.05375
194.733333,1867501.08,9.05472222
194.766667,1868160.64,9.05569444
194.8,1868820.35,9.05666667
194.833333,1869480.24,9.05763889
194.866667,1870140.33,9.05861111
194.9,1870800.58,9.05958333
194.933333,1871460.99,9.06055556
194.966667,1872121.55,9.06152778
195,1872782.31,9.0625
195.033333,1873443.25,9.06347222
195.066667,1874104.35,9.06444444
195.1,1874765.61,9.06541667
195.133333,1875427.03,9.06638889
195.166667,1876088.67,9.06736111
195.2,1876750.46,9.06833333
195.233333,1877412.41,9.06930556
195.266667,1878074.51,9.07027778
195.3,1878736.81,9.07125
195.333333,1879399.29,9.07222222
195.366667,1880061.93,9.07319444
195.4,1880724.73,9.07416667
195.433333,1881387.69,9.07513889
195.466667,1882050.86,9.07611111
195.5,1882714.2,9.07708333
195.533333,1883377.69,9.07805556
195.566667,1884041.33,9.07902778
195.6,1884705.17,9.08
195.633333,1885369.19,9.08097222
195.666667,1886033.37,9.08194444
195.7,1886697.71,9.08291667
195.733333,1887362.21,9.08388889
195.766667,1888026.92,9.08486111
195.8,1888691.79,9.08583333
195.833333,1889356.82,9.08680556
195.866667,1890022.01,9.08777778
195.9,1890687.38,9.08875
195.933333,1891352.95,9.08972222
195.966667,1892018.67,9.09069444
196,1892684.55,9.09166667
196.033333,1893350.59,9.09263889
196.066667,1894016.83,9.09361111
196.1,1894683.25,9.09458333
196.133333,1895349.82,9.09555556
196.166667,1896016.55,9.09652778
196.2,1896683.45,9.0975
196.233333,1897350.56,9.09847222
196.266667,1898017.82,9.09944444
196.3,1898685.24,9.10041667
196.333333,1899352.82,9.10138889
196.366667,1900020.6,9.10236111
196.4,1900688.55,9.10333333
196.433333,1901356.66,9.10430556
196.466667,1902024.93,9.10527778
196.5,1902693.37,9.10625
196.533333,1903362.02,9.10722222
196.566667,1904030.82,9.10819444
196.6,1904699.78,9.10916667
196.633333,1905368.9,9.11013889
196.666667,1906038.21,9.11111111
196.7,1906707.7,9.11208333
196.733333,1907377.36,9.11305556
196.766667,1908047.17,9.11402778
196.8,1908717.14,9.115
196.833333,1909387.32,9.11597222
196.866667,1910057.66,9.11694444
196.9,1910728.16,9.11791667
196.933333,1911398.82,9.11888889
196.966667,1912069.67,9.11986111
197,1912740.7,9.12083333
197.033333,1913411.89,9.12180556
197.066667,1914083.24,9.12277778
197.1,1914754.75,9.12375
197.133333,1915426.47,9.12472222
197.166667,1916098.35,9.12569444
197.2,1916770.39,9.12666667
197.233333,1917442.59,9.12763889
197.266667,1918114.96,9.12861111
197.3,1918787.54,9.12958333
197.333333,1919460.27,9.13055556
197.366667,1920133.15,9.13152778
197.4,1920806.2,9.1325
197.433333,1921479.45,9.13347222
197.466667,1922152.87,9.13444444
197.5,1922826.45,9.13541667
197.533333,1923500.18,9.13638889
197.566667,1924174.09,9.13736111
197.6,1924848.2,9.13833333
197.633333,1925522.47,9.13930556
197.666667,1926196.9,9.14027778
197.7,1926871.48,9.14125
197.733333,1927546.26,9.14222222
197.766667,1928221.22,9.14319444
197.8,1928896.34,9.14416667
197.833333,1929571.61,9.14513889
197.866667,1930247.05,9.14611111
197.9,1930922.7,9.14708333
197.933333,1931598.5,9.14805556
197.966667,1932274.46,9.14902778
198,1932950.58,9.15
198.033333,1933626.9,9.15097222
198.066667,1934303.39,9.15194444
198.1,1934980.05,9.15291667
198.133333,1935656.85,9.15388889
198.166667,1936333.83,9.15486111
198.2,1937011.01,9.15583333
198.233333,1937688.35,9.15680556
198.266667,1938365.85,9.15777778
198.3,1939043.51,9.15875
198.333333,1939721.35,9.15972222
198.366667,1940399.38,9.16069444
198.4,1941077.57,9.16166667
198.433333,1941755.92,9.16263889
198.466667,1942434.42,9.16361111
198.5,1943113.14,9.16458333
198.533333,1943792.01,9.16555556
198.566667,1944471.05,9.16652778
198.6,1945150.24,9.1675
198.633333,1945829.62,9.16847222
198.666667,1946509.18,9.16944444
198.7,1947188.9,9.17041667
198.733333,1947868.78,9.17138889
198.766667,1948548.82,9.17236111
198.8,1949229.07,9.17333333
198.833333,1949909.48,9.17430556
198.866667,1950590.05,9.17527778
198.9,1951270.78,9.17625
198.933333,1951951.68,9.17722222
198.966667,1952632.78,9.17819444
199,1953314.04,9.17916667
199.033333,1953995.45,9.18013889
199.066667,1954677.02,9.18111111
199.1,1955358.8,9.18208333
199.133333,1956040.75,9.18305556
199.166667,1956722.85,9.18402778
199.2,1957405.11,9.185
199.233333,1958087.54,9.18597222
199.266667,1958770.17,9.18694444
199.3,1959452.97,9.18791667
199.333333,1960135.91,9.18888889
199.366667,1960819.02,9.18986111
199.4,1961502.32,9.19083333
199.433333,1962185.8,9.19180556
199.466667,1962869.44,9.19277778
199.5,1963553.23,9.19375
199.533333,1964237.19,9.19472222
199.566667,1964921.35,9.19569444
199.6,1965605.68,9.19666667
199.633333,1966290.15,9.19763889
199.666667,1966974.79,9.19861111
199.7,1967659.62,9.19958333
199.733333,1968344.63,9.20055556
199.766667,1969029.8,9.20152778
199.8,1969715.12,9.2025
199.833333,1970400.61,9.20347222
199.866667,1971086.3,9.20444444
199.9,1971772.16,9.20541667
199.933333,1972458.17,9.20638889
199.966667,1973144.34,9.20736111
200,1973830.69,9.20833333
200.033333,1974517.23,9.20930556
200.066667,1975203.93,9.21027778
200.1,1975890.79,9.21125
200.133333,1976577.8,9.21222222
200.166667,1977265.02,9.21319444
200.2,1977952.41,9.21416667
200.233333,1978639.95,9.21513889
200.266667,1979327.65,9.21611111
200.3,1980015.52,9.21708333
200.333333,1980703.59,9.21805556
200.366667,1981391.82,9.21902778
200.4,1982080.21,9.22
200.433333,1982768.75,9.22097222
200.466667,1983457.49,9.22194444
200.5,1984146.41,9.22291667
200.533333,1984835.48,9.22388889
200.566667,1985524.7,9.22486111
200.6,1986214.11,9.22583333
200.633333,1986903.7,9.22680556
200.666667,1987593.46,9.22777778
200.7,1988283.37,9.22875
200.733333,1988973.44,9.22972222
200.766667,1989663.71,9.23069444
200.8,1990354.15,9.23166667
200.833333,1991044.75,9.23263889
200.866667,1991735.5,9.23361111
200.9,1992426.43,9.23458333
200.933333,1993117.55,9.23555556
200.966667,1993808.84,9.23652778
201,1994500.28,9.2375
201.033333,1995191.87,9.23847222
201.066667,1995883.66,9.23944444
201.1,1996575.63,9.24041667
201.133333,1997267.75,9.24138889
201.166667,1997960.03,9.24236111
201.2,1998652.48,9.24333333
201.233333,1999345.13,9.24430556
201.266667,2000037.94,9.24527778
201.3,2000730.9,9.24625
201.333333,2001424.02,9.24722222
201.366667,2002117.33,9.24819444
201.4,2002810.83,9.24916667
201.433333,2003504.47,9.25013889
201.466667,2004198.28,9.25111111
201.5,2004892.24,9.25208333
201.533333,2005586.42,9.25305556
201.566667,2006280.75,9.25402778
201.6,2006975.24,9.255
201.633333,2007669.88,9.25597222
201.666667,2008364.71,9.25694444
201.7,2009059.73,9.25791667
201.733333,2009754.9,9.25888889
201.766667,2010450.23,9.25986111
201.8,2011145.71,9.26083333
201.833333,2011841.41,9.26180556
201.866667,2012537.26,9.26277778
201.9,2013233.28,9.26375
201.933333,2013929.44,9.26472222
201.966667,2014625.79,9.26569444
202,2015322.33,9.26666667
202.033333,2016019.02,9.26763889
202.066667,2016715.87,9.26861111
202.1,2017412.88,9.26958333
202.133333,2018110.09,9.27055556
202.166667,2018807.47,9.27152778
202.2,2019505,9.2725
202.233333,2020202.69,9.27347222
202.266667,2020900.55,9.27444444
202.3,2021598.61,9.27541667
202.333333,2022296.82,9.27638889
202.366667,2022995.19,9.27736111
202.4,2023693.72,9.27833333
202.433333,2024392.44,9.27930556
202.466667,2025091.34,9.28027778
202.5,2025790.39,9.28125
202.533333,2026489.6,9.28222222
202.566667,2027188.97,9.28319444
202.6,2027888.55,9.28416667
202.633333,2028588.29,9.28513889
202.666667,2029288.18,9.28611111
202.7,2029988.22,9.28708333
202.733333,2030688.46,9.28805556
202.766667,2031388.87,9.28902778
202.8,2032089.44,9.29
202.833333,2032790.17,9.29097222
202.866667,2033491.05,9.29194444
202.9,2034192.15,9.29291667
202.933333,2034893.4,9.29388889
202.966667,2035594.81,9.29486111
203,2036296.37,9.29583333
203.033333,2036998.12,9.29680556
203.066667,2037700.05,9.29777778
203.1,2038402.14,9.29875
203.133333,2039104.38,9.29972222
203.166667,2039806.78,9.30069444
203.2,2040509.39,9.30166667
203.233333,2041212.16,9.30263889
203.266667,2041915.08,9.30361111
203.3,2042618.16,9.30458333
203.333333,2043321.41,9.30555556
203.366667,2044024.86,9.30652778
203.4,2044728.46,9.3075
203.433333,2045432.22,9.30847222
203.466667,2046136.13,9.30944444
203.5,2046840.25,9.31041667
203.533333,2047544.53,9.31138889
203.566667,2048248.96,9.31236111
203.6,2048953.56,9.31333333
203.633333,2049658.32,9.31430556
203.666667,2050363.28,9.31527778
203.7,2051068.39,9.31625
203.733333,2051773.66,9.31722222
203.766667,2052479.09,9.31819444
203.8,2053184.71,9.31916667
203.833333,2053890.51,9.32013889
203.866667,2054596.45,9.32111111
203.9,2055302.56,9.32208333
203.933333,2056008.83,9.32305556
203.966667,2056715.3,9.32402778
204,2057421.92,9.325
204.033333,2058128.7,9.32597222
204.066667,2058835.64,9.32694444
204.1,2059542.77,9.32791667
204.133333,2060250.07,9.32888889
204.166667,2060957.53,9.32986111
204.2,2061665.14,9.33083333
204.233333,2062372.91,9.33180556
204.266667,2063080.89,9.33277778
204.3,2063789.03,9.33375
204.333333,2064497.32,9.33472222
204.366667,2065205.76,9.33569444
204.4,2065914.39,9.33666667
204.433333,2066623.21,9.33763889
204.466667,2067332.17,9.33861111
204.5,2068041.29,9.33958333
204.533333,2068750.56,9.34055556
204.566667,2069460.03,9.34152778
204.6,2070169.64,9.3425
204.633333,2070879.39,9.34347222
204.666667,2071589.27,9.34444444
204.7,2072299.3,9.34541667
204.733333,2073009.51,9.34638889
204.766667,2073719.86,9.34736111
204.8,2074430.36,9.34833333
204.833333,2075141.01,9.34930556
204.866667,2075851.86,9.35027778
204.9,2076562.87,9.35125
204.933333,2077274.03,9.35222222
204.966667,2077985.34,9.35319444
205,2078696.8,9.35416667
205.033333,2079408.44,9.35513889
205.066667,2080120.22,9.35611111
205.1,2080832.13,9.35708333
205.133333,2081544.19,9.35805556
205.166667,2082256.45,9.35902778
205.2,2082968.86,9.36
205.233333,2083681.43,9.36097222
205.266667,2084394.15,9.36194444
205.3,2085107.03,9.36291667
205.333333,2085820.1,9.36388889
205.366667,2086533.31,9.36486111
205.4,2087246.67,9.36583333
205.433333,2087960.16,9.36680556
205.466667,2088673.83,9.36777778
205.5,2089387.67,9.36875
205.533333,2090101.65,9.36972222
205.566667,2090815.77,9.37069444
205.6,2091530.06,9.37166667
205.633333,2092244.54,9.37263889
205.666667,2092959.17,9.37361111
205.7,2093673.95,9.37458333
205.733333,2094388.86,9.37555556
205.766667,2095103.96,9.37652778
205.8,2095819.21,9.3775
205.833333,2096534.61,9.37847222
205.866667,2097250.14,9.37944444
205.9,2097965.83,9.38041667
205.933333,2098681.71,9.38138889
205.966667,2099397.73,9.38236111
206,2100113.91,9.38333333
206.033333,2100830.22,9.38430556
206.066667,2101546.71,9.38527778
206.1,2102263.37,9.38625
206.133333,2102980.17,9.38722222
206.166667,2103697.11,9.38819444
206.2,2104414.19,9.38916667
206.233333,2105131.46,9.39013889
206.266667,2105848.87,9.39111111
206.3,2106566.43,9.39208333
206.333333,2107284.13,9.39305556
206.366667,2108001.99,9.39402778
206.4,2108720.03,9.395
206.433333,2109438.22,9.39597222
206.466667,2110156.54,9.39694444
206.5,2110875.01,9.39791667
206.533333,2111593.66,9.39888889
206.566667,2112312.46,9.39986111
206.6,2113031.39,9.40083333
206.633333,2113750.47,9.40180556
206.666667,2114469.7,9.40277778
206.7,2115189.11,9.40375
206.733333,2115908.67,9.40472222
206.766667,2116628.36,9.40569444
206.8,2117348.2,9.40666667
206.833333,2118068.23,9.40763889
206.866667,2118788.4,9.40861111
206.9,2119508.72,9.40958333
206.933333,2120229.17,9.41055556
206.966667,2120949.78,9.41152778
207,2121670.57,9.4125
207.033333,2122391.49,9.41347222
207.066667,2123112.57,9.41444444
207.1,2123833.78,9.41541667
207.133333,2124555.17,9.41638889
207.166667,2125276.73,9.41736111
207.2,2125998.42,9.41833333
207.233333,2126720.26,9.41930556
207.266667,2127442.25,9.42027778
207.3,2128164.42,9.42125
207.333333,2128886.74,9.42222222
207.366667,2129609.2,9.42319444
207.4,2130331.8,9.42416667
207.433333,2131054.57,9.42513889
207.466667,2131777.51,9.42611111
207.5,2132500.6,9.42708333
207.533333,2133223.83,9.42805556
207.566667,2133947.2,9.42902778
207.6,2134670.77,9.43
207.633333,2135394.49,9.43097222
207.666667,2136118.34,9.43194444
207.7,2136842.35,9.43291667
207.733333,2137566.51,9.43388889
207.766667,2138290.86,9.43486111
207.8,2139015.35,9.43583333
207.833333,2139739.98,9.43680556
207.866667,2140464.75,9.43777778
207.9,2141189.73,9.43875
207.933333,2141914.85,9.43972222
207.966667,2142640.12,9.44069444
208,2143365.53,9.44166667
208.033333,2144091.11,9.44263889
208.066667,2144816.87,9.44361111
208.1,2145542.77,9.44458333
208.133333,2146268.81,9.44555556
208.166667,2146995.01,9.44652778
208.2,2147721.39,9.4475
208.233333,2148447.93,9.44847222
208.266667,2149174.61,9.44944444
208.3,2149901.44,9.45041667
208.333333,2150628.43,9.45138889
208.366667,2151355.61,9.45236111
208.4,2152082.93,9.45333333
208.433333,2152810.39,9.45430556
208.466667,2153538,9.45527778
208.5,2154265.8,9.45625
208.533333,2154993.75,9.45722222
208.566667,2155721.85,9.45819444
208.6,2156450.1,9.45916667
208.633333,2157178.5,9.46013889
208.666667,2157907.09,9.46111111
208.7,2158635.83,9.46208333
208.733333,2159364.71,9.46305556
208.766667,2160093.74,9.46402778
208.8,2160822.94,9.465
208.833333,2161552.31,9.46597222
208.866667,2162281.83,9.46694444
208.9,2163011.49,9.46791667
208.933333,2163741.29,9.46888889
208.966667,2164471.29,9.46986111
209,2165201.44,9.47083333
209.033333,2165931.73,9.47180556
209.066667,2166662.17,9.47277778
209.1,2167392.77,9.47375
209.133333,2168123.55,9.47472222
209.166667,2168854.47,9.47569444
209.2,2169585.53,9.47666667
209.233333,2170316.74,9.47763889
209.266667,2171048.14,9.47861111
209.3,2171779.69,9.47958333
209.333333,2172511.38,9.48055556
209.366667,2173243.21,9.48152778
209.4,2173975.21,9.4825
209.433333,2174707.39,9.48347222
209.466667,2175439.71,9.48444444
209.5,2176172.16,9.48541667
209.533333,2176904.77,9.48638889
209.566667,2177637.56,9.48736111
209.6,2178370.5,9.48833333
209.633333,2179103.58,9.48930556
209.666667,2179836.81,9.49027778
209.7,2180570.19,9.49125
209.733333,2181303.76,9.49222222
209.766667,2182037.46,9.49319444
209.8,2182771.31,9.49416667
209.833333,2183505.3,9.49513889
209.866667,2184239.48,9.49611111
209.9,2184973.81,9.49708333
209.933333,2185708.28,9.49805556
209.966667,2186442.89,9.49902778
210,2187177.66,9.5
210.033333,2187912.61,9.50097222
210.066667,2188647.71,9.50194444
210.1,2189382.94,9.50291667
210.133333,2190118.32,9.50388889
210.166667,2190853.88,9.50486111
210.2,2191589.6,9.50583333
210.233333,2192325.46,9.50680556
210.266667,2193061.46,9.50777778
210.3,2193797.61,9.50875
210.333333,2194533.95,9.50972222
210.366667,2195270.43,9.51069444
210.4,2196007.06,9.51166667
210.433333,2196743.82,9.51263889
210.466667,2197480.77,9.51361111
210.5,2198217.87,9.51458333
210.533333,2198955.12,9.51555556
210.566667,2199692.52,9.51652778
210.6,2200430.05,9.5175
210.633333,2201167.79,9.51847222
210.666667,2201905.66,9.51944444
210.7,2202643.68,9.52041667
210.733333,2203381.84,9.52138889
210.766667,2204120.17,9.52236111
210.8,2204858.67,9.52333333
210.833333,2205597.32,9.52430556
210.866667,2206336.11,9.52527778
210.9,2207075.04,9.52625
210.933333,2207814.17,9.52722222
210.966667,2208553.44,9.52819444
211,2209292.85,9.52916667
211.033333,2210032.41,9.53013889
211.066667,2210772.14,9.53111111
211.1,2211512.04,9.53208333
211.133333,2212252.08,9.53305556
211.166667,2212992.27,9.53402778
211.2,2213732.6,9.535
211.233333,2214473.12,9.53597222
211.266667,2215213.79,9.53694444
211.3,2215954.61,9.53791667
211.333333,2216695.57,9.53888889
211.366667,2217436.69,9.53986111
211.4,2218177.99,9.54083333
211.433333,2218919.43,9.54180556
211.466667,2219661.02,9.54277778
211.5,2220402.75,9.54375
211.533333,2221144.67,9.54472222
211.566667,2221886.74,9.54569444
211.6,2222628.96,9.54666667
211.633333,2223371.32,9.54763889
211.666667,2224113.83,9.54861111
211.7,2224856.53,9.54958333
211.733333,2225599.38,9.55055556
211.766667,2226342.36,9.55152778
211.8,2227085.49,9.5525
211.833333,2227828.8,9.55347222
211.866667,2228572.27,9.55444444
211.9,2229315.89,9.55541667
211.933333,2230059.64,9.55638889
211.966667,2230803.55,9.55736111
212,2231547.64,9.55833333
212.033333,2232291.88,9.55930556
212.066667,2233036.26,9.56027778
212.1,2233780.79,9.56125
212.133333,2234525.48,9.56222222
212.166667,2235270.35,9.56319444
212.2,2236015.35,9.56416667
212.233333,2236760.5,9.56513889
212.266667,2237505.79,9.56611111
212.3,2238251.27,9.56708333
212.333333,2238996.9,9.56805556
212.366667,2239742.67,9.56902778
212.4,2240488.58,9.57
212.433333,2241234.66,9.57097222
212.466667,2241980.91,9.57194444
212.5,2242727.3,9.57291667
212.533333,2243473.83,9.57388889
212.566667,2244220.51,9.57486111
212.6,2244967.37,9.57583333
212.633333,2245714.38,9.57680556
212.666667,2246461.53,9.57777778
212.7,2247208.83,9.57875
212.733333,2247956.28,9.57972222
212.766667,2248703.91,9.58069444
212.8,2249451.68,9.58166667
212.833333,2250199.59,9.58263889
212.866667,2250947.64,9.58361111
212.9,2251695.88,9.58458333
212.933333,2252444.27,9.58555556
212.966667,2253192.8,9.58652778
213,2253941.47,9.5875
213.033333,2254690.29,9.58847222
213.066667,2255439.3,9.58944444
213.1,2256188.45,9.59041667
213.133333,2256937.73,9.59138889
213.166667,2257687.16,9.59236111
213.2,2258436.77,9.59333333
213.233333,2259186.53,9.59430556
213.266667,2259936.44,9.59527778
213.3,2260686.48,9.59625
213.333333,2261436.67,9.59722222
213.366667,2262187.05,9.59819444
213.4,2262937.57,9.59916667
213.433333,2263688.23,9.60013889
213.466667,2264439.04,9.60111111
213.5,2265190.01,9.60208333
213.533333,2265941.15,9.60305556
213.566667,2266692.42,9.60402778
213.6,2267443.84,9.605
213.633333,2268195.4,9.60597222
213.666667,2268947.15,9.60694444
213.7,2269699.05,9.60791667
213.733333,2270451.08,9.60888889
213.766667,2271203.26,9.60986111
213.8,2271955.6,9.61083333
213.833333,2272708.11,9.61180556
213.866667,2273460.76,9.61277778
213.9,2274213.55,9.61375
213.933333,2274966.48,9.61472222
213.966667,2275719.61,9.61569444
214,2276472.87,9.61666667
214.033333,2277226.28,9.61763889
214.066667,2277979.83,9.61861111
214.1,2278733.54,9.61958333
214.133333,2279487.42,9.62055556
214.166667,2280241.44,9.62152778
214.2,2280995.61,9.6225
214.233333,2281749.91,9.62347222
214.266667,2282504.4,9.62444444
214.3,2283259.04,9.62541667
214.333333,2284013.82,9.62638889
214.366667,2284768.74,9.62736111
214.4,2285523.82,9.62833333
214.433333,2286279.08,9.62930556
214.466667,2287034.47,9.63027778
214.5,2287790.01,9.63125
214.533333,2288545.68,9.63222222
214.566667,2289301.54,9.63319444
214.6,2290057.55,9.63416667
214.633333,2290813.7,9.63513889
214.666667,2291570,9.63611111
214.7,2292326.44,9.63708333
214.733333,2293083.06,9.63805556
214.766667,2293839.83,9.63902778
214.8,2294596.73,9.64
214.833333,2295353.78,9.64097222
214.866667,2296111,9.64194444
214.9,2296868.38,9.64291667
214.933333,2297625.9,9.64388889
214.966667,2298383.56,9.64486111
215,2299141.36,9.64583333
215.033333,2299899.35,9.64680556
215.066667,2300657.48,9.64777778
215.1,2301415.76,9.64875
215.133333,2302174.17,9.64972222
215.166667,2302932.74,9.65069444
215.2,2303691.49,9.65166667
215.233333,2304450.37,9.65263889
215.266667,2305209.39,9.65361111
215.3,2305968.55,9.65458333
215.333333,2306727.9,9.65555556
215.366667,2307487.4,9.65652778
215.4,2308247.03,9.6575
215.433333,2309006.8,9.65847222
215.466667,2309766.73,9.65944444
215.5,2310526.83,9.66041667
215.533333,2311287.07,9.66138889
215.566667,2312047.45,9.66236111
215.6,2312807.97,9.66333333
215.633333,2313568.67,9.66430556
215.666667,2314329.52,9.66527778
215.7,2315090.51,9.66625
215.733333,2315851.63,9.66722222
215.766667,2316612.91,9.66819444
215.8,2317374.37,9.66916667
215.833333,2318135.96,9.67013889
215.866667,2318897.69,9.67111111
215.9,2319659.56,9.67208333
215.933333,2320421.61,9.67305556
215.966667,2321183.8,9.67402778
216,2321946.14,9.675
216.033333,2322708.61,9.67597222
216.066667,2323471.24,9.67694444
216.1,2324234.04,9.67791667
216.133333,2324996.98,9.67888889
216.166667,2325760.06,9.67986111
216.2,2326523.27,9.68083333
216.233333,2327286.66,9.68180556
216.266667,2328050.21,9.68277778
216.3,2328813.89,9.68375
216.333333,2329577.71,9.68472222
216.366667,2330341.67,9.68569444
216.4,2331105.82,9.68666667
216.433333,2331870.1,9.68763889
216.466667,2332634.52,9.68861111
216.5,2333399.08,9.68958333
216.533333,2334163.81,9.69055556
216.566667,2334928.69,9.69152778
216.6,2335693.72,9.6925
216.633333,2336458.88,9.69347222
216.666667,2337224.18,9.69444444
216.7,2337989.66,9.69541667
216.733333,2338755.29,9.69638889
216.766667,2339521.05,9.69736111
216.8,2340286.95,9.69833333
216.833333,2341053.01,9.69930556
216.866667,2341819.24,9.70027778
216.9,2342585.6,9.70125
216.933333,2343352.1,9.70222222
216.966667,2344118.73,9.70319444
217,2344885.56,9.70416667
217.033333,2345652.52,9.70513889
217.066667,2346419.62,9.70611111
217.1,2347186.86,9.70708333
217.133333,2347954.25,9.70805556
217.166667,2348721.81,9.70902778
217.2,2349489.51,9.71
217.233333,2350257.35,9.71097222
217.266667,2351025.32,9.71194444
217.3,2351793.47,9.71291667
217.333333,2352561.77,9.71388889
217.366667,2353330.2,9.71486111
217.4,2354098.77,9.71583333
217.433333,2354867.5,9.71680556
217.466667,2355636.39,9.71777778
217.5,2356405.43,9.71875
217.533333,2357174.6,9.71972222
217.566667,2357943.9,9.72069444
217.6,2358713.38,9.72166667
217.633333,2359483.01,9.72263889
217.666667,2360252.78,9.72361111
217.7,2361022.68,9.72458333
217.733333,2361792.73,9.72555556
217.766667,2362562.95,9.72652778
217.8,2363333.32,9.7275
217.833333,2364103.82,9.72847222
217.866667,2364874.45,9.72944444
217.9,2365645.25,9.73041667
217.933333,2366416.21,9.73138889
217.966667,2367187.31,9.73236111
218,2367958.54,9.73333333
218.033333,2368729.91,9.73430556
218.066667,2369501.46,9.73527778
218.1,2370273.15,9.73625
218.133333,2371044.97,9.73722222
218.166667,2371816.93,9.73819444
218.2,2372589.05,9.73916667
218.233333,2373361.33,9.74013889
218.266667,2374133.75,9.74111111
218.3,2374906.3,9.74208333
218.333333,2375678.99,9.74305556
218.366667,2376451.86,9.74402778
218.4,2377224.87,9.745
218.433333,2377998.02,9.74597222
218.466667,2378771.29,9.74694444
218.5,2379544.73,9.74791667
218.533333,2380318.33,9.74888889
218.566667,2381092.07,9.74986111
218.6,2381865.93,9.75083333
218.633333,2382639.94,9.75180556
218.666667,2383414.12,9.75277778
218.7,2384188.45,9.75375
218.733333,2384962.9,9.75472222
218.766667,2385737.5,9.75569444
218.8,2386512.24,9.75666667
218.833333,2387287.15,9.75763889
218.866667,2388062.2,9.75861111
218.9,2388837.38,9.75958333
218.933333,2389612.69,9.76055556
218.966667,2390388.18,9.76152778
219,2391163.82,9.7625
219.033333,2391939.59,9.76347222
219.066667,2392715.49,9.76444444
219.1,2393491.53,9.76541667
219.133333,2394267.75,9.76638889
219.166667,2395044.11,9.76736111
219.2,2395820.59,9.76833333
219.233333,2396597.21,9.76930556
219.266667,2397374,9.77027778
219.3,2398150.94,9.77125
219.333333,2398928.01,9.77222222
219.366667,2399705.21,9.77319444
219.4,2400482.56,9.77416667
219.433333,2401260.08,9.77513889
219.466667,2402037.74,9.77611111
219.5,2402815.52,9.77708333
219.533333,2403593.44,9.77805556
219.566667,2404371.53,9.77902778
219.6,2405149.77,9.78
219.633333,2405928.14,9.78097222
219.666667,2406706.64,9.78194444
219.7,2407485.28,9.78291667
219.733333,2408264.1,9.78388889
219.766667,2409043.05,9.78486111
219.8,2409822.13,9.78583333
219.833333,2410601.35,9.78680556
219.866667,2411380.72,9.78777778
219.9,2412160.26,9.78875
219.933333,2412939.92,9.78972222
219.966667,2413719.72,9.79069444
220,2414499.65,9.79166667
220.033333,2415279.76,9.79263889
220.066667,2416060,9.79361111
220.1,2416840.38,9.79458333
220.133333,2417620.89,9.79555556
220.166667,2418401.55,9.79652778
220.2,2419182.37,9.7975
220.233333,2419963.33,9.79847222
220.266667,2420744.41,9.79944444
220.3,2421525.63,9.80041667
220.333333,2422307.03,9.80138889
220.366667,2423088.56,9.80236111
220.4,2423870.22,9.80333333
220.433333,2424652.02,9.80430556
220.466667,2425433.96,9.80527778
220.5,2426216.07,9.80625
220.533333,2426998.31,9.80722222
220.566667,2427780.68,9.80819444
220.6,2428563.19,9.80916667
220.633333,2429345.86,9.81013889
220.666667,2430128.68,9.81111111
220.7,2430911.62,9.81208333
220.733333,2431694.7,9.81305556
220.766667,2432477.92,9.81402778
220.8,2433261.31,9.815
220.833333,2434044.84,9.81597222
220.866667,2434828.49,9.81694444
220.9,2435612.27,9.81791667
220.933333,2436396.22,9.81888889
220.966667,2437180.32,9.81986111
221,2437964.54,9.82083333
221.033333,2438748.9,9.82180556
221.066667,2439533.39,9.82277778
221.1,2440318.06,9.82375
221.133333,2441102.86,9.82472222
221.166667,2441887.78,9.82569444
221.2,2442672.84,9.82666667
221.233333,2443458.06,9.82763889
221.266667,2444243.43,9.82861111
221.3,2445028.93,9.82958333
221.333333,2445814.55,9.83055556
221.366667,2446600.31,9.83152778
221.4,2447386.25,9.8325
221.433333,2448172.32,9.83347222
221.466667,2448958.52,9.83444444
221.5,2449744.85,9.83541667
221.533333,2450531.33,9.83638889
221.566667,2451317.96,9.83736111
221.6,2452104.73,9.83833333
221.633333,2452891.62,9.83930556
221.666667,2453678.65,9.84027778
221.7,2454465.85,9.84125
221.733333,2455253.18,9.84222222
221.766667,2456040.64,9.84319444
221.8,2456828.23,9.84416667
221.833333,2457615.97,9.84513889
221.866667,2458403.87,9.84611111
221.9,2459191.9,9.84708333
221.933333,2459980.05,9.84805556
221.966667,2460768.34,9.84902778
222,2461556.79,9.85
222.033333,2462345.38,9.85097222
222.066667,2463134.1,9.85194444
222.1,2463922.95,9.85291667
222.133333,2464711.94,9.85388889
222.166667,2465501.09,9.85486111
222.2,2466290.38,9.85583333
222.233333,2467079.79,9.85680556
222.266667,2467869.32,9.85777778
222.3,2468659.03,9.85875
222.333333,2469448.87,9.85972222
222.366667,2470238.84,9.86069444
222.4,2471028.94,9.86166667
222.433333,2471819.18,9.86263889
222.466667,2472609.58,9.86361111
222.5,2473400.11,9.86458333
222.533333,2474190.77,9.86555556
222.566667,2474981.56,9.86652778
222.6,2475772.5,9.8675
222.633333,2476563.59,9.86847222
222.666667,2477354.81,9.86944444
222.7,2478146.16,9.87041667
222.733333,2478937.63,9.87138889
222.766667,2479729.28,9.87236111
222.8,2480521.06,9.87333333
222.833333,2481312.96,9.87430556
222.866667,2482104.99,9.87527778
222.9,2482897.17,9.87625
222.933333,2483689.5,9.87722222
222.966667,2484481.96,9.87819444
223,2485274.54,9.87916667
223.033333,2486067.26,9.88013889
223.066667,2486860.14,9.88111111
223.1,2487653.16,9.88208333
223.133333,2488446.3,9.88305556
223.166667,2489239.56,9.88402778
223.2,2490032.97,9.885
223.233333,2490826.54,9.88597222
223.266667,2491620.24,9.88694444
223.3,2492414.05,9.88791667
223.333333,2493208,9.88888889
223.366667,2494002.11,9.88986111
223.4,2494796.36,9.89083333
223.433333,2495590.73,9.89180556
223.466667,2496385.23,9.89277778
223.5,2497179.87,9.89375
223.533333,2497974.67,9.89472222
223.566667,2498769.59,9.89569444
223.6,2499564.64,9.89666667
223.633333,2500359.81,9.89763889
223.666667,2501155.15,9.89861111
223.7,2501950.62,9.89958333
223.733333,2502746.22,9.90055556
223.766667,2503541.94,9.90152778
223.8,2504337.8,9.9025
223.833333,2505133.82,9.90347222
223.866667,2505929.97,9.90444444
223.9,2506726.24,9.90541667
223.933333,2507522.64,9.90638889
223.966667,2508319.19,9.90736111
224,2509115.88,9.90833333
224.033333,2509912.7,9.90930556
224.066667,2510709.65,9.91027778
224.1,2511506.72,9.91125
224.133333,2512303.96,9.91222222
224.166667,2513101.32,9.91319444
224.2,2513898.81,9.91416667
224.233333,2514696.42,9.91513889
224.266667,2515494.19,9.91611111
224.3,2516292.1,9.91708333
224.333333,2517090.13,9.91805556
224.366667,2517888.29,9.91902778
224.4,2518686.57,9.92
224.433333,2519485.02,9.92097222
224.466667,2520283.6,9.92194444
224.5,2521082.29,9.92291667
224.533333,2521881.12,9.92388889
224.566667,2522680.09,9.92486111
224.6,2523479.2,9.92583333
224.633333,2524278.44,9.92680556
224.666667,2525077.81,9.92777778
224.7,2525877.3,9.92875
224.733333,2526676.95,9.92972222
224.766667,2527476.73,9.93069444
224.8,2528276.63,9.93166667
224.833333,2529076.66,9.93263889
224.866667,2529876.83,9.93361111
224.9,2530677.15,9.93458333
224.933333,2531477.59,9.93555556
224.966667,2532278.15,9.93652778
225,2533078.84,9.9375
225.033333,2533879.69,9.93847222
225.066667,2534680.67,9.93944444
225.1,2535481.77,9.94041667
225.133333,2536282.99,9.94138889
225.166667,2537084.35,9.94236111
225.2,2537885.86,9.94333333
225.233333,2538687.5,9.94430556
225.266667,2539489.26,9.94527778
225.3,2540291.14,9.94625
225.333333,2541093.18,9.94722222
225.366667,2541895.35,9.94819444
225.4,2542697.64,9.94916667
225.433333,2543500.05,9.95013889
225.466667,2544302.6,9.95111111
225.5,2545105.3,9.95208333
225.533333,2545908.13,9.95305556
225.566667,2546711.07,9.95402778
225.6,2547514.14,9.955
225.633333,2548317.36,9.95597222
225.666667,2549120.71,9.95694444
225.7,2549924.19,9.95791667
225.733333,2550727.79,9.95888889
225.766667,2551531.51,9.95986111
225.8,2552335.4,9.96083333
225.833333,2553139.4,9.96180556
225.866667,2553943.53,9.96277778
225.9,2554747.78,9.96375
225.933333,2555552.17,9.96472222
225.966667,2556356.7,9.96569444
226,2557161.36,9.96666667
226.033333,2557966.13,9.96763889
226.066667,2558771.03,9.96861111
226.1,2559576.09,9.96958333
226.133333,2560381.27,9.97055556
226.166667,2561186.57,9.97152778
226.2,2561991.99,9.9725
226.233333,2562797.55,9.97347222
226.266667,2563603.26,9.97444444
226.3,2564409.09,9.97541667
226.333333,2565215.03,9.97638889
226.366667,2566021.1,9.97736111
226.4,2566827.32,9.97833333
226.433333,2567633.67,9.97930556
226.466667,2568440.14,9.98027778
226.5,2569246.73,9.98125
226.533333,2570053.45,9.98222222
226.566667,2570860.33,9.98319444
226.6,2571667.32,9.98416667
226.633333,2572474.43,9.98513889
226.666667,2573281.66,9.98611111
226.7,2574089.04,9.98708333
226.733333,2574896.55,9.98805556
226.766667,2575704.18,9.98902778
226.8,2576511.93,9.99
226.833333,2577319.81,9.99097222
226.866667,2578127.84,9.99194444
226.9,2578935.99,9.99291667
226.933333,2579744.26,9.99388889
226.966667,2580552.64,9.99486111
227,2581361.18,9.99583333
227.033333,2582169.84,9.99680556
227.066667,2582978.63,9.99777778
227.1,2583787.53,9.99875
227.133333,2584596.56,9.99972222
227.166667,2585405.74,10.0006944
227.2,2586215.04,10.0016667
227.233333,2587024.46,10.0026389
227.266667,2587833.99,10.0036111
227.3,2588643.67,10.0045833
227.333333,2589453.49,10.0055556
227.366667,2590263.42,10.0065278
227.4,2591073.47,10.0075
227.433333,2591883.64,10.0084722
227.466667,2592693.97,10.0094444
227.5,2593504.41,10.0104167
227.533333,2594314.97,10.0113889
227.566667,2595125.65,10.0123611
227.6,2595936.47,10.0133333
227.633333,2596747.43,10.0143056
227.666667,2597558.5,10.0152778
227.7,2598369.69,10.01625
227.733333,2599180.99,10.0172222
227.766667,2599992.46,10.0181944
227.8,2600804.04,10.0191667
227.833333,2601615.74,10.0201389
227.866667,2602427.55,10.0211111
227.9,2603239.5,10.0220833
227.933333,2604051.59,10.0230556
227.966667,2604863.8,10.0240278
228,2605676.12,10.025
228.033333,2606488.56,10.0259722
228.066667,2607301.15,10.0269444
228.1,2608113.86,10.0279167
228.133333,2608926.69,10.0288889
228.166667,2609739.63,10.0298611
228.2,2610552.7,10.0308333
228.233333,2611365.92,10.0318056
228.266667,2612179.25,10.0327778
228.3,2612992.7,10.03375
228.333333,2613806.26,10.0347222
228.366667,2614619.97,10.0356944
228.4,2615433.8,10.0366667
228.433333,2616247.75,10.0376389
228.466667,2617061.82,10.0386111
228.5,2617876,10.0395833
228.533333,2618690.34,10.0405556
228.566667,2619504.79,10.0415278
228.6,2620319.36,10.0425
228.633333,2621134.04,10.0434722
228.666667,2621948.86,10.0444444
228.7,2622763.81,10.0454167
228.733333,2623578.87,10.0463889
228.766667,2624394.05,10.0473611
228.8,2625209.35,10.0483333
228.833333,2626024.8,10.0493056
228.866667,2626840.36,10.0502778
228.9,2627656.04,10.05125
228.933333,2628471.83,10.0522222
228.966667,2629287.75,10.0531944
229,2630103.81,10.0541667
229.033333,2630919.98,10.0551389
229.066667,2631736.27,10.0561111
229.1,2632552.67,10.0570833
229.133333,2633369.22,10.0580556
229.166667,2634185.89,10.0590278
229.2,2635002.67,10.06
229.233333,2635819.56,10.0609722
229.266667,2636636.58,10.0619444
229.3,2637453.74,10.0629167
229.333333,2638271.01,10.0638889
229.366667,2639088.4,10.0648611
229.4,2639905.89,10.0658333
229.433333,2640723.54,10.0668056
229.466667,2641541.3,10.0677778
229.5,2642359.18,10.06875
229.533333,2643177.17,10.0697222
229.566667,2643995.28,10.0706944
229.6,2644813.53,10.0716667
229.633333,2645631.9,10.0726389
229.666667,2646450.37,10.0736111
229.7,2647268.96,10.0745833
229.733333,2648087.69,10.0755556
229.766667,2648906.54,10.0765278
229.8,2649725.51,10.0775
229.833333,2650544.58,10.0784722
229.866667,2651363.78,10.0794444
229.9,2652183.12,10.0804167
229.933333,2653002.57,10.0813889
229.966667,2653822.13,10.0823611
230,2654641.8,10.0833333
230.033333,2655461.61,10.0843056
230.066667,2656281.54,10.0852778
230.1,2657101.59,10.08625
230.133333,2657921.74,10.0872222
230.166667,2658742.01,10.0881944
230.2,2659562.43,10.0891667
230.233333,2660382.96,10.0901389
230.266667,2661203.6,10.0911111
230.3,2662024.34,10.0920833
230.333333,2662845.23,10.0930556
230.366667,2663666.23,10.0940278
230.4,2664487.35,10.095
230.433333,2665308.58,10.0959722
230.466667,2666129.92,10.0969444
230.5,2666951.41,10.0979167
230.533333,2667773,10.0988889
230.566667,2668594.71,10.0998611
230.6,2669416.53,10.1008333
230.633333,2670238.47,10.1018056
230.666667,2671060.55,10.1027778
230.7,2671882.73,10.10375
230.733333,2672705.02,10.1047222
230.766667,2673527.42,10.1056944
230.8,2674349.97,10.1066667
230.833333,2675172.63,10.1076389
230.866667,2675995.4,10.1086111
230.9,2676818.27,10.1095833
230.933333,2677641.27,10.1105556
230.966667,2678464.41,10.1115278
231,2679287.65,10.1125
231.033333,2680111,10.1134722
231.066667,2680934.45,10.1144444
231.1,2681758.05,10.1154167
231.133333,2682581.77,10.1163889
231.166667,2683405.59,10.1173611
231.2,2684229.52,10.1183333
231.233333,2685053.56,10.1193056
231.266667,2685877.75,10.1202778
231.3,2686702.04,10.12125
231.333333,2687526.44,10.1222222
231.366667,2688350.94,10.1231944
231.4,2689175.58,10.1241667
231.433333,2690000.34,10.1251389
231.466667,2690825.21,10.1261111
231.5,2691650.18,10.1270833
231.533333,2692475.27,10.1280556
231.566667,2693300.5,10.1290278
231.6,2694125.83,10.13
231.633333,2694951.27,10.1309722
231.666667,2695776.82,10.1319444
231.7,2696602.49,10.1329167
231.733333,2697428.29,10.1338889
231.766667,2698254.19,10.1348611
231.8,2699080.2,10.1358333
231.833333,2699906.32,10.1368056
231.866667,2700732.58,10.1377778
231.9,2701558.95,10.13875
231.933333,2702385.42,10.1397222
231.966667,2703212,10.1406944
232,2704038.7,10.1416667
232.033333,2704865.53,10.1426389
232.066667,2705692.47,10.1436111
232.1,2706519.5,10.1445833
232.133333,2707346.65,10.1455556
232.166667,2708173.93,10.1465278
232.2,2709001.33,10.1475
232.233333,2709828.82,10.1484722
232.266667,2710656.42,10.1494444
232.3,2711484.15,10.1504167
232.333333,2712312,10.1513889
232.366667,2713139.95,10.1523611
232.4,2713968.01,10.1533333
232.433333,2714796.17,10.1543056
232.466667,2715624.47,10.1552778
232.5,2716452.89,10.15625
232.533333,2717281.4,10.1572222
232.566667,2718110.02,10.1581944
232.6,2718938.75,10.1591667
232.633333,2719767.61,10.1601389
232.666667,2720596.58,10.1611111
232.7,2721425.65,10.1620833
232.733333,2722254.83,10.1630556
232.766667,2723084.13,10.1640278
232.8,2723913.55,10.165
232.833333,2724743.08,10.1659722
232.866667,2725572.7,10.1669444
232.9,2726402.44,10.1679167
232.933333,2727232.31,10.1688889
232.966667,2728062.28,10.1698611
233,2728892.35,10.1708333
233.033333,2729722.53,10.1718056
233.066667,2730552.84,10.1727778
233.1,2731383.26,10.17375
233.133333,2732213.78,10.1747222
233.166667,2733044.4,10.1756944
233.2,2733875.13,10.1766667
233.233333,2734706,10.1776389
233.266667,2735536.97,10.1786111
233.3,2736314.44,10.1795833
233.333333,2736847.46,10.1805556
233.366667,2737165.84,10.1815278
233.4,2737462.05,10.1825
233.433333,2737758.41,10.1834722
233.466667,2738052.02,10.1844444
233.5,2738339.2,10.1854167
233.533333,2738619.61,10.1863889
233.566667,2738895.26,10.1873611
233.6,2739168.17,10.1883333
233.633333,2739441.62,10.1893056
233.666667,2739721.72,10.1902778
233.7,2740009.31,10.19125
233.733333,2740304.33,10.1922222
233.766667,2740606.07,10.1931944
233.8,2740912.42,10.1941667
233.833333,2741217.64,10.1951389
233.866667,2741519.29,10.1961111
233.9,2741816.12,10.1970833
233.933333,2742107.24,10.1980556
233.966667,2742394.17,10.1990278
234,2742681.79,10.2
234.033333,2742972.57,10.2009722
234.066667,2743268.64,10.2019444
234.1,2743573.41,10.2029167
234.133333,2743885.28,10.2038889
234.166667,2744200.82,10.2048611
234.2,2744517.75,10.2058333
234.233333,2744833.47,10.2068056
234.266667,2745143.56,10.2077778
234.3,2745449.11,10.20875
234.333333,2745751.36,10.2097222
234.366667,2746051.94,10.2106944
234.4,2746354.11,10.2116667
234.433333,2746661.96,10.2126389
234.466667,2746975.82,10.2136111
234.5,2747295.6,10.2145833
234.533333,2747620.66,10.2155556
234.566667,2747948.87,10.2165278
234.6,2748275.79,10.2175
234.633333,2748599.93,10.2184722
234.666667,2748920.36,10.2194444
234.7,2749236.32,10.2204167
234.733333,2749550.17,10.2213889
234.766667,2749865.08,10.2223611
234.8,2750182.88,10.2233333
234.833333,2750505.28,10.2243056
234.866667,2750835.29,10.2252778
234.9,2751170.12,10.22625
234.933333,2751507.7,10.2272222
234.966667,2751846.24,10.2281944
235,2752183.3,10.2291667
235.033333,2752516.22,10.2301389
235.066667,2752845.95,10.2311111
235.1,2753173.45,10.2320833
235.133333,2753500.07,10.2330556
235.166667,2753829.02,10.2340278
235.2,2754162.62,10.235
235.233333,2754501.08,10.2359722
235.266667,2754844.27,10.2369444
235.3,2755191.74,10.2379167
235.333333,2755541.04,10.2388889
235.366667,2755889.26,10.2398611
235.4,2756235.36,10.2408333
235.433333,2756578.62,10.2418056
235.466667,2756918.58,10.2427778
235.5,2757257.74,10.24375
235.533333,2757598.15,10.2447222
235.566667,2757941.19,10.2456944
235.6,2758288.42,10.2466667
235.633333,2758641.79,10.2476389
235.666667,2758998.6,10.2486111
235.7,2759357.49,10.2495833
235.733333,2759717.05,10.2505556
235.766667,2760075.08,10.2515278
235.8,2760430.18,10.2525
235.833333,2760783.09,10.2534722
235.866667,2761134.57,10.2544444
235.9,2761485.74,10.2554167
235.933333,2761839.69,10.2563889
235.966667,2762197.35,10.2573611
236,2762558.95,10.2583333
236.033333,2762924.37,10.2593056
236.066667,2763293.23,10.2602778
236.1,2763663.07,10.26125
236.133333,2764032.09,10.2622222
236.166667,2764399.5,10.2631944
236.2,2764764.78,10.2641667
236.233333,2765127.8,10.2651389
236.266667,2765490.81,10.2661111
236.3,2765855.13,10.2670833
236.333333,2766221.85,10.2680556
236.366667,2766592.53,10.2690278
236.4,2766967.74,10.27
236.433333,2767345.59,10.2709722
236.466667,2767725.06,10.2719444
236.5,2768105.01,10.2729167
236.533333,2768483.52,10.2738889
236.566667,2768860.05,10.2748611
236.6,2769235.13,10.2758333
236.633333,2769609.37,10.2768056
236.666667,2769983.9,10.2777778
236.7,2770361.05,10.27875
236.733333,2770741.29,10.2797222
236.766667,2771124.75,10.2806944
236.8,2771511.31,10.2816667
236.833333,2771900.6,10.2826389
236.866667,2772290.39,10.2836111
236.9,2772679.59,10.2845833
236.933333,2773067.6,10.2855556
236.966667,2773453.98,10.2865278
237,2773839.1,10.2875
237.033333,2774224.6,10.2884722
237.066667,2774611.4,10.2894444
237.1,2775000.36,10.2904167
237.133333,2775392.99,10.2913889
237.166667,2775788.93,10.2923611
237.2,2776186.94,10.2933333
237.233333,2776586.22,10.2943056
237.266667,2776985.85,10.2952778
237.3,2777384.25,10.29625
237.333333,2777781.39,10.2972222
237.366667,2778177.62,10.2981944
237.4,2778573.42,10.2991667
237.433333,2778969.99,10.3001389
237.466667,2779368.9,10.3011111
237.5,2779770.38,10.3020833
237.533333,2780174.51,10.3030556
237.566667,2780581.19,10.3040278
237.6,2780990.01,10.305
237.633333,2781399.08,10.3059722
237.666667,2781807.75,10.3069444
237.7,2782215.59,10.3079167
237.733333,2782622.22,10.3088889
237.766667,2783028.35,10.3098611
237.8,2783435.04,10.3108333
237.833333,2783843,10.3118056
237.866667,2784252.9,10.3127778
237.9,2784666.15,10.31375
237.933333,2785081.79,10.3147222
237.966667,2785499.08,10.3156944
238,2785917.4,10.3166667
238.033333,2786335.92,10.3176389
238.066667,2786753.59,10.3186111
238.1,2787170.47,10.3195833
238.133333,2787586.82,10.3205556
238.166667,2788003.07,10.3215278
238.2,2788420.42,10.3225
238.233333,2788839.78,10.3234722
238.266667,2789261.3,10.3244444
238.3,2789685.02,10.3254167
238.333333,2790110.93,10.3263889
238.366667,2790538.35,10.3273611
238.4,2790965.99,10.3283333
238.433333,2791393.41,10.3293056
238.466667,2791820.25,10.3302778
238.5,2792246.32,10.33125
238.533333,2792672.35,10.3322222
238.566667,2793099.06,10.3331944
238.6,2793526.97,10.3341667
238.633333,2793956.73,10.3351389
238.666667,2794389.3,10.3361111
238.7,2794823.69,10.3370833
238.733333,2795259.42,10.3380556
238.766667,2795696.01,10.3390278
238.8,2796132.73,10.34
238.833333,2796568.92,10.3409722
238.866667,2797004.66,10.3419444
238.9,2797440.17,10.3429167
238.933333,2797875.81,10.3438889
238.966667,2798312.78,10.3448611
239,2798751.42,10.3458333
239.033333,2799191.88,10.3468056
239.066667,2799634.19,10.3477778
239.1,2800078.4,10.34875
239.133333,2800523.66,10.3497222
239.166667,2800969.17,10.3506944
239.2,2801414.58,10.3516667
239.233333,2801859.64,10.3526389
239.266667,2802304.3,10.3536111
239.3,2802749.21,10.3545833
239.333333,2803194.84,10.3555556
239.366667,2803641.61,10.3565278
239.4,2804090.2,10.3575
239.433333,2804540.98,10.3584722
239.466667,2804993.23,10.3594444
239.5,2805446.61,10.3604167
239.533333,2805900.7,10.3613889
239.566667,2806354.93,10.3623611
239.6,2806808.88,10.3633333
239.633333,2807262.63,10.3643056
239.666667,2807716.37,10.3652778
239.7,2808170.49,10.36625
239.733333,2808625.9,10.3672222
239.766667,2809082.75,10.3681944
239.8,2809541.17,10.3691667
239.833333,2810001.15,10.3701389
239.866667,2810462.77,10.3711111
239.9,2810925.15,10.3720833
239.933333,2811387.79,10.3730556
239.966667,2811850.45,10.3740278
240,2812312.92,10.375
240.033333,2812775.33,10.3759722
240.066667,2813238.14,10.3769444
240.1,2813701.68,10.3779167
240.133333,2814166.29,10.3788889
240.166667,2814632.66,10.3798611
240.2,2815100.72,10.3808333
240.233333,2815570,10.3818056
240.266667,2816040.23,10.3827778
240.3,2816511.1,10.38375
240.333333,2816982.12,10.3847222
240.366667,2817453.05,10.3856944
240.4,2817923.98,10.3866667
240.433333,2818395.03,10.3876389
240.466667,2818866.68,10.3886111
240.5,2819339.51,10.3895833
240.533333,2819813.61,10.3905556
240.566667,2820289.04,10.3915278
240.6,2820765.81,10.3925
240.633333,2821244.02,10.3934722
240.666667,2821722.77,10.3944444
240.7,2822201.83,10.3954167
240.733333,2822680.98,10.3963889
240.766667,2823160.11,10.3973611
240.8,2823639.4,10.3983333
240.833333,2824119.17,10.3993056
240.866667,2824599.67,10.4002778
240.9,2825081.17,10.40125
240.933333,2825564.34,10.4022222
240.966667,2826048.81,10.4031944
241,2826534.32,10.4041667
241.033333,2827020.65,10.4051389
241.066667,2827507.55,10.4061111
241.1,2827994.64,10.4070833
241.133333,2828481.79,10.4080556
241.166667,2828969.06,10.4090278
241.2,2829456.58,10.41
241.233333,2829944.85,10.4109722
241.266667,2830434.16,10.4119444
241.3,2830924.57,10.4129167
241.333333,2831416.16,10.4138889
241.366667,2831908.97,10.4148611
241.4,2832402.89,10.4158333
241.433333,2832897.31,10.4168056
241.466667,2833392.05,10.4177778
241.5,2833886.96,10.41875
241.533333,2834381.99,10.4197222
241.566667,2834877.33,10.4206944
241.6,2835373.19,10.4216667
241.633333,2835869.76,10.4226389
241.666667,2836367.3,10.4236111
241.7,2836866.33,10.4245833
241.733333,2837366.4,10.4255556
241.766667,2837867.37,10.4265278
241.8,2838369.05,10.4275
241.833333,2838871.28,10.4284722
241.866667,2839373.74,10.4294444
241.9,2839876.36,10.4304167
241.933333,2840379.19,10.4313889
241.966667,2840882.35,10.4323611
242,2841386.37,10.4333333
242.033333,2841891.29,10.4343056
242.066667,2842397.19,10.4352778
242.1,2842904.11,10.43625
242.133333,2843412.17,10.4372222
242.166667,2843921.08,10.4381944
242.2,2844430.47,10.4391667
242.233333,2844940.2,10.4401389
242.266667,2845450.14,10.4411111
242.3,2845960.35,10.4420833
242.333333,2846470.94,10.4430556
242.366667,2846982.06,10.4440278
242.4,2847493.87,10.445
242.433333,2848006.68,10.4459722
242.466667,2848520.7,10.4469444
242.5,2849035.61,10.4479167
242.533333,2849551.31,10.4488889
242.566667,2850067.65,10.4498611
242.6,2850584.52,10.4508333
242.633333,2851101.65,10.4518056
242.666667,2851619.01,10.4527778
242.7,2852136.66,10.45375
242.733333,2852654.75,10.4547222
242.766667,2853173.65,10.4556944
242.8,2853693.37,10.4566667
242.833333,2854213.96,10.4576389
242.866667,2854735.45,10.4586111
242.9,2855258,10.4595833
242.933333,2855781.23,10.4605556
242.966667,2856304.91,10.4615278
243,2856828.94,10.4625
243.033333,2857353.24,10.4634722
243.066667,2857877.91,10.4644444
243.1,2858402.98,10.4654167
243.133333,2858928.59,10.4663889
243.166667,2859454.86,10.4673611
243.2,2859982.14,10.4683333
243.233333,2860510.39,10.4693056
243.266667,2861039.43,10.4702778
243.3,2861569.16,10.47125
243.333333,2862099.49,10.4722222
243.366667,2862630.33,10.4731944
243.4,2863161.45,10.4741667
243.433333,2863692.86,10.4751389
243.466667,2864224.6,10.4761111
243.5,2864756.87,10.4770833
243.533333,2865289.89,10.4780556
243.566667,2865823.65,10.4790278
243.6,2866358.19,10.48
243.633333,2866893.54,10.4809722
243.666667,2867429.87,10.4819444
243.7,2867966.75,10.4829167
243.733333,2868504.06,10.4838889
243.766667,2869041.73,10.4848611
243.8,2869579.73,10.4858333
243.833333,2870118.14,10.4868056
243.866667,2870656.98,10.4877778
243.9,2871196.34,10.48875
243.933333,2871736.34,10.4897222
243.966667,2872277.33,10.4906944
244,2872819.11,10.4916667
244.033333,2873361.59,10.4926389
244.066667,2873904.69,10.4936111
244.1,2874448.37,10.4945833
244.133333,2874992.51,10.4955556
244.166667,2875536.97,10.4965278
244.2,2876081.75,10.4975
244.233333,2876626.88,10.4984722
244.266667,2877172.63,10.4994444
244.3,2877719.04,10.5004167
244.333333,2878266.12,10.5013889
244.366667,2878813.92,10.5023611
244.4,2879362.5,10.5033333
244.433333,2879911.88,10.5043056
244.466667,2880461.76,10.5052778
244.5,2881012.07,10.50625
244.533333,2881562.73,10.5072222
244.566667,2882113.8,10.5081944
244.6,2882665.27,10.5091667
244.633333,2883217.18,10.5101389
244.666667,2883769.61,10.5111111
244.7,2884322.67,10.5120833
244.733333,2884876.64,10.5130556
244.766667,2885431.28,10.5140278
244.8,2885986.55,10.515
244.833333,2886542.38,10.5159722
244.866667,2887098.78,10.5169444
244.9,2887655.6,10.5179167
244.933333,2888212.76,10.5188889
244.966667,2888770.26,10.5198611
245,2889328.15,10.5208333
245.033333,2889886.68,10.5218056
245.066667,2890445.81,10.5227778
245.1,2891005.55,10.52375
245.133333,2891565.94,10.5247222
245.166667,2892127.08,10.5256944
245.2,2892688.89,10.5266667
245.233333,2893251.17,10.5276389
245.266667,2893813.86,10.5286111
245.3,2894376.9,10.5295833
245.333333,2894940.41,10.5305556
245.366667,2895504.31,10.5315278
245.4,2896068.65,10.5325
245.433333,2896633.49,10.5334722
245.466667,2897198.99,10.5344444
245.5,2897765.25,10.5354167
245.533333,2898332.12,10.5363889
245.566667,2898899.55,10.5373611
245.6,2899467.51,10.5383333
245.633333,2900036.03,10.5393056
245.666667,2900604.94,10.5402778
245.7,2901174.19,10.54125
245.733333,2901743.8,10.5422222
245.766667,2902313.85,10.5431944
245.8,2902884.5,10.5441667
245.833333,2903455.7,10.5451389
245.866667,2904027.47,10.5461111
245.9,2904599.83,10.5470833
245.933333,2905172.92,10.5480556
245.966667,2905746.57,10.5490278
246,2906320.65,10.55
246.033333,2906895.14,10.5509722
246.066667,2907470,10.5519444
246.1,2908045.33,10.5529167
246.133333,2908621.04,10.5538889
246.166667,2909197.2,10.5548611
246.2,2909773.83,10.5558333
246.233333,2910351.13,10.5568056
246.266667,2910929.08,10.5577778
246.3,2911507.58,10.55875
246.333333,2912086.6,10.5597222
246.366667,2912666.11,10.5606944
246.4,2913246.17,10.5616667
246.433333,2913826.58,10.5626389
246.466667,2914407.35,10.5636111
246.5,2914988.48,10.5645833
246.533333,2915570.09,10.5655556
246.566667,2916152.25,10.5665278
246.6,2916734.92,10.5675
246.633333,2917318.11,10.5684722
246.666667,2917901.85,10.5694444
246.7,2918486.31,10.5704167
246.733333,2919071.23,10.5713889
246.766667,2919656.56,10.5723611
246.8,2920242.27,10.5733333
246.833333,2920828.4,10.5743056
246.866667,2921414.96,10.5752778
246.9,2922001.92,10.57625
246.933333,2922589.29,10.5772222
246.966667,2923177.13,10.5781944
247,2923765.65,10.5791667
247.033333,2924354.7,10.5801389
247.066667,2924944.26,10.5811111
247.1,2925534.3,10.5820833
247.133333,2926124.84,10.5830556
247.166667,2926715.86,10.5840278
247.2,2927307.23,10.585
247.233333,2927898.95,10.5859722
247.266667,2928491.04,10.5869444
247.3,2929083.64,10.5879167
247.333333,2929676.73,10.5888889
247.366667,2930270.3,10.5898611
247.4,2930864.36,10.5908333
247.433333,2931458.96,10.5918056
247.466667,2932054.18,10.5927778
247.5,2932649.82,10.59375
247.533333,2933245.86,10.5947222
247.566667,2933842.27,10.5956944
247.6,2934439.12,10.5966667
247.633333,2935036.37,10.5976389
247.666667,2935634,10.5986111
247.7,2936232.05,10.5995833
247.733333,2936830.56,10.6005556
247.766667,2937429.7,10.6015278
247.8,2938029.32,10.6025
247.833333,2938629.4,10.6034722
247.866667,2939229.92,10.6044444
247.9,2939830.95,10.6054167
247.933333,2940432.4,10.6063889
247.966667,2941034.2,10.6073611
248,2941636.35,10.6083333
248.033333,2942238.87,10.6093056
248.066667,2942841.92,10.6102778
248.1,2943445.39,10.61125
248.133333,2944049.32,10.6122222
248.166667,2944653.7,10.6131944
248.2,2945258.63,10.6141667
248.233333,2945864.08,10.6151389
248.266667,2946469.94,10.6161111
248.3,2947076.16,10.6170833
248.333333,2947682.75,10.6180556
248.366667,2948289.81,10.6190278
248.4,2948897.22,10.62
248.433333,2949505.02,10.6209722
248.466667,2950113.2,10.6219444
248.5,2950721.87,10.6229167
248.533333,2951331.09,10.6238889
248.566667,2951940.75,10.6248611
248.6,2952550.84,10.6258333
248.633333,2953161.35,10.6268056
248.666667,2953772.35,10.6277778
248.7,2954383.67,10.62875
248.733333,2954995.22,10.6297222
248.766667,2955606.96,10.6306944
248.8,2956218.84,10.6316667
248.833333,2956830.87,10.6326389
248.866667,2957443.05,10.6336111
248.9,2958055.42,10.6345833
248.933333,2958668.05,10.6355556
248.966667,2959281.11,10.6365278
249,2959894.59,10.6375
249.033333,2960508.45,10.6384722
249.066667,2961122.67,10.6394444
249.1,2961737.22,10.6404167
249.133333,2962352.07,10.6413889
249.166667,2962967.09,10.6423611
249.2,2963582.26,10.6433333
249.233333,2964197.59,10.6443056
249.266667,2964813.16,10.6452778
249.3,2965429.03,10.64625
249.333333,2966045.22,10.6472222
249.366667,2966661.77,10.6481944
249.4,2967278.71,10.6491667
249.433333,2967896.14,10.6501389
249.466667,2968513.87,10.6511111
249.5,2969131.86,10.6520833
249.533333,2969750.06,10.6530556
249.566667,2970368.46,10.6540278
249.6,2970987.04,10.655
249.633333,2971605.81,10.6559722
249.666667,2972224.79,10.6569444
249.7,2972844.03,10.6579167
249.733333,2973463.72,10.6588889
249.766667,2974083.74,10.6598611
249.8,2974704.1,10.6608333
249.833333,2975324.77,10.6618056
249.866667,2975945.74,10.6627778
249.9,2976566.95,10.66375
249.933333,2977188.31,10.6647222
249.966667,2977809.81,10.6656944
250,2978431.44,10.6666667
250.033333,2979053.31,10.6676389
250.066667,2979675.41,10.6686111
250.1,2980297.77,10.6695833
250.133333,2980920.41,10.6705556
250.166667,2981543.39,10.6715278
250.2,2982166.71,10.6725
250.233333,2982790.24,10.6734722
250.266667,2983413.97,10.6744444
250.3,2984037.84,10.6754167
250.333333,2984661.86,10.6763889
250.366667,2985286,10.6773611
250.4,2985910.28,10.6783333
250.433333,2986534.71,10.6793056
250.466667,2987159.35,10.6802778
250.5,2987784.3,10.68125
250.533333,2988409.5,10.6822222
250.566667,2989034.94,10.6831944
250.6,2989660.6,10.6841667
250.633333,2990286.48,10.6851389
250.666667,2990912.5,10.6861111
250.7,2991538.62,10.6870833
250.733333,2992164.83,10.6880556
250.766667,2992791.15,10.6890278
250.8,2993417.63,10.69
250.833333,2994044.29,10.6909722
250.866667,2994671.14,10.6919444
250.9,2995298.21,10.6929167
250.933333,2995925.55,10.6938889
250.966667,2996553.12,10.6948611
251,2997180.86,10.6958333
251.033333,2997808.75,10.6968056
251.066667,2998436.74,10.6977778
251.1,2999064.87,10.69875
251.133333,2999693.08,10.6997222
251.166667,3000321.38,10.7006944
251.2,3000949.79,10.7016667
251.233333,3001577.79,10.7026389
251.266667,3002204.26,10.7036111
251.3,3002827.2,10.7045833
251.333333,3003443.24,10.7055556
251.366667,3004050.98,10.7065278
251.4,3004647.72,10.7075
251.433333,3005233.39,10.7084722
251.466667,3005806.33,10.7094444
251.5,3006370.58,10.7104167
251.533333,3006927.16,10.7113889
251.566667,3007476.5,10.7123611
251.6,3008020.19,10.7133333
251.633333,3008559.83,10.7143056
251.666667,3009095.13,10.7152778
251.7,3009624.5,10.71625
251.733333,3010145.86,10.7172222
251.766667,3010657.94,10.7181944
251.8,3011159.92,10.7191667
251.833333,3011651.82,10.7201389
251.866667,3012134.53,10.7211111
251.9,3012609.58,10.7220833
251.933333,3013078.69,10.7230556
251.966667,3013543.27,10.7240278
252,3014004.18,10.725
252.033333,3014461.3,10.7259722
252.066667,3014915.03,10.7269444
252.1,3015360.73,10.7279167
252.133333,3015799.14,10.7288889
252.166667,3016229.75,10.7298611
252.2,3016652.07,10.7308333
252.233333,3017062.86,10.7318056
252.266667,3017466.33,10.7327778
252.3,3017863.88,10.73375
252.333333,3018256.36,10.7347222
252.366667,3018643.44,10.7356944
252.4,3019026.29,10.7366667
252.433333,3019404.68,10.7376389
252.466667,3019777.98,10.7386111
252.5,3020142.7,10.7395833
252.533333,3020497.97,10.7405556
252.566667,3020844.61,10.7415278
252.6,3021182.48,10.7425
252.633333,3021509.7,10.7434722
252.666667,3021828.18,10.7444444
252.7,3022140.33,10.7454167
252.733333,3022446.81,10.7463889
252.766667,3022747.57,10.7473611
252.8,3023041.75,10.7483333
252.833333,3023329.76,10.7493056
252.866667,3023610.86,10.7502778
252.9,3023882.73,10.75125
252.933333,3024142.6,10.7522222
252.966667,3024393.11,10.7531944
253,3024634.48,10.7541667
253.033333,3024866.19,10.7551389
253.066667,3025087.77,10.7561111
253.1,3025302.96,10.7570833
253.133333,3025512.12,10.7580556
253.166667,3025715.18,10.7590278
253.2,3025909.47,10.76
253.233333,3026096.51,10.7609722
253.266667,3026275.64,10.7619444
253.3,3026446.16,10.7629167
253.333333,3026603.04,10.7638889
253.366667,3026750.8,10.7648611
253.4,3026889.91,10.7658333
253.433333,3027020.9,10.7668056
253.466667,3027142.04,10.7677778
253.5,3027257.07,10.76875
253.533333,3027366.4,10.7697222
253.566667,3027470.12,10.7706944
253.6,3027565.45,10.7716667
253.633333,3027653.07,10.7726389
253.666667,3027733.06,10.7736111
253.7,3027805.05,10.7745833
253.733333,3027866.05,10.7755556
253.766667,3027918.18,10.7765278
253.8,3027963.3,10.7775
253.833333,3028002.07,10.7784722
253.866667,3028034.25,10.7794444
253.9,3028060.73,10.7804167
253.933333,3028082.68,10.7813889
253.966667,3028100.1,10.7823611
254,3028111.47,10.7833333
254.033333,3028115.63,10.7843056
254.066667,3028113.52,10.7852778
254.1,3028105.01,10.78625
254.133333,3028088.95,10.7872222
254.166667,3028065.55,10.7881944
254.2,3028037.44,10.7891667
254.233333,3028005.23,10.7901389
254.266667,3027969.24,10.7911111
254.3,3027929.58,10.7920833
254.333333,3027887.16,10.7930556
254.366667,3027841.71,10.7940278
254.4,3027792.64,10.795
254.433333,3027737.83,10.7959722
254.466667,3027678.56,10.7969444
254.5,3027614.91,10.7979167
254.533333,3027546.9,10.7988889
254.566667,3027473.93,10.7998611
254.6,3027398.57,10.8008333
254.633333,3027321.32,10.8018056
254.666667,3027242.62,10.8027778
254.7,3027162.32,10.80375
254.733333,3027080.63,10.8047222
254.766667,3026997.22,10.8056944
254.8,3026911.74,10.8066667
254.833333,3026822.57,10.8076389
254.866667,3026730.32,10.8086111
254.9,3026635.42,10.8095833
254.933333,3026538.09,10.8105556
254.966667,3026438.45,10.8115278
255,3026337.88,10.8125
255.033333,3026236.87,10.8134722
255.066667,3026135.65,10.8144444
255.1,3026034.23,10.8154167
255.133333,3025932.09,10.8163889
255.166667,3025828.86,10.8173611
255.2,3025724.21,10.8183333
255.233333,3025617.27,10.8193056
255.266667,3025507.93,10.8202778
255.3,3025396.93,10.82125
255.333333,3025284.56,10.8222222
255.366667,3025171.17,10.8231944
255.4,3025057.57,10.8241667
255.433333,3024944.04,10.8251389
255.466667,3024830.6,10.8261111
255.5,3024717.11,10.8270833
255.533333,3024602.79,10.8280556
255.566667,3024487.28,10.8290278
255.6,3024370.3,10.83
255.633333,3024251.43,10.8309722
255.666667,3024130.17,10.8319444
255.7,3024007.53,10.8329167
255.733333,3023883.82,10.8338889
255.766667,3023759.34,10.8348611
255.8,3023634.5,10.8358333
255.833333,3023509.49,10.8368056
255.866667,3023384.17,10.8377778
255.9,3023258.35,10.83875
255.933333,3023130.93,10.8397222
255.966667,3023001.82,10.8406944
256,3022870.85,10.8416667
256.033333,3022737.9,10.8426389
256.066667,3022602.27,10.8436111
256.1,3022465.1,10.8445833
256.133333,3022326.78,10.8455556
256.166667,3022187.57,10.8465278
256.2,3022047.54,10.8475
256.233333,3021906.8,10.8484722
256.266667,3021765.18,10.8494444
256.3,3021622.46,10.8504167
256.333333,3021477.66,10.8513889
256.366667,3021330.52,10.8523611
256.4,3021181.26,10.8533333
256.433333,3021029.89,10.8543056
256.466667,3020876.08,10.8552778
256.5,3020720.51,10.85625
256.533333,3020563.83,10.8572222
256.566667,3020406.23,10.8581944
256.6,3020247.73,10.8591667
256.633333,3020088.17,10.8601389
256.666667,3019927.48,10.8611111
256.7,3019765.43,10.8620833
256.733333,3019601.46,10.8630556
256.766667,3019434.96,10.8640278
256.8,3019266.56,10.865
256.833333,3019096.39,10.8659722
256.866667,3018924.5,10.8669444
256.9,3018751.13,10.8679167
256.933333,3018577.15,10.8688889
256.966667,3018402.62,10.8698611
257,3018227.55,10.8708333
257.033333,3018051.56,10.8718056
257.066667,3017874.64,10.8727778
257.1,3017696.63,10.87375
257.133333,3017517.35,10.8747222
257.166667,3017336.11,10.8756944
257.2,3017153.72,10.8766667
257.233333,3016970.4,10.8776389
257.266667,3016786.39,10.8786111
257.3,3016602.07,10.8795833
257.333333,3016418,10.8805556
257.366667,3016234.34,10.8815278
257.4,3016051.21,10.8825
257.433333,3015868.87,10.8834722
257.466667,3015686.97,10.8844444
257.5,3015505.28,10.8854167
257.533333,3015323.67,10.8863889
257.566667,3015141.93,10.8873611
257.6,3014960.09,10.8883333
257.633333,3014778.32,10.8893056
257.666667,3014596.79,10.8902778
257.7,3014415.98,10.89125
257.733333,3014236.28,10.8922222
257.766667,3014057.65,10.8931944
257.8,3013880.17,10.8941667
257.833333,3013704.06,10.8951389
257.866667,3013529.09,10.8961111
257.9,3013354.86,10.8970833
257.933333,3013181.28,10.8980556
257.966667,3013008.35,10.8990278
258,3012836.26,10.9
258.033333,3012665.03,10.9009722
258.066667,3012494.85,10.9019444
258.1,3012326.1,10.9029167
258.133333,3012159.45,10.9038889
258.166667,3011994.44,10.9048611
258.2,3011831.06,10.9058333
258.233333,3011669.35,10.9068056
258.266667,3011509.59,10.9077778
258.3,3011350.91,10.90875
258.333333,3011193.29,10.9097222
258.366667,3011036.73,10.9106944
258.4,3010881.87,10.9116667
258.433333,3010728.41,10.9126389
258.466667,3010576.49,10.9136111
258.5,3010426.26,10.9145833
258.533333,3010278.72,10.9155556
258.566667,3010133.04,10.9165278
258.6,3009989.09,10.9175
258.633333,3009846.79,10.9184722
258.666667,3009706.47,10.9194444
258.7,3009567.46,10.9204167
258.733333,3009429.66,10.9213889
258.766667,3009293.05,10.9223611
258.8,3009158.19,10.9233333
258.833333,3009025,10.9243056
258.866667,3008893.42,10.9252778
258.9,3008763.51,10.92625
258.933333,3008635.87,10.9272222
258.966667,3008510.12,10.9281944
259,3008385.81,10.9291667
259.033333,3008262.83,10.9301389
259.066667,3008141.45,10.9311111
259.1,3008021.19,10.9320833
259.133333,3007901.95,10.9330556
259.166667,3007783.76,10.9340278
259.2,3007666.85,10.935
259.233333,3007551.44,10.9359722
259.266667,3007437.45,10.9369444
259.3,3007324.88,10.9379167
259.333333,3007213.81,10.9388889
259.366667,3007104.3,10.9398611
259.4,3006995.8,10.9408333
259.433333,3006888.18,10.9418056
259.466667,3006781.4,10.9427778
259.5,3006675.5,10.94375
259.533333,3006570.28,10.9447222
259.566667,3006465.77,10.9456944
259.6,3006362.09,10.9466667
259.633333,3006259.73,10.9476389
259.666667,3006158.36,10.9486111
259.7,3006057.96,10.9495833
259.733333,3005958.51,10.9505556
259.766667,3005860.22,10.9515278
259.8,3005762.53,10.9525
259.833333,3005665.37,10.9534722
259.866667,3005568.64,10.9544444
259.9,3005472.5,10.9554167
259.933333,3005376.87,10.9563889
259.966667,3005281.8,10.9573611
260,3005187.36,10.9583333
260.033333,3005093.96,10.9593056
260.066667,3005001.45,10.9602778
260.1,3004909.72,10.96125
260.133333,3004818.72,10.9622222
260.166667,3004728.54,10.9631944
260.2,3004638.93,10.9641667
260.233333,3004549.74,10.9651389
260.266667,3004460.97,10.9661111
260.3,3004372.75,10.9670833
260.333333,3004285.2,10.9680556
260.366667,3004198.33,10.9690278
260.4,3004112.21,10.97
260.433333,3004027.11,10.9709722
260.466667,3003943.13,10.9719444
260.5,3003859.99,10.9729167
260.533333,3003777.66,10.9738889
260.566667,3003696.19,10.9748611
260.6,3003615.58,10.9758333
260.633333,3003535.65,10.9768056
260.666667,3003456.49,10.9777778
260.7,3003378.32,10.97875
260.733333,3003301.71,10.9797222
260.766667,3003226.48,10.9806944
260.8,3003152.68,10.9816667
260.833333,3003080.47,10.9826389
260.866667,3003010.28,10.9836111
260.9,3002941.34,10.9845833
260.933333,3002873.57,10.9855556
260.966667,3002806.86,10.9865278
261,3002741.56,10.9875
261.033333,3002677.29,10.9884722
261.066667,3002614.15,10.9894444
261.1,3002552.25,10.9904167
261.133333,3002492.48,10.9913889
261.166667,3002434.41,10.9923611
261.2,3002378,10.9933333
261.233333,3002323.28,10.9943056
261.266667,3002270.74,10.9952778
261.3,3002219.71,10.99625
261.333333,3002169.96,10.9972222
261.366667,3002121.43,10.9981944
261.4,3002074.47,10.9991667
261.433333,3002028.92,11.0001389
261.466667,3001984.76,11.0011111
261.5,3001942.07,11.0020833
261.533333,3001901.47,11.0030556
261.566667,3001862.93,11.0040278
261.6,3001826.1,11.005
261.633333,3001790.93,11.0059722
261.666667,3001757.67,11.0069444
261.7,3001726.07,11.0079167
261.733333,3001695.71,11.0088889
261.766667,3001666.55,11.0098611
261.8,3001638.77,11.0108333
261.833333,3001612.61,11.0118056
261.866667,3001587.82,11.0127778
261.9,3001564.48,11.01375
261.933333,3001542.89,11.0147222
261.966667,3001523.38,11.0156944
262,3001505.35,11.0166667
262.033333,3001488.72,11.0176389
262.066667,3001473.49,11.0186111
262.1,3001459.78,11.0195833
262.133333,3001447.04,11.0205556
262.166667,3001435.25,11.0215278
262.2,3001424.45,11.0225
262.233333,3001415.13,11.0234722
262.266667,3001406.96,11.0244444
262.3,3001399.96,11.0254167
262.333333,3001394.18,11.0263889
262.366667,3001390.14,11.0273611
262.4,3001387.19,11.0283333
262.433333,3001385.19,11.0293056
262.466667,3001384.05,11.0302778
262.5,3001383.9,11.03125
262.533333,3001384.39,11.0322222
262.566667,3001385.48,11.0331944
262.6,3001387.2,11.0341667
262.633333,3001389.85,11.0351389
262.666667,3001393.38,11.0361111
262.7,3001397.72,11.0370833
262.733333,3001402.87,11.0380556
262.766667,3001409.03,11.0390278
262.8,3001415.91,11.04
262.833333,3001423.3,11.0409722
262.866667,3001431.11,11.0419444
262.9,3001439.32,11.0429167
262.933333,3001447.85,11.0438889
262.966667,3001456.68,11.0448611
263,3001465.83,11.0458333
263.033333,3001475.46,11.0468056
263.066667,3001485.69,11.0477778
263.1,3001496.41,11.04875
263.133333,3001507.6,11.0497222
263.166667,3001519.29,11.0506944
263.2,3001531.37,11.0516667
263.233333,3001543.64,11.0526389
263.266667,3001556.04,11.0536111
263.3,3001568.52,11.0545833
263.333333,3001581.1,11.0555556
263.366667,3001593.8,11.0565278
263.4,3001606.69,11.0575
263.433333,3001619.84,11.0584722
263.466667,3001633.43,11.0594444
263.5,3001647.35,11.0604167
263.533333,3001661.62,11.0613889
263.566667,3001676.22,11.0623611
263.6,3001691.39,11.0633333
263.633333,3001707.01,11.0643056
263.666667,3001723.12,11.0652778
263.7,3001739.76,11.06625
263.733333,3001757.2,11.0672222
263.766667,3001775.19,11.0681944
263.8,3001793.68,11.0691667
263.833333,3001812.62,11.0701389
263.866667,3001832.11,11.0711111
263.9,3001851.98,11.0720833
263.933333,3001872.2,11.0730556
263.966667,3001892.8,11.0740278
264,3001913.95,11.075
264.033333,3001935.66,11.0759722
264.066667,3001957.92,11.0769444
264.1,3001980.75,11.0779167
264.133333,3002004.31,11.0788889
264.166667,3002028.54,11.0798611
264.2,3002053.29,11.0808333
264.233333,3002078.53,11.0818056
264.266667,3002104.31,11.0827778
264.3,3002130.63,11.08375
264.333333,3002157.4,11.0847222
264.366667,3002184.66,11.0856944
264.4,3002212.53,11.0866667
264.433333,3002241.18,11.0876389
264.466667,3002270.48,11.0886111
264.5,3002300.42,11.0895833
264.533333,3002331.1,11.0905556
264.566667,3002362.62,11.0915278
264.6,3002394.7,11.0925
264.633333,3002427.34,11.0934722
264.666667,3002460.54,11.0944444
264.7,3002494.47,11.0954167
264.733333,3002528.95,11.0963889
264.766667,3002564.02,11.0973611
264.8,3002599.72,11.0983333
264.833333,3002636.39,11.0993056
264.866667,3002673.75,11.1002778
264.9,3002711.8,11.10125
264.933333,3002750.52,11.1022222
264.966667,3002790.15,11.1031944
265,3002830.37,11.1041667
265.033333,3002871.14,11.1051389
265.066667,3002912.45,11.1061111
265.1,3002954.49,11.1070833
265.133333,3002997.15,11.1080556
265.166667,3003040.4,11.1090278
265.2,3003084.25,11.11
265.233333,3003128.96,11.1109722
265.266667,3003174.37,11.1119444
265.3,3003220.4,11.1129167
265.333333,3003267,11.1138889
265.366667,3003314.29,11.1148611
265.4,3003362.14,11.1158333
265.433333,3003410.44,11.1168056
265.466667,3003459.17,11.1177778
265.5,3003508.44,11.11875
265.533333,3003558.27,11.1197222
265.566667,3003608.57,11.1206944
265.6,3003659.35,11.1216667
265.633333,3003710.72,11.1226389
265.666667,3003762.67,11.1236111
265.7,3003815.04,11.1245833
265.733333,3003867.8,11.1255556
265.766667,3003920.94,11.1265278
265.8,3003974.47,11.1275
265.833333,3004028.26,11.1284722
265.866667,3004082.31,11.1294444
265.9,3004136.64,11.1304167
265.933333,3004191.35,11.1313889
265.966667,3004246.34,11.1323611
266,3004301.62,11.1333333
266.033333,3004357.18,11.1343056
266.066667,3004413.09,11.1352778
266.1,3004469.2,11.13625
266.133333,3004525.46,11.1372222
266.166667,3004581.86,11.1381944
266.2,3004638.38,11.1391667
266.233333,3004694.97,11.1401389
266.266667,3004751.64,11.1411111
266.3,3004808.38,11.1420833
266.333333,3004865.26,11.1430556
266.366667,3004922.25,11.1440278
266.4,3004979.34,11.145
266.433333,3005036.52,11.1459722
266.466667,3005093.78,11.1469444
266.5,3005151.06,11.1479167
266.533333,3005208.32,11.1488889
266.566667,3005265.55,11.1498611
266.6,3005322.71,11.1508333
266.633333,3005379.8,11.1518056
266.666667,3005436.85,11.1527778
266.7,3005493.88,11.15375
266.733333,3005550.88,11.1547222
266.766667,3005607.89,11.1556944
266.8,3005664.88,11.1566667
266.833333,3005721.86,11.1576389
266.866667,3005778.8,11.1586111
266.9,3005835.64,11.1595833
266.933333,3005892.4,11.1605556
266.966667,3005949.06,11.1615278
267,3006005.6,11.1625
267.033333,3006062.03,11.1634722
267.066667,3006118.4,11.1644444
267.1,3006174.72,11.1654167
267.133333,3006231.01,11.1663889
267.166667,3006287.27,11.1673611
267.2,3006343.51,11.1683333
267.233333,3006399.71,11.1693056
267.266667,3006455.87,11.1702778
267.3,3006511.93,11.17125
267.333333,3006567.91,11.1722222
267.366667,3006623.83,11.1731944
267.4,3006679.67,11.1741667
267.433333,3006735.44,11.1751389
267.466667,3006791.2,11.1761111
267.5,3006846.95,11.1770833
267.533333,3006902.72,11.1780556
267.566667,3006958.5,11.1790278
267.6,3007014.3,11.18
267.633333,3007070.1,11.1809722
267.666667,3007125.88,11.1819444
267.7,3007181.63,11.1829167
267.733333,3007237.35,11.1838889
267.766667,3007293.05,11.1848611
267.8,3007348.74,11.1858333
267.833333,3007404.43,11.1868056
267.866667,3007460.16,11.1877778
267.9,3007515.93,11.18875
267.933333,3007571.75,11.1897222
267.966667,3007627.62,11.1906944
268,3007683.54,11.1916667
268.033333,3007739.47,11.1926389
268.066667,3007795.4,11.1936111
268.1,3007851.34,11.1945833
268.133333,3007907.26,11.1955556
268.166667,3007963.18,11.1965278
268.2,3008019.1,11.1975
268.233333,3008075.05,11.1984722
268.266667,3008131.03,11.1994444
268.3,3008187.05,11.2004167
268.333333,3008243.1,11.2013889
268.366667,3008299.17,11.2023611
268.4,3008355.24,11.2033333
268.433333,3008411.29,11.2043056
268.466667,3008467.31,11.2052778
268.5,3008523.28,11.20625
268.533333,3008579.17,11.2072222
268.566667,3008635.03,11.2081944
268.6,3008690.84,11.2091667
268.633333,3008746.61,11.2101389
268.666667,3008802.34,11.2111111
268.7,3008858.01,11.2120833
268.733333,3008913.64,11.2130556
268.766667,3008969.2,11.2140278
268.8,3009024.63,11.215
268.833333,3009079.93,11.2159722
268.866667,3009135.11,11.2169444
268.9,3009190.15,11.2179167
268.933333,3009244.99,11.2188889
268.966667,3009299.67,11.2198611
269,3009354.22,11.2208333
269.033333,3009408.62,11.2218056
269.066667,3009462.83,11.2227778
269.1,3009516.86,11.22375
269.133333,3009570.72,11.2247222
269.166667,3009624.39,11.2256944
269.2,3009677.79,11.2266667
269.233333,3009730.91,11.2276389
269.266667,3009783.8,11.2286111
269.3,3009836.43,11.2295833
269.333333,3009888.76,11.2305556
269.366667,3009940.78,11.2315278
269.4,3009992.56,11.2325
269.433333,3010044.09,11.2334722
269.466667,3010095.32,11.2344444
269.5,3010146.22,11.2354167
269.533333,3010196.83,11.2363889
269.566667,3010247.15,11.2373611
269.6,3010297.12,11.2383333
269.633333,3010346.66,11.2393056
269.666667,3010395.89,11.2402778
269.7,3010444.78,11.24125
269.733333,3010493.33,11.2422222
269.766667,3010541.44,11.2431944
269.8,3010589.24,11.2441667
269.833333,3010636.73,11.2451389
269.866667,3010683.89,11.2461111
269.9,3010730.59,11.2470833
269.933333,3010776.96,11.2480556
269.966667,3010822.98,11.2490278
270,3010868.66,11.25
270.033333,3010913.83,11.2509722
270.066667,3010958.64,11.2519444
270.1,3011003.11,11.2529167
270.133333,3011047.25,11.2538889
270.166667,3011090.92,11.2548611
270.2,3011134.27,11.2558333
270.233333,3011177.29,11.2568056
270.266667,3011220,11.2577778
270.3,3011262.27,11.25875
270.333333,3011304.18,11.2597222
270.366667,3011345.75,11.2606944
270.4,3011387,11.2616667
270.433333,3011427.82,11.2626389
270.466667,3011468.27,11.2636111
270.5,3011508.41,11.2645833
270.533333,3011548.26,11.2655556
270.566667,3011587.74,11.2665278
270.6,3011626.88,11.2675
270.633333,3011665.74,11.2684722
270.666667,3011704.32,11.2694444
270.7,3011742.56,11.2704167
270.733333,3011780.45,11.2713889
270.766667,3011818.05,11.2723611
270.8,3011855.37,11.2733333
270.833333,3011892.37,11.2743056
270.866667,3011929.02,11.2752778
270.9,3011965.42,11.27625
270.933333,3012001.57,11.2772222
270.966667,3012037.45,11.2781944
271,3012073.02,11.2791667
271.033333,3012108.35,11.2801389
271.066667,3012143.44,11.2811111
271.1,3012178.28,11.2820833
271.133333,3012212.78,11.2830556
271.166667,3012247.03,11.2840278
271.2,3012281.05,11.285
271.233333,3012314.82,11.2859722
271.266667,3012348.27,11.2869444
271.3,3012381.49,11.2879167
271.333333,3012414.5,11.2888889
271.366667,3012447.3,11.2898611
271.4,3012479.79,11.2908333
271.433333,3012512.06,11.2918056
271.466667,3012544.1,11.2927778
271.5,3012575.91,11.29375
271.533333,3012607.4,11.2947222
271.566667,3012638.64,11.2956944
271.6,3012669.65,11.2966667
271.633333,3012700.43,11.2976389
271.666667,3012730.9,11.2986111
271.7,3012761.12,11.2995833
271.733333,3012791.11,11.3005556
271.766667,3012820.88,11.3015278
271.8,3012850.35,11.3025
271.833333,3012879.54,11.3034722
271.866667,3012908.48,11.3044444
271.9,3012937.17,11.3054167
271.933333,3012965.54,11.3063889
271.966667,3012993.59,11.3073611
272,3013021.38,11.3083333
272.033333,3013048.9,11.3093056
272.066667,3013076.11,11.3102778
272.1,3013102.95,11.31125
272.133333,3013129.48,11.3122222
272.166667,3013155.68,11.3131944
272.2,3013181.49,11.3141667
272.233333,3013206.81,11.3151389
272.266667,3013231.78,11.3161111
272.3,3013256.4,11.3170833
272.333333,3013280.65,11.3180556
272.366667,3013304.46,11.3190278
272.4,3013327.97,11.32
272.433333,3013351.17,11.3209722
272.466667,3013374.05,11.3219444
272.5,3013396.45,11.3229167
272.533333,3013418.5,11.3238889
272.566667,3013440.18,11.3248611
272.6,3013461.48,11.3258333
272.633333,3013482.22,11.3268056
272.666667,3013502.58,11.3277778
272.7,3013522.57,11.32875
272.733333,3013542.2,11.3297222
272.766667,3013561.36,11.3306944
272.8,3013580.16,11.3316667
272.833333,3013598.63,11.3326389
272.866667,3013616.77,11.3336111
272.9,3013634.42,11.3345833
272.933333,3013651.64,11.3355556
272.966667,3013668.48,11.3365278
273,3013684.92,11.3375
273.033333,3013700.86,11.3384722
273.066667,3013716.36,11.3394444
273.1,3013731.49,11.3404167
273.133333,3013746.28,11.3413889
273.166667,3013760.65,11.3423611
273.2,3013774.61,11.3433333
273.233333,3013788.24,11.3443056
273.266667,3013801.52,11.3452778
273.3,3013814.38,11.34625
273.333333,3013826.77,11.3472222
273.366667,3013838.78,11.3481944
273.4,3013850.43,11.3491667
273.433333,3013861.65,11.3501389
273.466667,3013872.42,11.3511111
273.5,3013882.87,11.3520833
273.533333,3013892.99,11.3530556
273.566667,3013902.78,11.3540278
273.6,3013912.15,11.355
273.633333,3013921.22,11.3559722
273.666667,3013929.96,11.3569444
273.7,3013938.36,11.3579167
273.733333,3013946.3,11.3588889
273.766667,3013953.9,11.3598611
273.8,3013961.18,11.3608333
273.833333,3013968.14,11.3618056
273.866667,3013974.67,11.3627778
273.9,3013980.93,11.36375
273.933333,3013986.91,11.3647222
273.966667,3013992.64,11.3656944
274,3013997.99,11.3666667
274.033333,3014003.06,11.3676389
274.066667,3014007.85,11.3686111
274.1,3014012.37,11.3695833
274.133333,3014016.49,11.3705556
274.166667,3014020.31,11.3715278
274.2,3014023.86,11.3725
274.233333,3014027.15,11.3734722
274.266667,3014030.12,11.3744444
274.3,3014032.83,11.3754167
274.333333,3014035.31,11.3763889
274.366667,3014037.58,11.3773611
274.4,3014039.56,11.3783333
274.433333,3014041.26,11.3793056
274.466667,3014042.72,11.3802778
274.5,3014043.94,11.38125
274.533333,3014044.87,11.3822222
274.566667,3014045.49,11.3831944
274.6,3014045.9,11.3841667
274.633333,3014046.09,11.3851389
274.666667,3014046.03,11.3861111
274.7,3014045.72,11.3870833
274.733333,3014045.22,11.3880556
274.766667,3014044.51,11.3890278
274.8,3014043.58,11.39
274.833333,3014042.37,11.3909722
274.866667,3014040.93,11.3919444
274.9,3014039.28,11.3929167
274.933333,3014037.38,11.3938889
274.966667,3014035.19,11.3948611
275,3014032.79,11.3958333
275.033333,3014030.2,11.3968056
275.066667,3014027.42,11.3977778
275.1,3014024.36,11.39875
275.133333,3014021.11,11.3997222
275.166667,3014017.67,11.4006944
275.2,3014014.03,11.4016667
275.233333,3014010.08,11.4026389
275.266667,3014005.92,11.4036111
275.3,3014001.54,11.4045833
275.333333,3013996.94,11.4055556
275.366667,3013992.05,11.4065278
275.4,3013986.96,11.4075
275.433333,3013981.66,11.4084722
275.466667,3013976.18,11.4094444
275.5,3013970.44,11.4104167
275.533333,3013964.48,11.4113889
275.566667,3013958.32,11.4123611
275.6,3013951.95,11.4133333
275.633333,3013945.31,11.4143056
275.666667,3013938.41,11.4152778
275.7,3013931.29,11.41625
275.733333,3013923.97,11.4172222
275.766667,3013916.39,11.4181944
275.8,3013908.56,11.4191667
275.833333,3013900.55,11.4201389
275.866667,3013892.34,11.4211111
275.9,3013883.9,11.4220833
275.933333,3013875.21,11.4230556
275.966667,3013866.32,11.4240278
276,3013857.22,11.425
276.033333,3013847.88,11.4259722
276.066667,3013838.26,11.4269444
276.1,3013828.44,11.4279167
276.133333,3013818.42,11.4288889
276.166667,3013808.19,11.4298611
276.2,3013797.7,11.4308333
276.233333,3013787.03,11.4318056
276.266667,3013776.18,11.4327778
276.3,3013765.14,11.43375
276.333333,3013753.84,11.4347222
276.366667,3013742.35,11.4356944
276.4,3013730.67,11.4366667
276.433333,3013718.81,11.4376389
276.466667,3013706.67,11.4386111
276.5,3013694.35,11.4395833
276.533333,3013681.86,11.4405556
276.566667,3013669.21,11.4415278
276.6,3013656.33,11.4425
276.633333,3013643.3,11.4434722
276.666667,3013630.11,11.4444444
276.7,3013616.77,11.4454167
276.733333,3013603.22,11.4463889
276.766667,3013589.5,11.4473611
276.8,3013575.62,11.4483333
276.833333,3013561.59,11.4493056
276.866667,3013547.37,11.4502778
276.9,3013533,11.45125
276.933333,3013518.49,11.4522222
276.966667,3013503.86,11.4531944
277,3013489.08,11.4541667
277.033333,3013474.16,11.4551389
277.066667,3013459.13,11.4561111
277.1,3013443.99,11.4570833
277.133333,3013428.71,11.4580556
277.166667,3013413.29,11.4590278
277.2,3013397.75,11.46
277.233333,3013382.11,11.4609722
277.266667,3013366.35,11.4619444
277.3,3013350.46,11.4629167
277.333333,3013334.5,11.4638889
277.366667,3013318.45,11.4648611
277.4,3013302.31,11.4658333
277.433333,3013286.08,11.4668056
277.466667,3013269.76,11.4677778
277.5,3013253.38,11.46875
277.533333,3013236.91,11.4697222
277.566667,3013220.33,11.4706944
277.6,3013203.68,11.4716667
277.633333,3013186.96,11.4726389
277.666667,3013170.17,11.4736111
277.7,3013153.3,11.4745833
277.733333,3013136.39,11.4755556
277.766667,3013119.42,11.4765278
277.8,3013102.4,11.4775
277.833333,3013085.32,11.4784722
277.866667,3013068.19,11.4794444
277.9,3013051,11.4804167
277.933333,3013033.76,11.4813889
277.966667,3013016.46,11.4823611
278,3012999.1,11.4833333
278.033333,3012981.7,11.4843056
278.066667,3012964.25,11.4852778
278.1,3012946.76,11.48625
278.133333,3012929.23,11.4872222
278.166667,3012911.67,11.4881944
278.2,3012894.08,11.4891667
278.233333,3012876.44,11.4901389
278.266667,3012858.76,11.4911111
278.3,3012841.04,11.4920833
278.333333,3012823.28,11.4930556
278.366667,3012805.48,11.4940278
278.4,3012787.63,11.495
278.433333,3012769.74,11.4959722
278.466667,3012751.83,11.4969444
278.5,3012733.88,11.4979167
278.533333,3012715.9,11.4988889
278.566667,3012697.9,11.4998611
278.6,3012679.86,11.5008333
278.633333,3012661.79,11.5018056
278.666667,3012643.68,11.5027778
278.7,3012625.54,11.50375
278.733333,3012607.35,11.5047222
278.766667,3012589.12,11.5056944
278.8,3012570.87,11.5066667
278.833333,3012552.58,11.5076389
278.866667,3012534.26,11.5086111
278.9,3012515.92,11.5095833
278.933333,3012497.55,11.5105556
278.966667,3012479.16,11.5115278
279,3012460.73,11.5125
279.033333,3012442.28,11.5134722
279.066667,3012423.79,11.5144444
279.1,3012405.28,11.5154167
279.133333,3012386.72,11.5163889
279.166667,3012368.15,11.5173611
279.2,3012349.54,11.5183333
279.233333,3012330.92,11.5193056
279.266667,3012312.27,11.5202778
279.3,3012293.61,11.52125
279.333333,3012274.94,11.5222222
279.366667,3012256.25,11.5231944
279.4,3012237.53,11.5241667
279.433333,3012218.8,11.5251389
279.466667,3012200.05,11.5261111
279.5,3012181.29,11.5270833
279.533333,3012162.51,11.5280556
279.566667,3012143.72,11.5290278
279.6,3012124.92,11.53
279.633333,3012106.12,11.5309722
279.666667,3012087.32,11.5319444
279.7,3012068.53,11.5329167
279.733333,3012049.74,11.5338889
279.766667,3012030.95,11.5348611
279.8,3012012.16,11.5358333
279.833333,3011993.38,11.5368056
279.866667,3011974.61,11.5377778
279.9,3011955.84,11.53875
279.933333,3011937.09,11.5397222
279.966667,3011918.36,11.5406944
280,3011899.64,11.5416667
280.033333,3011880.95,11.5426389
280.066667,3011862.29,11.5436111
280.1,3011843.66,11.5445833
280.133333,3011825.06,11.5455556
280.166667,3011806.49,11.5465278
280.2,3011787.95,11.5475
280.233333,3011769.45,11.5484722
280.266667,3011750.99,11.5494444
280.3,3011732.56,11.5504167
280.333333,3011714.17,11.5513889
280.366667,3011695.84,11.5523611
280.4,3011677.56,11.5533333
280.433333,3011659.33,11.5543056
280.466667,3011641.15,11.5552778
280.5,3011623.04,11.55625
280.533333,3011604.98,11.5572222
280.566667,3011586.98,11.5581944
280.6,3011569.04,11.5591667
280.633333,3011551.16,11.5601389
280.666667,3011533.35,11.5611111
280.7,3011515.6,11.5620833
280.733333,3011497.91,11.5630556
280.766667,3011480.31,11.5640278
280.8,3011462.79,11.565
280.833333,3011445.33,11.5659722
280.866667,3011427.94,11.5669444
280.9,3011410.67,11.5679167
280.933333,3011393.48,11.5688889
280.966667,3011376.39,11.5698611
281,3011359.39,11.5708333
281.033333,3011342.56,11.5718056
281.066667,3011325.86,11.5727778
281.1,3011309.29,11.57375
281.133333,3011292.86,11.5747222
281.166667,3011276.6,11.5756944
281.2,3011260.5,11.5766667
281.233333,3011244.54,11.5776389
281.266667,3011228.71,11.5786111
281.3,3011213.06,11.5795833
281.333333,3011197.58,11.5805556
281.366667,3011182.26,11.5815278
281.4,3011167.09,11.5825
281.433333,3011152.12,11.5834722
281.466667,3011137.37,11.5844444
281.5,3011122.79,11.5854167
281.533333,3011108.39,11.5863889
281.566667,3011094.22,11.5873611
281.6,3011080.35,11.5883333
281.633333,3011066.75,11.5893056
281.666667,3011053.44,11.5902778
281.7,3011040.5,11.59125
281.733333,3011028,11.5922222
281.766667,3011015.81,11.5931944
281.8,3011003.91,11.5941667
281.833333,3010992.29,11.5951389
281.866667,3010980.97,11.5961111
281.9,3010969.85,11.5970833
281.933333,3010958.94,11.5980556
281.966667,3010948.24,11.5990278
282,3010937.91,11.6
282.033333,3010927.87,11.6009722
282.066667,3010918.14,11.6019444
282.1,3010908.74,11.6029167
282.133333,3010899.79,11.6038889
282.166667,3010891.15,11.6048611
282.2,3010882.78,11.6058333
282.233333,3010874.65,11.6068056
282.266667,3010866.82,11.6077778
282.3,3010859.22,11.60875
282.333333,3010851.85,11.6097222
282.366667,3010844.72,11.6106944
282.4,3010837.96,11.6116667
282.433333,3010831.55,11.6126389
282.466667,3010825.46,11.6136111
282.5,3010819.7,11.6145833
282.533333,3010814.35,11.6155556
282.566667,3010809.35,11.6165278
282.6,3010804.6,11.6175
282.633333,3010800.11,11.6184722
282.666667,3010795.9,11.6194444
282.7,3010791.99,11.6204167
282.733333,3010788.35,11.6213889
282.766667,3010784.98,11.6223611
282.8,3010781.97,11.6233333
282.833333,3010779.39,11.6243056
282.866667,3010777.15,11.6252778
282.9,3010775.26,11.62625
282.933333,3010773.73,11.6272222
282.966667,3010772.6,11.6281944
283,3010771.74,11.6291667
283.033333,3010771.16,11.6301389
283.066667,3010770.85,11.6311111
283.1,3010770.92,11.6320833
283.133333,3010771.29,11.6330556
283.166667,3010771.98,11.6340278
283.2,3010773.02,11.635
283.233333,3010774.57,11.6359722
283.266667,3010776.47,11.6369444
283.3,3010778.72,11.6379167
283.333333,3010781.31,11.6388889
283.366667,3010784.33,11.6398611
283.4,3010787.65,11.6408333
283.433333,3010791.26,11.6418056
283.466667,3010795.15,11.6427778
283.5,3010799.45,11.64375
283.533333,3010804.11,11.6447222
283.566667,3010809.11,11.6456944
283.6,3010814.46,11.6466667
283.633333,3010820.3,11.6476389
283.666667,3010826.54,11.6486111
283.7,3010833.11,11.6495833
283.733333,3010840.01,11.6505556
283.766667,3010847.3,11.6515278
283.8,3010854.92,11.6525
283.833333,3010862.84,11.6534722
283.866667,3010871.05,11.6544444
283.9,3010879.63,11.6554167
283.933333,3010888.62,11.6563889
283.966667,3010897.95,11.6573611
284,3010907.63,11.6583333
284.033333,3010917.71,11.6593056
284.066667,3010928.22,11.6602778
284.1,3010939.03,11.66125
284.133333,3010950.14,11.6622222
284.166667,3010961.57,11.6631944
284.2,3010973.36,11.6641667
284.233333,3010985.42,11.6651389
284.266667,3010997.76,11.6661111
284.3,3011010.42,11.6670833
284.333333,3011023.49,11.6680556
284.366667,3011036.88,11.6690278
284.4,3011050.58,11.67
284.433333,3011064.61,11.6709722
284.466667,3011079.04,11.6719444
284.5,3011093.74,11.6729167
284.533333,3011108.69,11.6738889
284.566667,3011123.88,11.6748611
284.6,3011139.42,11.6758333
284.633333,3011155.21,11.6768056
284.666667,3011171.25,11.6777778
284.7,3011187.54,11.67875
284.733333,3011204.22,11.6797222
284.766667,3011221.18,11.6806944
284.8,3011238.41,11.6816667
284.833333,3011255.9,11.6826389
284.866667,3011273.72,11.6836111
284.9,3011291.78,11.6845833
284.933333,3011310.05,11.6855556
284.966667,3011328.52,11.6865278
285,3011347.26,11.6875
285.033333,3011366.24,11.6884722
285.066667,3011385.45,11.6894444
285.1,3011404.88,11.6904167
285.133333,3011424.61,11.6913889
285.166667,3011444.62,11.6923611
285.2,3011464.85,11.6933333
285.233333,3011485.29,11.6943056
285.266667,3011505.98,11.6952778
285.3,3011526.89,11.69625
285.333333,3011547.99,11.6972222
285.366667,3011569.26,11.6981944
285.4,3011590.73,11.6991667
285.433333,3011612.46,11.7001389
285.466667,3011634.38,11.7011111
285.5,3011656.51,11.7020833
285.533333,3011678.87,11.7030556
285.566667,3011701.5,11.7040278
285.6,3011724.32,11.705
285.633333,3011747.33,11.7059722
285.666667,3011770.53,11.7069444
285.7,3011793.95,11.7079167
285.733333,3011817.53,11.7088889
285.766667,3011841.28,11.7098611
285.8,3011865.19,11.7108333
285.833333,3011889.37,11.7118056
285.866667,3011913.73,11.7127778
285.9,3011938.29,11.71375
285.933333,3011963.03,11.7147222
285.966667,3011988.05,11.7156944
286,3012013.25,11.7166667
286.033333,3012038.61,11.7176389
286.066667,3012064.13,11.7186111
286.1,3012089.87,11.7195833
286.133333,3012115.78,11.7205556
286.166667,3012141.85,11.7215278
286.2,3012168.08,11.7225
286.233333,3012194.55,11.7234722
286.266667,3012221.23,11.7244444
286.3,3012248.09,11.7254167
286.333333,3012275.13,11.7263889
286.366667,3012302.4,11.7273611
286.4,3012329.86,11.7283333
286.433333,3012357.48,11.7293056
286.466667,3012385.26,11.7302778
286.5,3012413.21,11.73125
286.533333,3012441.36,11.7322222
286.566667,3012469.67,11.7331944
286.6,3012498.14,11.7341667
286.633333,3012526.81,11.7351389
286.666667,3012555.71,11.7361111
286.7,3012584.78,11.7370833
286.733333,3012614.02,11.7380556
286.766667,3012643.44,11.7390278
286.8,3012673.06,11.74
286.833333,3012702.83,11.7409722
286.866667,3012732.73,11.7419444
286.9,3012762.79,11.7429167
286.933333,3012793.04,11.7438889
286.966667,3012823.44,11.7448611
287,3012854,11.7458333
287.033333,3012884.71,11.7468056
287.066667,3012915.65,11.7477778
287.1,3012946.74,11.74875
287.133333,3012977.97,11.7497222
287.166667,3013009.34,11.7506944
287.2,3013040.89,11.7516667
287.233333,3013072.56,11.7526389
287.266667,3013104.36,11.7536111
287.3,3013136.27,11.7545833
287.333333,3013168.35,11.7555556
287.366667,3013200.56,11.7565278
287.4,3013232.9,11.7575
287.433333,3013265.37,11.7584722
287.466667,3013298.01,11.7594444
287.5,3013330.77,11.7604167
287.533333,3013363.65,11.7613889
287.566667,3013396.63,11.7623611
287.6,3013429.73,11.7633333
287.633333,3013462.94,11.7643056
287.666667,3013496.23,11.7652778
287.7,3013529.61,11.76625
287.733333,3013563.11,11.7672222
287.766667,3013596.72,11.7681944
287.8,3013630.42,11.7691667
287.833333,3013664.21,11.7701389
287.866667,3013698.11,11.7711111
287.9,3013732.12,11.7720833
287.933333,3013766.19,11.7730556
287.966667,3013800.32,11.7740278
288,3013834.53,11.775
288.033333,3013868.81,11.7759722
288.066667,3013903.15,11.7769444
288.1,3013937.54,11.7779167
288.133333,3013972,11.7788889
288.166667,3014006.55,11.7798611
288.2,3014041.15,11.7808333
288.233333,3014075.82,11.7818056
288.266667,3014110.54,11.7827778
288.3,3014145.32,11.78375
288.333333,3014180.14,11.7847222
288.366667,3014215,11.7856944
288.4,3014249.89,11.7866667
288.433333,3014284.82,11.7876389
288.466667,3014319.78,11.7886111
288.5,3014354.78,11.7895833
288.533333,3014389.81,11.7905556
288.566667,3014424.89,11.7915278
288.6,3014460.01,11.7925
288.633333,3014495.16,11.7934722
288.666667,3014530.34,11.7944444
288.7,3014565.55,11.7954167
288.733333,3014600.78,11.7963889
288.766667,3014636.02,11.7973611
288.8,3014671.27,11.7983333
288.833333,3014706.54,11.7993056
288.866667,3014741.83,11.8002778
288.9,3014777.14,11.80125
288.933333,3014812.47,11.8022222
288.966667,3014847.82,11.8031944
289,3014883.2,11.8041667
289.033333,3014918.59,11.8051389
289.066667,3014954,11.8061111
289.1,3014989.42,11.8070833
289.133333,3015024.84,11.8080556
289.166667,3015060.26,11.8090278
289.2,3015095.69,11.81
289.233333,3015131.12,11.8109722
289.266667,3015166.57,11.8119444
289.3,3015202.02,11.8129167
289.333333,3015237.49,11.8138889
289.366667,3015272.98,11.8148611
289.4,3015308.47,11.8158333
289.433333,3015343.97,11.8168056
289.466667,3015379.48,11.8177778
289.5,3015414.98,11.81875
289.533333,3015450.46,11.8197222
289.566667,3015485.9,11.8206944
289.6,3015521.28,11.8216667
289.633333,3015556.6,11.8226389
289.666667,3015591.8,11.8236111
289.7,3015626.92,11.8245833
289.733333,3015661.96,11.8255556
289.766667,3015696.95,11.8265278
289.8,3015731.89,11.8275
289.833333,3015766.82,11.8284722
289.866667,3015801.73,11.8294444
289.9,3015836.63,11.8304167
289.933333,3015871.49,11.8313889
289.966667,3015906.29,11.8323611
290,3015941.03,11.8333333
290.033333,3015975.7,11.8343056
290.066667,3016010.26,11.8352778
290.1,3016044.73,11.83625
290.133333,3016079.14,11.8372222
290.166667,3016113.5,11.8381944
290.2,3016147.82,11.8391667
290.233333,3016182.1,11.8401389
290.266667,3016216.37,11.8411111
290.3,3016250.6,11.8420833
290.333333,3016284.77,11.8430556
290.366667,3016318.86,11.8440278
290.4,3016352.87,11.845
290.433333,3016386.79,11.8459722
290.466667,3016420.6,11.8469444
290.5,3016454.3,11.8479167
290.533333,3016487.94,11.8488889
290.566667,3016521.53,11.8498611
290.6,3016555.05,11.8508333
290.633333,3016588.52,11.8518056
290.666667,3016621.94,11.8527778
290.7,3016655.29,11.85375
290.733333,3016688.56,11.8547222
290.766667,3016721.71,11.8556944
290.8,3016754.74,11.8566667
290.833333,3016787.67,11.8576389
290.866667,3016820.49,11.8586111
290.9,3016853.17,11.8595833
290.933333,3016885.76,11.8605556
290.966667,3016918.28,11.8615278
291,3016950.73,11.8625
291.033333,3016983.08,11.8634722
291.066667,3017015.34,11.8644444
291.1,3017047.5,11.8654167
291.133333,3017079.56,11.8663889
291.166667,3017111.45,11.8673611
291.2,3017143.2,11.8683333
291.233333,3017174.82,11.8693056
291.266667,3017206.33,11.8702778
291.3,3017237.67,11.87125
291.333333,3017268.91,11.8722222
291.366667,3017300.06,11.8731944
291.4,3017331.1,11.8741667
291.433333,3017362.03,11.8751389
291.466667,3017392.82,11.8761111
291.5,3017423.49,11.8770833
291.533333,3017454.04,11.8780556
291.566667,3017484.4,11.8790278
291.6,3017514.6,11.88
291.633333,3017544.66,11.8809722
291.666667,3017574.58,11.8819444
291.7,3017604.37,11.8829167
291.733333,3017634.01,11.8838889
291.766667,3017663.55,11.8848611
291.8,3017692.98,11.8858333
291.833333,3017722.27,11.8868056
291.866667,3017751.41,11.8877778
291.9,3017780.41,11.88875
291.933333,3017809.27,11.8897222
291.966667,3017837.97,11.8906944
292,3017866.48,11.8916667
292.033333,3017894.85,11.8926389
292.066667,3017923.09,11.8936111
292.1,3017951.22,11.8945833
292.133333,3017979.18,11.8955556
292.166667,3018007.04,11.8965278
292.2,3018034.78,11.8975
292.233333,3018062.41,11.8984722
292.266667,3018089.85,11.8994444
292.3,3018117.16,11.9004167
292.333333,3018144.34,11.9013889
292.366667,3018171.37,11.9023611
292.4,3018198.22,11.9033333
292.433333,3018224.93,11.9043056
292.466667,3018251.54,11.9052778
292.5,3018278.04,11.90625
292.533333,3018304.39,11.9072222
292.566667,3018330.63,11.9081944
292.6,3018356.76,11.9091667
292.633333,3018382.78,11.9101389
292.666667,3018408.64,11.9111111
292.7,3018434.36,11.9120833
292.733333,3018459.94,11.9130556
292.766667,3018485.41,11.9140278
292.8,3018510.72,11.915
292.833333,3018535.9,11.9159722
292.866667,3018560.98,11.9169444
292.9,3018585.96,11.9179167
292.933333,3018610.83,11.9188889
292.966667,3018635.57,11.9198611
293,3018660.2,11.9208333
293.033333,3018684.73,11.9218056
293.066667,3018709.12,11.9227778
293.1,3018733.35,11.92375
293.133333,3018757.47,11.9247222
293.166667,3018781.48,11.9256944
293.2,3018805.36,11.9266667
293.233333,3018829.1,11.9276389
293.266667,3018852.75,11.9286111
293.3,3018876.3,11.9295833
293.333333,3018899.76,11.9305556
293.366667,3018923.07,11.9315278
293.4,3018946.27,11.9325
293.433333,3018969.37,11.9334722
293.466667,3018992.34,11.9344444
293.5,3019015.15,11.9354167
293.533333,3019037.84,11.9363889
293.566667,3019060.41,11.9373611
293.6,3019082.88,11.9383333
293.633333,3019105.21,11.9393056
293.666667,3019127.43,11.9402778
293.7,3019149.55,11.94125
293.733333,3019171.57,11.9422222
293.766667,3019193.44,11.9431944
293.8,3019215.19,11.9441667
293.833333,3019236.81,11.9451389
293.866667,3019258.32,11.9461111
293.9,3019279.66,11.9470833
293.933333,3019300.86,11.9480556
293.966667,3019321.95,11.9490278
294,3019342.93,11.95
294.033333,3019363.77,11.9509722
294.066667,3019384.48,11.9519444
294.1,3019405.08,11.9529167
294.133333,3019425.56,11.9538889
294.166667,3019445.9,11.9548611
294.2,3019466.09,11.9558333
294.233333,3019486.14,11.9568056
294.266667,3019506.07,11.9577778
294.3,3019525.84,11.95875
294.333333,3019545.46,11.9597222
294.366667,3019564.95,11.9606944
294.4,3019584.33,11.9616667
294.433333,3019603.57,11.9626389
294.466667,3019622.66,11.9636111
294.5,3019641.62,11.9645833
294.533333,3019660.47,11.9655556
294.566667,3019679.17,11.9665278
294.6,3019697.7,11.9675
294.633333,3019716.09,11.9684722
294.666667,3019734.34,11.9694444
294.7,3019752.47,11.9704167
294.733333,3019770.41,11.9713889
294.766667,3019788.22,11.9723611
294.8,3019805.92,11.9733333
294.833333,3019823.5,11.9743056
294.866667,3019840.91,11.9752778
294.9,3019858.19,11.97625
294.933333,3019875.34,11.9772222
294.966667,3019892.37,11.9781944
295,3019909.21,11.9791667
295.033333,3019925.91,11.9801389
295.066667,3019942.49,11.9811111
295.1,3019958.93,11.9820833
295.133333,3019975.22,11.9830556
295.166667,3019991.38,11.9840278
295.2,3020007.42,11.985
295.233333,3020023.34,11.9859722
295.266667,3020039.12,11.9869444
295.3,3020054.76,11.9879167
295.333333,3020070.28,11.9888889
295.366667,3020085.67,11.9898611
295.4,3020100.91,11.9908333
295.433333,3020116.01,11.9918056
295.466667,3020130.99,11.9927778
295.5,3020145.86,11.99375
295.533333,3020160.6,11.9947222
295.566667,3020175.2,11.9956944
295.6,3020189.7,11.9966667
295.633333,3020204.09,11.9976389
295.666667,3020218.37,11.9986111
295.7,3020232.5,11.9995833
295.733333,3020246.52,12.0005556
295.766667,3020260.43,12.0015278
295.8,3020274.22,12.0025
295.833333,3020287.87,12.0034722
295.866667,3020301.41,12.0044444
295.9,3020314.86,12.0054167
295.933333,3020328.2,12.0063889
295.966667,3020341.42,12.0073611
296,3020354.54,12.0083333
296.033333,3020367.57,12.0093056
296.066667,3020380.5,12.0102778
296.1,3020393.29,12.01125
296.133333,3020405.98,12.0122222
296.166667,3020418.57,12.0131944
296.2,3020431.07,12.0141667
296.233333,3020443.44,12.0151389
296.266667,3020455.71,12.0161111
296.3,3020467.9,12.0170833
296.333333,3020480,12.0180556
296.366667,3020491.98,12.0190278
296.4,3020503.87,12.02
296.433333,3020515.68,12.0209722
296.466667,3020527.4,12.0219444
296.5,3020538.99,12.0229167
296.533333,3020550.49,12.0238889
296.566667,3020561.9,12.0248611
296.6,3020573.22,12.0258333
296.633333,3020584.43,12.0268056
296.666667,3020595.54,12.0277778
296.7,3020606.57,12.02875
296.733333,3020617.51,12.0297222
296.766667,3020628.32,12.0306944
296.8,3020638.93,12.0316667
296.833333,3020649.31,12.0326389
296.866667,3020659.44,12.0336111
296.9,3020669.23,12.0345833
296.933333,3020678.63,12.0355556
296.966667,3020687.77,12.0365278
297,3020696.68,12.0375
297.033333,3020705.39,12.0384722
297.066667,3020713.95,12.0394444
297.1,3020722.43,12.0404167
297.133333,3020730.8,12.0413889
297.166667,3020739.06,12.0423611
297.2,3020747.08,12.0433333
297.233333,3020754.88,12.0443056
297.266667,3020762.42,12.0452778
297.3,3020769.69,12.04625
297.333333,3020776.58,12.0472222
297.366667,3020783.27,12.0481944
297.4,3020789.78,12.0491667
297.433333,3020796.16,12.0501389
297.466667,3020802.4,12.0511111
297.5,3020808.54,12.0520833
297.533333,3020814.58,12.0530556
297.566667,3020820.5,12.0540278
297.6,3020826.15,12.055
297.633333,3020831.56,12.0559722
297.666667,3020836.72,12.0569444
297.7,3020841.64,12.0579167
297.733333,3020846.24,12.0588889
297.766667,3020850.64,12.0598611
297.8,3020854.9,12.0608333
297.833333,3020859.03,12.0618056
297.866667,3020863.05,12.0627778
297.9,3020866.95,12.06375
297.933333,3020870.71,12.0647222
297.966667,3020874.31,12.0656944
298,3020877.67,12.0666667
298.033333,3020880.74,12.0676389
298.066667,3020883.57,12.0686111
298.1,3020886.16,12.0695833
298.133333,3020888.5,12.0705556
298.166667,3020890.63,12.0715278
298.2,3020892.64,12.0725
298.233333,3020894.54,12.0734722
298.266667,3020896.31,12.0744444
298.3,3020897.93,12.0754167
298.333333,3020899.38,12.0763889
298.366667,3020900.65,12.0773611
298.4,3020901.7,12.0783333
298.433333,3020902.41,12.0793056
298.466667,3020902.91,12.0802778
298.5,3020903.19,12.08125
298.533333,3020903.27,12.0822222
298.566667,3020903.14,12.0831944
298.6,3020902.9,12.0841667
298.633333,3020902.55,12.0851389
298.666667,3020902.09,12.0861111
298.7,3020901.43,12.0870833
298.733333,3020900.6,12.0880556
298.766667,3020899.58,12.0890278
298.8,3020898.34,12.09
298.833333,3020896.8,12.0909722
298.866667,3020895.05,12.0919444
298.9,3020893.11,12.0929167
298.933333,3020891.02,12.0938889
298.966667,3020888.77,12.0948611
299,3020886.4,12.0958333
299.033333,3020883.93,12.0968056
299.066667,3020881.35,12.0977778
299.1,3020878.59,12.09875
299.133333,3020875.65,12.0997222
299.166667,3020872.52,12.1006944
299.2,3020869.21,12.1016667
299.233333,3020865.65,12.1026389
299.266667,3020861.9,12.1036111
299.3,3020858.01,12.1045833
299.333333,3020854.01,12.1055556
299.366667,3020849.9,12.1065278
299.4,3020845.68,12.1075
299.433333,3020841.38,12.1084722
299.466667,3020836.98,12.1094444
299.5,3020832.44,12.1104167
299.533333,3020827.71,12.1113889
299.566667,3020822.83,12.1123611
299.6,3020817.79,12.1133333
299.633333,3020812.59,12.1143056
299.666667,3020807.23,12.1152778
299.7,3020801.77,12.11625
299.733333,3020796.24,12.1172222
299.766667,3020790.65,12.1181944
299.8,3020784.97,12.1191667
299.833333,3020779.23,12.1201389
299.866667,3020773.4,12.1211111
299.9,3020767.47,12.1220833
299.933333,3020761.37,12.1230556
299.966667,3020755.15,12.1240278
300,3020748.81,12.125
300.033333,3020742.36,12.1259722
300.066667,3020735.8,12.1269444
300.1,3020729.18,12.1279167
300.133333,3020722.52,12.1288889
300.166667,3020715.83,12.1298611
300.2,3020709.08,12.1308333
300.233333,3020702.27,12.1318056
300.266667,3020695.39,12.1327778
300.3,3020688.43,12.13375
300.333333,3020681.33,12.1347222
300.366667,3020674.13,12.1356944
300.4,3020666.85,12.1366667
300.433333,3020659.5,12.1376389
300.466667,3020652.07,12.1386111
300.5,3020644.62,12.1395833
300.533333,3020637.14,12.1405556
300.566667,3020629.64,12.1415278
300.6,3020622.1,12.1425
300.633333,3020614.49,12.1434722
300.666667,3020606.82,12.1444444
300.7,3020599.08,12.1454167
300.733333,3020591.24,12.1463889
300.766667,3020583.31,12.1473611
300.8,3020575.31,12.1483333
300.833333,3020567.27,12.1493056
300.866667,3020559.18,12.1502778
300.9,3020551.08,12.15125
300.933333,3020542.95,12.1522222
300.966667,3020534.8,12.1531944
301,3020526.62,12.1541667
301.033333,3020518.36,12.1551389
301.066667,3020510.04,12.1561111
301.1,3020501.66,12.1570833
301.133333,3020493.19,12.1580556
301.166667,3020484.64,12.1590278
301.2,3020476.05,12.16
301.233333,3020467.41,12.1609722
301.266667,3020458.76,12.1619444
301.3,3020450.08,12.1629167
301.333333,3020441.38,12.1638889
301.366667,3020432.65,12.1648611
301.4,3020423.89,12.1658333
301.433333,3020415.05,12.1668056
301.466667,3020406.15,12.1677778
301.5,3020397.18,12.16875
301.533333,3020388.16,12.1697222
301.566667,3020379.06,12.1706944
301.6,3020369.93,12.1716667
301.633333,3020360.77,12.1726389
301.666667,3020351.6,12.1736111
301.7,3020342.41,12.1745833
301.733333,3020333.2,12.1755556
301.766667,3020323.96,12.1765278
301.8,3020314.68,12.1775
301.833333,3020305.34,12.1784722
301.866667,3020295.93,12.1794444
301.9,3020286.48,12.1804167
301.933333,3020276.98,12.1813889
301.966667,3020267.43,12.1823611
302,3020257.87,12.1833333
302.033333,3020248.3,12.1843056
302.066667,3020238.72,12.1852778
302.1,3020229.13,12.18625
302.133333,3020219.53,12.1872222
302.166667,3020209.9,12.1881944
302.2,3020200.25,12.1891667
302.233333,3020190.55,12.1901389
302.266667,3020180.81,12.1911111
302.3,3020171.03,12.1920833
302.333333,3020161.24,12.1930556
302.366667,3020151.43,12.1940278
302.4,3020141.63,12.195
302.433333,3020131.83,12.1959722
302.466667,3020122.05,12.1969444
302.5,3020112.27,12.1979167
302.533333,3020102.49,12.1988889
302.566667,3020092.7,12.1998611
302.6,3020082.9,12.2008333
302.633333,3020073.09,12.2018056
302.666667,3020063.26,12.2027778
302.7,3020053.42,12.20375
302.733333,3020043.59,12.2047222
302.766667,3020033.78,12.2056944
302.8,3020023.99,12.2066667
302.833333,3020014.24,12.2076389
302.866667,3020004.52,12.2086111
302.9,3019994.81,12.2095833
302.933333,3019985.13,12.2105556
302.966667,3019975.47,12.2115278
303,3019965.8,12.2125
303.033333,3019956.15,12.2134722
303.066667,3019946.51,12.2144444
303.1,3019936.9,12.2154167
303.133333,3019927.32,12.2163889
303.166667,3019917.77,12.2173611
303.2,3019908.28,12.2183333
303.233333,3019898.85,12.2193056
303.266667,3019889.45,12.2202778
303.3,3019880.09,12.22125
303.333333,3019870.77,12.2222222
303.366667,3019861.48,12.2231944
303.4,3019852.22,12.2241667
303.433333,3019842.98,12.2251389
303.466667,3019833.78,12.2261111
303.5,3019824.64,12.2270833
303.533333,3019815.54,12.2280556
303.566667,3019806.5,12.2290278
303.6,3019797.52,12.23
303.633333,3019788.61,12.2309722
303.666667,3019779.75,12.2319444
303.7,3019770.94,12.2329167
303.733333,3019762.17,12.2338889
303.766667,3019753.45,12.2348611
303.8,3019744.76,12.2358333
303.833333,3019736.12,12.2368056
303.866667,3019727.52,12.2377778
303.9,3019719,12.23875
303.933333,3019710.53,12.2397222
303.966667,3019702.13,12.2406944
304,3019693.79,12.2416667
304.033333,3019685.53,12.2426389
304.066667,3019677.32,12.2436111
304.1,3019669.16,12.2445833
304.133333,3019661.04,12.2455556
304.166667,3019652.98,12.2465278
304.2,3019644.97,12.2475
304.233333,3019637,12.2484722
304.266667,3019629.09,12.2494444
304.3,3019621.25,12.2504167
304.333333,3019613.48,12.2513889
304.366667,3019605.77,12.2523611
304.4,3019598.13,12.2533333
304.433333,3019590.55,12.2543056
304.466667,3019583.04,12.2552778
304.5,3019575.57,12.25625
304.533333,3019568.15,12.2572222
304.566667,3019560.78,12.2581944
304.6,3019553.47,12.2591667
304.633333,3019546.21,12.2601389
304.666667,3019539.01,12.2611111
304.7,3019531.88,12.2620833
304.733333,3019524.83,12.2630556
304.766667,3019517.85,12.2640278
304.8,3019510.92,12.265
304.833333,3019504.05,12.2659722
304.866667,3019497.26,12.2669444
304.9,3019490.51,12.2679167
304.933333,3019483.81,12.2688889
304.966667,3019477.16,12.2698611
305,3019470.59,12.2708333
305.033333,3019464.08,12.2718056
305.066667,3019457.63,12.2727778
305.1,3019451.24,12.27375
305.133333,3019444.95,12.2747222
305.166667,3019438.73,12.2756944
305.2,3019432.56,12.2766667
305.233333,3019426.46,12.2776389
305.266667,3019420.44,12.2786111
305.3,3019414.47,12.2795833
305.333333,3019408.56,12.2805556
305.366667,3019402.7,12.2815278
305.4,3019396.94,12.2825
305.433333,3019391.24,12.2834722
305.466667,3019385.62,12.2844444
305.5,3019380.07,12.2854167
305.533333,3019374.62,12.2863889
305.566667,3019369.25,12.2873611
305.6,3019363.95,12.2883333
305.633333,3019358.71,12.2893056
305.666667,3019353.56,12.2902778
305.7,3019348.48,12.29125
305.733333,3019343.47,12.2922222
305.766667,3019338.54,12.2931944
305.8,3019333.69,12.2941667
305.833333,3019328.94,12.2951389
305.866667,3019324.27,12.2961111
305.9,3019319.69,12.2970833
305.933333,3019315.2,12.2980556
305.966667,3019310.81,12.2990278
306,3019306.51,12.3
306.033333,3019302.27,12.3009722
306.066667,3019298.12,12.3019444
306.1,3019294.08,12.3029167
306.133333,3019290.11,12.3038889
306.166667,3019286.23,12.3048611
306.2,3019282.44,12.3058333
306.233333,3019278.77,12.3068056
306.266667,3019275.2,12.3077778
306.3,3019271.71,12.30875
306.333333,3019268.31,12.3097222
306.366667,3019265.05,12.3106944
306.4,3019261.86,12.3116667
306.433333,3019258.76,12.3126389
306.466667,3019255.75,12.3136111
306.5,3019252.85,12.3145833
306.533333,3019250.05,12.3155556
306.566667,3019247.34,12.3165278
306.6,3019244.73,12.3175
306.633333,3019242.24,12.3184722
306.666667,3019239.86,12.3194444
306.7,3019237.56,12.3204167
306.733333,3019235.34,12.3213889
306.766667,3019233.19,12.3223611
306.8,3019231.04,12.3233333
306.833333,3019228.88,12.3243056
306.866667,3019226.71,12.3252778
306.9,3019224.5,12.32625
306.933333,3019222.31,12.3272222
306.966667,3019220.14,12.3281944
307,3019218.03,12.3291667
307.033333,3019216.01,12.3301389
307.066667,3019214.11,12.3311111
307.1,3019212.29,12.3320833
307.133333,3019210.54,12.3330556
307.166667,3019208.84,12.3340278
307.2,3019207.15,12.335
307.233333,3019205.46,12.3359722
307.266667,3019203.77,12.3369444
307.3,3019202.07,12.3379167
307.333333,3019200.41,12.3388889
307.366667,3019198.8,12.3398611
307.4,3019197.27,12.3408333
307.433333,3019195.83,12.3418056
307.466667,3019194.52,12.3427778
307.5,3019193.27,12.34375
307.533333,3019192.07,12.3447222
307.566667,3019190.91,12.3456944
307.6,3019189.77,12.3466667
307.633333,3019188.61,12.3476389
307.666667,3019187.47,12.3486111
307.7,3019186.33,12.3495833
307.733333,3019185.25,12.3505556
307.766667,3019184.24,12.3515278
307.8,3019183.3,12.3525
307.833333,3019182.45,12.3534722
307.866667,3019181.69,12.3544444
307.9,3019181,12.3554167
307.933333,3019180.33,12.3563889
307.966667,3019179.68,12.3573611
308,3019179.04,12.3583333
308.033333,3019178.4,12.3593056
308.066667,3019177.76,12.3602778
308.1,3019177.15,12.36125
308.133333,3019176.58,12.3622222
308.166667,3019176.1,12.3631944
308.2,3019175.68,12.3641667
308.233333,3019175.33,12.3651389
308.266667,3019175.06,12.3661111
308.3,3019174.82,12.3670833
308.333333,3019174.61,12.3680556
308.366667,3019174.4,12.3690278
308.4,3019174.18,12.37
308.433333,3019173.97,12.3709722
308.466667,3019173.78,12.3719444
308.5,3019173.61,12.3729167
308.533333,3019173.5,12.3738889
308.566667,3019173.47,12.3748611
308.6,3019173.49,12.3758333
308.633333,3019173.58,12.3768056
308.666667,3019173.71,12.3777778
308.7,3019173.89,12.37875
308.733333,3019174.06,12.3797222
308.766667,3019174.25,12.3806944
308.8,3019174.43,12.3816667
308.833333,3019174.63,12.3826389
308.866667,3019174.86,12.3836111
308.9,3019175.13,12.3845833
308.933333,3019175.45,12.3855556
308.966667,3019175.86,12.3865278
309,3019176.33,12.3875
309.033333,3019176.85,12.3884722
309.066667,3019177.42,12.3894444
309.1,3019178.02,12.3904167
309.133333,3019178.63,12.3913889
309.166667,3019179.25,12.3923611
309.2,3019179.89,12.3933333
309.233333,3019180.56,12.3943056
309.266667,3019181.28,12.3952778
309.3,3019182.06,12.39625
309.333333,3019182.91,12.3972222
309.366667,3019183.84,12.3981944
309.4,3019184.84,12.3991667
309.433333,3019185.9,12.4001389
309.466667,3019187,12.4011111
309.5,3019188.13,12.4020833
309.533333,3019189.3,12.4030556
309.566667,3019190.49,12.4040278
309.6,3019191.72,12.405
309.633333,3019193,12.4059722
309.666667,3019194.36,12.4069444
309.7,3019195.79,12.4079167
309.733333,3019197.29,12.4088889
309.766667,3019198.88,12.4098611
309.8,3019200.56,12.4108333
309.833333,3019202.29,12.4118056
309.866667,3019204.07,12.4127778
309.9,3019205.89,12.41375
309.933333,3019207.76,12.4147222
309.966667,3019209.68,12.4156944
310,3019211.65,12.4166667
310.033333,3019213.68,12.4176389
310.066667,3019215.82,12.4186111
310.1,3019218.03,12.4195833
310.133333,3019220.33,12.4205556
310.166667,3019222.71,12.4215278
310.2,3019225.18,12.4225
310.233333,3019227.71,12.4234722
310.266667,3019230.29,12.4244444
310.3,3019232.92,12.4254167
310.333333,3019235.61,12.4263889
310.366667,3019238.35,12.4273611
310.4,3019241.16,12.4283333
310.433333,3019244.05,12.4293056
310.466667,3019247.03,12.4302778
310.5,3019250.11,12.43125
310.533333,3019253.27,12.4322222
310.566667,3019256.5,12.4331944
310.6,3019259.81,12.4341667
310.633333,3019263.19,12.4351389
310.666667,3019266.61,12.4361111
310.7,3019270.08,12.4370833
310.733333,3019273.61,12.4380556
310.766667,3019277.21,12.4390278
310.8,3019280.88,12.44
310.833333,3019284.62,12.4409722
310.866667,3019288.45,12.4419444
310.9,3019292.37,12.4429167
310.933333,3019296.37,12.4438889
310.966667,3019300.43,12.4448611
311,3019304.55,12.4458333
311.033333,3019308.73,12.4468056
311.066667,3019312.96,12.4477778
311.1,3019317.23,12.44875
311.133333,3019321.55,12.4497222
311.166667,3019325.96,12.4506944
311.2,3019330.42,12.4516667
311.233333,3019334.95,12.4526389
311.266667,3019339.56,12.4536111
311.3,3019344.26,12.4545833
311.333333,3019349.01,12.4555556
311.366667,3019353.82,12.4565278
311.4,3019358.67,12.4575
311.433333,3019363.59,12.4584722
311.466667,3019368.54,12.4594444
311.5,3019373.53,12.4604167
311.533333,3019378.57,12.4613889
311.566667,3019383.69,12.4623611
311.6,3019388.87,12.4633333
311.633333,3019394.12,12.4643056
311.666667,3019399.42,12.4652778
311.7,3019404.8,12.46625
311.733333,3019410.24,12.4672222
311.766667,3019415.69,12.4681944
311.8,3019421.13,12.4691667
311.833333,3019426.49,12.4701389
311.866667,3019431.69,12.4711111
311.9,3019436.73,12.4720833
311.933333,3019441.59,12.4730556
311.966667,3019446.24,12.4740278
312,3019450.76,12.475
312.033333,3019455.23,12.4759722
312.066667,3019459.68,12.4769444
312.1,3019464.17,12.4779167
312.133333,3019468.7,12.4788889
312.166667,3019473.24,12.4798611
312.2,3019477.76,12.4808333
312.233333,3019482.19,12.4818056
312.266667,3019486.47,12.4827778
312.3,3019490.6,12.48375
312.333333,3019494.6,12.4847222
312.366667,3019498.46,12.4856944
312.4,3019502.23,12.4866667
312.433333,3019506.01,12.4876389
312.466667,3019509.8,12.4886111
312.5,3019513.65,12.4895833
312.533333,3019517.53,12.4905556
312.566667,3019521.41,12.4915278
312.6,3019525.24,12.4925
312.633333,3019529,12.4934722
312.666667,3019532.59,12.4944444
312.7,3019536.06,12.4954167
312.733333,3019539.42,12.4963889
312.766667,3019542.69,12.4973611
312.8,3019545.92,12.4983333
312.833333,3019549.17,12.4993056
312.866667,3019552.45,12.5002778
312.9,3019555.76,12.50125
312.933333,3019559.09,12.5022222
312.966667,3019562.39,12.5031944
313,3019565.62,12.5041667
313.033333,3019568.76,12.5051389
313.066667,3019571.73,12.5061111
313.1,3019574.59,12.5070833
313.133333,3019577.36,12.5080556
313.166667,3019580.07,12.5090278
313.2,3019582.75,12.51
313.233333,3019585.46,12.5109722
313.266667,3019588.17,12.5119444
313.3,3019590.9,12.5129167
313.333333,3019593.62,12.5138889
313.366667,3019596.26,12.5148611
313.4,3019598.81,12.5158333
313.433333,3019601.24,12.5168056
313.466667,3019603.54,12.5177778
313.5,3019605.71,12.51875
313.533333,3019607.8,12.5197222
313.566667,3019609.85,12.5206944
313.6,3019611.88,12.5216667
313.633333,3019613.92,12.5226389
313.666667,3019615.95,12.5236111
313.7,3019617.97,12.5245833
313.733333,3019619.94,12.5255556
313.766667,3019621.8,12.5265278
313.8,3019623.55,12.5275
313.833333,3019625.19,12.5284722
313.866667,3019626.71,12.5294444
313.9,3019628.1,12.5304167
313.933333,3019629.44,12.5313889
313.966667,3019630.74,12.5323611
314,3019632.03,12.5333333
314.033333,3019633.32,12.5343056
314.066667,3019634.58,12.5352778
314.1,3019635.81,12.53625
314.133333,3019636.98,12.5372222
314.166667,3019638.03,12.5381944
314.2,3019638.96,12.5391667
314.233333,3019639.79,12.5401389
314.266667,3019640.53,12.5411111
314.3,3019641.17,12.5420833
314.333333,3019641.77,12.5430556
314.366667,3019642.36,12.5440278
314.4,3019642.95,12.545
314.433333,3019643.53,12.5459722
314.466667,3019644.08,12.5469444
314.5,3019644.59,12.5479167
314.533333,3019645.04,12.5488889
314.566667,3019645.39,12.5498611
314.6,3019645.63,12.5508333
314.633333,3019645.79,12.5518056
314.666667,3019645.9,12.5527778
314.7,3019645.95,12.55375
314.733333,3019645.99,12.5547222
314.766667,3019646.04,12.5556944
314.8,3019646.09,12.5566667
314.833333,3019646.15,12.5576389
314.866667,3019646.19,12.5586111
314.9,3019646.19,12.5595833
314.933333,3019646.14,12.5605556
314.966667,3019646.02,12.5615278
315,3019645.82,12.5625
315.033333,3019645.57,12.5634722
315.066667,3019645.3,12.5644444
315.1,3019645.01,12.5654167
315.133333,3019644.75,12.5663889
315.166667,3019644.51,12.5673611
315.2,3019644.29,12.5683333
315.233333,3019644.08,12.5693056
315.266667,3019643.86,12.5702778
315.3,3019643.61,12.57125
315.333333,3019643.33,12.5722222
315.366667,3019643,12.5731944
315.4,3019642.63,12.5741667
315.433333,3019642.24,12.5751389
315.466667,3019641.85,12.5761111
315.5,3019641.47,12.5770833
315.533333,3019641.14,12.5780556
315.566667,3019640.85,12.5790278
315.6,3019640.58,12.58
315.633333,3019640.32,12.5809722
315.666667,3019640.06,12.5819444
315.7,3019639.78,12.5829167
315.733333,3019639.47,12.5838889
315.766667,3019639.13,12.5848611
315.8,3019638.77,12.5858333
315.833333,3019638.42,12.5868056
315.866667,3019638.09,12.5877778
315.9,3019637.78,12.58875
315.933333,3019637.52,12.5897222
315.966667,3019637.3,12.5906944
316,3019637.1,12.5916667
316.033333,3019636.9,12.5926389
316.066667,3019636.7,12.5936111
316.1,3019636.47,12.5945833
316.133333,3019636.23,12.5955556
316.166667,3019635.96,12.5965278
316.2,3019635.69,12.5975
316.233333,3019635.43,12.5984722
316.266667,3019635.2,12.5994444
316.3,3019635,12.6004167
316.333333,3019634.83,12.6013889
316.366667,3019634.69,12.6023611
316.4,3019634.55,12.6033333
316.433333,3019634.42,12.6043056
316.466667,3019634.26,12.6052778
316.5,3019634.08,12.60625
316.533333,3019633.88,12.6072222
316.566667,3019633.67,12.6081944
316.6,3019633.45,12.6091667
316.633333,3019633.25,12.6101389
316.666667,3019633.08,12.6111111
316.7,3019632.92,12.6120833
316.733333,3019632.79,12.6130556
316.766667,3019632.67,12.6140278
316.8,3019632.55,12.615
316.833333,3019632.41,12.6159722
316.866667,3019632.26,12.6169444
316.9,3019632.07,12.6179167
316.933333,3019631.87,12.6188889
316.966667,3019631.65,12.6198611
317,3019631.44,12.6208333
317.033333,3019631.25,12.6218056
317.066667,3019631.08,12.6227778
317.1,3019630.93,12.62375
317.133333,3019630.79,12.6247222
317.166667,3019630.65,12.6256944
317.2,3019630.5,12.6266667
317.233333,3019630.34,12.6276389
317.266667,3019630.16,12.6286111
317.3,3019629.95,12.6295833
317.333333,3019629.74,12.6305556
317.366667,3019629.53,12.6315278
317.4,3019629.33,12.6325
317.433333,3019629.15,12.6334722
317.466667,3019629,12.6344444
317.5,3019628.87,12.6354167
317.533333,3019628.75,12.6363889
317.566667,3019628.63,12.6373611
317.6,3019628.5,12.6383333
317.633333,3019628.37,12.6393056
317.666667,3019628.23,12.6402778
317.7,3019628.08,12.64125
317.733333,3019627.94,12.6422222
317.766667,3019627.82,12.6431944
317.8,3019627.72,12.6441667
317.833333,3019627.65,12.6451389
317.866667,3019627.62,12.6461111
317.9,3019627.61,12.6470833
317.933333,3019627.62,12.6480556
317.966667,3019627.64,12.6490278
318,3019627.67,12.65
318.033333,3019627.71,12.6509722
318.066667,3019627.75,12.6519444
318.1,3019627.8,12.6529167
318.133333,3019627.88,12.6538889
318.166667,3019628,12.6548611
318.2,3019628.16,12.6558333
318.233333,3019628.35,12.6568056
318.266667,3019628.6,12.6577778
318.3,3019628.88,12.65875
318.333333,3019629.18,12.6597222
318.366667,3019629.51,12.6606944
318.4,3019629.85,12.6616667
318.433333,3019630.22,12.6626389
318.466667,3019630.61,12.6636111
318.5,3019631.03,12.6645833
318.533333,3019631.5,12.6655556
318.566667,3019632.02,12.6665278
318.6,3019632.58,12.6675
318.633333,3019633.2,12.6684722
318.666667,3019633.86,12.6694444
318.7,3019634.57,12.6704167
318.733333,3019635.31,12.6713889
318.766667,3019636.08,12.6723611
318.8,3019636.88,12.6733333
318.833333,3019637.71,12.6743056
318.866667,3019638.58,12.6752778
318.9,3019639.49,12.67625
318.933333,3019640.44,12.6772222
318.966667,3019641.47,12.6781944
319,3019642.55,12.6791667
319.033333,3019643.67,12.6801389
319.066667,3019644.84,12.6811111
319.1,3019646.05,12.6820833
319.133333,3019647.3,12.6830556
319.166667,3019648.58,12.6840278
319.2,3019649.89,12.685
319.233333,3019651.24,12.6859722
319.266667,3019652.64,12.6869444
319.3,3019654.08,12.6879167
319.333333,3019655.56,12.6888889
319.366667,3019657.11,12.6898611
319.4,3019658.71,12.6908333
319.433333,3019660.35,12.6918056
319.466667,3019662.03,12.6927778
319.5,3019663.76,12.69375
319.533333,3019665.51,12.6947222
319.566667,3019667.3,12.6956944
319.6,3019669.11,12.6966667
319.633333,3019670.96,12.6976389
319.666667,3019672.86,12.6986111
319.7,3019674.8,12.6995833
319.733333,3019676.78,12.7005556
319.766667,3019678.82,12.7015278
319.8,3019680.9,12.7025
319.833333,3019683.02,12.7034722
319.866667,3019685.17,12.7044444
319.9,3019687.35,12.7054167
319.933333,3019689.57,12.7063889
319.966667,3019691.81,12.7073611
320,3019694.07,12.7083333
320.033333,3019696.38,12.7093056
320.066667,3019698.73,12.7102778
320.1,3019701.12,12.71125
320.133333,3019703.55,12.7122222
320.166667,3019706.02,12.7131944
320.2,3019708.54,12.7141667
320.233333,3019711.09,12.7151389
320.266667,3019713.67,12.7161111
320.3,3019716.27,12.7170833
320.333333,3019718.91,12.7180556
320.366667,3019721.57,12.7190278
320.4,3019724.27,12.72
320.433333,3019726.99,12.7209722
320.466667,3019729.77,12.7219444
320.5,3019732.59,12.7229167
320.533333,3019735.45,12.7238889
320.566667,3019738.35,12.7248611
320.6,3019741.29,12.7258333
320.633333,3019744.26,12.7268056
320.666667,3019747.27,12.7277778
320.7,3019750.3,12.72875
320.733333,3019753.36,12.7297222
320.766667,3019756.47,12.7306944
320.8,3019759.6,12.7316667
320.833333,3019762.78,12.7326389
320.866667,3019766.01,12.7336111
320.9,3019769.29,12.7345833
320.933333,3019772.61,12.7355556
320.966667,3019775.97,12.7365278
321,3019779.37,12.7375
321.033333,3019782.82,12.7384722
321.066667,3019786.3,12.7394444
321.1,3019789.81,12.7404167
321.133333,3019793.37,12.7413889
321.166667,3019796.97,12.7423611
321.2,3019800.62,12.7433333
321.233333,3019804.31,12.7443056
321.266667,3019808.06,12.7452778
321.3,3019811.87,12.74625
321.333333,3019815.72,12.7472222
321.366667,3019819.62,12.7481944
321.4,3019823.56,12.7491667
321.433333,3019827.56,12.7501389
321.466667,3019831.6,12.7511111
321.5,3019835.67,12.7520833
321.533333,3019839.8,12.7530556
321.566667,3019843.98,12.7540278
321.6,3019848.22,12.755
321.633333,3019852.51,12.7559722
321.666667,3019856.85,12.7569444
321.7,3019861.26,12.7579167
321.733333,3019865.72,12.7588889
321.766667,3019870.23,12.7598611
321.8,3019874.79,12.7608333
321.833333,3019879.4,12.7618056
321.866667,3019884.06,12.7627778
321.9,3019888.77,12.76375
321.933333,3019893.52,12.7647222
321.966667,3019898.35,12.7656944
322,3019903.23,12.7666667
322.033333,3019908.16,12.7676389
322.066667,3019913.15,12.7686111
322.1,3019918.2,12.7695833
322.133333,3019923.31,12.7705556
322.166667,3019928.46,12.7715278
322.2,3019933.66,12.7725
322.233333,3019938.92,12.7734722
322.266667,3019944.23,12.7744444
322.3,3019949.58,12.7754167
322.333333,3019954.99,12.7763889
322.366667,3019960.45,12.7773611
322.4,3019965.98,12.7783333
322.433333,3019971.56,12.7793056
322.466667,3019977.19,12.7802778
322.5,3019982.87,12.78125
322.533333,3019988.61,12.7822222
322.566667,3019994.4,12.7831944
322.6,3020000.23,12.7841667
322.633333,3020006.1,12.7851389
322.666667,3020012.03,12.7861111
322.7,3020018.01,12.7870833
322.733333,3020024.03,12.7880556
322.766667,3020030.1,12.7890278
322.8,3020036.24,12.79
322.833333,3020042.42,12.7909722
322.866667,3020048.65,12.7919444
322.9,3020054.92,12.7929167
322.933333,3020061.24,12.7938889
322.966667,3020067.61,12.7948611
323,3020074.01,12.7958333
323.033333,3020080.45,12.7968056
323.066667,3020086.95,12.7977778
323.1,3020093.5,12.79875
323.133333,3020100.08,12.7997222
323.166667,3020106.7,12.8006944
323.2,3020113.39,12.8016667
323.233333,3020120.12,12.8026389
323.266667,3020126.88,12.8036111
323.3,3020133.69,12.8045833
323.333333,3020140.54,12.8055556
323.366667,3020147.43,12.8065278
323.4,3020154.36,12.8075
323.433333,3020161.32,12.8084722
323.466667,3020168.33,12.8094444
323.5,3020175.39,12.8104167
323.533333,3020182.49,12.8113889
323.566667,3020189.63,12.8123611
323.6,3020196.81,12.8133333
323.633333,3020204.04,12.8143056
323.666667,3020211.31,12.8152778
323.7,3020218.62,12.81625
323.733333,3020225.96,12.8172222
323.766667,3020233.35,12.8181944
323.8,3020240.77,12.8191667
323.833333,3020248.23,12.8201389
323.866667,3020255.74,12.8211111
323.9,3020263.29,12.8220833
323.933333,3020270.89,12.8230556
323.966667,3020278.52,12.8240278
324,3020286.2,12.825
324.033333,3020293.92,12.8259722
324.066667,3020301.69,12.8269444
324.1,3020309.49,12.8279167
324.133333,3020317.33,12.8288889
324.166667,3020325.21,12.8298611
324.2,3020333.14,12.8308333
324.233333,3020341.1,12.8318056
324.266667,3020349.11,12.8327778
324.3,3020357.17,12.83375
324.333333,3020365.27,12.8347222
324.366667,3020373.42,12.8356944
324.4,3020381.6,12.8366667
324.433333,3020389.84,12.8376389
324.466667,3020398.12,12.8386111
324.5,3020406.44,12.8395833
324.533333,3020414.79,12.8405556
324.566667,3020423.2,12.8415278
324.6,3020431.65,12.8425
324.633333,3020440.14,12.8434722
324.666667,3020448.67,12.8444444
324.7,3020457.26,12.8454167
324.733333,3020465.9,12.8463889
324.766667,3020474.58,12.8473611
324.8,3020483.29,12.8483333
324.833333,3020492.06,12.8493056
324.866667,3020500.88,12.8502778
324.9,3020509.73,12.85125
324.933333,3020518.62,12.8522222
324.966667,3020527.56,12.8531944
325,3020536.53,12.8541667
325.033333,3020545.5,12.8551389
325.066667,3020554.46,12.8561111
325.1,3020563.36,12.8570833
325.133333,3020572.17,12.8580556
325.166667,3020580.9,12.8590278
325.2,3020589.57,12.86
325.233333,3020598.18,12.8609722
325.266667,3020606.77,12.8619444
325.3,3020615.38,12.8629167
325.333333,3020624.01,12.8638889
325.366667,3020632.68,12.8648611
325.4,3020641.38,12.8658333
325.433333,3020650.08,12.8668056
325.466667,3020658.74,12.8677778
325.5,3020667.36,12.86875
325.533333,3020675.89,12.8697222
325.566667,3020684.36,12.8706944
325.6,3020692.79,12.8716667
325.633333,3020701.19,12.8726389
325.666667,3020709.59,12.8736111
325.7,3020718.03,12.8745833
325.733333,3020726.48,12.8755556
325.766667,3020734.97,12.8765278
325.8,3020743.47,12.8775
325.833333,3020751.95,12.8784722
325.866667,3020760.38,12.8794444
325.9,3020768.77,12.8804167
325.933333,3020777.08,12.8813889
325.966667,3020785.33,12.8823611
326,3020793.56,12.8833333
326.033333,3020801.77,12.8843056
326.066667,3020809.98,12.8852778
326.1,3020818.23,12.88625
326.133333,3020826.48,12.8872222
326.166667,3020834.75,12.8881944
326.2,3020843.01,12.8891667
326.233333,3020851.22,12.8901389
326.266667,3020859.38,12.8911111
326.3,3020867.48,12.8920833
326.333333,3020875.51,12.8930556
326.366667,3020883.48,12.8940278
326.4,3020891.43,12.895
326.433333,3020899.37,12.8959722
326.466667,3020907.31,12.8969444
326.5,3020915.26,12.8979167
326.533333,3020923.21,12.8988889
326.566667,3020931.15,12.8998611
326.6,3020939.06,12.9008333
326.633333,3020946.89,12.9018056
326.666667,3020954.67,12.9027778
326.7,3020962.38,12.90375
326.733333,3020970.04,12.9047222
326.766667,3020977.63,12.9056944
326.8,3020985.2,12.9066667
326.833333,3020992.76,12.9076389
326.866667,3021000.32,12.9086111
326.9,3021007.87,12.9095833
326.933333,3021015.41,12.9105556
326.966667,3021022.92,12.9115278
327,3021030.38,12.9125
327.033333,3021037.77,12.9134722
327.066667,3021045.09,12.9144444
327.1,3021052.35,12.9154167
327.133333,3021059.56,12.9163889
327.166667,3021066.72,12.9173611
327.2,3021073.87,12.9183333
327.233333,3021081.01,12.9193056
327.266667,3021088.14,12.9202778
327.3,3021095.26,12.92125
327.333333,3021102.36,12.9222222
327.366667,3021109.42,12.9231944
327.4,3021116.43,12.9241667
327.433333,3021123.38,12.9251389
327.466667,3021130.26,12.9261111
327.5,3021137.09,12.9270833
327.533333,3021143.89,12.9280556
327.566667,3021150.67,12.9290278
327.6,3021157.43,12.93
327.633333,3021164.2,12.9309722
327.666667,3021170.96,12.9319444
327.7,3021177.72,12.9329167
327.733333,3021184.45,12.9338889
327.766667,3021191.14,12.9348611
327.8,3021197.79,12.9358333
327.833333,3021204.4,12.9368056
327.866667,3021210.95,12.9377778
327.9,3021217.48,12.93875
327.933333,3021223.99,12.9397222
327.966667,3021230.5,12.9406944
328,3021237.01,12.9416667
328.033333,3021243.53,12.9426389
328.066667,3021250.06,12.9436111
328.1,3021256.58,12.9445833
328.133333,3021263.07,12.9455556
328.166667,3021269.54,12.9465278
328.2,3021275.99,12.9475
328.233333,3021282.4,12.9484722
328.266667,3021288.78,12.9494444
328.3,3021295.15,12.9504167
328.333333,3021301.53,12.9513889
328.366667,3021307.91,12.9523611
328.4,3021314.31,12.9533333
328.433333,3021320.72,12.9543056
328.466667,3021327.11,12.9552778
328.5,3021333.45,12.95625
328.533333,3021339.63,12.9572222
328.566667,3021345.57,12.9581944
328.6,3021351.25,12.9591667
328.633333,3021356.68,12.9601389
328.666667,3021361.77,12.9611111
328.7,3021366.64,12.9620833
328.733333,3021371.4,12.9630556
328.766667,3021376.08,12.9640278
328.8,3021380.75,12.965
328.833333,3021385.42,12.9659722
328.866667,3021390.05,12.9669444
328.9,3021394.62,12.9679167
328.933333,3021399.03,12.9688889
328.966667,3021403.19,12.9698611
329,3021407.12,12.9708333
329.033333,3021410.82,12.9718056
329.066667,3021414.3,12.9727778
329.1,3021417.6,12.97375
329.133333,3021420.83,12.9747222
329.166667,3021424.04,12.9756944
329.2,3021427.24,12.9766667
329.233333,3021430.43,12.9776389
329.266667,3021433.56,12.9786111
329.3,3021436.59,12.9795833
329.333333,3021439.47,12.9805556
329.366667,3021442.06,12.9815278
329.4,3021444.44,12.9825
329.433333,3021446.62,12.9834722
329.466667,3021448.63,12.9844444
329.5,3021450.49,12.9854167
329.533333,3021452.31,12.9863889
329.566667,3021454.1,12.9873611
329.6,3021455.88,12.9883333
329.633333,3021457.6,12.9893056
329.666667,3021459.21,12.9902778
329.7,3021460.67,12.99125
329.733333,3021461.96,12.9922222
329.766667,3021462.97,12.9931944
329.8,3021463.75,12.9941667
329.833333,3021464.35,12.9951389
329.866667,3021464.81,12.9961111
329.9,3021465.14,12.9970833
329.933333,3021465.41,12.9980556
329.966667,3021465.64,12.9990278
330,3021465.83,13.0000436
330.033333,3021465.93,13.0013026
330.066667,3021466,13.0025926
330.1,3021466.13,13.0038889
330.133333,3021466.39,13.0051852
330.166667,3021466.97,13.0064815
330.2,3021468.03,13.0077778
330.233333,3021469.51,13.0090741
330.266667,3021471.36,13.0103704
330.3,3021473.59,13.0116667
330.333333,3021476.02,13.012963
330.366667,3021478.47,13.0142593
330.4,3021480.91,13.0155556
330.433333,3021483.27,13.0168519
330.466667,3021485.61,13.0181481
330.5,3021488.04,13.0194444
330.533333,3021490.65,13.0207407
330.566667,3021493.53,13.022037
330.6,3021496.91,13.0233333
330.633333,3021500.63,13.0246296
330.666667,3021504.63,13.0259259
330.7,3021508.86,13.0272222
330.733333,3021513.21,13.0285185
330.766667,3021517.54,13.0298148
330.8,3021521.82,13.0311111
330.833333,3021526.06,13.0324074
330.866667,3021530.34,13.0337037
330.9,3021534.78,13.035
330.933333,3021539.46,13.0362963
330.966667,3021544.42,13.0375926
331,3021549.85,13.0388889
331.033333,3021555.6,13.0401852
331.066667,3021561.58,13.0414815
331.1,3021567.73,13.0427778
331.133333,3021573.97,13.0440741
331.166667,3021580.21,13.0453704
331.2,3021586.45,13.0466667
331.233333,3021592.71,13.047963
331.266667,3021599.11,13.0492593
331.3,3021605.78,13.0505556
331.333333,3021612.75,13.0518519
331.366667,3021620.05,13.0531481
331.4,3021627.77,13.0544444
331.433333,3021635.86,13.0557407
331.466667,3021644.14,13.057037
331.5,3021652.58,13.0583333
331.533333,3021661.12,13.0596296
331.566667,3021669.72,13.0609259
331.6,3021678.39,13.0622222
331.633333,3021687.19,13.0635185
331.666667,3021696.2,13.0648148
331.7,3021705.61,13.0661111
331.733333,3021715.37,13.0674074
331.766667,3021725.48,13.0687037
331.8,3021735.97,13.07
331.833333,3021746.85,13.0712963
331.866667,3021757.92,13.0725926
331.9,3021769.13,13.0738889
331.933333,3021780.46,13.0751852
331.966667,3021791.92,13.0764815
332,3021803.53,13.0777778
332.033333,3021815.34,13.0790741
332.066667,3021827.4,13.0803704
332.1,3021839.93,13.0816667
332.133333,3021852.83,13.082963
332.166667,3021866.08,13.0842593
332.2,3021879.65,13.0855556
332.233333,3021893.57,13.0868519
332.266667,3021907.66,13.0881481
332.3,3021921.88,13.0894444
332.333333,3021936.22,13.0907407
332.366667,3021950.71,13.092037
332.4,3021965.4,13.0933333
332.433333,3021980.33,13.0946296
332.466667,3021995.52,13.0959259
332.5,3022011.13,13.0972222
332.533333,3022027.12,13.0985185
332.566667,3022043.4,13.0998148
332.6,3022059.93,13.1011111
332.633333,3022076.7,13.1024074
332.666667,3022093.62,13.1037037
332.7,3022110.63,13.105
332.733333,3022127.74,13.1062963
332.766667,3022144.97,13.1075926
332.8,3022162.43,13.1088889
332.833333,3022180.1,13.1101852
332.866667,3022198.03,13.1114815
332.9,3022216.26,13.1127778
332.933333,3022234.84,13.1140741
332.966667,3022253.62,13.1153704
333,3022272.57,13.1166667
333.033333,3022291.65,13.117963
333.066667,3022310.82,13.1192593
333.1,3022330.04,13.1205556
333.133333,3022349.32,13.1218519
333.166667,3022368.69,13.1231481
333.2,3022388.27,13.1244444
333.233333,3022408.04,13.1257407
333.266667,3022428.01,13.127037
333.3,3022448.2,13.1283333
333.333333,3022468.65,13.1296296
333.366667,3022489.22,13.1309259
333.4,3022509.88,13.1322222
333.433333,3022530.59,13.1335185
333.466667,3022551.33,13.1348148
333.5,3022572.09,13.1361111
333.533333,3022592.9,13.1374074
333.566667,3022613.79,13.1387037
333.6,3022634.84,13.14
333.633333,3022656.06,13.1412963
333.666667,3022677.45,13.1425926
333.7,3022698.99,13.1438889
333.733333,3022720.69,13.1451852
333.766667,3022742.48,13.1464815
333.8,3022764.3,13.1477778
333.833333,3022786.14,13.1490741
333.866667,3022807.97,13.1503704
333.9,3022829.84,13.1516667
333.933333,3022851.76,13.152963
333.966667,3022873.76,13.1542593
334,3022895.9,13.1555556
334.033333,3022918.23,13.1568519
334.066667,3022940.69,13.1581481
334.1,3022963.27,13.1594444
334.133333,3022985.97,13.1607407
334.166667,3023008.73,13.162037
334.2,3023031.52,13.1633333
334.233333,3023054.32,13.1646296
334.266667,3023077.14,13.1659259
334.3,3023100.01,13.1672222
334.333333,3023122.98,13.1685185
334.366667,3023146.04,13.1698148
334.4,3023169.25,13.1711111
334.433333,3023192.67,13.1724074
334.466667,3023216.22,13.1737037
334.5,3023239.88,13.175
334.533333,3023263.63,13.1762963
334.566667,3023287.46,13.1775926
334.6,3023311.33,13.1788889
334.633333,3023335.24,13.1801852
334.666667,3023359.2,13.1814815
334.7,3023383.26,13.1827778
334.733333,3023407.45,13.1840741
334.766667,3023431.78,13.1853704
334.8,3023456.26,13.1866667
334.833333,3023480.95,13.187963
334.866667,3023505.78,13.1892593
334.9,3023530.73,13.1905556
334.933333,3023555.76,13.1918519
334.966667,3023580.88,13.1931481
335,3023606.07,13.1944444
335.033333,3023631.32,13.1957407
335.066667,3023656.64,13.197037
335.1,3023682.1,13.1983333
335.133333,3023707.73,13.1996296
335.166667,3023733.51,13.2009259
335.2,3023759.44,13.2022222
335.233333,3023785.55,13.2035185
335.266667,3023811.82,13.2048148
335.3,3023838.18,13.2061111
335.333333,3023864.62,13.2074074
335.366667,3023891.14,13.2087037
335.4,3023917.74,13.21
335.433333,3023944.41,13.2112963
335.466667,3023971.17,13.2125926
335.5,3023998.06,13.2138889
335.533333,3024025.12,13.2151852
335.566667,3024052.33,13.2164815
335.6,3024079.67,13.2177778
335.633333,3024107.14,13.2190741
335.666667,3024134.74,13.2203704
335.7,3024162.41,13.2216667
335.733333,3024190.13,13.222963
335.766667,3024217.9,13.2242593
335.8,3024245.73,13.2255556
335.833333,3024273.63,13.2268519
335.866667,3024301.61,13.2281481
335.9,3024329.69,13.2294444
335.933333,3024357.91,13.2307407
335.966667,3024386.24,13.232037
336,3024414.67,13.2333333
336.033333,3024443.17,13.2346296
336.066667,3024471.74,13.2359259
336.1,3024500.35,13.2372222
336.133333,3024528.97,13.2385185
336.166667,3024557.6,13.2398148
336.2,3024586.27,13.2411111
336.233333,3024614.98,13.2424074
336.266667,3024643.75,13.2437037
336.3,3024672.57,13.245
336.333333,3024701.49,13.2462963
336.366667,3024730.47,13.2475926
336.4,3024759.5,13.2488889
336.433333,3024788.56,13.2501852
336.466667,3024817.63,13.2514815
336.5,3024846.68,13.2527778
336.533333,3024875.73,13.2540741
336.566667,3024904.76,13.2553704
336.6,3024933.79,13.2566667
336.633333,3024962.84,13.257963
336.666667,3024991.92,13.2592593
336.7,3025021.04,13.2605556
336.733333,3025050.19,13.2618519
336.766667,3025079.38,13.2631481
336.8,3025108.57,13.2644444
336.833333,3025137.75,13.2657407
336.866667,3025166.91,13.267037
336.9,3025196.02,13.2683333
336.933333,3025225.11,13.2696296
336.966667,3025254.18,13.2709259
337,3025283.23,13.2722222
337.033333,3025312.29,13.2735185
337.066667,3025341.37,13.2748148
337.1,3025370.47,13.2761111
337.133333,3025399.58,13.2774074
337.166667,3025428.69,13.2787037
337.2,3025457.8,13.28
337.233333,3025486.88,13.2812963
337.266667,3025515.93,13.2825926
337.3,3025544.93,13.2838889
337.333333,3025573.9,13.2851852
337.366667,3025602.86,13.2864815
337.4,3025631.82,13.2877778
337.433333,3025660.79,13.2890741
337.466667,3025689.77,13.2903704
337.5,3025718.77,13.2916667
337.533333,3025747.78,13.292963
337.566667,3025776.79,13.2942593
337.6,3025805.79,13.2955556
337.633333,3025834.76,13.2968519
337.666667,3025863.72,13.2981481
337.7,3025892.64,13.2994444
337.733333,3025921.55,13.3007407
337.766667,3025950.46,13.302037
337.8,3025979.39,13.3033333
337.833333,3026008.33,13.3046296
337.866667,3026037.3,13.3059259
337.9,3026066.3,13.3072222
337.933333,3026095.31,13.3085185
337.966667,3026124.32,13.3098148
338,3026153.32,13.3111111
338.033333,3026182.31,13.3124074
338.066667,3026211.29,13.3137037
338.1,3026240.26,13.315
338.133333,3026269.23,13.3162963
338.166667,3026298.23,13.3175926
338.2,3026327.24,13.3188889
338.233333,3026356.28,13.3201852
338.266667,3026385.35,13.3214815
338.3,3026414.44,13.3227778
338.333333,3026443.55,13.3240741
338.366667,3026472.66,13.3253704
338.4,3026501.76,13.3266667
338.433333,3026530.85,13.327963
338.466667,3026559.94,13.3292593
338.5,3026589.02,13.3305556
338.533333,3026618.11,13.3318519
338.566667,3026647.23,13.3331481
338.6,3026676.36,13.3344444
338.633333,3026705.51,13.3357407
338.666667,3026734.69,13.337037
338.7,3026763.87,13.3383333
338.733333,3026793.05,13.3396296
338.766667,3026822.22,13.3409259
338.8,3026851.37,13.3422222
338.833333,3026880.51,13.3435185
338.866667,3026909.63,13.3448148
338.9,3026938.74,13.3461111
338.933333,3026967.85,13.3474074
338.966667,3026996.97,13.3487037
339,3027026.09,13.35
339.033333,3027055.21,13.3512963
339.066667,3027084.32,13.3525926
339.1,3027113.42,13.3538889
339.133333,3027142.49,13.3551852
339.166667,3027171.54,13.3564815
339.2,3027200.54,13.3577778
339.233333,3027229.51,13.3590741
339.266667,3027258.44,13.3603704
339.3,3027287.35,13.3616667
339.333333,3027316.24,13.362963
339.366667,3027345.1,13.3642593
339.4,3027373.95,13.3655556
339.433333,3027402.77,13.3668519
339.466667,3027431.56,13.3681481
339.5,3027460.29,13.3694444
339.533333,3027488.98,13.3707407
339.566667,3027517.62,13.372037
339.6,3027546.2,13.3733333
339.633333,3027574.71,13.3746296
339.666667,3027603.18,13.3759259
339.7,3027631.61,13.3772222
339.733333,3027659.99,13.3785185
339.766667,3027688.33,13.3798148
339.8,3027716.62,13.3811111
339.833333,3027744.87,13.3824074
339.866667,3027773.07,13.3837037
339.9,3027801.18,13.385
339.933333,3027829.23,13.3862963
339.966667,3027857.22,13.3875926
340,3027885.14,13.3888889
340.033333,3027912.98,13.3901852
340.066667,3027940.76,13.3914815
340.1,3027968.49,13.3927778
340.133333,3027996.17,13.3940741
340.166667,3028023.79,13.3953704
340.2,3028051.35,13.3966667
340.233333,3028078.85,13.397963
340.266667,3028106.3,13.3992593
340.3,3028133.66,13.4005556
340.333333,3028160.94,13.4018519
340.366667,3028188.15,13.4031481
340.4,3028215.3,13.4044444
340.433333,3028242.38,13.4057407
340.466667,3028269.39,13.407037
340.5,3028296.36,13.4083333
340.533333,3028323.27,13.4096296
340.566667,3028350.13,13.4109259
340.6,3028376.92,13.4122222
340.633333,3028403.66,13.4135185
340.666667,3028430.33,13.4148148
340.7,3028456.94,13.4161111
340.733333,3028483.47,13.4174074
340.766667,3028509.94,13.4187037
340.8,3028536.35,13.42
340.833333,3028562.71,13.4212963
340.866667,3028589.01,13.4225926
340.9,3028615.26,13.4238889
340.933333,3028641.48,13.4251852
340.966667,3028667.65,13.4264815
341,3028693.75,13.4277778
341.033333,3028719.8,13.4290741
341.066667,3028745.81,13.4303704
341.1,3028771.75,13.4316667
341.133333,3028797.63,13.432963
341.166667,3028823.46,13.4342593
341.2,3028849.24,13.4355556
341.233333,3028874.98,13.4368519
341.266667,3028900.68,13.4381481
341.3,3028926.33,13.4394444
341.333333,3028951.95,13.4407407
341.366667,3028977.53,13.442037
341.4,3029003.06,13.4433333
341.433333,3029028.54,13.4446296
341.466667,3029053.97,13.4459259
341.5,3029079.35,13.4472222
341.533333,3029104.67,13.4485185
341.566667,3029129.95,13.4498148
341.6,3029155.19,13.4511111
341.633333,3029180.4,13.4524074
341.666667,3029205.56,13.4537037
341.7,3029230.68,13.455
341.733333,3029255.76,13.4562963
341.766667,3029280.81,13.4575926
341.8,3029305.8,13.4588889
341.833333,3029330.74,13.4601852
341.866667,3029355.63,13.4614815
341.9,3029380.47,13.4627778
341.933333,3029405.26,13.4640741
341.966667,3029429.99,13.4653704
342,3029454.68,13.4666667
342.033333,3029479.33,13.467963
342.066667,3029503.92,13.4692593
342.1,3029528.36,13.4705556
342.133333,3029552.65,13.4718519
342.166667,3029576.76,13.4731481
342.2,3029600.66,13.4744444
342.233333,3029624.24,13.4757407
342.266667,3029647.63,13.477037
342.3,3029670.87,13.4783333
342.333333,3029693.97,13.4796296
342.366667,3029716.97,13.4809259
342.4,3029739.9,13.4822222
342.433333,3029762.78,13.4835185
342.466667,3029785.58,13.4848148
342.5,3029808.21,13.4861111
342.533333,3029830.67,13.4874074
342.566667,3029852.94,13.4887037
342.6,3029875,13.49
342.633333,3029896.81,13.4912963
342.666667,3029918.42,13.4925926
342.7,3029939.91,13.4938889
342.733333,3029961.3,13.4951852
342.766667,3029982.59,13.4964815
342.8,3030003.8,13.4977778
342.833333,3030024.93,13.4990741
342.866667,3030045.97,13.5003704
342.9,3030066.83,13.5016667
342.933333,3030087.47,13.502963
342.966667,3030107.92,13.5042593
343,3030128.17,13.5055556
343.033333,3030148.2,13.5068519
343.066667,3030168.05,13.5081481
343.1,3030187.76,13.5094444
343.133333,3030207.32,13.5107407
343.166667,3030226.69,13.512037
343.2,3030245.65,13.5133333
343.233333,3030264.18,13.5146296
343.266667,3030282.22,13.5159259
343.3,3030299.7,13.5172222
343.333333,3030316.45,13.5185185
343.366667,3030332.77,13.5198148
343.4,3030348.75,13.5211111
343.433333,3030364.45,13.5224074
343.466667,3030379.92,13.5237037
343.5,3030395.26,13.525
343.533333,3030410.44,13.5262963
343.566667,3030425.42,13.5275926
343.6,3030439.93,13.5288889
343.633333,3030453.99,13.5301852
343.666667,3030467.59,13.5314815
343.7,3030480.69,13.5327778
343.733333,3030493.18,13.5340741
343.766667,3030505.3,13.5353704
343.8,3030517.16,13.5366667
343.833333,3030528.82,13.537963
343.866667,3030540.3,13.5392593
343.9,3030551.62,13.5405556
343.933333,3030562.73,13.5418519
343.966667,3030573.6,13.5431481
344,3030584.02,13.5444444
344.033333,3030593.93,13.5457407
344.066667,3030603.4,13.547037
344.1,3030612.43,13.5483333
344.133333,3030620.97,13.5496296
344.166667,3030629.17,13.5509259
344.2,3030637.16,13.5522222
344.233333,3030644.98,13.5535185
344.266667,3030652.63,13.5548148
344.3,3030660.06,13.5561111
344.333333,3030667.25,13.5574074
344.366667,3030674.13,13.5587037
344.4,3030680.59,13.56
344.433333,3030686.49,13.5612963
344.466667,3030691.97,13.5625926
344.5,3030697.06,13.5638889
344.533333,3030701.77,13.5651852
344.566667,3030706.14,13.5664815
344.6,3030710.33,13.5677778
344.633333,3030714.36,13.5690741
344.666667,3030718.22,13.5703704
344.7,3030721.78,13.5716667
344.733333,3030725.06,13.572963
344.766667,3030727.99,13.5742593
344.8,3030730.55,13.5755556
344.833333,3030732.5,13.5768519
344.866667,3030734.07,13.5781481
344.9,3030735.3,13.5794444
344.933333,3030736.24,13.5807407
344.966667,3030736.87,13.582037
345,3030737.32,13.5833333
345.033333,3030737.61,13.5846296
345.066667,3030737.71,13.5859259
345.1,3030737.5,13.5872222
345.133333,3030736.95,13.5885185
345.166667,3030736.05,13.5898148
345.2,3030734.77,13.5911111
345.233333,3030733,13.5924074
345.266667,3030730.85,13.5937037
345.3,3030728.42,13.595
345.333333,3030725.75,13.5962963
345.366667,3030722.85,13.5975926
345.4,3030719.77,13.5988889
345.433333,3030716.51,13.6001852
345.466667,3030713.07,13.6014815
345.5,3030709.34,13.6027778
345.533333,3030705.24,13.6040741
345.566667,3030700.8,13.6053704
345.6,3030696.03,13.6066667
345.633333,3030690.88,13.607963
345.666667,3030685.38,13.6092593
345.7,3030679.67,13.6105556
345.733333,3030673.78,13.6118519
345.766667,3030667.73,13.6131481
345.8,3030661.51,13.6144444
345.833333,3030655.12,13.6157407
345.866667,3030648.55,13.617037
345.9,3030641.75,13.6183333
345.933333,3030634.56,13.6196296
345.966667,3030627.09,13.6209259
346,3030619.34,13.6222222
346.033333,3030611.32,13.6235185
346.066667,3030603.01,13.6248148
346.1,3030594.55,13.6261111
346.133333,3030585.98,13.6274074
346.166667,3030577.3,13.6287037
346.2,3030568.48,13.63
346.233333,3030559.5,13.6312963
346.266667,3030550.35,13.6325926
346.3,3030541,13.6338889
346.333333,3030531.32,13.6351852
346.366667,3030521.4,13.6364815
346.4,3030511.26,13.6377778
346.433333,3030500.92,13.6390741
346.466667,3030490.4,13.6403704
346.5,3030479.78,13.6416667
346.533333,3030469.08,13.642963
346.566667,3030458.3,13.6442593
346.6,3030447.42,13.6455556
346.633333,3030436.38,13.6468519
346.666667,3030425.18,13.6481481
346.7,3030413.81,13.6494444
346.733333,3030402.19,13.6507407
346.766667,3030390.34,13.652037
346.8,3030378.34,13.6533333
346.833333,3030366.21,13.6546296
346.866667,3030353.96,13.6559259
346.9,3030341.64,13.6572222
346.933333,3030329.26,13.6585185
346.966667,3030316.82,13.6598148
347,3030304.3,13.6611111
347.033333,3030291.61,13.6624074
347.066667,3030278.78,13.6637037
347.1,3030265.78,13.665
347.133333,3030252.61,13.6662963
347.166667,3030239.23,13.6675926
347.2,3030225.74,13.6688889
347.233333,3030212.16,13.6701852
347.266667,3030198.51,13.6714815
347.3,3030184.8,13.6727778
347.333333,3030171.04,13.6740741
347.366667,3030157.22,13.6753704
347.4,3030143.32,13.6766667
347.433333,3030129.25,13.677963
347.466667,3030115.03,13.6792593
347.5,3030100.68,13.6805556
347.533333,3030086.18,13.6818519
347.566667,3030071.51,13.6831481
347.6,3030056.75,13.6844444
347.633333,3030041.94,13.6857407
347.666667,3030027.07,13.687037
347.7,3030012.15,13.6883333
347.733333,3029997.18,13.6896296
347.766667,3029982.14,13.6909259
347.8,3029967.01,13.6922222
347.833333,3029951.73,13.6935185
347.866667,3029936.3,13.6948148
347.9,3029920.75,13.6961111
347.933333,3029905.08,13.6974074
347.966667,3029889.29,13.6987037
348,3029873.43,13.7
348.033333,3029857.53,13.7012963
348.066667,3029841.59,13.7025926
348.1,3029825.61,13.7038889
348.133333,3029809.57,13.7051852
348.166667,3029793.45,13.7064815
348.2,3029777.25,13.7077778
348.233333,3029760.93,13.7090741
348.266667,3029744.46,13.7103704
348.3,3029727.89,13.7116667
348.333333,3029711.25,13.712963
348.366667,3029694.52,13.7142593
348.4,3029677.75,13.7155556
348.433333,3029660.96,13.7168519
348.466667,3029644.14,13.7181481
348.5,3029627.31,13.7194444
348.533333,3029610.41,13.7207407
348.566667,3029593.45,13.722037
348.6,3029576.41,13.7233333
348.633333,3029559.29,13.7246296
348.666667,3029542.05,13.7259259
348.7,3029524.75,13.7272222
348.733333,3029507.41,13.7285185
348.766667,3029490.03,13.7298148
348.8,3029472.65,13.7311111
348.833333,3029455.26,13.7324074
348.866667,3029437.87,13.7337037
348.9,3029420.48,13.735
348.933333,3029403.05,13.7362963
348.966667,3029385.58,13.7375926
349,3029368.05,13.7388889
349.033333,3029350.48,13.7401852
349.066667,3029332.85,13.7414815
349.1,3029315.19,13.7427778
349.133333,3029297.52,13.7440741
349.166667,3029279.87,13.7453704
349.2,3029262.24,13.7466667
349.233333,3029244.65,13.747963
349.266667,3029227.07,13.7492593
349.3,3029209.51,13.7505556
349.333333,3029191.94,13.7518519
349.366667,3029174.35,13.7531481
349.4,3029156.75,13.7544444
349.433333,3029139.13,13.7557407
349.466667,3029121.5,13.757037
349.5,3029103.89,13.7583333
349.533333,3029086.32,13.7596296
349.566667,3029068.78,13.7609259
349.6,3029051.31,13.7622222
349.633333,3029033.89,13.7635185
349.666667,3029016.52,13.7648148
349.7,3028999.17,13.7661111
349.733333,3028981.84,13.7674074
349.766667,3028964.52,13.7687037
349.8,3028947.22,13.77
349.833333,3028929.93,13.7712963
349.866667,3028912.67,13.7725926
349.9,3028895.47,13.7738889
349.933333,3028878.34,13.7751852
349.966667,3028861.27,13.7764815
350,3028844.26,13.7777778
350.033333,3028827.35,13.7790741
350.066667,3028810.49,13.7803704
350.1,3028793.66,13.7816667
350.133333,3028776.87,13.782963
350.166667,3028760.12,13.7842593
350.2,3028743.4,13.7855556
350.233333,3028726.72,13.7868519
350.266667,3028710.1,13.7881481
350.3,3028693.56,13.7894444
350.333333,3028677.1,13.7907407
350.366667,3028660.72,13.792037
350.4,3028644.42,13.7933333
350.433333,3028628.2,13.7946296
350.466667,3028612.05,13.7959259
350.5,3028595.94,13.7972222
350.533333,3028579.87,13.7985185
350.566667,3028563.86,13.7998148
350.6,3028547.9,13.8011111
350.633333,3028532,13.8024074
350.666667,3028516.16,13.8037037
350.7,3028500.42,13.805
350.733333,3028484.78,13.8062963
350.766667,3028469.22,13.8075926
350.8,3028453.73,13.8088889
350.833333,3028438.32,13.8101852
350.866667,3028422.99,13.8114815
350.9,3028407.7,13.8127778
350.933333,3028392.47,13.8140741
350.966667,3028377.29,13.8153704
351,3028362.18,13.8166667
351.033333,3028347.15,13.817963
351.066667,3028332.2,13.8192593
351.1,3028317.33,13.8205556
351.133333,3028302.58,13.8218519
351.166667,3028287.91,13.8231481
351.2,3028273.31,13.8244444
351.233333,3028258.79,13.8257407
351.266667,3028244.35,13.827037
351.3,3028229.97,13.8283333
351.333333,3028215.65,13.8296296
351.366667,3028201.39,13.8309259
351.4,3028187.22,13.8322222
351.433333,3028173.14,13.8335185
351.466667,3028159.15,13.8348148
351.5,3028145.25,13.8361111
351.533333,3028131.47,13.8374074
351.566667,3028117.79,13.8387037
351.6,3028104.18,13.84
351.633333,3028090.65,13.8412963
351.666667,3028077.21,13.8425926
351.7,3028063.84,13.8438889
351.733333,3028050.55,13.8451852
351.766667,3028037.34,13.8464815
351.8,3028024.23,13.8477778
351.833333,3028011.23,13.8490741
351.866667,3027998.34,13.8503704
351.9,3027985.54,13.8516667
351.933333,3027972.87,13.852963
351.966667,3027960.31,13.8542593
352,3027947.84,13.8555556
352.033333,3027935.46,13.8568519
352.066667,3027923.17,13.8581481
352.1,3027910.99,13.8594444
352.133333,3027898.9,13.8607407
352.166667,3027886.9,13.862037
352.2,3027875.02,13.8633333
352.233333,3027863.29,13.8646296
352.266667,3027851.67,13.8659259
352.3,3027840.17,13.8672222
352.333333,3027828.78,13.8685185
352.366667,3027817.54,13.8698148
352.4,3027806.39,13.8711111
352.433333,3027795.35,13.8724074
352.466667,3027784.41,13.8737037
352.5,3027773.61,13.875
352.533333,3027762.92,13.8762963
352.566667,3027752.35,13.8775926
352.6,3027741.89,13.8788889
352.633333,3027731.61,13.8801852
352.666667,3027721.46,13.8814815
352.7,3027711.43,13.8827778
352.733333,3027701.53,13.8840741
352.766667,3027691.78,13.8853704
352.8,3027682.15,13.8866667
352.833333,3027672.64,13.887963
352.866667,3027663.23,13.8892593
352.9,3027653.98,13.8905556
352.933333,3027644.87,13.8918519
352.966667,3027635.89,13.8931481
353,3027627.03,13.8944444
353.033333,3027618.35,13.8957407
353.066667,3027609.82,13.897037
353.1,3027601.42,13.8983333
353.133333,3027593.15,13.8996296
353.166667,3027585.02,13.9009259
353.2,3027577.05,13.9022222
353.233333,3027569.19,13.9035185
353.266667,3027561.45,13.9048148
353.3,3027553.86,13.9061111
353.333333,3027546.43,13.9074074
353.366667,3027539.14,13.9087037
353.4,3027531.99,13.91
353.433333,3027524.98,13.9112963
353.466667,3027518.16,13.9125926
353.5,3027511.46,13.9138889
353.533333,3027504.89,13.9151852
353.566667,3027498.45,13.9164815
353.6,3027492.18,13.9177778
353.633333,3027486.04,13.9190741
353.666667,3027480.01,13.9203704
353.7,3027474.12,13.9216667
353.733333,3027468.41,13.922963
353.766667,3027462.84,13.9242593
353.8,3027457.4,13.9255556
353.833333,3027452.1,13.9268519
353.866667,3027446.98,13.9281481
353.9,3027442,13.9294444
353.933333,3027437.13,13.9307407
353.966667,3027432.39,13.932037
354,3027427.81,13.9333333
354.033333,3027423.36,13.9346296
354.066667,3027419.04,13.9359259
354.1,3027414.84,13.9372222
354.133333,3027410.82,13.9385185
354.166667,3027406.95,13.9398148
354.2,3027403.2,13.9411111
354.233333,3027399.59,13.9424074
354.266667,3027396.13,13.9437037
354.3,3027392.82,13.945
354.333333,3027389.63,13.9462963
354.366667,3027386.56,13.9475926
354.4,3027383.63,13.9488889
354.433333,3027380.85,13.9501852
354.466667,3027378.2,13.9514815
354.5,3027375.67,13.9527778
354.533333,3027373.3,13.9540741
354.566667,3027371.09,13.9553704
354.6,3027369.01,13.9566667
354.633333,3027367.05,13.957963
354.666667,3027365.23,13.9592593
354.7,3027363.57,13.9605556
354.733333,3027362.03,13.9618519
354.766667,3027360.61,13.9631481
354.8,3027359.32,13.9644444
354.833333,3027358.19,13.9657407
354.866667,3027357.19,13.967037
354.9,3027356.32,13.9683333
354.933333,3027355.59,13.9696296
354.966667,3027355.03,13.9709259
355,3027354.6,13.9722222
355.033333,3027354.3,13.9735185
355.066667,3027354.12,13.9748148
355.1,3027354.11,13.9761111
355.133333,3027354.23,13.9774074
355.166667,3027354.46,13.9787037
355.2,3027354.82,13.98
355.233333,3027355.36,13.9812963
355.266667,3027356.03,13.9825926
355.3,3027356.83,13.9838889
355.333333,3027357.76,13.9851852
355.366667,3027358.87,13.9864815
355.4,3027360.12,13.9877778
355.433333,3027361.49,13.9890741
355.466667,3027362.99,13.9903704
355.5,3027364.65,13.9916667
355.533333,3027366.45,13.992963
355.566667,3027368.38,13.9942593
355.6,3027370.43,13.9955556
355.633333,3027372.65,13.9968519
355.666667,3027375.02,13.9981481
355.7,3027377.53,13.9994444
355.733333,3027380.17,14.0007407
355.766667,3027382.96,14.002037
355.8,3027385.92,14.0033333
355.833333,3027389,14.0046296
355.866667,3027392.21,14.0059259
355.9,3027395.56,14.0072222
355.933333,3027399.08,14.0085185
355.966667,3027402.72,14.0098148
356,3027406.49,14.0111111
356.033333,3027410.41,14.0124074
356.066667,3027414.51,14.0137037
356.1,3027418.73,14.015
356.133333,3027423.09,14.0162963
356.166667,3027427.58,14.0175926
356.2,3027432.25,14.0188889
356.233333,3027437.05,14.0201852
356.266667,3027441.97,14.0214815
356.3,3027447.02,14.0227778
356.333333,3027452.24,14.0240741
356.366667,3027457.6,14.0253704
356.4,3027463.08,14.0266667
356.433333,3027468.69,14.027963
356.466667,3027474.48,14.0292593
356.5,3027480.4,14.0305556
356.533333,3027486.45,14.0318519
356.566667,3027492.62,14.0331481
356.6,3027498.97,14.0344444
356.633333,3027505.44,14.0357407
356.666667,3027512.03,14.037037
356.7,3027518.74,14.0383333
356.733333,3027525.61,14.0396296
356.766667,3027532.62,14.0409259
356.8,3027539.75,14.0422222
356.833333,3027547.01,14.0435185
356.866667,3027554.42,14.0448148
356.9,3027561.97,14.0461111
356.933333,3027569.64,14.0474074
356.966667,3027577.43,14.0487037
357,3027585.36,14.05
357.033333,3027593.42,14.0512963
357.066667,3027601.61,14.0525926
357.1,3027609.9,14.0538889
357.133333,3027618.33,14.0551852
357.166667,3027626.91,14.0564815
357.2,3027635.6,14.0577778
357.233333,3027644.4,14.0590741
357.266667,3027653.34,14.0603704
357.3,3027662.42,14.0616667
357.333333,3027671.61,14.062963
357.366667,3027680.91,14.0642593
357.4,3027690.33,14.0655556
357.433333,3027699.89,14.0668519
357.466667,3027709.56,14.0681481
357.5,3027719.34,14.0694444
357.533333,3027729.23,14.0707407
357.566667,3027739.27,14.072037
357.6,3027749.42,14.0733333
357.633333,3027759.67,14.0746296
357.666667,3027770.03,14.0759259
357.7,3027780.54,14.0772222
357.733333,3027791.16,14.0785185
357.766667,3027801.87,14.0798148
357.8,3027812.69,14.0811111
357.833333,3027823.65,14.0824074
357.866667,3027834.71,14.0837037
357.9,3027845.87,14.085
357.933333,3027857.14,14.0862963
357.966667,3027868.54,14.0875926
358,3027880.06,14.0888889
358.033333,3027891.66,14.0901852
358.066667,3027903.35,14.0914815
358.1,3027915.05,14.0927778
358.133333,3027926.58,14.0940741
358.166667,3027937.85,14.0953704
358.2,3027948.78,14.0966667
358.233333,3027959.17,14.097963
358.266667,3027969.04,14.0992593
358.3,3027978.58,14.1005556
358.333333,3027987.88,14.1018519
358.366667,3027997.04,14.1031481
358.4,3028006.23,14.1044444
358.433333,3028015.49,14.1057407
358.466667,3028024.8,14.107037
358.5,3028034.1,14.1083333
358.533333,3028043.19,14.1096296
358.566667,3028052,14.1109259
358.6,3028060.48,14.1122222
358.633333,3028068.55,14.1135185
358.666667,3028076.18,14.1148148
358.7,3028083.59,14.1161111
358.733333,3028090.88,14.1174074
358.766667,3028098.13,14.1187037
358.8,3028105.47,14.12
358.833333,3028112.87,14.1212963
358.866667,3028120.27,14.1225926
358.9,3028127.63,14.1238889
358.933333,3028134.71,14.1251852
358.966667,3028141.49,14.1264815
359,3028147.95,14.1277778
359.033333,3028154.08,14.1290741
359.066667,3028159.83,14.1303704
359.1,3028165.44,14.1316667
359.133333,3028170.98,14.132963
359.166667,3028176.52,14.1342593
359.2,3028182.12,14.1355556
359.233333,3028187.73,14.1368519
359.266667,3028193.27,14.1381481
359.3,3028198.68,14.1394444
359.333333,3028203.78,14.1407407
359.366667,3028208.52,14.142037
359.4,3028212.93,14.1433333
359.433333,3028217.05,14.1446296
359.466667,3028220.87,14.1459259
359.5,3028224.55,14.1472222
359.533333,3028228.19,14.1485185
359.566667,3028231.81,14.1498148
359.6,3028235.42,14.1511111
359.633333,3028238.96,14.1524074
359.666667,3028242.34,14.1537037
359.7,3028245.51,14.155
359.733333,3028248.35,14.1562963
359.766667,3028250.76,14.1575926
359.8,3028252.86,14.1588889
359.833333,3028254.7,14.1601852
359.866667,3028256.29,14.1614815
359.9,3028257.75,14.1627778
359.933333,3028259.15,14.1640741
359.966667,3028260.5,14.1653704
360,3028261.8,14.1666667
360.033333,3028262.93,14.167963
360.066667,3028263.83,14.1692593
360.1,3028264.48,14.1705556
360.133333,3028264.81,14.1718519
360.166667,3028264.68,14.1731481
360.2,3028264.28,14.1744444
360.233333,3028263.65,14.1757407
360.266667,3028262.85,14.177037
360.3,3028261.92,14.1783333
360.333333,3028260.93,14.1796296
360.366667,3028259.88,14.1809259
360.4,3028258.74,14.1822222
360.433333,3028257.39,14.1835185
360.466667,3028255.78,14.1848148
360.5,3028253.91,14.1861111
360.533333,3028251.74,14.1874074
360.566667,3028249.21,14.1887037
360.6,3028246.43,14.19
360.633333,3028243.5,14.1912963
360.666667,3028240.45,14.1925926
360.7,3028237.34,14.1938889
360.733333,3028234.18,14.1951852
360.766667,3028230.95,14.1964815
360.8,3028227.63,14.1977778
360.833333,3028224.12,14.1990741
360.866667,3028220.35,14.2003704
360.9,3028216.35,14.2016667
360.933333,3028212.12,14.202963
360.966667,3028207.64,14.2042593
361,3028202.98,14.2055556
361.033333,3028198.25,14.2068519
361.066667,3028193.48,14.2081481
361.1,3028188.69,14.2094444
361.133333,3028183.89,14.2107407
361.166667,3028179.03,14.212037
361.2,3028174.09,14.2133333
361.233333,3028169.03,14.2146296
361.266667,3028163.72,14.2159259
361.3,3028158.24,14.2172222
361.333333,3028152.6,14.2185185
361.366667,3028146.83,14.2198148
361.4,3028140.96,14.2211111
361.433333,3028135.1,14.2224074
361.466667,3028129.24,14.2237037
361.5,3028123.41,14.225
361.533333,3028117.61,14.2262963
361.566667,3028111.76,14.2275926
361.6,3028105.84,14.2288889
361.633333,3028099.82,14.2301852
361.666667,3028093.63,14.2314815
361.7,3028087.31,14.2327778
361.733333,3028080.89,14.2340741
361.766667,3028074.42,14.2353704
361.8,3028067.93,14.2366667
361.833333,3028061.48,14.237963
361.866667,3028055.08,14.2392593
361.9,3028048.71,14.2405556
361.933333,3028042.37,14.2418519
361.966667,3028035.98,14.2431481
362,3028029.53,14.2444444
362.033333,3028023,14.2457407
362.066667,3028016.33,14.247037
362.1,3028009.57,14.2483333
362.133333,3028002.76,14.2496296
362.166667,3027995.92,14.2509259
362.2,3027989.11,14.2522222
362.233333,3027982.35,14.2535185
362.266667,3027975.63,14.2548148
362.3,3027968.93,14.2561111
362.333333,3027962.24,14.2574074
362.366667,3027955.49,14.2587037
362.4,3027948.65,14.26
362.433333,3027941.73,14.2612963
362.466667,3027934.7,14.2625926
362.5,3027927.58,14.2638889
362.533333,3027920.44,14.2651852
362.566667,3027913.29,14.2664815
362.6,3027906.16,14.2677778
362.633333,3027899.07,14.2690741
362.666667,3027891.99,14.2703704
362.7,3027884.91,14.2716667
362.733333,3027877.8,14.272963
362.766667,3027870.59,14.2742593
362.8,3027863.29,14.2755556
362.833333,3027855.9,14.2768519
362.866667,3027848.41,14.2781481
362.9,3027840.84,14.2794444
362.933333,3027833.25,14.2807407
362.966667,3027825.65,14.282037
363,3027818.07,14.2833333
363.033333,3027810.5,14.2846296
363.066667,3027802.91,14.2859259
363.1,3027795.29,14.2872222
363.133333,3027787.62,14.2885185
363.166667,3027779.84,14.2898148
363.2,3027771.94,14.2911111
363.233333,3027763.96,14.2924074
363.266667,3027755.91,14.2937037
363.3,3027747.8,14.295
363.333333,3027739.66,14.2962963
363.366667,3027731.53,14.2975926
363.4,3027723.41,14.2988889
363.433333,3027715.28,14.3001852
363.466667,3027707.13,14.3014815
363.5,3027698.93,14.3027778
363.533333,3027690.67,14.3040741
363.566667,3027682.32,14.3053704
363.6,3027673.86,14.3066667
363.633333,3027665.35,14.307963
363.666667,3027656.79,14.3092593
363.7,3027648.2,14.3105556
363.733333,3027639.62,14.3118519
363.766667,3027631.06,14.3131481
363.8,3027622.51,14.3144444
363.833333,3027613.97,14.3157407
363.866667,3027605.41,14.317037
363.9,3027596.81,14.3183333
363.933333,3027588.17,14.3196296
363.966667,3027579.47,14.3209259
364,3027570.71,14.3222222
364.033333,3027561.93,14.3235185
364.066667,3027553.14,14.3248148
364.1,3027544.37,14.3261111
364.133333,3027535.65,14.3274074
364.166667,3027526.97,14.3287037
364.2,3027518.32,14.33
364.233333,3027509.7,14.3312963
364.266667,3027501.09,14.3325926
364.3,3027492.47,14.3338889
364.333333,3027483.83,14.3351852
364.366667,3027475.17,14.3364815
364.4,3027466.51,14.3377778
364.433333,3027457.88,14.3390741
364.466667,3027449.28,14.3403704
364.5,3027440.74,14.3416667
364.533333,3027432.28,14.342963
364.566667,3027423.9,14.3442593
364.6,3027415.57,14.3455556
364.633333,3027407.29,14.3468519
364.666667,3027399.04,14.3481481
364.7,3027390.81,14.3494444
364.733333,3027382.59,14.3507407
364.766667,3027374.4,14.352037
364.8,3027366.24,14.3533333
364.833333,3027358.15,14.3546296
364.866667,3027350.14,14.3559259
364.9,3027342.2,14.3572222
364.933333,3027334.36,14.3585185
364.966667,3027326.63,14.3598148
365,3027318.95,14.3611111
365.033333,3027311.33,14.3624074
365.066667,3027303.76,14.3637037
365.1,3027296.22,14.365
365.133333,3027288.73,14.3662963
365.166667,3027281.27,14.3675926
365.2,3027273.88,14.3688889
365.233333,3027266.58,14.3701852
365.266667,3027259.37,14.3714815
365.3,3027252.25,14.3727778
365.333333,3027245.21,14.3740741
365.366667,3027238.29,14.3753704
365.4,3027231.42,14.3766667
365.433333,3027224.61,14.377963
365.466667,3027217.83,14.3792593
365.5,3027211.1,14.3805556
365.533333,3027204.42,14.3818519
365.566667,3027197.8,14.3831481
365.6,3027191.23,14.3844444
365.633333,3027184.76,14.3857407
365.666667,3027178.38,14.387037
365.7,3027172.08,14.3883333
365.733333,3027165.86,14.3896296
365.766667,3027159.72,14.3909259
365.8,3027153.63,14.3922222
365.833333,3027147.58,14.3935185
365.866667,3027141.57,14.3948148
365.9,3027135.59,14.3961111
365.933333,3027129.67,14.3974074
365.966667,3027123.79,14.3987037
366,3027117.98,14.4
366.033333,3027112.24,14.4012963
366.066667,3027106.6,14.4025926
366.1,3027101.02,14.4038889
366.133333,3027095.5,14.4051852
366.166667,3027090.03,14.4064815
366.2,3027084.61,14.4077778
366.233333,3027079.22,14.4090741
366.266667,3027073.86,14.4103704
366.3,3027068.54,14.4116667
366.333333,3027063.26,14.412963
366.366667,3027058.04,14.4142593
366.4,3027052.88,14.4155556
366.433333,3027047.78,14.4168519
366.466667,3027042.78,14.4181481
366.5,3027037.82,14.4194444
366.533333,3027032.92,14.4207407
366.566667,3027028.06,14.422037
366.6,3027023.25,14.4233333
366.633333,3027018.47,14.4246296
366.666667,3027013.72,14.4259259
366.7,3027009.01,14.4272222
366.733333,3027004.36,14.4285185
366.766667,3026999.78,14.4298148
366.8,3026995.26,14.4311111
366.833333,3026990.81,14.4324074
366.866667,3026986.44,14.4337037
366.9,3026982.14,14.435
366.933333,3026977.89,14.4362963
366.966667,3026973.69,14.4375926
367,3026969.54,14.4388889
367.033333,3026965.44,14.4401852
367.066667,3026961.39,14.4414815
367.1,3026957.39,14.4427778
367.133333,3026953.48,14.4440741
367.166667,3026949.65,14.4453704
367.2,3026945.89,14.4466667
367.233333,3026942.22,14.447963
367.266667,3026938.64,14.4492593
367.3,3026935.14,14.4505556
367.333333,3026931.7,14.4518519
367.366667,3026928.33,14.4531481
367.4,3026925.02,14.4544444
367.433333,3026921.79,14.4557407
367.466667,3026918.63,14.457037
367.5,3026915.54,14.4583333
367.533333,3026912.55,14.4596296
367.566667,3026909.68,14.4609259
367.6,3026906.9,14.4622222
367.633333,3026904.21,14.4635185
367.666667,3026901.61,14.4648148
367.7,3026899.13,14.4661111
367.733333,3026896.72,14.4674074
367.766667,3026894.39,14.4687037
367.8,3026892.13,14.47
367.833333,3026889.98,14.4712963
367.866667,3026887.93,14.4725926
367.9,3026885.96,14.4738889
367.933333,3026884.1,14.4751852
367.966667,3026882.38,14.4764815
368,3026880.76,14.4777778
368.033333,3026879.24,14.4790741
368.066667,3026877.81,14.4803704
368.1,3026876.51,14.4816667
368.133333,3026875.3,14.482963
368.166667,3026874.17,14.4842593
368.2,3026873.12,14.4855556
368.233333,3026872.19,14.4868519
368.266667,3026871.37,14.4881481
368.3,3026870.66,14.4894444
368.333333,3026870.04,14.4907407
368.366667,3026869.56,14.492037
368.4,3026869.19,14.4933333
368.433333,3026868.93,14.4946296
368.466667,3026868.75,14.4959259
368.5,3026868.68,14.4972222
368.533333,3026868.71,14.4985185
368.566667,3026868.83,14.4998148
368.6,3026869.03,14.5011111
368.633333,3026869.34,14.5024074
368.666667,3026869.76,14.5037037
368.7,3026870.29,14.505
368.733333,3026870.91,14.5062963
368.766667,3026871.65,14.5075926
368.8,3026872.5,14.5088889
368.833333,3026873.44,14.5101852
368.866667,3026874.46,14.5114815
368.9,3026875.57,14.5127778
368.933333,3026876.79,14.5140741
368.966667,3026878.08,14.5153704
369,3026879.45,14.5166667
369.033333,3026880.91,14.517963
369.066667,3026882.49,14.5192593
369.1,3026884.16,14.5205556
369.133333,3026885.92,14.5218519
369.166667,3026887.76,14.5231481
369.2,3026889.72,14.5244444
369.233333,3026891.75,14.5257407
369.266667,3026893.86,14.527037
369.3,3026896.03,14.5283333
369.333333,3026898.3,14.5296296
369.366667,3026900.65,14.5309259
369.4,3026903.07,14.5322222
369.433333,3026905.56,14.5335185
369.466667,3026908.17,14.5348148
369.5,3026910.86,14.5361111
369.533333,3026913.63,14.5374074
369.566667,3026916.47,14.5387037
369.6,3026919.41,14.54
369.633333,3026922.42,14.5412963
369.666667,3026925.5,14.5425926
369.7,3026928.64,14.5438889
369.733333,3026931.87,14.5451852
369.766667,3026935.18,14.5464815
369.8,3026938.55,14.5477778
369.833333,3026942.01,14.5490741
369.866667,3026945.55,14.5503704
369.9,3026949.19,14.5516667
369.933333,3026952.91,14.552963
369.966667,3026956.69,14.5542593
370,3026960.55,14.5555556
370.033333,3026964.5,14.5568519
370.066667,3026968.52,14.5581481
370.1,3026972.6,14.5594444
370.133333,3026976.75,14.5607407
370.166667,3026981.01,14.562037
370.2,3026985.34,14.5633333
370.233333,3026989.74,14.5646296
370.266667,3026994.23,14.5659259
370.3,3026998.83,14.5672222
370.333333,3027003.5,14.5685185
370.366667,3027008.24,14.5698148
370.4,3027013.06,14.5711111
370.433333,3027017.98,14.5724074
370.466667,3027022.97,14.5737037
370.5,3027028.03,14.575
370.533333,3027033.16,14.5762963
370.566667,3027038.41,14.5775926
370.6,3027043.75,14.5788889
370.633333,3027049.16,14.5801852
370.666667,3027054.66,14.5814815
370.7,3027060.27,14.5827778
370.733333,3027065.97,14.5840741
370.766667,3027071.74,14.5853704
370.8,3027077.59,14.5866667
370.833333,3027083.54,14.587963
370.866667,3027089.58,14.5892593
370.9,3027095.7,14.5905556
370.933333,3027101.9,14.5918519
370.966667,3027108.21,14.5931481
371,3027114.62,14.5944444
371.033333,3027121.11,14.5957407
371.066667,3027127.69,14.597037
371.1,3027134.37,14.5983333
371.133333,3027141.16,14.5996296
371.166667,3027148.02,14.6009259
371.2,3027154.96,14.6022222
371.233333,3027162,14.6035185
371.266667,3027169.14,14.6048148
371.3,3027176.36,14.6061111
371.333333,3027183.66,14.6074074
371.366667,3027191.06,14.6087037
371.4,3027198.57,14.61
371.433333,3027206.17,14.6112963
371.466667,3027213.84,14.6125926
371.5,3027221.61,14.6138889
371.533333,3027229.49,14.6151852
371.566667,3027237.44,14.6164815
371.6,3027245.47,14.6177778
371.633333,3027253.57,14.6190741
371.666667,3027261.79,14.6203704
371.7,3027270.08,14.6216667
371.733333,3027278.46,14.622963
371.766667,3027286.91,14.6242593
371.8,3027295.48,14.6255556
371.833333,3027304.12,14.6268519
371.866667,3027312.84,14.6281481
371.9,3027321.64,14.6294444
371.933333,3027330.53,14.6307407
371.966667,3027339.5,14.632037
372,3027348.53,14.6333333
372.033333,3027357.64,14.6346296
372.066667,3027366.83,14.6359259
372.1,3027376.11,14.6372222
372.133333,3027385.45,14.6385185
372.166667,3027394.87,14.6398148
372.2,3027404.38,14.6411111
372.233333,3027413.96,14.6424074
372.266667,3027423.61,14.6437037
372.3,3027433.32,14.645
372.333333,3027443.11,14.6462963
372.366667,3027452.97,14.6475926
372.4,3027462.89,14.6488889
372.433333,3027472.87,14.6501852
372.466667,3027482.93,14.6514815
372.5,3027493.06,14.6527778
372.533333,3027503.25,14.6540741
372.566667,3027513.5,14.6553704
372.6,3027523.83,14.6566667
372.633333,3027534.22,14.657963
372.666667,3027544.68,14.6592593
372.7,3027555.19,14.6605556
372.733333,3027565.75,14.6618519
372.766667,3027576.39,14.6631481
372.8,3027587.08,14.6644444
372.833333,3027597.83,14.6657407
372.866667,3027608.63,14.667037
372.9,3027619.51,14.6683333
372.933333,3027630.44,14.6696296
372.966667,3027641.43,14.6709259
373,3027652.48,14.6722222
373.033333,3027663.6,14.6735185
373.066667,3027674.76,14.6748148
373.1,3027685.98,14.6761111
373.133333,3027697.25,14.6774074
373.166667,3027708.59,14.6787037
373.2,3027719.98,14.68
373.233333,3027731.42,14.6812963
373.266667,3027742.91,14.6825926
373.3,3027754.48,14.6838889
373.333333,3027766.1,14.6851852
373.366667,3027777.78,14.6864815
373.4,3027789.5,14.6877778
373.433333,3027801.29,14.6890741
373.466667,3027813.14,14.6903704
373.5,3027825.04,14.6916667
373.533333,3027836.98,14.692963
373.566667,3027848.99,14.6942593
373.6,3027861.05,14.6955556
373.633333,3027873.17,14.6968519
373.666667,3027885.34,14.6981481
373.7,3027897.58,14.6994444
373.733333,3027909.88,14.7007407
373.766667,3027922.23,14.702037
373.8,3027934.63,14.7033333
373.833333,3027947.09,14.7046296
373.866667,3027959.62,14.7059259
373.9,3027972.19,14.7072222
373.933333,3027984.82,14.7085185
373.966667,3027997.5,14.7098148
374,3028010.24,14.7111111
374.033333,3028023.05,14.7124074
374.066667,3028035.9,14.7137037
374.1,3028048.81,14.715
374.133333,3028061.79,14.7162963
374.166667,3028074.82,14.7175926
374.2,3028087.91,14.7188889
374.233333,3028101.04,14.7201852
374.266667,3028114.24,14.7214815
374.3,3028127.49,14.7227778
374.333333,3028140.79,14.7240741
374.366667,3028154.14,14.7253704
374.4,3028167.57,14.7266667
374.433333,3028181.04,14.727963
374.466667,3028194.56,14.7292593
374.5,3028208.14,14.7305556
374.533333,3028221.78,14.7318519
374.566667,3028235.47,14.7331481
374.6,3028249.21,14.7344444
374.633333,3028263,14.7357407
374.666667,3028276.84,14.737037
374.7,3028290.74,14.7383333
374.733333,3028304.68,14.7396296
374.766667,3028318.67,14.7409259
374.8,3028332.72,14.7422222
374.833333,3028346.82,14.7435185
374.866667,3028360.96,14.7448148
374.9,3028375.15,14.7461111
374.933333,3028389.39,14.7474074
374.966667,3028403.68,14.7487037
375,3028418.01,14.75
375.033333,3028432.36,14.7512963
375.066667,3028446.69,14.7525926
375.1,3028460.86,14.7538889
375.133333,3028474.82,14.7551852
375.166667,3028488.51,14.7564815
375.2,3028501.83,14.7577778
375.233333,3028514.72,14.7590741
375.266667,3028527.36,14.7603704
375.3,3028539.8,14.7616667
375.333333,3028552.12,14.762963
375.366667,3028564.41,14.7642593
375.4,3028576.73,14.7655556
375.433333,3028589.04,14.7668519
375.466667,3028601.32,14.7681481
375.5,3028613.41,14.7694444
375.533333,3028625.28,14.7707407
375.566667,3028636.88,14.772037
375.6,3028648.19,14.7733333
375.633333,3028659.13,14.7746296
375.666667,3028669.88,14.7759259
375.7,3028680.53,14.7772222
375.733333,3028691.11,14.7785185
375.766667,3028701.71,14.7798148
375.8,3028712.31,14.7811111
375.833333,3028722.88,14.7824074
375.866667,3028733.39,14.7837037
375.9,3028743.68,14.785
375.933333,3028753.71,14.7862963
375.966667,3028763.46,14.7875926
376,3028772.93,14.7888889
376.033333,3028782.01,14.7901852
376.066667,3028790.75,14.7914815
376.1,3028799.24,14.7927778
376.133333,3028807.49,14.7940741
376.166667,3028815.47,14.7953704
376.2,3028823.2,14.7966667
376.233333,3028830.73,14.797963
376.266667,3028838.05,14.7992593
376.3,3028845.1,14.8005556
376.333333,3028851.82,14.8018519
376.366667,3028858.27,14.8031481
376.4,3028864.43,14.8044444
376.433333,3028870.28,14.8057407
376.466667,3028875.78,14.807037
376.5,3028881.04,14.8083333
376.533333,3028886.09,14.8096296
376.566667,3028890.9,14.8109259
376.6,3028895.45,14.8122222
376.633333,3028899.78,14.8135185
376.666667,3028903.9,14.8148148
376.7,3028907.76,14.8161111
376.733333,3028911.25,14.8174074
376.766667,3028914.47,14.8187037
376.8,3028917.41,14.82
376.833333,3028920.08,14.8212963
376.866667,3028922.38,14.8225926
376.9,3028924.46,14.8238889
376.933333,3028926.32,14.8251852
376.966667,3028927.98,14.8264815
377,3028929.34,14.8277778
377.033333,3028930.47,14.8290741
377.066667,3028931.36,14.8303704
377.1,3028932.01,14.8316667
377.133333,3028932.29,14.832963
377.166667,3028932.27,14.8342593
377.2,3028931.99,14.8355556
377.233333,3028931.45,14.8368519
377.266667,3028930.6,14.8381481
377.3,3028929.5,14.8394444
377.333333,3028928.19,14.8407407
377.366667,3028926.67,14.842037
377.4,3028924.9,14.8433333
377.433333,3028922.86,14.8446296
377.466667,3028920.58,14.8459259
377.5,3028918.05,14.8472222
377.533333,3028915.21,14.8485185
377.566667,3028912.06,14.8498148
377.6,3028908.67,14.8511111
377.633333,3028905.05,14.8524074
377.666667,3028901.17,14.8537037
377.7,3028897.05,14.855
377.733333,3028892.74,14.8562963
377.766667,3028888.24,14.8575926
377.8,3028883.52,14.8588889
377.833333,3028878.53,14.8601852
377.866667,3028873.32,14.8614815
377.9,3028867.89,14.8627778
377.933333,3028862.22,14.8640741
377.966667,3028856.24,14.8653704
378,3028850.07,14.8666667
378.033333,3028843.71,14.867963
378.066667,3028837.17,14.8692593
378.1,3028830.4,14.8705556
378.133333,3028823.48,14.8718519
378.166667,3028816.39,14.8731481
378.2,3028809.15,14.8744444
378.233333,3028801.66,14.8757407
378.266667,3028793.98,14.877037
378.3,3028786.12,14.8783333
378.333333,3028778.08,14.8796296
378.366667,3028769.81,14.8809259
378.4,3028761.37,14.8822222
378.433333,3028752.8,14.8835185
378.466667,3028744.1,14.8848148
378.5,3028735.24,14.8861111
378.533333,3028726.25,14.8874074
378.566667,3028717.14,14.8887037
378.6,3028707.9,14.89
378.633333,3028698.49,14.8912963
378.666667,3028688.91,14.8925926
378.7,3028679.19,14.8938889
378.733333,3028669.35,14.8951852
378.766667,3028659.35,14.8964815
378.8,3028649.22,14.8977778
378.833333,3028639,14.8990741
378.866667,3028628.7,14.9003704
378.9,3028618.3,14.9016667
378.933333,3028607.78,14.902963
378.966667,3028597.18,14.9042593
379,3028586.48,14.9055556
379.033333,3028575.66,14.9068519
379.066667,3028564.71,14.9081481
379.1,3028553.65,14.9094444
379.133333,3028542.49,14.9107407
379.166667,3028531.25,14.912037
379.2,3028519.9,14.9133333
379.233333,3028508.49,14.9146296
379.266667,3028497.03,14.9159259
379.3,3028485.5,14.9172222
379.333333,3028473.87,14.9185185
379.366667,3028462.17,14.9198148
379.4,3028450.39,14.9211111
379.433333,3028438.53,14.9224074
379.466667,3028426.55,14.9237037
379.5,3028414.49,14.925
379.533333,3028402.35,14.9262963
379.566667,3028390.16,14.9275926
379.6,3028377.88,14.9288889
379.633333,3028365.56,14.9301852
379.666667,3028353.18,14.9314815
379.7,3028340.75,14.9327778
379.733333,3028328.25,14.9340741
379.766667,3028315.66,14.9353704
379.8,3028303.01,14.9366667
379.833333,3028290.28,14.937963
379.866667,3028277.46,14.9392593
379.9,3028264.55,14.9405556
379.933333,3028251.6,14.9418519
379.966667,3028238.58,14.9431481
380,3028225.51,14.9444444
380.033333,3028212.39,14.9457407
380.066667,3028199.22,14.947037
380.1,3028185.99,14.9483333
380.133333,3028172.7,14.9496296
380.166667,3028159.33,14.9509259
380.2,3028145.88,14.9522222
380.233333,3028132.38,14.9535185
380.266667,3028118.79,14.9548148
380.3,3028105.14,14.9561111
380.333333,3028091.43,14.9574074
380.366667,3028077.68,14.9587037
380.4,3028063.89,14.96
380.433333,3028050.04,14.9612963
380.466667,3028036.15,14.9625926
380.5,3028022.21,14.9638889
380.533333,3028008.22,14.9651852
380.566667,3027994.15,14.9664815
380.6,3027980.02,14.9677778
380.633333,3027965.84,14.9690741
380.666667,3027951.6,14.9703704
380.7,3027937.31,14.9716667
380.733333,3027922.98,14.972963
380.766667,3027908.63,14.9742593
380.8,3027894.24,14.9755556
380.833333,3027879.82,14.9768519
380.866667,3027865.37,14.9781481
380.9,3027850.88,14.9794444
380.933333,3027836.35,14.9807407
380.966667,3027821.78,14.982037
381,3027807.16,14.9833333
381.033333,3027792.51,14.9846296
381.066667,3027777.84,14.9859259
381.1,3027763.15,14.9872222
381.133333,3027748.44,14.9885185
381.166667,3027733.72,14.9898148
381.2,3027719,14.9911111
381.233333,3027704.28,14.9924074
381.266667,3027689.54,14.9937037
381.3,3027674.79,14.995
381.333333,3027660.02,14.9962963
381.366667,3027645.25,14.9975926
381.4,3027630.46,14.9988889
381.433333,3027615.68,15.0001852
381.466667,3027600.89,15.0014815
381.5,3027586.13,15.0027778
381.533333,3027571.38,15.0040741
381.566667,3027556.66,15.0053704
381.6,3027541.95,15.0066667
381.633333,3027527.26,15.007963
381.666667,3027512.6,15.0092593
381.7,3027497.95,15.0105556
381.733333,3027483.32,15.0118519
381.766667,3027468.71,15.0131481
381.8,3027454.13,15.0144444
381.833333,3027439.57,15.0157407
381.866667,3027425.06,15.017037
381.9,3027410.58,15.0183333
381.933333,3027396.16,15.0196296
381.966667,3027381.78,15.0209259
382,3027367.45,15.0222222
382.033333,3027353.16,15.0235185
382.066667,3027338.93,15.0248148
382.1,3027324.73,15.0261111
382.133333,3027310.57,15.0274074
382.166667,3027296.45,15.0287037
382.2,3027282.4,15.03
382.233333,3027268.4,15.0312963
382.266667,3027254.46,15.0325926
382.3,3027240.58,15.0338889
382.333333,3027226.77,15.0351852
382.366667,3027213.03,15.0364815
382.4,3027199.35,15.0377778
382.433333,3027185.72,15.0390741
382.466667,3027172.16,15.0403704
382.5,3027158.67,15.0416667
382.533333,3027145.22,15.042963
382.566667,3027131.83,15.0442593
382.6,3027118.51,15.0455556
382.633333,3027105.28,15.0468519
382.666667,3027092.1,15.0481481
382.7,3027079,15.0494444
382.733333,3027065.97,15.0507407
382.766667,3027053.03,15.052037
382.8,3027040.14,15.0533333
382.833333,3027027.32,15.0546296
382.866667,3027014.56,15.0559259
382.9,3027001.88,15.0572222
382.933333,3026989.26,15.0585185
382.966667,3026976.7,15.0598148
383,3026964.21,15.0611111
383.033333,3026951.81,15.0624074
383.066667,3026939.48,15.0637037
383.1,3026927.22,15.065
383.133333,3026915.03,15.0662963
383.166667,3026902.93,15.0675926
383.2,3026890.89,15.0688889
383.233333,3026878.91,15.0701852
383.266667,3026866.99,15.0714815
383.3,3026855.16,15.0727778
383.333333,3026843.39,15.0740741
383.366667,3026831.68,15.0753704
383.4,3026820.04,15.0766667
383.433333,3026808.49,15.077963
383.466667,3026797.02,15.0792593
383.5,3026785.62,15.0805556
383.533333,3026774.28,15.0818519
383.566667,3026763.03,15.0831481
383.6,3026751.84,15.0844444
383.633333,3026740.72,15.0857407
383.666667,3026729.66,15.087037
383.7,3026718.69,15.0883333
383.733333,3026707.79,15.0896296
383.766667,3026696.95,15.0909259
383.8,3026686.19,15.0922222
383.833333,3026675.51,15.0935185
383.866667,3026664.93,15.0948148
383.9,3026654.41,15.0961111
383.933333,3026643.96,15.0974074
383.966667,3026633.6,15.0987037
384,3026623.32,15.1
384.033333,3026613.11,15.1012963
384.066667,3026602.97,15.1025926
384.1,3026592.91,15.1038889
384.133333,3026582.95,15.1051852
384.166667,3026573.06,15.1064815
384.2,3026563.26,15.1077778
384.233333,3026553.54,15.1090741
384.266667,3026543.93,15.1103704
384.3,3026534.4,15.1116667
384.333333,3026524.94,15.112963
384.366667,3026515.57,15.1142593
384.4,3026506.31,15.1155556
384.433333,3026497.13,15.1168519
384.466667,3026488.03,15.1181481
384.5,3026479.02,15.1194444
384.533333,3026470.13,15.1207407
384.566667,3026461.33,15.122037
384.6,3026452.62,15.1233333
384.633333,3026444,15.1246296
384.666667,3026435.52,15.1259259
384.7,3026427.12,15.1272222
384.733333,3026418.82,15.1285185
384.766667,3026410.61,15.1298148
384.8,3026402.52,15.1311111
384.833333,3026394.53,15.1324074
384.866667,3026386.64,15.1337037
384.9,3026378.84,15.135
384.933333,3026371.18,15.1362963
384.966667,3026363.63,15.1375926
385,3026356.18,15.1388889
385.033333,3026348.83,15.1401852
385.066667,3026341.62,15.1414815
385.1,3026334.52,15.1427778
385.133333,3026327.52,15.1440741
385.166667,3026320.63,15.1453704
385.2,3026313.85,15.1466667
385.233333,3026307.21,15.147963
385.266667,3026300.67,15.1492593
385.3,3026294.23,15.1505556
385.333333,3026287.92,15.1518519
385.366667,3026281.75,15.1531481
385.4,3026275.69,15.1544444
385.433333,3026269.74,15.1557407
385.466667,3026263.9,15.157037
385.5,3026258.21,15.1583333
385.533333,3026252.63,15.1596296
385.566667,3026247.14,15.1609259
385.6,3026241.78,15.1622222
385.633333,3026236.56,15.1635185
385.666667,3026231.45,15.1648148
385.7,3026226.44,15.1661111
385.733333,3026221.55,15.1674074
385.766667,3026216.82,15.1687037
385.8,3026212.19,15.17
385.833333,3026207.67,15.1712963
385.866667,3026203.26,15.1725926
385.9,3026199,15.1738889
385.933333,3026194.85,15.1751852
385.966667,3026190.8,15.1764815
386,3026186.85,15.1777778
386.033333,3026183.05,15.1790741
386.066667,3026179.36,15.1803704
386.1,3026175.78,15.1816667
386.133333,3026172.31,15.182963
386.166667,3026168.97,15.1842593
386.2,3026165.76,15.1855556
386.233333,3026162.64,15.1868519
386.266667,3026159.63,15.1881481
386.3,3026156.74,15.1894444
386.333333,3026153.97,15.1907407
386.366667,3026151.31,15.192037
386.4,3026148.74,15.1933333
386.433333,3026146.29,15.1946296
386.466667,3026143.97,15.1959259
386.5,3026141.75,15.1972222
386.533333,3026139.63,15.1985185
386.566667,3026137.63,15.1998148
386.6,3026135.75,15.2011111
386.633333,3026133.97,15.2024074
386.666667,3026132.28,15.2037037
386.7,3026130.71,15.205
386.733333,3026129.25,15.2062963
386.766667,3026127.9,15.2075926
386.8,3026126.64,15.2088889
386.833333,3026125.48,15.2101852
386.866667,3026124.45,15.2114815
386.9,3026123.53,15.2127778
386.933333,3026122.69,15.2140741
386.966667,3026121.96,15.2153704
387,3026121.36,15.2166667
387.033333,3026120.85,15.217963
387.066667,3026120.43,15.2192593
387.1,3026120.11,15.2205556
387.133333,3026119.92,15.2218519
387.166667,3026119.83,15.2231481
387.2,3026119.83,15.2244444
387.233333,3026119.92,15.2257407
387.266667,3026120.15,15.227037
387.3,3026120.48,15.2283333
387.333333,3026120.9,15.2296296
387.366667,3026121.41,15.2309259
387.4,3026122.06,15.2322222
387.433333,3026122.8,15.2335185
387.466667,3026123.64,15.2348148
387.5,3026124.57,15.2361111
387.533333,3026125.62,15.2374074
387.566667,3026126.78,15.2387037
387.6,3026128.03,15.24
387.633333,3026129.39,15.2412963
387.666667,3026130.86,15.2425926
387.7,3026132.44,15.2438889
387.733333,3026134.13,15.2451852
387.766667,3026135.9,15.2464815
387.8,3026137.8,15.2477778
387.833333,3026139.81,15.2490741
387.866667,3026141.91,15.2503704
387.9,3026144.11,15.2516667
387.933333,3026146.42,15.252963
387.966667,3026148.86,15.2542593
388,3026151.39,15.2555556
388.033333,3026154.02,15.2568519
388.066667,3026156.76,15.2581481
388.1,3026159.63,15.2594444
388.133333,3026162.59,15.2607407
388.166667,3026165.66,15.262037
388.2,3026168.82,15.2633333
388.233333,3026172.12,15.2646296
388.266667,3026175.51,15.2659259
388.3,3026179,15.2672222
388.333333,3026182.58,15.2685185
388.366667,3026186.31,15.2698148
388.4,3026190.14,15.2711111
388.433333,3026194.06,15.2724074
388.466667,3026198.07,15.2737037
388.5,3026202.23,15.275
388.533333,3026206.48,15.2762963
388.566667,3026210.83,15.2775926
388.6,3026215.27,15.2788889
388.633333,3026219.84,15.2801852
388.666667,3026224.51,15.2814815
388.7,3026229.28,15.2827778
388.733333,3026234.14,15.2840741
388.766667,3026239.12,15.2853704
388.8,3026244.21,15.2866667
388.833333,3026249.39,15.287963
388.866667,3026254.67,15.2892593
388.9,3026260.06,15.2905556
388.933333,3026265.56,15.2918519
388.966667,3026271.15,15.2931481
389,3026276.82,15.2944444
389.033333,3026282.61,15.2957407
389.066667,3026288.51,15.297037
389.1,3026294.49,15.2983333
389.133333,3026300.56,15.2996296
389.166667,3026306.73,15.3009259
389.2,3026313.02,15.3022222
389.233333,3026319.39,15.3035185
389.266667,3026325.85,15.3048148
389.3,3026332.4,15.3061111
389.333333,3026339.06,15.3074074
389.366667,3026345.8,15.3087037
389.4,3026352.63,15.31
389.433333,3026359.54,15.3112963
389.466667,3026366.56,15.3125926
389.5,3026373.66,15.3138889
389.533333,3026380.85,15.3151852
389.566667,3026388.11,15.3164815
389.6,3026395.49,15.3177778
389.633333,3026402.94,15.3190741
389.666667,3026410.47,15.3203704
389.7,3026418.08,15.3216667
389.733333,3026425.79,15.322963
389.766667,3026433.58,15.3242593
389.8,3026441.45,15.3255556
389.833333,3026449.38,15.3268519
389.866667,3026457.42,15.3281481
389.9,3026465.54,15.3294444
389.933333,3026473.72,15.3307407
389.966667,3026481.98,15.332037
390,3026490.34,15.3333333
390.033333,3026498.77,15.3346296
390.066667,3026507.27,15.3359259
390.1,3026515.84,15.3372222
390.133333,3026524.5,15.3385185
390.166667,3026533.23,15.3398148
390.2,3026542.03,15.3411111
390.233333,3026550.9,15.3424074
390.266667,3026559.86,15.3437037
390.3,3026568.89,15.345
390.333333,3026577.99,15.3462963
390.366667,3026587.16,15.3475926
390.4,3026596.41,15.3488889
390.433333,3026605.73,15.3501852
390.466667,3026615.12,15.3514815
390.5,3026624.58,15.3527778
390.533333,3026634.1,15.3540741
390.566667,3026643.71,15.3553704
390.6,3026653.39,15.3566667
390.633333,3026663.12,15.357963
390.666667,3026672.93,15.3592593
390.7,3026682.82,15.3605556
390.733333,3026692.77,15.3618519
390.766667,3026702.79,15.3631481
390.8,3026712.87,15.3644444
390.833333,3026723.03,15.3657407
390.866667,3026733.26,15.367037
390.9,3026743.55,15.3683333
390.933333,3026753.9,15.3696296
390.966667,3026764.33,15.3709259
391,3026774.83,15.3722222
391.033333,3026785.39,15.3735185
391.066667,3026796,15.3748148
391.1,3026806.71,15.3761111
391.133333,3026817.47,15.3774074
391.166667,3026828.3,15.3787037
391.2,3026839.18,15.38
391.233333,3026850.14,15.3812963
391.266667,3026861.17,15.3825926
391.3,3026872.25,15.3838889
391.333333,3026883.39,15.3851852
391.366667,3026894.61,15.3864815
391.4,3026905.9,15.3877778
391.433333,3026917.24,15.3890741
391.466667,3026928.63,15.3903704
391.5,3026940.1,15.3916667
391.533333,3026951.64,15.392963
391.566667,3026963.23,15.3942593
391.6,3026974.88,15.3955556
391.633333,3026986.6,15.3968519
391.666667,3026998.38,15.3981481
391.7,3027010.21,15.3994444
391.733333,3027022.1,15.4007407
391.766667,3027034.06,15.402037
391.8,3027046.08,15.4033333
391.833333,3027058.15,15.4046296
391.866667,3027070.28,15.4059259
391.9,3027082.46,15.4072222
391.933333,3027094.71,15.4085185
391.966667,3027107.02,15.4098148
392,3027119.37,15.4111111
392.033333,3027131.77,15.4124074
392.066667,3027144.25,15.4137037
392.1,3027156.77,15.415
392.133333,3027169.34,15.4162963
392.166667,3027181.95,15.4175926
392.2,3027194.64,15.4188889
392.233333,3027207.37,15.4201852
392.266667,3027220.15,15.4214815
392.3,3027232.97,15.4227778
392.333333,3027245.85,15.4240741
392.366667,3027258.78,15.4253704
392.4,3027271.76,15.4266667
392.433333,3027284.77,15.427963
392.466667,3027297.84,15.4292593
392.5,3027310.96,15.4305556
392.533333,3027324.12,15.4318519
392.566667,3027337.32,15.4331481
392.6,3027350.57,15.4344444
392.633333,3027363.87,15.4357407
392.666667,3027377.2,15.437037
392.7,3027390.57,15.4383333
392.733333,3027403.99,15.4396296
392.766667,3027417.45,15.4409259
392.8,3027430.95,15.4422222
392.833333,3027444.48,15.4435185
392.866667,3027458.05,15.4448148
392.9,3027471.67,15.4461111
392.933333,3027485.32,15.4474074
392.966667,3027499,15.4487037
393,3027512.72,15.45
393.033333,3027526.49,15.4512963
393.066667,3027540.28,15.4525926
393.1,3027554.1,15.4538889
393.133333,3027567.96,15.4551852
393.166667,3027581.86,15.4564815
393.2,3027595.79,15.4577778
393.233333,3027609.75,15.4590741
393.266667,3027623.73,15.4603704
393.3,3027637.76,15.4616667
393.333333,3027651.81,15.462963
393.366667,3027665.89,15.4642593
393.4,3027680,15.4655556
393.433333,3027694.15,15.4668519
393.466667,3027708.32,15.4681481
393.5,3027722.52,15.4694444
393.533333,3027736.74,15.4707407
393.566667,3027751,15.472037
393.6,3027765.29,15.4733333
393.633333,3027779.59,15.4746296
393.666667,3027793.92,15.4759259
393.7,3027808.29,15.4772222
393.733333,3027822.68,15.4785185
393.766667,3027837.09,15.4798148
393.8,3027851.52,15.4811111
393.833333,3027865.92,15.4824074
393.866667,3027880.2,15.4837037
393.9,3027894.29,15.485
393.933333,3027908.11,15.4862963
393.966667,3027921.48,15.4875926
394,3027934.43,15.4888889
394.033333,3027947.06,15.4901852
394.066667,3027959.42,15.4914815
394.1,3027971.58,15.4927778
394.133333,3027983.68,15.4940741
394.166667,3027995.77,15.4953704
394.2,3028007.86,15.4966667
394.233333,3028019.93,15.497963
394.266667,3028031.84,15.4992593
394.3,3028043.53,15.5005556
394.333333,3028054.97,15.5018519
394.366667,3028066.05,15.5031481
394.4,3028076.74,15.5044444
394.433333,3028087.2,15.5057407
394.466667,3028097.48,15.507037
394.5,3028107.66,15.5083333
394.533333,3028117.82,15.5096296
394.566667,3028127.99,15.5109259
394.6,3028138.14,15.5122222
394.633333,3028148.25,15.5135185
394.666667,3028158.15,15.5148148
394.7,3028167.81,15.5161111
394.733333,3028177.2,15.5174074
394.766667,3028186.31,15.5187037
394.8,3028195.05,15.52
394.833333,3028203.62,15.5212963
394.866667,3028212.07,15.5225926
394.9,3028220.45,15.5238889
394.933333,3028228.82,15.5251852
394.966667,3028237.16,15.5264815
395,3028245.44,15.5277778
395.033333,3028253.63,15.5290741
395.066667,3028261.56,15.5303704
395.1,3028269.2,15.5316667
395.133333,3028276.57,15.532963
395.166667,3028283.68,15.5342593
395.2,3028290.48,15.5355556
395.233333,3028297.11,15.5368519
395.266667,3028303.65,15.5381481
395.3,3028310.12,15.5394444
395.333333,3028316.55,15.5407407
395.366667,3028322.9,15.542037
395.4,3028329.14,15.5433333
395.433333,3028335.21,15.5446296
395.466667,3028341.01,15.5459259
395.5,3028346.47,15.5472222
395.533333,3028351.65,15.5485185
395.566667,3028356.56,15.5498148
395.6,3028361.14,15.5511111
395.633333,3028365.37,15.5524074
395.666667,3028369.33,15.5537037
395.7,3028372.99,15.555
395.733333,3028376.32,15.5562963
395.766667,3028379.24,15.5575926
395.8,3028381.84,15.5588889
395.833333,3028384.14,15.5601852
395.866667,3028386.12,15.5614815
395.9,3028387.72,15.5627778
395.933333,3028389.05,15.5640741
395.966667,3028390.13,15.5653704
396,3028390.96,15.5666667
396.033333,3028391.42,15.567963
396.066667,3028391.63,15.5692593
396.1,3028391.57,15.5705556
396.133333,3028391.24,15.5718519
396.166667,3028390.51,15.5731481
396.2,3028389.49,15.5744444
396.233333,3028388.21,15.5757407
396.266667,3028386.67,15.577037
396.3,3028384.8,15.5783333
396.333333,3028382.68,15.5796296
396.366667,3028380.35,15.5809259
396.4,3028377.8,15.5822222
396.433333,3028374.95,15.5835185
396.466667,3028371.84,15.5848148
396.5,3028368.49,15.5861111
396.533333,3028364.9,15.5874074
396.566667,3028361,15.5887037
396.6,3028356.82,15.59
396.633333,3028352.42,15.5912963
396.666667,3028347.81,15.5925926
396.7,3028342.94,15.5938889
396.733333,3028337.84,15.5951852
396.766667,3028332.56,15.5964815
396.8,3028327.08,15.5977778
396.833333,3028321.38,15.5990741
396.866667,3028315.42,15.6003704
396.9,3028309.26,15.6016667
396.933333,3028302.88,15.602963
396.966667,3028296.27,15.6042593
397,3028289.4,15.6055556
397.033333,3028282.35,15.6068519
397.066667,3028275.12,15.6081481
397.1,3028267.71,15.6094444
397.133333,3028260.08,15.6107407
397.166667,3028252.29,15.612037
397.2,3028244.34,15.6133333
397.233333,3028236.21,15.6146296
397.266667,3028227.84,15.6159259
397.3,3028219.28,15.6172222
397.333333,3028210.55,15.6185185
397.366667,3028201.65,15.6198148
397.4,3028192.51,15.6211111
397.433333,3028183.21,15.6224074
397.466667,3028173.77,15.6237037
397.5,3028164.2,15.625
397.533333,3028154.43,15.6262963
397.566667,3028144.52,15.6275926
397.6,3028134.46,15.6288889
397.633333,3028124.26,15.6301852
397.666667,3028113.85,15.6314815
397.7,3028103.27,15.6327778
397.733333,3028092.54,15.6340741
397.766667,3028081.67,15.6353704
397.8,3028070.61,15.6366667
397.833333,3028059.41,15.637963
397.866667,3028048.09,15.6392593
397.9,3028036.66,15.6405556
397.933333,3028025.07,15.6418519
397.966667,3028013.34,15.6431481
398,3028001.49,15.6444444
398.033333,3027989.5,15.6457407
398.066667,3027977.36,15.647037
398.1,3027965.05,15.6483333
398.133333,3027952.61,15.6496296
398.166667,3027940.05,15.6509259
398.2,3027927.36,15.6522222
398.233333,3027914.53,15.6535185
398.266667,3027901.61,15.6548148
398.3,3027888.58,15.6561111
398.333333,3027875.44,15.6574074
398.366667,3027862.16,15.6587037
398.4,3027848.77,15.66
398.433333,3027835.27,15.6612963
398.466667,3027821.65,15.6625926
398.5,3027807.88,15.6638889
398.533333,3027794,15.6651852
398.566667,3027780.03,15.6664815
398.6,3027765.96,15.6677778
398.633333,3027751.77,15.6690741
398.666667,3027737.5,15.6703704
398.7,3027723.15,15.6716667
398.733333,3027708.71,15.672963
398.766667,3027694.16,15.6742593
398.8,3027679.51,15.6755556
398.833333,3027664.76,15.6768519
398.866667,3027649.93,15.6781481
398.9,3027634.98,15.6794444
398.933333,3027619.95,15.6807407
398.966667,3027604.85,15.682037
399,3027589.68,15.6833333
399.033333,3027574.42,15.6846296
399.066667,3027559.1,15.6859259
399.1,3027543.72,15.6872222
399.133333,3027528.28,15.6885185
399.166667,3027512.76,15.6898148
399.2,3027497.15,15.6911111
399.233333,3027481.48,15.6924074
399.266667,3027465.75,15.6937037
399.3,3027449.94,15.695
399.333333,3027434.08,15.6962963
399.366667,3027418.17,15.6975926
399.4,3027402.21,15.6988889
399.433333,3027386.22,15.7001852
399.466667,3027370.18,15.7014815
399.5,3027354.1,15.7027778
399.533333,3027337.98,15.7040741
399.566667,3027321.82,15.7053704
399.6,3027305.6,15.7066667
399.633333,3027289.34,15.707963
399.666667,3027273.05,15.7092593
399.7,3027256.72,15.7105556
399.733333,3027240.37,15.7118519
399.766667,3027223.99,15.7131481
399.8,3027207.6,15.7144444
399.833333,3027191.2,15.7157407
399.866667,3027174.78,15.717037
399.9,3027158.34,15.7183333
399.933333,3027141.89,15.7196296
399.966667,3027125.42,15.7209259
400,3027108.93,15.7222222
400.033333,3027092.42,15.7235185
400.066667,3027075.91,15.7248148
400.1,3027059.39,15.7261111
400.133333,3027042.87,15.7274074
400.166667,3027026.36,15.7287037
400.2,3027009.86,15.73
400.233333,3026993.36,15.7312963
400.266667,3026976.87,15.7325926
400.3,3026960.39,15.7338889
400.333333,3026943.91,15.7351852
400.366667,3026927.44,15.7364815
400.4,3026910.97,15.7377778
400.433333,3026894.52,15.7390741
400.466667,3026878.07,15.7403704
400.5,3026861.65,15.7416667
400.533333,3026845.25,15.742963
400.566667,3026828.87,15.7442593
400.6,3026812.53,15.7455556
400.633333,3026796.2,15.7468519
400.666667,3026779.91,15.7481481
400.7,3026763.63,15.7494444
400.733333,3026747.38,15.7507407
400.766667,3026731.15,15.752037
400.8,3026714.94,15.7533333
400.833333,3026698.77,15.7546296
400.866667,3026682.63,15.7559259
400.9,3026666.52,15.7572222
400.933333,3026650.45,15.7585185
400.966667,3026634.42,15.7598148
401,3026618.44,15.7611111
401.033333,3026602.49,15.7624074
401.066667,3026586.57,15.7637037
401.1,3026570.7,15.765
401.133333,3026554.86,15.7662963
401.166667,3026539.06,15.7675926
401.2,3026523.29,15.7688889
401.233333,3026507.58,15.7701852
401.266667,3026491.91,15.7714815
401.3,3026476.28,15.7727778
401.333333,3026460.7,15.7740741
401.366667,3026445.18,15.7753704
401.4,3026429.72,15.7766667
401.433333,3026414.29,15.777963
401.466667,3026398.91,15.7792593
401.5,3026383.59,15.7805556
401.533333,3026368.31,15.7818519
401.566667,3026353.08,15.7831481
401.6,3026337.9,15.7844444
401.633333,3026322.78,15.7857407
401.666667,3026307.72,15.787037
401.7,3026292.71,15.7883333
401.733333,3026277.77,15.7896296
401.766667,3026262.89,15.7909259
401.8,3026248.07,15.7922222
401.833333,3026233.31,15.7935185
401.866667,3026218.6,15.7948148
401.9,3026203.96,15.7961111
401.933333,3026189.38,15.7974074
401.966667,3026174.86,15.7987037
402,3026160.4,15.8
402.033333,3026146,15.8012963
402.066667,3026131.69,15.8025926
402.1,3026117.45,15.8038889
402.133333,3026103.27,15.8051852
402.166667,3026089.16,15.8064815
402.2,3026075.14,15.8077778
402.233333,3026061.18,15.8090741
402.266667,3026047.29,15.8103704
402.3,3026033.46,15.8116667
402.333333,3026019.73,15.812963
402.366667,3026006.06,15.8142593
402.4,3025992.46,15.8155556
402.433333,3025978.94,15.8168519
402.466667,3025965.53,15.8181481
402.5,3025952.19,15.8194444
402.533333,3025938.93,15.8207407
402.566667,3025925.74,15.822037
402.6,3025912.66,15.8233333
402.633333,3025899.66,15.8246296
402.666667,3025886.73,15.8259259
402.7,3025873.88,15.8272222
402.733333,3025861.13,15.8285185
402.766667,3025848.48,15.8298148
402.8,3025835.9,15.8311111
402.833333,3025823.41,15.8324074
402.866667,3025811.04,15.8337037
402.9,3025798.76,15.835
402.933333,3025786.57,15.8362963
402.966667,3025774.46,15.8375926
403,3025762.46,15.8388889
403.033333,3025750.56,15.8401852
403.066667,3025738.75,15.8414815
403.1,3025727.02,15.8427778
403.133333,3025715.41,15.8440741
403.166667,3025703.9,15.8453704
403.2,3025692.49,15.8466667
403.233333,3025681.18,15.847963
403.266667,3025669.97,15.8492593
403.3,3025658.89,15.8505556
403.333333,3025647.9,15.8518519
403.366667,3025637,15.8531481
403.4,3025626.21,15.8544444
403.433333,3025615.54,15.8557407
403.466667,3025604.96,15.857037
403.5,3025594.49,15.8583333
403.533333,3025584.11,15.8596296
403.566667,3025573.87,15.8609259
403.6,3025563.74,15.8622222
403.633333,3025553.7,15.8635185
403.666667,3025543.76,15.8648148
403.7,3025533.97,15.8661111
403.733333,3025524.28,15.8674074
403.766667,3025514.68,15.8687037
403.8,3025505.18,15.87
403.833333,3025495.83,15.8712963
403.866667,3025486.57,15.8725926
403.9,3025477.41,15.8738889
403.933333,3025468.36,15.8751852
403.966667,3025459.45,15.8764815
404,3025450.65,15.8777778
404.033333,3025441.95,15.8790741
404.066667,3025433.35,15.8803704
404.1,3025424.89,15.8816667
404.133333,3025416.54,15.882963
404.166667,3025408.3,15.8842593
404.2,3025400.15,15.8855556
404.233333,3025392.13,15.8868519
404.266667,3025384.23,15.8881481
404.3,3025376.43,15.8894444
404.333333,3025368.73,15.8907407
404.366667,3025361.17,15.892037
404.4,3025353.73,15.8933333
404.433333,3025346.39,15.8946296
404.466667,3025339.15,15.8959259
404.5,3025332.04,15.8972222
404.533333,3025325.05,15.8985185
404.566667,3025318.16,15.8998148
404.6,3025311.37,15.9011111
404.633333,3025304.7,15.9024074
404.666667,3025298.16,15.9037037
404.7,3025291.73,15.905
404.733333,3025285.39,15.9062963
404.766667,3025279.17,15.9075926
404.8,3025273.09,15.9088889
404.833333,3025267.11,15.9101852
404.866667,3025261.23,15.9114815
404.9,3025255.46,15.9127778
404.933333,3025249.83,15.9140741
404.966667,3025244.3,15.9153704
405,3025238.87,15.9166667
405.033333,3025233.54,15.917963
405.066667,3025228.36,15.9192593
405.1,3025223.28,15.9205556
405.133333,3025218.3,15.9218519
405.166667,3025213.43,15.9231481
405.2,3025208.7,15.9244444
405.233333,3025204.07,15.9257407
405.266667,3025199.55,15.927037
405.3,3025195.13,15.9283333
405.333333,3025190.84,15.9296296
405.366667,3025186.66,15.9309259
405.4,3025182.59,15.9322222
405.433333,3025178.61,15.9335185
405.466667,3025174.77,15.9348148
405.5,3025171.05,15.9361111
405.533333,3025167.43,15.9374074
405.566667,3025163.91,15.9387037
405.6,3025160.53,15.94
405.633333,3025157.26,15.9412963
405.666667,3025154.09,15.9425926
405.7,3025151.02,15.9438889
405.733333,3025148.08,15.9451852
405.766667,3025145.26,15.9464815
405.8,3025142.55,15.9477778
405.833333,3025139.93,15.9490741
405.866667,3025137.44,15.9503704
405.9,3025135.08,15.9516667
405.933333,3025132.82,15.952963
405.966667,3025130.66,15.9542593
406,3025128.62,15.9555556
406.033333,3025126.71,15.9568519
406.066667,3025124.91,15.9581481
406.1,3025123.2,15.9594444
406.133333,3025121.61,15.9607407
406.166667,3025120.15,15.962037
406.2,3025118.8,15.9633333
406.233333,3025117.55,15.9646296
406.266667,3025116.4,15.9659259
406.3,3025115.4,15.9672222
406.333333,3025114.5,15.9685185
406.366667,3025113.7,15.9698148
406.4,3025113.01,15.9711111
406.433333,3025112.45,15.9724074
406.466667,3025112.01,15.9737037
406.5,3025111.66,15.975
406.533333,3025111.41,15.9762963
406.566667,3025111.3,15.9775926
406.6,3025111.29,15.9788889
406.633333,3025111.39,15.9801852
406.666667,3025111.59,15.9814815
406.7,3025111.92,15.9827778
406.733333,3025112.36,15.9840741
406.766667,3025112.91,15.9853704
406.8,3025113.55,15.9866667
406.833333,3025114.31,15.987963
406.866667,3025115.19,15.9892593
406.9,3025116.17,15.9905556
406.933333,3025117.25,15.9918519
406.966667,3025118.44,15.9931481
407,3025119.75,15.9944444
407.033333,3025121.16,15.9957407
407.066667,3025122.67,15.997037
407.1,3025124.29,15.9983333
407.133333,3025126.03,15.9996296
407.166667,3025127.87,16.0009259
407.2,3025129.8,16.0022222
407.233333,3025131.84,16.0035185
407.266667,3025134,16.0048148
407.3,3025136.25,16.0061111
407.333333,3025138.59,16.0074074
407.366667,3025141.04,16.0087037
407.4,3025143.61,16.01
407.433333,3025146.27,16.0112963
407.466667,3025149.02,16.0125926
407.5,3025151.87,16.0138889
407.533333,3025154.85,16.0151852
407.566667,3025157.91,16.0164815
407.6,3025161.06,16.0177778
407.633333,3025164.3,16.0190741
407.666667,3025167.67,16.0203704
407.7,3025171.12,16.0216667
407.733333,3025174.67,16.022963
407.766667,3025178.29,16.0242593
407.8,3025182.04,16.0255556
407.833333,3025185.88,16.0268519
407.866667,3025189.81,16.0281481
407.9,3025193.82,16.0294444
407.933333,3025197.94,16.0307407
407.966667,3025202.15,16.032037
408,3025206.45,16.0333333
408.033333,3025210.83,16.0346296
408.066667,3025215.31,16.0359259
408.1,3025219.89,16.0372222
408.133333,3025224.55,16.0385185
408.166667,3025229.3,16.0398148
408.2,3025234.14,16.0411111
408.233333,3025239.08,16.0424074
408.266667,3025244.1,16.0437037
408.3,3025249.19,16.045
408.333333,3025254.39,16.0462963
408.366667,3025259.67,16.0475926
408.4,3025265.04,16.0488889
408.433333,3025270.48,16.0501852
408.466667,3025276.01,16.0514815
408.5,3025281.64,16.0527778
408.533333,3025287.35,16.0540741
408.566667,3025293.13,16.0553704
408.6,3025299,16.0566667
408.633333,3025304.97,16.057963
408.666667,3025311.01,16.0592593
408.7,3025317.13,16.0605556
408.733333,3025323.32,16.0618519
408.766667,3025329.62,16.0631481
408.8,3025335.98,16.0644444
408.833333,3025342.42,16.0657407
408.866667,3025348.94,16.067037
408.9,3025355.55,16.0683333
408.933333,3025362.24,16.0696296
408.966667,3025369,16.0709259
409,3025375.83,16.0722222
409.033333,3025382.76,16.0735185
409.066667,3025389.77,16.0748148
409.1,3025396.84,16.0761111
409.133333,3025403.98,16.0774074
409.166667,3025411.21,16.0787037
409.2,3025418.52,16.08
409.233333,3025425.9,16.0812963
409.266667,3025433.34,16.0825926
409.3,3025440.88,16.0838889
409.333333,3025448.49,16.0851852
409.366667,3025456.16,16.0864815
409.4,3025463.91,16.0877778
409.433333,3025471.73,16.0890741
409.466667,3025479.64,16.0903704
409.5,3025487.6,16.0916667
409.533333,3025495.64,16.092963
409.566667,3025503.75,16.0942593
409.6,3025511.94,16.0955556
409.633333,3025520.19,16.0968519
409.666667,3025528.5,16.0981481
409.7,3025536.89,16.0994444
409.733333,3025545.36,16.1007407
409.766667,3025553.89,16.102037
409.8,3025562.48,16.1033333
409.833333,3025571.14,16.1046296
409.866667,3025579.88,16.1059259
409.9,3025588.67,16.1072222
409.933333,3025597.53,16.1085185
409.966667,3025606.45,16.1098148
410,3025615.45,16.1111111
410.033333,3025624.51,16.1124074
410.066667,3025633.62,16.1137037
410.1,3025642.8,16.115
410.133333,3025652.05,16.1162963
410.166667,3025661.36,16.1175926
410.2,3025670.72,16.1188889
410.233333,3025680.14,16.1201852
410.266667,3025689.64,16.1214815
410.3,3025699.19,16.1227778
410.333333,3025708.79,16.1240741
410.366667,3025718.45,16.1253704
410.4,3025728.18,16.1266667
410.433333,3025737.96,16.127963
410.466667,3025747.8,16.1292593
410.5,3025757.68,16.1305556
410.533333,3025767.64,16.1318519
410.566667,3025777.64,16.1331481
410.6,3025787.7,16.1344444
410.633333,3025797.8,16.1357407
410.666667,3025807.97,16.137037
410.7,3025818.19,16.1383333
410.733333,3025828.46,16.1396296
410.766667,3025838.77,16.1409259
410.8,3025849.14,16.1422222
410.833333,3025859.56,16.1435185
410.866667,3025870.03,16.1448148
410.9,3025880.54,16.1461111
410.933333,3025891.11,16.1474074
410.966667,3025901.73,16.1487037
411,3025912.39,16.15
411.033333,3025923.09,16.1512963
411.066667,3025933.84,16.1525926
411.1,3025944.65,16.1538889
411.133333,3025955.49,16.1551852
411.166667,3025966.37,16.1564815
411.2,3025977.3,16.1577778
411.233333,3025988.28,16.1590741
411.266667,3025999.3,16.1603704
411.3,3026010.35,16.1616667
411.333333,3026021.45,16.162963
411.366667,3026032.6,16.1642593
411.4,3026043.78,16.1655556
411.433333,3026055,16.1668519
411.466667,3026066.26,16.1681481
411.5,3026077.56,16.1694444
411.533333,3026088.9,16.1707407
411.566667,3026100.28,16.172037
411.6,3026111.69,16.1733333
411.633333,3026123.14,16.1746296
411.666667,3026134.64,16.1759259
411.7,3026146.16,16.1772222
411.733333,3026157.72,16.1785185
411.766667,3026169.31,16.1798148
411.8,3026180.95,16.1811111
411.833333,3026192.61,16.1824074
411.866667,3026204.31,16.1837037
411.9,3026216.04,16.185
411.933333,3026227.81,16.1862963
411.966667,3026239.61,16.1875926
412,3026251.43,16.1888889
412.033333,3026263.3,16.1901852
412.066667,3026275.19,16.1914815
412.1,3026287.12,16.1927778
412.133333,3026299.07,16.1940741
412.166667,3026311.05,16.1953704
412.2,3026323.07,16.1966667
412.233333,3026335.12,16.197963
412.266667,3026347.19,16.1992593
412.3,3026359.29,16.2005556
412.333333,3026371.43,16.2018519
412.366667,3026383.58,16.2031481
412.4,3026395.77,16.2044444
412.433333,3026407.98,16.2057407
412.466667,3026420.22,16.207037
412.5,3026432.49,16.2083333
412.533333,3026444.78,16.2096296
412.566667,3026457.1,16.2109259
412.6,3026469.44,16.2122222
412.633333,3026481.81,16.2135185
412.666667,3026494.2,16.2148148
412.7,3026506.62,16.2161111
412.733333,3026519.06,16.2174074
412.766667,3026531.52,16.2187037
412.8,3026544.01,16.22
412.833333,3026556.52,16.2212963
412.866667,3026569.05,16.2225926
412.9,3026581.6,16.2238889
412.933333,3026594.18,16.2251852
412.966667,3026606.77,16.2264815
413,3026619.38,16.2277778
413.033333,3026632.02,16.2290741
413.066667,3026644.68,16.2303704
413.1,3026657.35,16.2316667
413.133333,3026670.04,16.232963
413.166667,3026682.76,16.2342593
413.2,3026695.48,16.2355556
413.233333,3026708.23,16.2368519
413.266667,3026721,16.2381481
413.3,3026733.78,16.2394444
413.333333,3026746.58,16.2407407
413.366667,3026759.39,16.242037
413.4,3026772.22,16.2433333
413.433333,3026785.07,16.2446296
413.466667,3026797.92,16.2459259
413.5,3026810.8,16.2472222
413.533333,3026823.69,16.2485185
413.566667,3026836.59,16.2498148
413.6,3026849.5,16.2511111
413.633333,3026862.43,16.2524074
413.666667,3026875.37,16.2537037
413.7,3026888.32,16.255
413.733333,3026901.29,16.2562963
413.766667,3026914.26,16.2575926
413.8,3026927.25,16.2588889
413.833333,3026940.24,16.2601852
413.866667,3026953.25,16.2614815
413.9,3026966.27,16.2627778
413.933333,3026979.29,16.2640741
413.966667,3026992.33,16.2653704
414,3027005.37,16.2666667
414.033333,3027018.42,16.267963
414.066667,3027031.48,16.2692593
414.1,3027044.54,16.2705556
414.133333,3027057.61,16.2718519
414.166667,3027070.69,16.2731481
414.2,3027083.78,16.2744444
414.233333,3027096.87,16.2757407
414.266667,3027109.97,16.277037
414.3,3027123.07,16.2783333
414.333333,3027136.17,16.2796296
414.366667,3027149.29,16.2809259
414.4,3027162.4,16.2822222
414.433333,3027175.52,16.2835185
414.466667,3027188.64,16.2848148
414.5,3027201.77,16.2861111
414.533333,3027214.9,16.2874074
414.566667,3027228.03,16.2887037
414.6,3027241.16,16.29
414.633333,3027254.3,16.2912963
414.666667,3027267.44,16.2925926
414.7,3027280.58,16.2938889
414.733333,3027293.72,16.2951852
414.766667,3027306.85,16.2964815
414.8,3027319.92,16.2977778
414.833333,3027332.85,16.2990741
414.866667,3027345.58,16.3003704
414.9,3027357.96,16.3016667
414.933333,3027369.83,16.302963
414.966667,3027381.3,16.3042593
415,3027392.4,16.3055556
415.033333,3027403.15,16.3068519
415.066667,3027413.66,16.3081481
415.1,3027424.1,16.3094444
415.133333,3027434.5,16.3107407
415.166667,3027444.89,16.312037
415.2,3027455.19,16.3133333
415.233333,3027465.33,16.3146296
415.266667,3027475.25,16.3159259
415.3,3027484.89,16.3172222
415.333333,3027494.01,16.3185185
415.366667,3027502.81,16.3198148
415.4,3027511.34,16.3211111
415.433333,3027519.64,16.3224074
415.466667,3027527.79,16.3237037
415.5,3027535.91,16.325
415.533333,3027544.01,16.3262963
415.566667,3027552.09,16.3275926
415.6,3027560.06,16.3288889
415.633333,3027567.83,16.3301852
415.666667,3027575.34,16.3314815
415.7,3027582.57,16.3327778
415.733333,3027589.38,16.3340741
415.766667,3027595.88,16.3353704
415.8,3027602.16,16.3366667
415.833333,3027608.29,16.337963
415.866667,3027614.31,16.3392593
415.9,3027620.3,16.3405556
415.933333,3027626.26,16.3418519
415.966667,3027632.14,16.3431481
416,3027637.88,16.3444444
416.033333,3027643.34,16.3457407
416.066667,3027648.53,16.347037
416.1,3027653.42,16.3483333
416.133333,3027657.96,16.3496296
416.166667,3027662.18,16.3509259
416.2,3027666.24,16.3522222
416.233333,3027670.16,16.3535185
416.266667,3027674,16.3548148
416.3,3027677.78,16.3561111
416.333333,3027681.47,16.3574074
416.366667,3027685.04,16.3587037
416.4,3027688.43,16.36
416.433333,3027691.47,16.3612963
416.466667,3027694.21,16.3625926
416.5,3027696.67,16.3638889
416.533333,3027698.83,16.3651852
416.566667,3027700.69,16.3664815
416.6,3027702.4,16.3677778
416.633333,3027704.01,16.3690741
416.666667,3027705.53,16.3703704
416.7,3027706.96,16.3716667
416.733333,3027708.25,16.372963
416.766667,3027709.38,16.3742593
416.8,3027710.31,16.3755556
416.833333,3027710.88,16.3768519
416.866667,3027711.14,16.3781481
416.9,3027711.14,16.3794444
416.933333,3027710.9,16.3807407
416.966667,3027710.41,16.382037
417,3027709.8,16.3833333
417.033333,3027709.11,16.3846296
417.066667,3027708.35,16.3859259
417.1,3027707.47,16.3872222
417.133333,3027706.44,16.3885185
417.166667,3027705.23,16.3898148
417.2,3027703.81,16.3911111
417.233333,3027702.08,16.3924074
417.266667,3027699.98,16.3937037
417.3,3027697.57,16.395
417.333333,3027694.82,16.3962963
417.366667,3027691.66,16.3975926
417.4,3027688.06,16.3988889
417.433333,3027684.16,16.4001852
417.466667,3027679.97,16.4014815
417.5,3027675.5,16.4027778
417.533333,3027670.75,16.4040741
417.566667,3027665.8,16.4053704
417.6,3027660.65,16.4066667
417.633333,3027655.27,16.407963
417.666667,3027649.55,16.4092593
417.7,3027643.56,16.4105556
417.733333,3027637.3,16.4118519
417.766667,3027630.75,16.4131481
417.8,3027623.82,16.4144444
417.833333,3027616.68,16.4157407
417.866667,3027609.34,16.417037
417.9,3027601.82,16.4183333
417.933333,3027594.08,16.4196296
417.966667,3027586.19,16.4209259
418,3027578.14,16.4222222
418.033333,3027569.92,16.4235185
418.066667,3027561.42,16.4248148
418.1,3027552.69,16.4261111
418.133333,3027543.74,16.4274074
418.166667,3027534.57,16.4287037
418.2,3027525.12,16.43
418.233333,3027515.5,16.4312963
418.266667,3027505.74,16.4325926
418.3,3027495.85,16.4338889
418.333333,3027485.81,16.4351852
418.366667,3027475.63,16.4364815
418.4,3027465.31,16.4377778
418.433333,3027454.84,16.4390741
418.466667,3027444.14,16.4403704
418.5,3027433.21,16.4416667
418.533333,3027422.1,16.442963
418.566667,3027410.81,16.4442593
418.6,3027399.32,16.4455556
418.633333,3027387.66,16.4468519
418.666667,3027375.9,16.4481481
418.7,3027364.02,16.4494444
418.733333,3027352.02,16.4507407
418.766667,3027339.86,16.452037
418.8,3027327.57,16.4533333
418.833333,3027315.11,16.4546296
418.866667,3027302.47,16.4559259
418.9,3027289.59,16.4572222
418.933333,3027276.54,16.4585185
418.966667,3027263.32,16.4598148
419,3027249.96,16.4611111
419.033333,3027236.42,16.4624074
419.066667,3027222.77,16.4637037
419.1,3027209.02,16.465
419.133333,3027195.16,16.4662963
419.166667,3027181.11,16.4675926
419.2,3027166.91,16.4688889
419.233333,3027152.55,16.4701852
419.266667,3027138.02,16.4714815
419.3,3027123.25,16.4727778
419.333333,3027108.32,16.4740741
419.366667,3027093.24,16.4753704
419.4,3027078.03,16.4766667
419.433333,3027062.67,16.477963
419.466667,3027047.19,16.4792593
419.5,3027031.61,16.4805556
419.533333,3027015.91,16.4818519
419.566667,3027000.04,16.4831481
419.6,3026984.01,16.4844444
419.633333,3026967.82,16.4857407
419.666667,3026951.47,16.487037
419.7,3026934.94,16.4883333
419.733333,3026918.24,16.4896296
419.766667,3026901.43,16.4909259
419.8,3026884.51,16.4922222
419.833333,3026867.47,16.4935185
419.866667,3026850.33,16.4948148
419.9,3026833.09,16.4961111
419.933333,3026815.75,16.4974074
419.966667,3026798.28,16.4987037
420,3026780.65,16.5
420.033333,3026762.9,16.5012963
420.066667,3026745.02,16.5025926
420.1,3026727.02,16.5038889
420.133333,3026708.89,16.5051852
420.166667,3026690.68,16.5064815
420.2,3026672.4,16.5077778
420.233333,3026654.07,16.5090741
420.266667,3026635.65,16.5103704
420.3,3026617.17,16.5116667
420.333333,3026598.62,16.512963
420.366667,3026579.99,16.5142593
420.4,3026561.24,16.5155556
420.433333,3026542.4,16.5168519
420.466667,3026523.5,16.5181481
420.5,3026504.53,16.5194444
420.533333,3026485.5,16.5207407
420.566667,3026466.44,16.522037
420.6,3026447.36,16.5233333
420.633333,3026428.27,16.5246296
420.666667,3026409.15,16.5259259
420.7,3026390,16.5272222
420.733333,3026370.83,16.5285185
420.766667,3026351.61,16.5298148
420.8,3026332.35,16.5311111
420.833333,3026313.06,16.5324074
420.866667,3026293.74,16.5337037
420.9,3026274.41,16.535
420.933333,3026255.09,16.5362963
420.966667,3026235.78,16.5375926
421,3026216.5,16.5388889
421.033333,3026197.24,16.5401852
421.066667,3026178,16.5414815
421.1,3026158.77,16.5427778
421.133333,3026139.55,16.5440741
421.166667,3026120.33,16.5453704
421.2,3026101.11,16.5466667
421.233333,3026081.9,16.547963
421.266667,3026062.71,16.5492593
421.3,3026043.55,16.5505556
421.333333,3026024.44,16.5518519
421.366667,3026005.38,16.5531481
421.4,3025986.38,16.5544444
421.433333,3025967.41,16.5557407
421.466667,3025948.49,16.557037
421.5,3025929.62,16.5583333
421.533333,3025910.76,16.5596296
421.566667,3025891.93,16.5609259
421.6,3025873.13,16.5622222
421.633333,3025854.37,16.5635185
421.666667,3025835.65,16.5648148
421.7,3025816.98,16.5661111
421.733333,3025798.37,16.5674074
421.766667,3025779.84,16.5687037
421.8,3025761.37,16.57
421.833333,3025742.95,16.5712963
421.866667,3025724.57,16.5725926
421.9,3025706.24,16.5738889
421.933333,3025687.94,16.5751852
421.966667,3025669.68,16.5764815
422,3025651.45,16.5777778
422.033333,3025633.27,16.5790741
422.066667,3025615.15,16.5803704
422.1,3025597.09,16.5816667
422.133333,3025579.08,16.582963
422.166667,3025561.14,16.5842593
422.2,3025543.27,16.5855556
422.233333,3025525.43,16.5868519
422.266667,3025507.64,16.5881481
422.3,3025489.89,16.5894444
422.333333,3025472.18,16.5907407
422.366667,3025454.5,16.592037
422.4,3025436.86,16.5933333
422.433333,3025419.27,16.5946296
422.466667,3025401.75,16.5959259
422.5,3025384.27,16.5972222
422.533333,3025366.86,16.5985185
422.566667,3025349.5,16.5998148
422.6,3025332.2,16.6011111
422.633333,3025314.95,16.6024074
422.666667,3025297.73,16.6037037
422.7,3025280.55,16.605
422.733333,3025263.42,16.6062963
422.766667,3025246.33,16.6075926
422.8,3025229.28,16.6088889
422.833333,3025212.28,16.6101852
422.866667,3025195.36,16.6114815
422.9,3025178.49,16.6127778
422.933333,3025161.69,16.6140741
422.966667,3025144.94,16.6153704
423,3025128.27,16.6166667
423.033333,3025111.64,16.617963
423.066667,3025095.06,16.6192593
423.1,3025078.52,16.6205556
423.133333,3025062.04,16.6218519
423.166667,3025045.63,16.6231481
423.2,3025029.27,16.6244444
423.233333,3025012.98,16.6257407
423.266667,3024996.78,16.627037
423.3,3024980.66,16.6283333
423.333333,3024964.61,16.6296296
423.366667,3024948.63,16.6309259
423.4,3024932.73,16.6322222
423.433333,3024916.91,16.6335185
423.466667,3024901.15,16.6348148
423.5,3024885.45,16.6361111
423.533333,3024869.84,16.6374074
423.566667,3024854.32,16.6387037
423.6,3024838.89,16.64
423.633333,3024823.54,16.6412963
423.666667,3024808.3,16.6425926
423.7,3024793.17,16.6438889
423.733333,3024778.13,16.6451852
423.766667,3024763.18,16.6464815
423.8,3024748.33,16.6477778
423.833333,3024733.59,16.6490741
423.866667,3024718.93,16.6503704
423.9,3024704.36,16.6516667
423.933333,3024689.9,16.652963
423.966667,3024675.57,16.6542593
424,3024661.34,16.6555556
424.033333,3024647.22,16.6568519
424.066667,3024633.22,16.6581481
424.1,3024619.38,16.6594444
424.133333,3024605.63,16.6607407
424.166667,3024592,16.662037
424.2,3024578.47,16.6633333
424.233333,3024565.08,16.6646296
424.266667,3024551.81,16.6659259
424.3,3024538.64,16.6672222
424.333333,3024525.58,16.6685185
424.366667,3024512.69,16.6698148
424.4,3024499.92,16.6711111
424.433333,3024487.27,16.6724074
424.466667,3024474.74,16.6737037
424.5,3024462.39,16.675
424.533333,3024450.15,16.6762963
424.566667,3024438.03,16.6775926
424.6,3024426.02,16.6788889
424.633333,3024414.16,16.6801852
424.666667,3024402.43,16.6814815
424.7,3024390.82,16.6827778
424.733333,3024379.32,16.6840741
424.766667,3024367.99,16.6853704
424.8,3024356.8,16.6866667
424.833333,3024345.73,16.687963
424.866667,3024334.78,16.6892593
424.9,3024323.98,16.6905556
424.933333,3024313.33,16.6918519
424.966667,3024302.78,16.6931481
425,3024292.35,16.6944444
425.033333,3024282.04,16.6957407
425.066667,3024271.89,16.697037
425.1,3024261.84,16.6983333
425.133333,3024251.92,16.6996296
425.166667,3024242.13,16.7009259
425.2,3024232.49,16.7022222
425.233333,3024222.97,16.7035185
425.266667,3024213.57,16.7048148
425.3,3024204.28,16.7061111
425.333333,3024195.14,16.7074074
425.366667,3024186.11,16.7087037
425.4,3024177.18,16.71
425.433333,3024168.36,16.7112963
425.466667,3024159.69,16.7125926
425.5,3024151.13,16.7138889
425.533333,3024142.68,16.7151852
425.566667,3024134.34,16.7164815
425.6,3024126.15,16.7177778
425.633333,3024118.07,16.7190741
425.666667,3024110.1,16.7203704
425.7,3024102.22,16.7216667
425.733333,3024094.49,16.722963
425.766667,3024086.86,16.7242593
425.8,3024079.32,16.7255556
425.833333,3024071.88,16.7268519
425.866667,3024064.58,16.7281481
425.9,3024057.39,16.7294444
425.933333,3024050.3,16.7307407
425.966667,3024043.32,16.732037
426,3024036.47,16.7333333
426.033333,3024029.73,16.7346296
426.066667,3024023.09,16.7359259
426.1,3024016.54,16.7372222
426.133333,3024010.12,16.7385185
426.166667,3024003.81,16.7398148
426.2,3023997.59,16.7411111
426.233333,3023991.47,16.7424074
426.266667,3023985.47,16.7437037
426.3,3023979.59,16.745
426.333333,3023973.82,16.7462963
426.366667,3023968.15,16.7475926
426.4,3023962.6,16.7488889
426.433333,3023957.17,16.7501852
426.466667,3023951.84,16.7514815
426.5,3023946.61,16.7527778
426.533333,3023941.48,16.7540741
426.566667,3023936.49,16.7553704
426.6,3023931.6,16.7566667
426.633333,3023926.81,16.757963
426.666667,3023922.13,16.7592593
426.7,3023917.59,16.7605556
426.733333,3023913.16,16.7618519
426.766667,3023908.84,16.7631481
426.8,3023904.62,16.7644444
426.833333,3023900.55,16.7657407
426.866667,3023896.59,16.767037
426.9,3023892.72,16.7683333
426.933333,3023888.96,16.7696296
426.966667,3023885.35,16.7709259
427,3023881.85,16.7722222
427.033333,3023878.46,16.7735185
427.066667,3023875.17,16.7748148
427.1,3023872.04,16.7761111
427.133333,3023869.03,16.7774074
427.166667,3023866.12,16.7787037
427.2,3023863.33,16.78
427.233333,3023860.68,16.7812963
427.266667,3023858.15,16.7825926
427.3,3023855.73,16.7838889
427.333333,3023853.42,16.7851852
427.366667,3023851.24,16.7864815
427.4,3023849.2,16.7877778
427.433333,3023847.27,16.7890741
427.466667,3023845.45,16.7903704
427.5,3023843.77,16.7916667
427.533333,3023842.23,16.792963
427.566667,3023840.8,16.7942593
427.6,3023839.48,16.7955556
427.633333,3023838.28,16.7968519
427.666667,3023837.23,16.7981481
427.7,3023836.28,16.7994444
427.733333,3023835.44,16.8007407
427.766667,3023834.72,16.802037
427.8,3023834.15,16.8033333
427.833333,3023833.68,16.8046296
427.866667,3023833.33,16.8059259
427.9,3023833.09,16.8072222
427.933333,3023833,16.8085185
427.966667,3023833.02,16.8098148
428,3023833.14,16.8111111
428.033333,3023833.36,16.8124074
428.066667,3023833.74,16.8137037
428.1,3023834.21,16.815
428.133333,3023834.78,16.8162963
428.166667,3023835.46,16.8175926
428.2,3023836.28,16.8188889
428.233333,3023837.2,16.8201852
428.266667,3023838.23,16.8214815
428.3,3023839.35,16.8227778
428.333333,3023840.61,16.8240741
428.366667,3023841.97,16.8253704
428.4,3023843.42,16.8266667
428.433333,3023844.96,16.827963
428.466667,3023846.63,16.8292593
428.5,3023848.4,16.8305556
428.533333,3023850.26,16.8318519
428.566667,3023852.21,16.8331481
428.6,3023854.27,16.8344444
428.633333,3023856.44,16.8357407
428.666667,3023858.7,16.837037
428.7,3023861.05,16.8383333
428.733333,3023863.5,16.8396296
428.766667,3023866.05,16.8409259
428.8,3023868.68,16.8422222
428.833333,3023871.4,16.8435185
428.866667,3023874.21,16.8448148
428.9,3023877.12,16.8461111
428.933333,3023880.11,16.8474074
428.966667,3023883.18,16.8487037
429,3023886.34,16.85
429.033333,3023889.61,16.8512963
429.066667,3023892.95,16.8525926
429.1,3023896.37,16.8538889
429.133333,3023899.87,16.8551852
429.166667,3023903.47,16.8564815
429.2,3023907.15,16.8577778
429.233333,3023910.89,16.8590741
429.266667,3023914.71,16.8603704
429.3,3023918.64,16.8616667
429.333333,3023922.63,16.862963
429.366667,3023926.7,16.8642593
429.4,3023930.84,16.8655556
429.433333,3023935.09,16.8668519
429.466667,3023939.41,16.8681481
429.5,3023943.79,16.8694444
429.533333,3023948.25,16.8707407
429.566667,3023952.8,16.872037
429.6,3023957.42,16.8733333
429.633333,3023962.11,16.8746296
429.666667,3023966.87,16.8759259
429.7,3023971.72,16.8772222
429.733333,3023976.65,16.8785185
429.766667,3023981.65,16.8798148
429.8,3023986.72,16.8811111
429.833333,3023991.87,16.8824074
429.866667,3023997.11,16.8837037
429.9,3024002.41,16.885
429.933333,3024007.77,16.8862963
429.966667,3024013.23,16.8875926
430,3024018.76,16.8888889
430.033333,3024024.36,16.8901852
430.066667,3024030.02,16.8914815
430.1,3024035.77,16.8927778
430.133333,3024041.6,16.8940741
430.166667,3024047.5,16.8953704
430.2,3024053.47,16.8966667
430.233333,3024059.51,16.897963
430.266667,3024065.65,16.8992593
430.3,3024071.84,16.9005556
430.333333,3024078.11,16.9018519
430.366667,3024084.44,16.9031481
430.4,3024090.86,16.9044444
430.433333,3024097.35,16.9057407
430.466667,3024103.91,16.907037
430.5,3024110.53,16.9083333
430.533333,3024117.25,16.9096296
430.566667,3024124.04,16.9109259
430.6,3024130.88,16.9122222
430.633333,3024137.8,16.9135185
430.666667,3024144.8,16.9148148
430.7,3024151.87,16.9161111
430.733333,3024159,16.9174074
430.766667,3024166.19,16.9187037
430.8,3024173.48,16.92
430.833333,3024180.82,16.9212963
430.866667,3024188.23,16.9225926
430.9,3024195.7,16.9238889
430.933333,3024203.25,16.9251852
430.966667,3024210.87,16.9264815
431,3024218.55,16.9277778
431.033333,3024226.28,16.9290741
431.066667,3024234.1,16.9303704
431.1,3024241.97,16.9316667
431.133333,3024249.91,16.932963
431.166667,3024257.9,16.9342593
431.2,3024265.96,16.9355556
431.233333,3024274.08,16.9368519
431.266667,3024282.26,16.9381481
431.3,3024290.49,16.9394444
431.333333,3024298.79,16.9407407
431.366667,3024307.15,16.942037
431.4,3024315.56,16.9433333
431.433333,3024324.02,16.9446296
431.466667,3024332.54,16.9459259
431.5,3024341.12,16.9472222
431.533333,3024349.75,16.9485185
431.566667,3024358.42,16.9498148
431.6,3024367.15,16.9511111
431.633333,3024375.94,16.9524074
431.666667,3024384.77,16.9537037
431.7,3024393.64,16.955
431.733333,3024402.56,16.9562963
431.766667,3024411.54,16.9575926
431.8,3024420.56,16.9588889
431.833333,3024429.62,16.9601852
431.866667,3024438.72,16.9614815
431.9,3024447.87,16.9627778
431.933333,3024457.07,16.9640741
431.966667,3024466.29,16.9653704
432,3024475.56,16.9666667
432.033333,3024484.88,16.967963
432.066667,3024494.23,16.9692593
432.1,3024503.62,16.9705556
432.133333,3024513.04,16.9718519
432.166667,3024522.51,16.9731481
432.2,3024532.01,16.9744444
432.233333,3024541.54,16.9757407
432.266667,3024551.1,16.977037
432.3,3024560.7,16.9783333
432.333333,3024570.34,16.9796296
432.366667,3024580,16.9809259
432.4,3024589.7,16.9822222
432.433333,3024599.43,16.9835185
432.466667,3024609.2,16.9848148
432.5,3024618.99,16.9861111
432.533333,3024628.81,16.9874074
432.566667,3024638.66,16.9887037
432.6,3024648.55,16.99
432.633333,3024658.45,16.9912963
432.666667,3024668.39,16.9925926
432.7,3024678.35,16.9938889
432.733333,3024688.35,16.9951852
432.766667,3024698.37,16.9964815
432.8,3024708.41,16.9977778
432.833333,3024718.49,16.9990741
432.866667,3024728.59,17.0003704
432.9,3024738.72,17.0016667
432.933333,3024748.87,17.002963
432.966667,3024759.05,17.0042593
433,3024769.25,17.0055556
433.033333,3024779.48,17.0068519
433.066667,3024789.74,17.0081481
433.1,3024800.01,17.0094444
433.133333,3024810.32,17.0107407
433.166667,3024820.65,17.012037
433.2,3024831,17.0133333
433.233333,3024841.37,17.0146296
433.266667,3024851.78,17.0159259
433.3,3024862.2,17.0172222
433.333333,3024872.65,17.0185185
433.366667,3024883.12,17.0198148
433.4,3024893.62,17.0211111
433.433333,3024904.14,17.0224074
433.466667,3024914.68,17.0237037
433.5,3024925.24,17.025
433.533333,3024935.83,17.0262963
433.566667,3024946.44,17.0275926
433.6,3024957.07,17.0288889
433.633333,3024967.72,17.0301852
433.666667,3024978.4,17.0314815
433.7,3024989.09,17.0327778
433.733333,3024999.81,17.0340741
433.766667,3025010.55,17.0353704
433.8,3025021.31,17.0366667
433.833333,3025032.09,17.037963
433.866667,3025042.89,17.0392593
433.9,3025053.71,17.0405556
433.933333,3025064.55,17.0418519
433.966667,3025075.41,17.0431481
434,3025086.29,17.0444444
434.033333,3025097.18,17.0457407
434.066667,3025108.1,17.047037
434.1,3025119.03,17.0483333
434.133333,3025129.98,17.0496296
434.166667,3025140.94,17.0509259
434.2,3025151.92,17.0522222
434.233333,3025162.92,17.0535185
434.266667,3025173.94,17.0548148
434.3,3025184.96,17.0561111
434.333333,3025196,17.0574074
434.366667,3025207.06,17.0587037
434.4,3025218.13,17.06
434.433333,3025229.21,17.0612963
434.466667,3025240.31,17.0625926
434.5,3025251.42,17.0638889
434.533333,3025262.54,17.0651852
434.566667,3025273.66,17.0664815
434.6,3025284.8,17.0677778
434.633333,3025295.95,17.0690741
434.666667,3025307.11,17.0703704
434.7,3025318.27,17.0716667
434.733333,3025329.45,17.072963
434.766667,3025340.63,17.0742593
434.8,3025351.82,17.0755556
434.833333,3025363.01,17.0768519
434.866667,3025374.22,17.0781481
434.9,3025385.42,17.0794444
434.933333,3025396.63,17.0807407
434.966667,3025407.85,17.082037
435,3025419.06,17.0833333
435.033333,3025430.29,17.0846296
435.066667,3025441.51,17.0859259
435.1,3025452.74,17.0872222
435.133333,3025463.96,17.0885185
435.166667,3025475.19,17.0898148
435.2,3025486.42,17.0911111
435.233333,3025497.65,17.0924074
435.266667,3025508.88,17.0937037
435.3,3025520.11,17.095
435.333333,3025531.34,17.0962963
435.366667,3025542.56,17.0975926
435.4,3025553.79,17.0988889
435.433333,3025565.01,17.1001852
435.466667,3025576.23,17.1014815
435.5,3025587.45,17.1027778
435.533333,3025598.66,17.1040741
435.566667,3025609.87,17.1053704
435.6,3025621.08,17.1066667
435.633333,3025632.28,17.107963
435.666667,3025643.48,17.1092593
435.7,3025654.68,17.1105556
435.733333,3025665.86,17.1118519
435.766667,3025677.05,17.1131481
435.8,3025688.23,17.1144444
435.833333,3025699.4,17.1157407
435.866667,3025710.57,17.117037
435.9,3025721.73,17.1183333
435.933333,3025732.89,17.1196296
435.966667,3025744.04,17.1209259
436,3025755.18,17.1222222
436.033333,3025766.32,17.1235185
436.066667,3025777.45,17.1248148
436.1,3025788.58,17.1261111
436.133333,3025799.7,17.1274074
436.166667,3025810.81,17.1287037
436.2,3025821.92,17.13
436.233333,3025833.02,17.1312963
436.266667,3025844.11,17.1325926
436.3,3025855.2,17.1338889
436.333333,3025866.28,17.1351852
436.366667,3025877.35,17.1364815
436.4,3025888.42,17.1377778
436.433333,3025899.48,17.1390741
436.466667,3025910.53,17.1403704
436.5,3025921.58,17.1416667
436.533333,3025932.62,17.142963
436.566667,3025943.65,17.1442593
436.6,3025954.67,17.1455556
436.633333,3025965.69,17.1468519
436.666667,3025976.71,17.1481481
436.7,3025987.71,17.1494444
436.733333,3025998.71,17.1507407
436.766667,3026009.7,17.152037
436.8,3026020.69,17.1533333
436.833333,3026031.66,17.1546296
436.866667,3026042.63,17.1559259
436.9,3026053.59,17.1572222
436.933333,3026064.55,17.1585185
436.966667,3026075.49,17.1598148
437,3026086.43,17.1611111
437.033333,3026097.37,17.1624074
437.066667,3026108.29,17.1637037
437.1,3026119.21,17.165
437.133333,3026130.12,17.1662963
437.166667,3026141.02,17.1675926
437.2,3026151.91,17.1688889
437.233333,3026162.8,17.1701852
437.266667,3026173.67,17.1714815
437.3,3026184.54,17.1727778
437.333333,3026195.4,17.1740741
437.366667,3026206.25,17.1753704
437.4,3026217.09,17.1766667
437.433333,3026227.92,17.177963
437.466667,3026238.74,17.1792593
437.5,3026249.55,17.1805556
437.533333,3026260.36,17.1818519
437.566667,3026271.15,17.1831481
437.6,3026281.93,17.1844444
437.633333,3026292.7,17.1857407
437.666667,3026303.46,17.187037
437.7,3026314.21,17.1883333
437.733333,3026324.95,17.1896296
437.766667,3026335.68,17.1909259
437.8,3026346.4,17.1922222
437.833333,3026357.1,17.1935185
437.866667,3026367.79,17.1948148
437.9,3026378.48,17.1961111
437.933333,3026389.14,17.1974074
437.966667,3026399.8,17.1987037
438,3026410.44,17.2
438.033333,3026421.07,17.2012963
438.066667,3026431.68,17.2025926
438.1,3026442.28,17.2038889
438.133333,3026452.87,17.2051852
438.166667,3026463.45,17.2064815
438.2,3026474.01,17.2077778
438.233333,3026484.55,17.2090741
438.266667,3026495.08,17.2103704
438.3,3026505.6,17.2116667
438.333333,3026516.01,17.212963
438.366667,3026526.25,17.2142593
438.4,3026536.24,17.2155556
438.433333,3026545.9,17.2168519
438.466667,3026554.94,17.2181481
438.5,3026563.54,17.2194444
438.533333,3026571.75,17.2207407
438.566667,3026579.63,17.222037
438.6,3026587.22,17.2233333
438.633333,3026594.73,17.2246296
438.666667,3026602.2,17.2259259
438.7,3026609.64,17.2272222
438.733333,3026616.99,17.2285185
438.766667,3026624.12,17.2298148
438.8,3026631,17.2311111
438.833333,3026637.55,17.2324074
438.866667,3026643.62,17.2337037
438.9,3026649.27,17.235
438.933333,3026654.65,17.2362963
438.966667,3026659.79,17.2375926
439,3026664.78,17.2388889
439.033333,3026669.73,17.2401852
439.066667,3026674.66,17.2414815
439.1,3026679.54,17.2427778
439.133333,3026684.32,17.2440741
439.166667,3026688.84,17.2453704
439.2,3026693.07,17.2466667
439.233333,3026697,17.247963
439.266667,3026700.53,17.2492593
439.3,3026703.68,17.2505556
439.333333,3026706.61,17.2518519
439.366667,3026709.39,17.2531481
439.4,3026712.07,17.2544444
439.433333,3026714.71,17.2557407
439.466667,3026717.3,17.257037
439.5,3026719.82,17.2583333
439.533333,3026722.19,17.2596296
439.566667,3026724.24,17.2609259
439.6,3026725.98,17.2622222
439.633333,3026727.41,17.2635185
439.666667,3026728.52,17.2648148
439.7,3026729.26,17.2661111
439.733333,3026729.84,17.2674074
439.766667,3026730.29,17.2687037
439.8,3026730.67,17.27
439.833333,3026730.98,17.2712963
439.866667,3026731.2,17.2725926
439.9,3026731.28,17.2738889
439.933333,3026731.18,17.2751852
439.966667,3026730.73,17.2764815
440,3026729.94,17.2777778
440.033333,3026728.86,17.2790741
440.066667,3026727.49,17.2803704
440.1,3026725.82,17.2816667
440.133333,3026724,17.282963
440.166667,3026722.09,17.2842593
440.2,3026720.1,17.2855556
440.233333,3026718.02,17.2868519
440.266667,3026715.8,17.2881481
440.3,3026713.4,17.2894444
440.333333,3026710.8,17.2907407
440.366667,3026707.87,17.292037
440.4,3026704.58,17.2933333
440.433333,3026701.03,17.2946296
440.466667,3026697.25,17.2959259
440.5,3026693.27,17.2972222
440.533333,3026689.14,17.2985185
440.566667,3026684.94,17.2998148
440.6,3026680.68,17.3011111
440.633333,3026676.34,17.3024074
440.666667,3026671.82,17.3037037
440.7,3026667.12,17.305
440.733333,3026662.21,17.3062963
440.766667,3026657.04,17.3075926
440.8,3026651.53,17.3088889
440.833333,3026645.82,17.3101852
440.866667,3026639.95,17.3114815
440.9,3026633.96,17.3127778
440.933333,3026627.87,17.3140741
440.966667,3026621.75,17.3153704
441,3026615.58,17.3166667
441.033333,3026609.35,17.317963
441.066667,3026602.96,17.3192593
441.1,3026596.4,17.3205556
441.133333,3026589.65,17.3218519
441.166667,3026582.71,17.3231481
441.2,3026575.52,17.3244444
441.233333,3026568.2,17.3257407
441.266667,3026560.79,17.327037
441.3,3026553.33,17.3283333
441.333333,3026545.83,17.3296296
441.366667,3026538.26,17.3309259
441.4,3026530.55,17.3322222
441.433333,3026522.61,17.3335185
441.466667,3026514.23,17.3348148
441.5,3026505.33,17.3361111
441.533333,3026496,17.3374074
441.566667,3026486.28,17.3387037
441.6,3026476.15,17.34
441.633333,3026465.84,17.3412963
441.666667,3026455.46,17.3425926
441.7,3026445.06,17.3438889
441.733333,3026434.68,17.3451852
441.766667,3026424.24,17.3464815
441.8,3026413.64,17.3477778
441.833333,3026402.82,17.3490741
441.866667,3026391.66,17.3503704
441.9,3026380.02,17.3516667
441.933333,3026368.05,17.352963
441.966667,3026355.81,17.3542593
442,3026343.35,17.3555556
442.033333,3026330.79,17.3568519
442.066667,3026318.26,17.3581481
442.1,3026305.74,17.3594444
442.133333,3026293.25,17.3607407
442.166667,3026280.68,17.362037
442.2,3026267.93,17.3633333
442.233333,3026254.95,17.3646296
442.266667,3026241.69,17.3659259
442.3,3026227.99,17.3672222
442.333333,3026214.04,17.3685185
442.366667,3026199.9,17.3698148
442.4,3026185.64,17.3711111
442.433333,3026171.35,17.3724074
442.466667,3026157.09,17.3737037
442.5,3026142.85,17.375
442.533333,3026128.59,17.3762963
442.566667,3026114.21,17.3775926
442.6,3026099.6,17.3788889
442.633333,3026084.74,17.3801852
442.666667,3026069.61,17.3814815
442.7,3026054.13,17.3827778
442.733333,3026038.41,17.3840741
442.766667,3026022.56,17.3853704
442.8,3026006.64,17.3866667
442.833333,3025990.7,17.387963
442.866667,3025974.78,17.3892593
442.9,3025958.82,17.3905556
442.933333,3025942.8,17.3918519
442.966667,3025926.61,17.3931481
443,3025910.14,17.3944444
443.033333,3025893.41,17.3957407
443.066667,3025876.42,17.397037
443.1,3025859.14,17.3983333
443.133333,3025841.66,17.3996296
443.166667,3025824.08,17.4009259
443.2,3025806.46,17.4022222
443.233333,3025788.82,17.4035185
443.266667,3025771.15,17.4048148
443.3,3025753.42,17.4061111
443.333333,3025735.58,17.4074074
443.366667,3025717.56,17.4087037
443.4,3025699.22,17.41
443.433333,3025680.63,17.4112963
443.466667,3025661.83,17.4125926
443.5,3025642.82,17.4138889
443.533333,3025623.63,17.4151852
443.566667,3025604.4,17.4164815
443.6,3025585.15,17.4177778
443.633333,3025565.89,17.4190741
443.666667,3025546.61,17.4203704
443.7,3025527.22,17.4216667
443.733333,3025507.72,17.422963
443.766667,3025488.05,17.4242593
443.8,3025468.1,17.4255556
443.833333,3025447.95,17.4268519
443.866667,3025427.63,17.4281481
443.9,3025407.19,17.4294444
443.933333,3025386.67,17.4307407
443.966667,3025366.15,17.432037
444,3025345.65,17.4333333
444.033333,3025325.17,17.4346296
444.066667,3025304.67,17.4359259
444.1,3025284.1,17.4372222
444.133333,3025263.41,17.4385185
444.166667,3025242.6,17.4398148
444.2,3025221.61,17.4411111
444.233333,3025200.47,17.4424074
444.266667,3025179.25,17.4437037
444.3,3025158,17.445
444.333333,3025136.76,17.4462963
444.366667,3025115.59,17.4475926
444.4,3025094.48,17.4488889
444.433333,3025073.42,17.4501852
444.466667,3025052.38,17.4514815
444.5,3025031.3,17.4527778
444.533333,3025010.14,17.4540741
444.566667,3024988.91,17.4553704
444.6,3024967.6,17.4566667
444.633333,3024946.23,17.457963
444.666667,3024924.86,17.4592593
444.7,3024903.54,17.4605556
444.733333,3024882.3,17.4618519
444.766667,3024861.2,17.4631481
444.8,3024840.19,17.4644444
444.833333,3024819.25,17.4657407
444.866667,3024798.35,17.467037
444.9,3024777.46,17.4683333
444.933333,3024756.54,17.4696296
444.966667,3024735.59,17.4709259
445,3024714.62,17.4722222
445.033333,3024693.68,17.4735185
445.066667,3024672.82,17.4748148
445.1,3024652.05,17.4761111
445.133333,3024631.4,17.4774074
445.166667,3024610.92,17.4787037
445.2,3024590.55,17.48
445.233333,3024570.25,17.4812963
445.266667,3024550.01,17.4825926
445.3,3024529.79,17.4838889
445.333333,3024509.56,17.4851852
445.366667,3024489.35,17.4864815
445.4,3024469.17,17.4877778
445.433333,3024449.05,17.4890741
445.466667,3024429.05,17.4903704
445.5,3024409.18,17.4916667
445.533333,3024389.43,17.492963
445.566667,3024369.82,17.4942593
445.6,3024350.34,17.4955556
445.633333,3024330.91,17.4968519
445.666667,3024311.53,17.4981481
445.7,3024292.16,17.4994444
445.733333,3024272.81,17.5007407
445.766667,3024253.48,17.502037
445.8,3024234.21,17.5033333
445.833333,3024215.01,17.5046296
445.866667,3024195.95,17.5059259
445.9,3024177,17.5072222
445.933333,3024158.17,17.5085185
445.966667,3024139.45,17.5098148
446,3024120.83,17.5111111
446.033333,3024102.24,17.5124074
446.066667,3024083.68,17.5137037
446.1,3024065.13,17.515
446.133333,3024046.6,17.5162963
446.166667,3024028.1,17.5175926
446.2,3024009.66,17.5188889
446.233333,3023991.3,17.5201852
446.266667,3023973.07,17.5214815
446.3,3023954.95,17.5227778
446.333333,3023936.92,17.5240741
446.366667,3023918.97,17.5253704
446.4,3023901.09,17.5266667
446.433333,3023883.24,17.527963
446.466667,3023865.4,17.5292593
446.5,3023847.57,17.5305556
446.533333,3023829.76,17.5318519
446.566667,3023812.01,17.5331481
446.6,3023794.33,17.5344444
446.633333,3023776.73,17.5357407
446.666667,3023759.25,17.537037
446.7,3023741.88,17.5383333
446.733333,3023724.6,17.5396296
446.766667,3023707.38,17.5409259
446.8,3023690.21,17.5422222
446.833333,3023673.07,17.5435185
446.866667,3023655.96,17.5448148
446.9,3023638.87,17.5461111
446.933333,3023621.83,17.5474074
446.966667,3023604.88,17.5487037
447,3023588.02,17.55
447.033333,3023571.25,17.5512963
447.066667,3023554.6,17.5525926
447.1,3023538.09,17.5538889
447.133333,3023521.66,17.5551852
447.166667,3023505.29,17.5564815
447.2,3023488.99,17.5577778
447.233333,3023472.75,17.5590741
447.266667,3023456.55,17.5603704
447.3,3023440.42,17.5616667
447.333333,3023424.36,17.562963
447.366667,3023408.43,17.5642593
447.4,3023392.63,17.5655556
447.433333,3023376.95,17.5668519
447.466667,3023361.39,17.5681481
447.5,3023345.99,17.5694444
447.533333,3023330.69,17.5707407
447.566667,3023315.48,17.572037
447.6,3023300.34,17.5733333
447.633333,3023285.3,17.5746296
447.666667,3023270.36,17.5759259
447.7,3023255.5,17.5772222
447.733333,3023240.76,17.5785185
447.766667,3023226.18,17.5798148
447.8,3023211.77,17.5811111
447.833333,3023197.5,17.5824074
447.866667,3023183.37,17.5837037
447.9,3023169.4,17.585
447.933333,3023155.56,17.5862963
447.966667,3023141.83,17.5875926
448,3023128.19,17.5888889
448.033333,3023114.67,17.5901852
448.066667,3023101.29,17.5914815
448.1,3023088.03,17.5927778
448.133333,3023074.91,17.5940741
448.166667,3023061.96,17.5953704
448.2,3023049.21,17.5966667
448.233333,3023036.62,17.597963
448.266667,3023024.16,17.5992593
448.3,3023011.86,17.6005556
448.333333,3022999.72,17.6018519
448.366667,3022987.68,17.6031481
448.4,3022975.76,17.6044444
448.433333,3022963.95,17.6057407
448.466667,3022952.31,17.607037
448.5,3022940.82,17.6083333
448.533333,3022929.46,17.6096296
448.566667,3022918.27,17.6109259
448.6,3022907.29,17.6122222
448.633333,3022896.46,17.6135185
448.666667,3022885.77,17.6148148
448.7,3022875.2,17.6161111
448.733333,3022864.79,17.6174074
448.766667,3022854.49,17.6187037
448.8,3022844.3,17.62
448.833333,3022834.22,17.6212963
448.866667,3022824.31,17.6225926
448.9,3022814.54,17.6238889
448.933333,3022804.92,17.6251852
448.966667,3022795.43,17.6264815
449,3022786.13,17.6277778
449.033333,3022776.98,17.6290741
449.066667,3022767.94,17.6303704
449.1,3022759,17.6316667
449.133333,3022750.2,17.632963
449.166667,3022741.51,17.6342593
449.2,3022732.91,17.6355556
449.233333,3022724.42,17.6368519
449.266667,3022716.08,17.6381481
449.3,3022707.88,17.6394444
449.333333,3022699.81,17.6407407
449.366667,3022691.86,17.642037
449.4,3022684.05,17.6433333
449.433333,3022676.38,17.6446296
449.466667,3022668.8,17.6459259
449.5,3022661.32,17.6472222
449.533333,3022653.93,17.6485185
449.566667,3022646.66,17.6498148
449.6,3022639.48,17.6511111
449.633333,3022632.39,17.6524074
449.666667,3022625.42,17.6537037
449.7,3022618.6,17.655
449.733333,3022611.9,17.6562963
449.766667,3022605.3,17.6575926
449.8,3022598.82,17.6588889
449.833333,3022592.46,17.6601852
449.866667,3022586.19,17.6614815
449.9,3022580,17.6627778
449.933333,3022573.89,17.6640741
449.966667,3022567.9,17.6653704
450,3022562,17.6666667
450.033333,3022556.2,17.667963
450.066667,3022550.51,17.6692593
450.1,3022544.96,17.6705556
450.133333,3022539.53,17.6718519
450.166667,3022534.2,17.6731481
450.2,3022528.96,17.6744444
450.233333,3022523.85,17.6757407
450.266667,3022518.83,17.677037
450.3,3022513.89,17.6783333
450.333333,3022509.04,17.6796296
450.366667,3022504.3,17.6809259
450.4,3022499.68,17.6822222
450.433333,3022495.16,17.6835185
450.466667,3022490.75,17.6848148
450.5,3022486.48,17.6861111
450.533333,3022482.34,17.6874074
450.566667,3022478.3,17.6887037
450.6,3022474.36,17.69
450.633333,3022470.53,17.6912963
450.666667,3022466.82,17.6925926
450.7,3022463.2,17.6938889
450.733333,3022459.67,17.6951852
450.766667,3022456.26,17.6964815
450.8,3022452.99,17.6977778
450.833333,3022449.84,17.6990741
450.866667,3022446.8,17.7003704
450.9,3022443.89,17.7016667
450.933333,3022441.13,17.702963
450.966667,3022438.47,17.7042593
451,3022435.91,17.7055556
451.033333,3022433.49,17.7068519
451.066667,3022431.17,17.7081481
451.1,3022428.96,17.7094444
451.133333,3022426.84,17.7107407
451.166667,3022424.88,17.712037
451.2,3022423.05,17.7133333
451.233333,3022421.33,17.7146296
451.266667,3022419.73,17.7159259
451.3,3022418.29,17.7172222
451.333333,3022416.98,17.7185185
451.366667,3022415.77,17.7198148
451.4,3022414.67,17.7211111
451.433333,3022413.7,17.7224074
451.466667,3022412.84,17.7237037
451.5,3022412.09,17.725
451.533333,3022411.45,17.7262963
451.566667,3022410.95,17.7275926
451.6,3022410.59,17.7288889
451.633333,3022410.34,17.7301852
451.666667,3022410.21,17.7314815
451.7,3022410.21,17.7327778
451.733333,3022410.35,17.7340741
451.766667,3022410.59,17.7353704
451.8,3022410.92,17.7366667
451.833333,3022411.37,17.737963
451.866667,3022411.94,17.7392593
451.9,3022412.61,17.7405556
451.933333,3022413.38,17.7418519
451.966667,3022414.27,17.7431481
452,3022415.3,17.7444444
452.033333,3022416.43,17.7457407
452.066667,3022417.67,17.747037
452.1,3022419.01,17.7483333
452.133333,3022420.49,17.7496296
452.166667,3022422.04,17.7509259
452.2,3022423.69,17.7522222
452.233333,3022425.42,17.7535185
452.266667,3022427.27,17.7548148
452.3,3022429.21,17.7561111
452.333333,3022431.24,17.7574074
452.366667,3022433.37,17.7587037
452.4,3022435.62,17.76
452.433333,3022437.97,17.7612963
452.466667,3022440.4,17.7625926
452.5,3022442.91,17.7638889
452.533333,3022445.54,17.7651852
452.566667,3022448.23,17.7664815
452.6,3022451.01,17.7677778
452.633333,3022453.85,17.7690741
452.666667,3022456.79,17.7703704
452.7,3022459.82,17.7716667
452.733333,3022462.93,17.772963
452.766667,3022466.11,17.7742593
452.8,3022469.4,17.7755556
452.833333,3022472.77,17.7768519
452.866667,3022476.22,17.7781481
452.9,3022479.73,17.7794444
452.933333,3022483.33,17.7807407
452.966667,3022487,17.782037
453,3022490.74,17.7833333
453.033333,3022494.54,17.7846296
453.066667,3022498.41,17.7859259
453.1,3022502.38,17.7872222
453.133333,3022506.42,17.7885185
453.166667,3022510.53,17.7898148
453.2,3022514.71,17.7911111
453.233333,3022518.99,17.7924074
453.266667,3022523.33,17.7937037
453.3,3022527.73,17.795
453.333333,3022532.19,17.7962963
453.366667,3022536.74,17.7975926
453.4,3022541.34,17.7988889
453.433333,3022546.01,17.8001852
453.466667,3022550.75,17.8014815
453.5,3022555.58,17.8027778
453.533333,3022560.47,17.8040741
453.566667,3022565.44,17.8053704
453.6,3022570.47,17.8066667
453.633333,3022575.6,17.807963
453.666667,3022580.79,17.8092593
453.7,3022586.03,17.8105556
453.733333,3022591.34,17.8118519
453.766667,3022596.73,17.8131481
453.8,3022602.19,17.8144444
453.833333,3022607.71,17.8157407
453.866667,3022613.3,17.817037
453.9,3022618.98,17.8183333
453.933333,3022624.74,17.8196296
453.966667,3022630.56,17.8209259
454,3022636.45,17.8222222
454.033333,3022642.42,17.8235185
454.066667,3022648.46,17.8248148
454.1,3022654.57,17.8261111
454.133333,3022660.74,17.8274074
454.166667,3022666.98,17.8287037
454.2,3022673.3,17.83
454.233333,3022679.69,17.8312963
454.266667,3022686.15,17.8325926
454.3,3022692.68,17.8338889
454.333333,3022699.31,17.8351852
454.366667,3022705.99,17.8364815
454.4,3022712.75,17.8377778
454.433333,3022719.57,17.8390741
454.466667,3022726.48,17.8403704
454.5,3022733.44,17.8416667
454.533333,3022740.47,17.842963
454.566667,3022747.56,17.8442593
454.6,3022754.74,17.8455556
454.633333,3022761.98,17.8468519
454.666667,3022769.28,17.8481481
454.7,3022776.66,17.8494444
454.733333,3022784.12,17.8507407
454.766667,3022791.64,17.852037
454.8,3022799.22,17.8533333
454.833333,3022806.86,17.8546296
454.866667,3022814.58,17.8559259
454.9,3022822.36,17.8572222
454.933333,3022830.18,17.8585185
454.966667,3022838.07,17.8598148
455,3022846.03,17.8611111
455.033333,3022854.05,17.8624074
455.066667,3022862.13,17.8637037
455.1,3022870.27,17.865
455.133333,3022878.47,17.8662963
455.166667,3022886.74,17.8675926
455.2,3022895.05,17.8688889
455.233333,3022903.4,17.8701852
455.266667,3022911.82,17.8714815
455.3,3022920.29,17.8727778
455.333333,3022928.81,17.8740741
455.366667,3022937.37,17.8753704
455.4,3022945.99,17.8766667
455.433333,3022954.67,17.877963
455.466667,3022963.39,17.8792593
455.5,3022972.15,17.8805556
455.533333,3022980.96,17.8818519
455.566667,3022989.83,17.8831481
455.6,3022998.73,17.8844444
455.633333,3023007.66,17.8857407
455.666667,3023016.64,17.887037
455.7,3023025.66,17.8883333
455.733333,3023034.72,17.8896296
455.766667,3023043.81,17.8909259
455.8,3023052.94,17.8922222
455.833333,3023062.12,17.8935185
455.866667,3023071.34,17.8948148
455.9,3023080.58,17.8961111
455.933333,3023089.86,17.8974074
455.966667,3023099.18,17.8987037
456,3023108.53,17.9
456.033333,3023117.9,17.9012963
456.066667,3023127.3,17.9025926
456.1,3023136.74,17.9038889
456.133333,3023146.21,17.9051852
456.166667,3023155.71,17.9064815
456.2,3023165.23,17.9077778
456.233333,3023174.79,17.9090741
456.266667,3023184.38,17.9103704
456.3,3023193.99,17.9116667
456.333333,3023203.63,17.912963
456.366667,3023213.29,17.9142593
456.4,3023222.99,17.9155556
456.433333,3023232.7,17.9168519
456.466667,3023242.43,17.9181481
456.5,3023252.2,17.9194444
456.533333,3023261.99,17.9207407
456.566667,3023271.8,17.922037
456.6,3023281.64,17.9233333
456.633333,3023291.51,17.9246296
456.666667,3023301.4,17.9259259
456.7,3023311.32,17.9272222
456.733333,3023321.26,17.9285185
456.766667,3023331.22,17.9298148
456.8,3023341.2,17.9311111
456.833333,3023351.21,17.9324074
456.866667,3023361.24,17.9337037
456.9,3023371.29,17.935
456.933333,3023381.37,17.9362963
456.966667,3023391.47,17.9375926
457,3023401.6,17.9388889
457.033333,3023411.75,17.9401852
457.066667,3023421.93,17.9414815
457.1,3023432.13,17.9427778
457.133333,3023442.35,17.9440741
457.166667,3023452.59,17.9453704
457.2,3023462.86,17.9466667
457.233333,3023473.15,17.947963
457.266667,3023483.46,17.9492593
457.3,3023493.79,17.9505556
457.333333,3023504.16,17.9518519
457.366667,3023514.54,17.9531481
457.4,3023524.95,17.9544444
457.433333,3023535.38,17.9557407
457.466667,3023545.84,17.957037
457.5,3023556.32,17.9583333
457.533333,3023566.81,17.9596296
457.566667,3023577.33,17.9609259
457.6,3023587.88,17.9622222
457.633333,3023598.44,17.9635185
457.666667,3023609.02,17.9648148
457.7,3023619.63,17.9661111
457.733333,3023630.26,17.9674074
457.766667,3023640.92,17.9687037
457.8,3023651.59,17.97
457.833333,3023662.28,17.9712963
457.866667,3023673,17.9725926
457.9,3023683.73,17.9738889
457.933333,3023694.48,17.9751852
457.966667,3023705.25,17.9764815
458,3023716.03,17.9777778
458.033333,3023726.84,17.9790741
458.066667,3023737.66,17.9803704
458.1,3023748.5,17.9816667
458.133333,3023759.36,17.982963
458.166667,3023770.23,17.9842593
458.2,3023781.12,17.9855556
458.233333,3023792.03,17.9868519
458.266667,3023802.95,17.9881481
458.3,3023813.88,17.9894444
458.333333,3023824.82,17.9907407
458.366667,3023835.78,17.992037
458.4,3023846.74,17.9933333
458.433333,3023857.72,17.9946296
458.466667,3023868.71,17.9959259
458.5,3023879.71,17.9972222
458.533333,3023890.73,17.9985185
458.566667,3023901.75,17.9998148
458.6,3023912.78,18.0011111
458.633333,3023923.81,18.0024074
458.666667,3023934.86,18.0037037
458.7,3023945.9,18.005
458.733333,3023956.96,18.0062963
458.766667,3023968.02,18.0075926
458.8,3023979.08,18.0088889
458.833333,3023990.15,18.0101852
458.866667,3024001.22,18.0114815
458.9,3024012.29,18.0127778
458.933333,3024023.37,18.0140741
458.966667,3024034.45,18.0153704
459,3024045.54,18.0166667
459.033333,3024056.62,18.017963
459.066667,3024067.7,18.0192593
459.1,3024078.78,18.0205556
459.133333,3024089.86,18.0218519
459.166667,3024100.94,18.0231481
459.2,3024112.02,18.0244444
459.233333,3024123.1,18.0257407
459.266667,3024134.18,18.027037
459.3,3024145.25,18.0283333
459.333333,3024156.33,18.0296296
459.366667,3024167.4,18.0309259
459.4,3024178.46,18.0322222
459.433333,3024189.52,18.0335185
459.466667,3024200.58,18.0348148
459.5,3024211.64,18.0361111
459.533333,3024222.69,18.0374074
459.566667,3024233.73,18.0387037
459.6,3024244.78,18.04
459.633333,3024255.82,18.0412963
459.666667,3024266.85,18.0425926
459.7,3024277.88,18.0438889
459.733333,3024288.91,18.0451852
459.766667,3024299.93,18.0464815
459.8,3024310.94,18.0477778
459.833333,3024321.95,18.0490741
459.866667,3024332.96,18.0503704
459.9,3024343.96,18.0516667
459.933333,3024354.96,18.052963
459.966667,3024365.95,18.0542593
460,3024376.93,18.0555556
460.033333,3024387.92,18.0568519
460.066667,3024398.9,18.0581481
460.1,3024409.87,18.0594444
460.133333,3024420.84,18.0607407
460.166667,3024431.81,18.062037
460.2,3024442.77,18.0633333
460.233333,3024453.72,18.0646296
460.266667,3024464.67,18.0659259
460.3,3024475.62,18.0672222
460.333333,3024486.56,18.0685185
460.366667,3024497.5,18.0698148
460.4,3024508.44,18.0711111
460.433333,3024519.37,18.0724074
460.466667,3024530.3,18.0737037
460.5,3024541.23,18.075
460.533333,3024552.15,18.0762963
460.566667,3024563.07,18.0775926
460.6,3024573.98,18.0788889
460.633333,3024584.89,18.0801852
460.666667,3024595.8,18.0814815
460.7,3024606.7,18.0827778
460.733333,3024617.6,18.0840741
460.766667,3024628.5,18.0853704
460.8,3024639.39,18.0866667
460.833333,3024650.28,18.087963
460.866667,3024661.17,18.0892593
460.9,3024672.05,18.0905556
460.933333,3024682.93,18.0918519
460.966667,3024693.8,18.0931481
461,3024704.67,18.0944444
461.033333,3024715.54,18.0957407
461.066667,3024726.4,18.097037
461.1,3024737.25,18.0983333
461.133333,3024748.11,18.0996296
461.166667,3024758.95,18.1009259
461.2,3024769.8,18.1022222
461.233333,3024780.63,18.1035185
461.266667,3024791.47,18.1048148
461.3,3024802.3,18.1061111
461.333333,3024813.12,18.1074074
461.366667,3024823.93,18.1087037
461.4,3024834.74,18.11
461.433333,3024845.55,18.1112963
461.466667,3024856.34,18.1125926
461.5,3024867.13,18.1138889
461.533333,3024877.91,18.1151852
461.566667,3024888.69,18.1164815
461.6,3024899.46,18.1177778
461.633333,3024910.22,18.1190741
461.666667,3024920.97,18.1203704
461.7,3024931.71,18.1216667
461.733333,3024942.45,18.122963
461.766667,3024953.17,18.1242593
461.8,3024963.89,18.1255556
461.833333,3024974.6,18.1268519
461.866667,3024985.29,18.1281481
461.9,3024995.98,18.1294444
461.933333,3025006.66,18.1307407
461.966667,3025017.33,18.132037
462,3025027.98,18.1333333
462.033333,3025038.63,18.1346296
462.066667,3025049.27,18.1359259
462.1,3025059.89,18.1372222
462.133333,3025070.5,18.1385185
462.166667,3025081.1,18.1398148
462.2,3025091.69,18.1411111
462.233333,3025102.27,18.1424074
462.266667,3025112.83,18.1437037
462.3,3025123.38,18.145
462.333333,3025133.92,18.1462963
462.366667,3025144.45,18.1475926
462.4,3025154.96,18.1488889
462.433333,3025165.46,18.1501852
462.466667,3025175.95,18.1514815
462.5,3025186.43,18.1527778
462.533333,3025196.89,18.1540741
462.566667,3025207.34,18.1553704
462.6,3025217.78,18.1566667
462.633333,3025228.2,18.157963
462.666667,3025238.61,18.1592593
462.7,3025249,18.1605556
462.733333,3025259.39,18.1618519
462.766667,3025269.76,18.1631481
462.8,3025280.12,18.1644444
462.833333,3025290.46,18.1657407
462.866667,3025300.79,18.167037
462.9,3025311.11,18.1683333
462.933333,3025321.42,18.1696296
462.966667,3025331.71,18.1709259
463,3025341.99,18.1722222
463.033333,3025352.26,18.1735185
463.066667,3025362.51,18.1748148
463.1,3025372.76,18.1761111
463.133333,3025382.99,18.1774074
463.166667,3025393.21,18.1787037
463.2,3025403.42,18.18
463.233333,3025413.61,18.1812963
463.266667,3025423.79,18.1825926
463.3,3025433.97,18.1838889
463.333333,3025444.13,18.1851852
463.366667,3025454.27,18.1864815
463.4,3025464.41,18.1877778
463.433333,3025474.54,18.1890741
463.466667,3025484.66,18.1903704
463.5,3025494.76,18.1916667
463.533333,3025504.86,18.192963
463.566667,3025514.95,18.1942593
463.6,3025525.02,18.1955556
463.633333,3025535.09,18.1968519
463.666667,3025545.14,18.1981481
463.7,3025555.19,18.1994444
463.733333,3025565.22,18.2007407
463.766667,3025575.25,18.202037
463.8,3025585.27,18.2033333
463.833333,3025595.27,18.2046296
463.866667,3025605.28,18.2059259
463.9,3025615.26,18.2072222
463.933333,3025625.24,18.2085185
463.966667,3025635.22,18.2098148
464,3025645.18,18.2111111
464.033333,3025655.14,18.2124074
464.066667,3025665.08,18.2137037
464.1,3025675.02,18.215
464.133333,3025684.95,18.2162963
464.166667,3025694.87,18.2175926
464.2,3025704.78,18.2188889
464.233333,3025714.68,18.2201852
464.266667,3025724.58,18.2214815
464.3,3025734.46,18.2227778
464.333333,3025744.34,18.2240741
464.366667,3025754.21,18.2253704
464.4,3025764.07,18.2266667
464.433333,3025773.92,18.227963
464.466667,3025783.77,18.2292593
464.5,3025793.6,18.2305556
464.533333,3025803.43,18.2318519
464.566667,3025813.25,18.2331481
464.6,3025823.06,18.2344444
464.633333,3025832.86,18.2357407
464.666667,3025842.65,18.237037
464.7,3025852.43,18.2383333
464.733333,3025862.2,18.2396296
464.766667,3025871.88,18.2409259
464.8,3025881.44,18.2422222
464.833333,3025890.76,18.2435185
464.866667,3025899.57,18.2448148
464.9,3025907.93,18.2461111
464.933333,3025915.83,18.2474074
464.966667,3025923.25,18.2487037
465,3025930.19,18.25
465.033333,3025936.94,18.2512963
465.066667,3025943.57,18.2525926
465.1,3025950.14,18.2538889
465.133333,3025956.69,18.2551852
465.166667,3025963.16,18.2564815
465.2,3025969.47,18.2577778
465.233333,3025975.56,18.2590741
465.266667,3025981.16,18.2603704
465.3,3025986.35,18.2616667
465.333333,3025991.16,18.262963
465.366667,3025995.63,18.2642593
465.4,3025999.76,18.2655556
465.433333,3026003.79,18.2668519
465.466667,3026007.77,18.2681481
465.5,3026011.73,18.2694444
465.533333,3026015.67,18.2707407
465.566667,3026019.49,18.272037
465.6,3026023.12,18.2733333
465.633333,3026026.5,18.2746296
465.666667,3026029.45,18.2759259
465.7,3026031.99,18.2772222
465.733333,3026034.22,18.2785185
465.766667,3026036.19,18.2798148
465.8,3026037.94,18.2811111
465.833333,3026039.62,18.2824074
465.866667,3026041.26,18.2837037
465.9,3026042.88,18.285
465.933333,3026044.44,18.2862963
465.966667,3026045.81,18.2875926
466,3026046.95,18.2888889
466.033333,3026047.8,18.2901852
466.066667,3026048.29,18.2914815
466.1,3026048.35,18.2927778
466.133333,3026048.15,18.2940741
466.166667,3026047.75,18.2953704
466.2,3026047.19,18.2966667
466.233333,3026046.56,18.297963
466.266667,3026045.89,18.2992593
466.3,3026045.15,18.3005556
466.333333,3026044.32,18.3018519
466.366667,3026043.22,18.3031481
466.4,3026041.85,18.3044444
466.433333,3026040.19,18.3057407
466.466667,3026038.2,18.307037
466.5,3026035.8,18.3083333
466.533333,3026033.19,18.3096296
466.566667,3026030.43,18.3109259
466.6,3026027.56,18.3122222
466.633333,3026024.61,18.3135185
466.666667,3026021.59,18.3148148
466.7,3026018.48,18.3161111
466.733333,3026015.24,18.3174074
466.766667,3026011.72,18.3187037
466.8,3026007.89,18.32
466.833333,3026003.78,18.3212963
466.866667,3025999.39,18.3225926
466.9,3025994.7,18.3238889
466.933333,3025989.82,18.3251852
466.966667,3025984.84,18.3264815
467,3025979.78,18.3277778
467.033333,3025974.68,18.3290741
467.066667,3025969.5,18.3303704
467.1,3025964.21,18.3316667
467.133333,3025958.77,18.332963
467.166667,3025953.1,18.3342593
467.2,3025947.12,18.3355556
467.233333,3025940.91,18.3368519
467.266667,3025934.49,18.3381481
467.3,3025927.87,18.3394444
467.333333,3025921.12,18.3407407
467.366667,3025914.34,18.342037
467.4,3025907.52,18.3433333
467.433333,3025900.7,18.3446296
467.466667,3025893.8,18.3459259
467.5,3025886.81,18.3472222
467.533333,3025879.69,18.3485185
467.566667,3025872.39,18.3498148
467.6,3025864.83,18.3511111
467.633333,3025857.11,18.3524074
467.666667,3025849.27,18.3537037
467.7,3025841.32,18.355
467.733333,3025833.34,18.3562963
467.766667,3025825.37,18.3575926
467.8,3025817.42,18.3588889
467.833333,3025809.49,18.3601852
467.866667,3025801.52,18.3614815
467.9,3025793.47,18.3627778
467.933333,3025785.33,18.3640741
467.966667,3025777.06,18.3653704
468,3025768.62,18.3666667
468.033333,3025760.08,18.367963
468.066667,3025751.47,18.3692593
468.1,3025742.79,18.3705556
468.133333,3025733.98,18.3718519
468.166667,3025724.94,18.3731481
468.2,3025715.64,18.3744444
468.233333,3025706.02,18.3757407
468.266667,3025695.95,18.377037
468.3,3025685.47,18.3783333
468.333333,3025674.7,18.3796296
468.366667,3025663.72,18.3809259
468.4,3025652.57,18.3822222
468.433333,3025641.36,18.3835185
468.466667,3025630.13,18.3848148
468.5,3025618.87,18.3861111
468.533333,3025607.51,18.3874074
468.566667,3025595.94,18.3887037
468.6,3025584.13,18.39
468.633333,3025572.05,18.3912963
468.666667,3025559.65,18.3925926
468.7,3025546.91,18.3938889
468.733333,3025533.99,18.3951852
468.766667,3025520.95,18.3964815
468.8,3025507.84,18.3977778
468.833333,3025494.72,18.3990741
468.866667,3025481.59,18.4003704
468.9,3025468.43,18.4016667
468.933333,3025455.18,18.402963
468.966667,3025441.69,18.4042593
469,3025427.96,18.4055556
469.033333,3025413.99,18.4068519
469.066667,3025399.77,18.4081481
469.1,3025385.26,18.4094444
469.133333,3025370.63,18.4107407
469.166667,3025355.93,18.412037
469.2,3025341.2,18.4133333
469.233333,3025326.46,18.4146296
469.266667,3025311.68,18.4159259
469.3,3025296.81,18.4172222
469.333333,3025281.84,18.4185185
469.366667,3025266.6,18.4198148
469.4,3025251.11,18.4211111
469.433333,3025235.38,18.4224074
469.466667,3025219.43,18.4237037
469.5,3025203.27,18.425
469.533333,3025186.99,18.4262963
469.566667,3025170.66,18.4275926
469.6,3025154.3,18.4288889
469.633333,3025137.9,18.4301852
469.666667,3025121.42,18.4314815
469.7,3025104.82,18.4327778
469.733333,3025088.06,18.4340741
469.766667,3025071.06,18.4353704
469.8,3025053.76,18.4366667
469.833333,3025036.26,18.437963
469.866667,3025018.58,18.4392593
469.9,3025000.74,18.4405556
469.933333,3024982.8,18.4418519
469.966667,3024964.82,18.4431481
470,3024946.8,18.4444444
470.033333,3024928.75,18.4457407
470.066667,3024910.57,18.447037
470.1,3024892.25,18.4483333
470.133333,3024873.77,18.4496296
470.166667,3024855.09,18.4509259
470.2,3024836.13,18.4522222
470.233333,3024817.01,18.4535185
470.266667,3024797.76,18.4548148
470.3,3024778.42,18.4561111
470.333333,3024759.02,18.4574074
470.366667,3024739.62,18.4587037
470.4,3024720.19,18.46
470.433333,3024700.73,18.4612963
470.466667,3024681.18,18.4625926
470.5,3024661.49,18.4638889
470.533333,3024641.66,18.4651852
470.566667,3024621.69,18.4664815
470.6,3024601.53,18.4677778
470.633333,3024581.28,18.4690741
470.666667,3024560.97,18.4703704
470.7,3024540.64,18.4716667
470.733333,3024520.34,18.472963
470.766667,3024500.06,18.4742593
470.8,3024479.81,18.4755556
470.833333,3024459.55,18.4768519
470.866667,3024439.24,18.4781481
470.9,3024418.84,18.4794444
470.933333,3024398.37,18.4807407
470.966667,3024377.82,18.482037
471,3024357.19,18.4833333
471.033333,3024336.55,18.4846296
471.066667,3024315.95,18.4859259
471.1,3024295.39,18.4872222
471.133333,3024274.92,18.4885185
471.166667,3024254.55,18.4898148
471.2,3024234.23,18.4911111
471.233333,3024213.94,18.4924074
471.266667,3024193.66,18.4937037
471.3,3024173.36,18.495
471.333333,3024153.03,18.4962963
471.366667,3024132.7,18.4975926
471.4,3024112.38,18.4988889
471.433333,3024092.15,18.5001852
471.466667,3024072.01,18.5014815
471.5,3024051.97,18.5027778
471.533333,3024032.05,18.5040741
471.566667,3024012.29,18.5053704
471.6,3023992.6,18.5066667
471.633333,3023972.97,18.507963
471.666667,3023953.38,18.5092593
471.7,3023933.82,18.5105556
471.733333,3023914.28,18.5118519
471.766667,3023894.8,18.5131481
471.8,3023875.38,18.5144444
471.833333,3023856.09,18.5157407
471.866667,3023836.94,18.517037
471.9,3023817.93,18.5183333
471.933333,3023799.04,18.5196296
471.966667,3023780.31,18.5209259
472,3023761.66,18.5222222
472.033333,3023743.07,18.5235185
472.066667,3023724.54,18.5248148
472.1,3023706.05,18.5261111
472.133333,3023687.62,18.5274074
472.166667,3023669.26,18.5287037
472.2,3023651,18.53
472.233333,3023632.87,18.5312963
472.266667,3023614.9,18.5325926
472.3,3023597.05,18.5338889
472.333333,3023579.32,18.5351852
472.366667,3023561.71,18.5364815
472.4,3023544.18,18.5377778
472.433333,3023526.69,18.5390741
472.466667,3023509.25,18.5403704
472.5,3023491.86,18.5416667
472.533333,3023474.53,18.542963
472.566667,3023457.29,18.5442593
472.6,3023440.13,18.5455556
472.633333,3023423.09,18.5468519
472.666667,3023406.21,18.5481481
472.7,3023389.43,18.5494444
472.733333,3023372.74,18.5507407
472.766667,3023356.13,18.552037
472.8,3023339.58,18.5533333
472.833333,3023323.07,18.5546296
472.866667,3023306.59,18.5559259
472.9,3023290.14,18.5572222
472.933333,3023273.78,18.5585185
472.966667,3023257.49,18.5598148
473,3023241.3,18.5611111
473.033333,3023225.2,18.5624074
473.066667,3023209.23,18.5637037
473.1,3023193.36,18.565
473.133333,3023177.56,18.5662963
473.166667,3023161.81,18.5675926
473.2,3023146.11,18.5688889
473.233333,3023130.45,18.5701852
473.266667,3023114.83,18.5714815
473.3,3023099.25,18.5727778
473.333333,3023083.75,18.5740741
473.366667,3023068.36,18.5753704
473.4,3023053.05,18.5766667
473.433333,3023037.85,18.577963
473.466667,3023022.76,18.5792593
473.5,3023007.77,18.5805556
473.533333,3022992.85,18.5818519
473.566667,3022977.98,18.5831481
473.6,3022963.17,18.5844444
473.633333,3022948.43,18.5857407
473.666667,3022933.74,18.587037
473.7,3022919.12,18.5883333
473.733333,3022904.59,18.5896296
473.766667,3022890.21,18.5909259
473.8,3022875.94,18.5922222
473.833333,3022861.78,18.5935185
473.866667,3022847.73,18.5948148
473.9,3022833.81,18.5961111
473.933333,3022819.98,18.5974074
473.966667,3022806.21,18.5987037
474,3022792.53,18.6
474.033333,3022778.95,18.6012963
474.066667,3022765.46,18.6025926
474.1,3022752.08,18.6038889
474.133333,3022738.81,18.6051852
474.166667,3022725.73,18.6064815
474.2,3022712.79,18.6077778
474.233333,3022699.98,18.6090741
474.266667,3022687.29,18.6103704
474.3,3022674.76,18.6116667
474.333333,3022662.34,18.612963
474.366667,3022650.02,18.6142593
474.4,3022637.79,18.6155556
474.433333,3022625.72,18.6168519
474.466667,3022613.78,18.6181481
474.5,3022601.97,18.6194444
474.533333,3022590.31,18.6207407
474.566667,3022578.84,18.622037
474.6,3022567.55,18.6233333
474.633333,3022556.4,18.6246296
474.666667,3022545.39,18.6259259
474.7,3022534.54,18.6272222
474.733333,3022523.83,18.6285185
474.766667,3022513.23,18.6298148
474.8,3022502.76,18.6311111
474.833333,3022492.44,18.6324074
474.866667,3022482.3,18.6337037
474.9,3022472.31,18.635
474.933333,3022462.47,18.6362963
474.966667,3022452.81,18.6375926
475,3022443.36,18.6388889
475.033333,3022434.05,18.6401852
475.066667,3022424.87,18.6414815
475.1,3022415.83,18.6427778
475.133333,3022406.96,18.6440741
475.166667,3022398.21,18.6453704
475.2,3022389.58,18.6466667
475.233333,3022381.09,18.647963
475.266667,3022372.8,18.6492593
475.3,3022364.66,18.6505556
475.333333,3022356.66,18.6518519
475.366667,3022348.82,18.6531481
475.4,3022341.18,18.6544444
475.433333,3022333.66,18.6557407
475.466667,3022326.27,18.657037
475.5,3022318.98,18.6583333
475.533333,3022311.86,18.6596296
475.566667,3022304.85,18.6609259
475.6,3022297.96,18.6622222
475.633333,3022291.19,18.6635185
475.666667,3022284.6,18.6648148
475.7,3022278.15,18.6661111
475.733333,3022271.83,18.6674074
475.766667,3022265.64,18.6687037
475.8,3022259.6,18.67
475.833333,3022253.68,18.6712963
475.866667,3022247.87,18.6725926
475.9,3022242.14,18.6738889
475.933333,3022236.54,18.6751852
475.966667,3022231.06,18.6764815
476,3022225.67,18.6777778
476.033333,3022220.4,18.6790741
476.066667,3022215.26,18.6803704
476.1,3022210.27,18.6816667
476.133333,3022205.38,18.682963
476.166667,3022200.6,18.6842593
476.2,3022195.93,18.6855556
476.233333,3022191.37,18.6868519
476.266667,3022186.9,18.6881481
476.3,3022182.51,18.6894444
476.333333,3022178.21,18.6907407
476.366667,3022174.03,18.692037
476.4,3022169.95,18.6933333
476.433333,3022165.96,18.6946296
476.466667,3022162.08,18.6959259
476.5,3022158.35,18.6972222
476.533333,3022154.7,18.6985185
476.566667,3022151.15,18.6998148
476.6,3022147.69,18.7011111
476.633333,3022144.34,18.7024074
476.666667,3022141.07,18.7037037
476.7,3022137.88,18.705
476.733333,3022134.77,18.7062963
476.766667,3022131.79,18.7075926
476.8,3022128.91,18.7088889
476.833333,3022126.12,18.7101852
476.866667,3022123.43,18.7114815
476.9,3022120.88,18.7127778
476.933333,3022118.43,18.7140741
476.966667,3022116.07,18.7153704
477,3022113.79,18.7166667
477.033333,3022111.62,18.717963
477.066667,3022109.55,18.7192593
477.1,3022107.56,18.7205556
477.133333,3022105.66,18.7218519
477.166667,3022103.89,18.7231481
477.2,3022102.24,18.7244444
477.233333,3022100.69,18.7257407
477.266667,3022099.24,18.727037
477.3,3022097.92,18.7283333
477.333333,3022096.72,18.7296296
477.366667,3022095.61,18.7309259
477.4,3022094.6,18.7322222
477.433333,3022093.69,18.7335185
477.466667,3022092.9,18.7348148
477.5,3022092.2,18.7361111
477.533333,3022091.61,18.7374074
477.566667,3022091.14,18.7387037
477.6,3022090.8,18.74
477.633333,3022090.58,18.7412963
477.666667,3022090.47,18.7425926
477.7,3022090.47,18.7438889
477.733333,3022090.62,18.7451852
477.766667,3022090.85,18.7464815
477.8,3022091.19,18.7477778
477.833333,3022091.62,18.7490741
477.866667,3022092.2,18.7503704
477.9,3022092.87,18.7516667
477.933333,3022093.65,18.752963
477.966667,3022094.54,18.7542593
478,3022095.59,18.7555556
478.033333,3022096.75,18.7568519
478.066667,3022098.01,18.7581481
478.1,3022099.38,18.7594444
478.133333,3022100.88,18.7607407
478.166667,3022102.48,18.762037
478.2,3022104.18,18.7633333
478.233333,3022105.96,18.7646296
478.266667,3022107.88,18.7659259
478.3,3022109.91,18.7672222
478.333333,3022112.03,18.7685185
478.366667,3022114.26,18.7698148
478.4,3022116.62,18.7711111
478.433333,3022119.09,18.7724074
478.466667,3022121.66,18.7737037
478.5,3022124.31,18.775
478.533333,3022127.08,18.7762963
478.566667,3022129.94,18.7775926
478.6,3022132.88,18.7788889
478.633333,3022135.91,18.7801852
478.666667,3022139.04,18.7814815
478.7,3022142.28,18.7827778
478.733333,3022145.6,18.7840741
478.766667,3022149.01,18.7853704
478.8,3022152.51,18.7866667
478.833333,3022156.13,18.787963
478.866667,3022159.81,18.7892593
478.9,3022163.57,18.7905556
478.933333,3022167.41,18.7918519
478.966667,3022171.34,18.7931481
479,3022175.33,18.7944444
479.033333,3022179.39,18.7957407
479.066667,3022183.53,18.797037
479.1,3022187.76,18.7983333
479.133333,3022192.06,18.7996296
479.166667,3022196.43,18.8009259
479.2,3022200.87,18.8022222
479.233333,3022205.4,18.8035185
479.266667,3022209.98,18.8048148
479.3,3022214.63,18.8061111
479.333333,3022219.32,18.8074074
479.366667,3022224.09,18.8087037
479.4,3022228.92,18.81
479.433333,3022233.8,18.8112963
479.466667,3022238.73,18.8125926
479.5,3022243.75,18.8138889
479.533333,3022248.82,18.8151852
479.566667,3022253.95,18.8164815
479.6,3022259.14,18.8177778
479.633333,3022264.38,18.8190741
479.666667,3022269.69,18.8203704
479.7,3022275.03,18.8216667
479.733333,3022280.42,18.822963
479.766667,3022285.87,18.8242593
479.8,3022291.37,18.8255556
479.833333,3022296.92,18.8268519
479.866667,3022302.51,18.8281481
479.9,3022308.17,18.8294444
479.933333,3022313.89,18.8307407
479.966667,3022319.66,18.832037
480,3022325.47,18.8333333
480.033333,3022331.34,18.8346296
480.066667,3022337.26,18.8359259
480.1,3022343.22,18.8372222
480.133333,3022349.22,18.8385185
480.166667,3022355.27,18.8398148
480.2,3022361.38,18.8411111
480.233333,3022367.54,18.8424074
480.266667,3022373.74,18.8437037
480.3,3022380,18.845
480.333333,3022386.33,18.8462963
480.366667,3022392.7,18.8475926
480.4,3022399.11,18.8488889
480.433333,3022405.58,18.8501852
480.466667,3022412.1,18.8514815
480.5,3022418.66,18.8527778
480.533333,3022425.27,18.8540741
480.566667,3022431.93,18.8553704
480.6,3022438.65,18.8566667
480.633333,3022445.42,18.857963
480.666667,3022452.25,18.8592593
480.7,3022459.12,18.8605556
480.733333,3022466.06,18.8618519
480.766667,3022473.05,18.8631481
480.8,3022480.08,18.8644444
480.833333,3022487.16,18.8657407
480.866667,3022494.3,18.867037
480.9,3022501.49,18.8683333
480.933333,3022508.72,18.8696296
480.966667,3022516,18.8709259
481,3022523.35,18.8722222
481.033333,3022530.75,18.8735185
481.066667,3022538.2,18.8748148
481.1,3022545.69,18.8761111
481.133333,3022553.25,18.8774074
481.166667,3022560.85,18.8787037
481.2,3022568.5,18.88
481.233333,3022576.2,18.8812963
481.266667,3022583.94,18.8825926
481.3,3022591.74,18.8838889
481.333333,3022599.58,18.8851852
481.366667,3022607.46,18.8864815
481.4,3022615.39,18.8877778
481.433333,3022623.38,18.8890741
481.466667,3022631.41,18.8903704
481.5,3022639.49,18.8916667
481.533333,3022647.6,18.892963
481.566667,3022655.77,18.8942593
481.6,3022663.97,18.8955556
481.633333,3022672.21,18.8968519
481.666667,3022680.49,18.8981481
481.7,3022688.81,18.8994444
481.733333,3022697.17,18.9007407
481.766667,3022705.56,18.902037
481.8,3022713.99,18.9033333
481.833333,3022722.46,18.9046296
481.866667,3022730.97,18.9059259
481.9,3022739.51,18.9072222
481.933333,3022748.07,18.9085185
481.966667,3022756.68,18.9098148
482,3022765.31,18.9111111
482.033333,3022773.97,18.9124074
482.066667,3022782.64,18.9137037
482.1,3022791.35,18.915
482.133333,3022800.09,18.9162963
482.166667,3022808.85,18.9175926
482.2,3022817.64,18.9188889
482.233333,3022826.45,18.9201852
482.266667,3022835.29,18.9214815
482.3,3022844.14,18.9227778
482.333333,3022853.01,18.9240741
482.366667,3022861.9,18.9253704
482.4,3022870.81,18.9266667
482.433333,3022879.73,18.927963
482.466667,3022888.67,18.9292593
482.5,3022897.62,18.9305556
482.533333,3022906.59,18.9318519
482.566667,3022915.58,18.9331481
482.6,3022924.58,18.9344444
482.633333,3022933.59,18.9357407
482.666667,3022942.62,18.937037
482.7,3022951.65,18.9383333
482.733333,3022960.69,18.9396296
482.766667,3022969.75,18.9409259
482.8,3022978.81,18.9422222
482.833333,3022987.88,18.9435185
482.866667,3022996.95,18.9448148
482.9,3023006.04,18.9461111
482.933333,3023015.13,18.9474074
482.966667,3023024.24,18.9487037
483,3023033.35,18.95
483.033333,3023042.47,18.9512963
483.066667,3023051.6,18.9525926
483.1,3023060.73,18.9538889
483.133333,3023069.86,18.9551852
483.166667,3023079,18.9564815
483.2,3023088.15,18.9577778
483.233333,3023097.3,18.9590741
483.266667,3023106.46,18.9603704
483.3,3023115.63,18.9616667
483.333333,3023124.8,18.962963
483.366667,3023133.98,18.9642593
483.4,3023143.17,18.9655556
483.433333,3023152.36,18.9668519
483.466667,3023161.56,18.9681481
483.5,3023170.76,18.9694444
483.533333,3023179.97,18.9707407
483.566667,3023189.19,18.972037
483.6,3023198.41,18.9733333
483.633333,3023207.64,18.9746296
483.666667,3023216.87,18.9759259
483.7,3023226.11,18.9772222
483.733333,3023235.36,18.9785185
483.766667,3023244.62,18.9798148
483.8,3023253.89,18.9811111
483.833333,3023263.17,18.9824074
483.866667,3023272.45,18.9837037
483.9,3023281.74,18.985
483.933333,3023291.03,18.9862963
483.966667,3023300.33,18.9875926
484,3023309.64,18.9888889
484.033333,3023318.96,18.9901852
484.066667,3023328.29,18.9914815
484.1,3023337.62,18.9927778
484.133333,3023346.96,18.9940741
484.166667,3023356.32,18.9953704
484.2,3023365.68,18.9966667
484.233333,3023375.05,18.997963
484.266667,3023384.42,18.9992593
484.3,3023393.81,19.0005556
484.333333,3023403.2,19.0018519
484.366667,3023412.59,19.0031481
484.4,3023421.99,19.0044444
484.433333,3023431.4,19.0057407
484.466667,3023440.82,19.007037
484.5,3023450.24,19.0083333
484.533333,3023459.67,19.0096296
484.566667,3023469.11,19.0109259
484.6,3023478.56,19.0122222
484.633333,3023488,19.0135185
484.666667,3023497.45,19.0148148
484.7,3023506.91,19.0161111
484.733333,3023516.37,19.0174074
484.766667,3023525.83,19.0187037
484.8,3023535.29,19.02
484.833333,3023544.76,19.0212963
484.866667,3023554.23,19.0225926
484.9,3023563.7,19.0238889
484.933333,3023573.17,19.0251852
484.966667,3023582.65,19.0264815
485,3023592.12,19.0277778
485.033333,3023601.6,19.0290741
485.066667,3023611.07,19.0303704
485.1,3023620.54,19.0316667
485.133333,3023630,19.032963
485.166667,3023639.47,19.0342593
485.2,3023648.93,19.0355556
485.233333,3023658.39,19.0368519
485.266667,3023667.84,19.0381481
485.3,3023677.29,19.0394444
485.333333,3023686.73,19.0407407
485.366667,3023696.17,19.042037
485.4,3023705.6,19.0433333
485.433333,3023715.03,19.0446296
485.466667,3023724.44,19.0459259
485.5,3023733.85,19.0472222
485.533333,3023743.25,19.0485185
485.566667,3023752.64,19.0498148
485.6,3023762.02,19.0511111
485.633333,3023771.4,19.0524074
485.666667,3023780.76,19.0537037
485.7,3023790.11,19.055
485.733333,3023799.45,19.0562963
485.766667,3023808.78,19.0575926
485.8,3023818.1,19.0588889
485.833333,3023827.41,19.0601852
485.866667,3023836.7,19.0614815
485.9,3023845.98,19.0627778
485.933333,3023855.25,19.0640741
485.966667,3023864.51,19.0653704
486,3023873.75,19.0666667
486.033333,3023882.99,19.067963
486.066667,3023892.2,19.0692593
486.1,3023901.41,19.0705556
486.133333,3023910.6,19.0718519
486.166667,3023919.78,19.0731481
486.2,3023928.95,19.0744444
486.233333,3023938.1,19.0757407
486.266667,3023947.24,19.077037
486.3,3023956.36,19.0783333
486.333333,3023965.47,19.0796296
486.366667,3023974.57,19.0809259
486.4,3023983.65,19.0822222
486.433333,3023992.73,19.0835185
486.466667,3024001.79,19.0848148
486.5,3024010.83,19.0861111
486.533333,3024019.87,19.0874074
486.566667,3024028.89,19.0887037
486.6,3024037.9,19.09
486.633333,3024046.89,19.0912963
486.666667,3024055.87,19.0925926
486.7,3024064.85,19.0938889
486.733333,3024073.81,19.0951852
486.766667,3024082.76,19.0964815
486.8,3024091.69,19.0977778
486.833333,3024100.62,19.0990741
486.866667,3024109.54,19.1003704
486.9,3024118.44,19.1016667
486.933333,3024127.34,19.102963
486.966667,3024136.22,19.1042593
487,3024145.1,19.1055556
487.033333,3024153.96,19.1068519
487.066667,3024162.81,19.1081481
487.1,3024171.66,19.1094444
487.133333,3024180.49,19.1107407
487.166667,3024189.32,19.112037
487.2,3024198.13,19.1133333
487.233333,3024206.94,19.1146296
487.266667,3024215.74,19.1159259
487.3,3024224.53,19.1172222
487.333333,3024233.32,19.1185185
487.366667,3024242.09,19.1198148
487.4,3024250.86,19.1211111
487.433333,3024259.61,19.1224074
487.466667,3024268.36,19.1237037
487.5,3024277.1,19.125
487.533333,3024285.83,19.1262963
487.566667,3024294.55,19.1275926
487.6,3024303.27,19.1288889
487.633333,3024311.98,19.1301852
487.666667,3024320.68,19.1314815
487.7,3024329.37,19.1327778
487.733333,3024338.05,19.1340741
487.766667,3024346.72,19.1353704
487.8,3024355.39,19.1366667
487.833333,3024364.04,19.137963
487.866667,3024372.69,19.1392593
487.9,3024381.33,19.1405556
487.933333,3024389.96,19.1418519
487.966667,3024398.58,19.1431481
488,3024407.19,19.1444444
488.033333,3024415.79,19.1457407
488.066667,3024424.38,19.147037
488.1,3024432.96,19.1483333
488.133333,3024441.53,19.1496296
488.166667,3024450.09,19.1509259
488.2,3024458.64,19.1522222
488.233333,3024467.19,19.1535185
488.266667,3024475.71,19.1548148
488.3,3024484.23,19.1561111
488.333333,3024492.74,19.1574074
488.366667,3024501.23,19.1587037
488.4,3024509.72,19.16
488.433333,3024518.19,19.1612963
488.466667,3024526.65,19.1625926
488.5,3024535.09,19.1638889
488.533333,3024543.53,19.1651852
488.566667,3024551.95,19.1664815
488.6,3024560.35,19.1677778
488.633333,3024568.75,19.1690741
488.666667,3024577.13,19.1703704
488.7,3024585.5,19.1716667
488.733333,3024593.85,19.172963
488.766667,3024602.2,19.1742593
488.8,3024610.52,19.1755556
488.833333,3024618.83,19.1768519
488.866667,3024627.13,19.1781481
488.9,3024635.42,19.1794444
488.933333,3024643.69,19.1807407
488.966667,3024651.94,19.182037
489,3024660.18,19.1833333
489.033333,3024668.4,19.1846296
489.066667,3024676.62,19.1859259
489.1,3024684.81,19.1872222
489.133333,3024692.99,19.1885185
489.166667,3024701.16,19.1898148
489.2,3024709.32,19.1911111
489.233333,3024717.45,19.1924074
489.266667,3024725.57,19.1937037
489.3,3024733.68,19.195
489.333333,3024741.78,19.1962963
489.366667,3024749.85,19.1975926
489.4,3024757.92,19.1988889
489.433333,3024765.97,19.2001852
489.466667,3024774.01,19.2014815
489.5,3024782.03,19.2027778
489.533333,3024790.04,19.2040741
489.566667,3024798.03,19.2053704
489.6,3024806.02,19.2066667
489.633333,3024813.98,19.207963
489.666667,3024821.94,19.2092593
489.7,3024829.88,19.2105556
489.733333,3024837.81,19.2118519
489.766667,3024845.72,19.2131481
489.8,3024853.62,19.2144444
489.833333,3024861.52,19.2157407
489.866667,3024869.4,19.217037
489.9,3024877.26,19.2183333
489.933333,3024885.12,19.2196296
489.966667,3024892.96,19.2209259
490,3024900.8,19.2222222
490.033333,3024908.62,19.2235185
490.066667,3024916.43,19.2248148
490.1,3024924.23,19.2261111
490.133333,3024932.02,19.2274074
490.166667,3024939.8,19.2287037
490.2,3024947.57,19.23
490.233333,3024955.33,19.2312963
490.266667,3024963.08,19.2325926
490.3,3024970.82,19.2338889
490.333333,3024978.55,19.2351852
490.366667,3024986.27,19.2364815
490.4,3024993.99,19.2377778
490.433333,3025001.69,19.2390741
490.466667,3025009.39,19.2403704
490.5,3025017.08,19.2416667
490.533333,3025024.76,19.242963
490.566667,3025032.43,19.2442593
490.6,3025040.09,19.2455556
490.633333,3025047.75,19.2468519
490.666667,3025055.39,19.2481481
490.7,3025063.04,19.2494444
490.733333,3025070.67,19.2507407
490.766667,3025078.29,19.252037
490.8,3025085.91,19.2533333
490.833333,3025093.52,19.2546296
490.866667,3025101.12,19.2559259
490.9,3025108.71,19.2572222
490.933333,3025116.3,19.2585185
490.966667,3025123.88,19.2598148
491,3025131.46,19.2611111
491.033333,3025139.02,19.2624074
491.066667,3025146.58,19.2637037
491.1,3025154.13,19.265
491.133333,3025161.68,19.2662963
491.166667,3025169.21,19.2675926
491.2,3025176.74,19.2688889
491.233333,3025184.27,19.2701852
491.266667,3025191.78,19.2714815
491.3,3025199.29,19.2727778
491.333333,3025206.79,19.2740741
491.366667,3025214.28,19.2753704
491.4,3025221.76,19.2766667
491.433333,3025229.24,19.277963
491.466667,3025236.71,19.2792593
491.5,3025244.17,19.2805556
491.533333,3025251.62,19.2818519
491.566667,3025259.07,19.2831481
491.6,3025266.51,19.2844444
491.633333,3025273.93,19.2857407
491.666667,3025281.36,19.287037
491.7,3025288.77,19.2883333
491.733333,3025296.17,19.2896296
491.766667,3025303.57,19.2909259
491.8,3025310.96,19.2922222
491.833333,3025318.34,19.2935185
491.866667,3025325.71,19.2948148
491.9,3025333.07,19.2961111
491.933333,3025340.42,19.2974074
491.966667,3025347.77,19.2987037
492,3025355.1,19.3
492.033333,3025362.43,19.3012963
492.066667,3025369.75,19.3025926
492.1,3025377.06,19.3038889
492.133333,3025384.36,19.3051852
492.166667,3025391.66,19.3064815
492.2,3025398.95,19.3077778
492.233333,3025406.22,19.3090741
492.266667,3025413.49,19.3103704
492.3,3025420.75,19.3116667
492.333333,3025428,19.312963
492.366667,3025435.24,19.3142593
492.4,3025442.47,19.3155556
492.433333,3025449.7,19.3168519
492.466667,3025456.92,19.3181481
492.5,3025464.13,19.3194444
492.533333,3025471.33,19.3207407
492.566667,3025478.52,19.322037
492.6,3025485.71,19.3233333
492.633333,3025492.89,19.3246296
492.666667,3025500.06,19.3259259
492.7,3025507.22,19.3272222
492.733333,3025514.38,19.3285185
492.766667,3025521.53,19.3298148
492.8,3025528.67,19.3311111
492.833333,3025535.8,19.3324074
492.866667,3025542.93,19.3337037
492.9,3025550.05,19.335
492.933333,3025557.17,19.3362963
492.966667,3025564.27,19.3375926
493,3025571.38,19.3388889
493.033333,3025578.47,19.3401852
493.066667,3025585.56,19.3414815
493.1,3025592.65,19.3427778
493.133333,3025599.73,19.3440741
493.166667,3025606.8,19.3453704
493.2,3025613.87,19.3466667
493.233333,3025620.93,19.347963
493.266667,3025627.99,19.3492593
493.3,3025635.05,19.3505556
493.333333,3025642.08,19.3518519
493.366667,3025649.01,19.3531481
493.4,3025655.77,19.3544444
493.433333,3025662.28,19.3557407
493.466667,3025668.18,19.357037
493.5,3025673.55,19.3583333
493.533333,3025678.42,19.3596296
493.566667,3025682.82,19.3609259
493.6,3025686.72,19.3622222
493.633333,3025690.43,19.3635185
493.666667,3025694.05,19.3648148
493.7,3025697.63,19.3661111
493.733333,3025701.2,19.3674074
493.766667,3025704.67,19.3687037
493.8,3025707.94,19.37
493.833333,3025710.94,19.3712963
493.866667,3025713.46,19.3725926
493.9,3025715.46,19.3738889
493.933333,3025717.07,19.3751852
493.966667,3025718.34,19.3764815
494,3025719.31,19.3777778
494.033333,3025720.18,19.3790741
494.066667,3025721.03,19.3803704
494.1,3025721.87,19.3816667
494.133333,3025722.71,19.382963
494.166667,3025723.4,19.3842593
494.2,3025723.86,19.3855556
494.233333,3025724.04,19.3868519
494.266667,3025723.81,19.3881481
494.3,3025723.08,19.3894444
494.333333,3025722.04,19.3907407
494.366667,3025720.75,19.392037
494.4,3025719.29,19.3933333
494.433333,3025717.76,19.3946296
494.466667,3025716.22,19.3959259
494.5,3025714.67,19.3972222
494.533333,3025713.07,19.3985185
494.566667,3025711.25,19.3998148
494.6,3025709.16,19.4011111
494.633333,3025706.75,19.4024074
494.666667,3025704,19.4037037
494.7,3025700.77,19.405
494.733333,3025697.28,19.4062963
494.766667,3025693.61,19.4075926
494.8,3025689.82,19.4088889
494.833333,3025685.97,19.4101852
494.866667,3025682.1,19.4114815
494.9,3025678.17,19.4127778
494.933333,3025674.13,19.4140741
494.966667,3025669.83,19.4153704
495,3025665.2,19.4166667
495.033333,3025660.25,19.417963
495.066667,3025654.98,19.4192593
495.1,3025649.32,19.4205556
495.133333,3025643.43,19.4218519
495.166667,3025637.41,19.4231481
495.2,3025631.31,19.4244444
495.233333,3025625.15,19.4257407
495.266667,3025618.95,19.427037
495.3,3025612.64,19.4283333
495.333333,3025606.18,19.4296296
495.366667,3025599.47,19.4309259
495.4,3025592.39,19.4322222
495.433333,3025585.02,19.4335185
495.466667,3025577.37,19.4348148
495.5,3025569.45,19.4361111
495.533333,3025561.34,19.4374074
495.566667,3025553.16,19.4387037
495.6,3025544.93,19.44
495.633333,3025536.68,19.4412963
495.666667,3025528.35,19.4425926
495.7,3025519.91,19.4438889
495.733333,3025511.32,19.4451852
495.766667,3025502.51,19.4464815
495.8,3025493.36,19.4477778
495.833333,3025483.97,19.4490741
495.866667,3025474.38,19.4503704
495.9,3025464.64,19.4516667
495.933333,3025454.78,19.452963
495.966667,3025444.91,19.4542593
496,3025435.05,19.4555556
496.033333,3025425.18,19.4568519
496.066667,3025415.28,19.4581481
496.1,3025405.26,19.4594444
496.133333,3025395.11,19.4607407
496.166667,3025384.8,19.462037
496.2,3025374.24,19.4633333
496.233333,3025363.51,19.4646296
496.266667,3025352.68,19.4659259
496.3,3025341.79,19.4672222
496.333333,3025330.89,19.4685185
496.366667,3025320.04,19.4698148
496.4,3025309.23,19.4711111
496.433333,3025298.46,19.4724074
496.466667,3025287.68,19.4737037
496.5,3025276.82,19.475
496.533333,3025265.86,19.4762963
496.566667,3025254.79,19.4775926
496.6,3025243.58,19.4788889
496.633333,3025232.28,19.4801852
496.666667,3025220.96,19.4814815
496.7,3025209.66,19.4827778
496.733333,3025198.42,19.4840741
496.766667,3025187.22,19.4853704
496.8,3025175.93,19.4866667
496.833333,3025164.46,19.487963
496.866667,3025152.67,19.4892593
496.9,3025140.26,19.4905556
496.933333,3025127.38,19.4918519
496.966667,3025114.05,19.4931481
497,3025100.31,19.4944444
497.033333,3025086.3,19.4957407
497.066667,3025072.27,19.497037
497.1,3025058.28,19.4983333
497.133333,3025044.36,19.4996296
497.166667,3025030.5,19.5009259
497.2,3025016.54,19.5022222
497.233333,3025002.39,19.5035185
497.266667,3024987.97,19.5048148
497.3,3024972.99,19.5061111
497.333333,3024957.62,19.5074074
497.366667,3024941.94,19.5087037
497.4,3024926.03,19.51
497.433333,3024910,19.5112963
497.466667,3024894.04,19.5125926
497.5,3024878.15,19.5138889
497.533333,3024862.35,19.5151852
497.566667,3024846.56,19.5164815
497.6,3024830.63,19.5177778
497.633333,3024814.48,19.5190741
497.666667,3024798.03,19.5203704
497.7,3024781.14,19.5216667
497.733333,3024763.9,19.522963
497.766667,3024746.45,19.5242593
497.8,3024728.85,19.5255556
497.833333,3024711.23,19.5268519
497.866667,3024693.68,19.5281481
497.9,3024676.2,19.5294444
497.933333,3024658.75,19.5307407
497.966667,3024641.26,19.532037
498,3024623.54,19.5333333
498.033333,3024605.56,19.5346296
498.066667,3024587.28,19.5359259
498.1,3024568.64,19.5372222
498.133333,3024549.66,19.5385185
498.166667,3024530.54,19.5398148
498.2,3024511.34,19.5411111
498.233333,3024492.13,19.5424074
498.266667,3024472.99,19.5437037
498.3,3024453.87,19.545
498.333333,3024434.72,19.5462963
498.366667,3024415.48,19.5475926
498.4,3024395.94,19.5488889
498.433333,3024376.1,19.5501852
498.466667,3024355.98,19.5514815
498.5,3024335.58,19.5527778
498.533333,3024314.89,19.5540741
498.566667,3024294.12,19.5553704
498.6,3024273.31,19.5566667
498.633333,3024252.52,19.557963
498.666667,3024231.78,19.5592593
498.7,3024211.02,19.5605556
498.733333,3024190.19,19.5618519
498.766667,3024169.23,19.5631481
498.8,3024147.97,19.5644444
498.833333,3024126.44,19.5657407
498.866667,3024104.66,19.567037
498.9,3024082.68,19.5683333
498.933333,3024060.53,19.5696296
498.966667,3024038.35,19.5709259
499,3024016.2,19.5722222
499.033333,3023994.09,19.5735185
499.066667,3023972.04,19.5748148
499.1,3023949.97,19.5761111
499.133333,3023927.82,19.5774074
499.166667,3023905.54,19.5787037
499.2,3023883.05,19.58
499.233333,3023860.32,19.5812963
499.266667,3023837.44,19.5825926
499.3,3023814.46,19.5838889
499.333333,3023791.43,19.5851852
499.366667,3023768.46,19.5864815
499.4,3023745.58,19.5877778
499.433333,3023722.79,19.5890741
499.466667,3023700.09,19.5903704
499.5,3023677.4,19.5916667
499.533333,3023654.65,19.592963
499.566667,3023631.81,19.5942593
499.6,3023608.86,19.5955556
499.633333,3023585.76,19.5968519
499.666667,3023562.62,19.5981481
499.7,3023539.49,19.5994444
499.733333,3023516.41,19.6007407
499.766667,3023493.51,19.602037
499.8,3023470.75,19.6033333
499.833333,3023448.12,19.6046296
499.866667,3023425.59,19.6059259
499.9,3023403.13,19.6072222
499.933333,3023380.65,19.6085185
499.966667,3023358.13,19.6098148
500,3023335.57,19.6111111
500.033333,3023312.99,19.6124074
500.066667,3023290.47,19.6137037
500.1,3023268.04,19.615
500.133333,3023245.74,19.6162963
500.166667,3023223.67,19.6175926
500.2,3023201.8,19.6188889
500.233333,3023180.08,19.6201852
500.266667,3023158.47,19.6214815
500.3,3023136.95,19.6227778
500.333333,3023115.44,19.6240741
500.366667,3023093.94,19.6253704
500.4,3023072.46,19.6266667
500.433333,3023051.03,19.627963
500.466667,3023029.73,19.6292593
500.5,3023008.58,19.6305556
500.533333,3022987.6,19.6318519
500.566667,3022966.85,19.6331481
500.6,3022946.32,19.6344444
500.633333,3022925.93,19.6357407
500.666667,3022905.63,19.637037
500.7,3022885.41,19.6383333
500.733333,3022865.22,19.6396296
500.766667,3022845.07,19.6409259
500.8,3022824.96,19.6422222
500.833333,3022804.93,19.6435185
500.866667,3022785.07,19.6448148
500.9,3022765.38,19.6461111
500.933333,3022745.87,19.6474074
500.966667,3022726.53,19.6487037
501,3022707.4,19.65
501.033333,3022688.38,19.6512963
501.066667,3022669.42,19.6525926
501.1,3022650.5,19.6538889
501.133333,3022631.62,19.6551852
501.166667,3022612.78,19.6564815
501.2,3022593.99,19.6577778
501.233333,3022575.29,19.6590741
501.266667,3022556.76,19.6603704
501.3,3022538.39,19.6616667
501.333333,3022520.17,19.662963
501.366667,3022502.1,19.6642593
501.4,3022484.17,19.6655556
501.433333,3022466.31,19.6668519
501.466667,3022448.49,19.6681481
501.5,3022430.69,19.6694444
501.533333,3022412.92,19.6707407
501.566667,3022395.18,19.672037
501.6,3022377.52,19.6733333
501.633333,3022359.94,19.6746296
501.666667,3022342.51,19.6759259
501.7,3022325.24,19.6772222
501.733333,3022308.1,19.6785185
501.766667,3022291.06,19.6798148
501.8,3022274.12,19.6811111
501.833333,3022257.24,19.6824074
501.866667,3022240.38,19.6837037
501.9,3022223.54,19.685
501.933333,3022206.73,19.6862963
501.966667,3022189.98,19.6875926
502,3022173.32,19.6888889
502.033333,3022156.75,19.6901852
502.066667,3022140.32,19.6914815
502.1,3022124.06,19.6927778
502.133333,3022107.92,19.6940741
502.166667,3022091.87,19.6953704
502.2,3022075.9,19.6966667
502.233333,3022059.99,19.697963
502.266667,3022044.12,19.6992593
502.3,3022028.28,19.7005556
502.333333,3022012.49,19.7018519
502.366667,3021996.81,19.7031481
502.4,3021981.25,19.7044444
502.433333,3021965.82,19.7057407
502.466667,3021950.52,19.707037
502.5,3021935.42,19.7083333
502.533333,3021920.44,19.7096296
502.566667,3021905.55,19.7109259
502.6,3021890.76,19.7122222
502.633333,3021876.05,19.7135185
502.666667,3021861.41,19.7148148
502.7,3021846.84,19.7161111
502.733333,3021832.36,19.7174074
502.766667,3021818.04,19.7187037
502.8,3021803.88,19.72
502.833333,3021789.87,19.7212963
502.866667,3021776.03,19.7225926
502.9,3021762.37,19.7238889
502.933333,3021748.88,19.7251852
502.966667,3021735.5,19.7264815
503,3021722.21,19.7277778
503.033333,3021709.04,19.7290741
503.066667,3021695.99,19.7303704
503.1,3021683.05,19.7316667
503.133333,3021670.24,19.732963
503.166667,3021657.6,19.7342593
503.2,3021645.18,19.7355556
503.233333,3021632.93,19.7368519
503.266667,3021620.86,19.7381481
503.3,3021608.96,19.7394444
503.333333,3021597.26,19.7407407
503.366667,3021585.67,19.742037
503.4,3021574.2,19.7433333
503.433333,3021562.85,19.7446296
503.466667,3021551.66,19.7459259
503.5,3021540.6,19.7472222
503.533333,3021529.7,19.7485185
503.566667,3021518.96,19.7498148
503.6,3021508.48,19.7511111
503.633333,3021498.17,19.7524074
503.666667,3021488.03,19.7537037
503.7,3021478.05,19.755
503.733333,3021468.25,19.7562963
503.766667,3021458.57,19.7575926
503.8,3021449.01,19.7588889
503.833333,3021439.56,19.7601852
503.866667,3021430.28,19.7614815
503.9,3021421.15,19.7627778
503.933333,3021412.17,19.7640741
503.966667,3021403.35,19.7653704
504,3021394.75,19.7666667
504.033333,3021386.33,19.767963
504.066667,3021378.05,19.7692593
504.1,3021369.9,19.7705556
504.133333,3021361.89,19.7718519
504.166667,3021354,19.7731481
504.2,3021346.22,19.7744444
504.233333,3021338.53,19.7757407
504.266667,3021330.99,19.777037
504.3,3021323.6,19.7783333
504.333333,3021316.34,19.7796296
504.366667,3021309.23,19.7809259
504.4,3021302.28,19.7822222
504.433333,3021295.49,19.7835185
504.466667,3021288.81,19.7848148
504.5,3021282.24,19.7861111
504.533333,3021275.76,19.7874074
504.566667,3021269.39,19.7887037
504.6,3021263.11,19.79
504.633333,3021256.91,19.7912963
504.666667,3021250.81,19.7925926
504.7,3021244.87,19.7938889
504.733333,3021239.04,19.7951852
504.766667,3021233.33,19.7964815
504.8,3021227.74,19.7977778
504.833333,3021222.29,19.7990741
504.866667,3021216.92,19.8003704
504.9,3021211.63,19.8016667
504.933333,3021206.4,19.802963
504.966667,3021201.28,19.8042593
505,3021196.22,19.8055556
505.033333,3021191.25,19.8068519
505.066667,3021186.36,19.8081481
505.1,3021181.61,19.8094444
505.133333,3021176.97,19.8107407
505.166667,3021172.42,19.812037
505.2,3021167.97,19.8133333
505.233333,3021163.64,19.8146296
505.266667,3021159.38,19.8159259
505.3,3021155.19,19.8172222
505.333333,3021151.06,19.8185185
505.366667,3021147.01,19.8198148
505.4,3021143.05,19.8211111
505.433333,3021139.17,19.8224074
505.466667,3021135.38,19.8237037
505.5,3021131.7,19.825
505.533333,3021128.15,19.8262963
505.566667,3021124.69,19.8275926
505.6,3021121.32,19.8288889
505.633333,3021118.05,19.8301852
505.666667,3021114.87,19.8314815
505.7,3021111.75,19.8327778
505.733333,3021108.7,19.8340741
505.766667,3021105.73,19.8353704
505.8,3021102.88,19.8366667
505.833333,3021100.11,19.837963
505.866667,3021097.45,19.8392593
505.9,3021094.89,19.8405556
505.933333,3021092.48,19.8418519
505.966667,3021090.16,19.8431481
506,3021087.93,19.8444444
506.033333,3021085.79,19.8457407
506.066667,3021083.76,19.847037
506.1,3021081.81,19.8483333
506.133333,3021079.94,19.8496296
506.166667,3021078.15,19.8509259
506.2,3021076.5,19.8522222
506.233333,3021074.95,19.8535185
506.266667,3021073.51,19.8548148
506.3,3021072.18,19.8561111
506.333333,3021070.99,19.8574074
506.366667,3021069.91,19.8587037
506.4,3021068.92,19.86
506.433333,3021068.02,19.8612963
506.466667,3021067.23,19.8625926
506.5,3021066.53,19.8638889
506.533333,3021065.92,19.8651852
506.566667,3021065.4,19.8664815
506.6,3021065.01,19.8677778
506.633333,3021064.74,19.8690741
506.666667,3021064.58,19.8703704
506.7,3021064.53,19.8716667
506.733333,3021064.6,19.872963
506.766667,3021064.78,19.8742593
506.8,3021065.05,19.8755556
506.833333,3021065.4,19.8768519
506.866667,3021065.85,19.8781481
506.9,3021066.39,19.8794444
506.933333,3021067.03,19.8807407
506.966667,3021067.75,19.882037
507,3021068.58,19.8833333
507.033333,3021069.54,19.8846296
507.066667,3021070.59,19.8859259
507.1,3021071.73,19.8872222
507.133333,3021072.97,19.8885185
507.166667,3021074.32,19.8898148
507.2,3021075.73,19.8911111
507.233333,3021077.21,19.8924074
507.266667,3021078.77,19.8937037
507.3,3021080.42,19.895
507.333333,3021082.14,19.8962963
507.366667,3021083.95,19.8975926
507.4,3021085.83,19.8988889
507.433333,3021087.82,19.9001852
507.466667,3021089.89,19.9014815
507.5,3021092.03,19.9027778
507.533333,3021094.24,19.9040741
507.566667,3021096.52,19.9053704
507.6,3021098.87,19.9066667
507.633333,3021101.26,19.907963
507.666667,3021103.7,19.9092593
507.7,3021106.22,19.9105556
507.733333,3021108.8,19.9118519
507.766667,3021111.44,19.9131481
507.8,3021114.14,19.9144444
507.833333,3021116.91,19.9157407
507.866667,3021119.75,19.917037
507.9,3021122.64,19.9183333
507.933333,3021125.57,19.9196296
507.966667,3021128.55,19.9209259
508,3021131.58,19.9222222
508.033333,3021134.64,19.9235185
508.066667,3021137.74,19.9248148
508.1,3021140.88,19.9261111
508.133333,3021144.09,19.9274074
508.166667,3021147.33,19.9287037
508.2,3021150.63,19.93
508.233333,3021153.97,19.9312963
508.266667,3021157.37,19.9325926
508.3,3021160.8,19.9338889
508.333333,3021164.26,19.9351852
508.366667,3021167.75,19.9364815
508.4,3021171.28,19.9377778
508.433333,3021174.84,19.9390741
508.466667,3021178.43,19.9403704
508.5,3021182.05,19.9416667
508.533333,3021185.73,19.942963
508.566667,3021189.45,19.9442593
508.6,3021193.2,19.9455556
508.633333,3021196.99,19.9468519
508.666667,3021200.83,19.9481481
508.7,3021204.7,19.9494444
508.733333,3021208.6,19.9507407
508.766667,3021212.52,19.952037
508.8,3021216.48,19.9533333
508.833333,3021220.47,19.9546296
508.866667,3021224.49,19.9559259
508.9,3021228.55,19.9572222
508.933333,3021232.66,19.9585185
508.966667,3021236.81,19.9598148
509,3021241,19.9611111
509.033333,3021245.23,19.9624074
509.066667,3021249.5,19.9637037
509.1,3021253.8,19.965
509.133333,3021258.13,19.9662963
509.166667,3021262.49,19.9675926
509.2,3021266.9,19.9688889
509.233333,3021271.34,19.9701852
509.266667,3021275.82,19.9714815
509.3,3021280.33,19.9727778
509.333333,3021284.9,19.9740741
509.366667,3021289.52,19.9753704
509.4,3021294.17,19.9766667
509.433333,3021298.87,19.977963
509.466667,3021303.6,19.9792593
509.5,3021308.38,19.9805556
509.533333,3021313.18,19.9818519
509.566667,3021318.02,19.9831481
509.6,3021322.9,19.9844444
509.633333,3021327.83,19.9857407
509.666667,3021332.79,19.987037
509.7,3021337.8,19.9883333
509.733333,3021342.85,19.9896296
509.766667,3021347.96,19.9909259
509.8,3021353.1,19.9922222
509.833333,3021358.27,19.9935185
509.866667,3021363.48,19.9948148
509.9,3021368.74,19.9961111
509.933333,3021374.02,19.9974074
509.966667,3021379.33,19.9987036
510,3021384.68,19.9999997
510.033333,3021390.02,20.0007407
510.066667,3021395.13,20.0014815
510.1,3021399.81,20.0022222
510.133333,3021403.85,20.002963
510.166667,3021406.41,20.0037037
510.2,3021407.67,20.0044444
510.233333,3021407.74,20.0051852
510.266667,3021406.71,20.0059259
510.3,3021404.6,20.0066667
510.333333,3021402.1,20.0074074
510.366667,3021399.44,20.0081481
510.4,3021396.74,20.0088889
510.433333,3021394.03,20.0096296
510.466667,3021391.02,20.0103704
510.5,3021387.5,20.0111111
510.533333,3021383.29,20.0118519
510.566667,3021377.86,20.0125926
510.6,3021371.16,20.0133333
510.633333,3021363.53,20.0140741
510.666667,3021355.1,20.0148148
510.7,3021346.04,20.0155556
510.733333,3021336.76,20.0162963
510.766667,3021327.46,20.017037
510.8,3021318.17,20.0177778
510.833333,3021308.83,20.0185185
510.866667,3021299.07,20.0192593
510.9,3021288.72,20.02
510.933333,3021277.61,20.0207407
510.966667,3021265.5,20.0214815
511,3021252.16,20.0222222
511.033333,3021238.1,20.022963
511.066667,3021223.48,20.0237037
511.1,3021208.48,20.0244444
511.133333,3021193.35,20.0251852
511.166667,3021178.23,20.0259259
511.2,3021163.06,20.0266667
511.233333,3021147.76,20.0274074
511.266667,3021131.86,20.0281481
511.3,3021115.26,20.0288889
511.333333,3021097.88,20.0296296
511.366667,3021079.65,20.0303704
511.4,3021060.28,20.0311111
511.433333,3021040.34,20.0318519
511.466667,3021020.01,20.0325926
511.5,3020999.44,20.0333333
511.533333,3020978.78,20.0340741
511.566667,3020958.07,20.0348148
511.6,3020937.21,20.0355556
511.633333,3020916.1,20.0362963
511.666667,3020894.32,20.037037
511.7,3020871.72,20.0377778
511.733333,3020848.37,20.0385185
511.766667,3020824.24,20.0392593
511.8,3020799.25,20.04
511.833333,3020773.76,20.0407407
511.866667,3020748.02,20.0414815
511.9,3020722.14,20.0422222
511.933333,3020696.2,20.042963
511.966667,3020670.14,20.0437037
512,3020643.84,20.0444444
512.033333,3020617.2,20.0451852
512.066667,3020589.93,20.0459259
512.1,3020561.79,20.0466667
512.133333,3020532.98,20.0474074
512.166667,3020503.55,20.0481481
512.2,3020473.52,20.0488889
512.233333,3020443.12,20.0496296
512.266667,3020412.61,20.0503704
512.3,3020382.05,20.0511111
512.333333,3020351.47,20.0518519
512.366667,3020320.75,20.0525926
512.4,3020289.76,20.0533333
512.433333,3020258.4,20.0540741
512.466667,3020226.54,20.0548148
512.5,3020193.86,20.0555556
512.533333,3020160.66,20.0562963
512.566667,3020127.03,20.057037
512.6,3020093.07,20.0577778
512.633333,3020058.94,20.0585185
512.666667,3020024.83,20.0592593
512.7,3019990.76,20.06
512.733333,3019956.72,20.0607407
512.766667,3019922.59,20.0614815
512.8,3019888.2,20.0622222
512.833333,3019853.47,20.062963
512.866667,3019818.36,20.0637037
512.9,3019782.67,20.0644444
512.933333,3019746.61,20.0651852
512.966667,3019710.35,20.0659259
513,3019673.96,20.0666667
513.033333,3019637.62,20.0674074
513.066667,3019601.42,20.0681481
513.1,3019565.34,20.0688889
513.133333,3019529.34,20.0696296
513.166667,3019493.3,20.0703704
513.2,3019457.05,20.0711111
513.233333,3019420.54,20.0718519
513.266667,3019383.76,20.0725926
513.3,3019346.65,20.0733333
513.333333,3019309.34,20.0740741
513.366667,3019272,20.0748148
513.4,3019234.73,20.0755556
513.433333,3019197.62,20.0762963
513.466667,3019160.78,20.077037
513.5,3019124.09,20.0777778
513.533333,3019087.48,20.0785185
513.566667,3019050.89,20.0792593
513.6,3019014.11,20.08
513.633333,3018977.16,20.0807407
513.666667,3018940.03,20.0814815
513.7,3018902.75,20.0822222
513.733333,3018865.43,20.082963
513.766667,3018828.21,20.0837037
513.8,3018791.15,20.0844444
513.833333,3018754.31,20.0851852
513.866667,3018717.79,20.0859259
513.9,3018681.39,20.0866667
513.933333,3018645.07,20.0874074
513.966667,3018608.74,20.0881481
514,3018572.27,20.0888889
514.033333,3018535.66,20.0896296
514.066667,3018498.95,20.0903704
514.1,3018462.18,20.0911111
514.133333,3018425.47,20.0918519
514.166667,3018388.94,20.0925926
514.2,3018352.61,20.0933333
514.233333,3018316.49,20.0940741
514.266667,3018280.62,20.0948148
514.3,3018244.85,20.0955556
514.333333,3018209.11,20.0962963
514.366667,3018173.32,20.097037
514.4,3018137.4,20.0977778
514.433333,3018101.36,20.0985185
514.466667,3018065.27,20.0992593
514.5,3018029.18,20.1
514.533333,3017993.19,20.1007407
514.566667,3017957.4,20.1014815
514.6,3017921.8,20.1022222
514.633333,3017886.37,20.102963
514.666667,3017851.11,20.1037037
514.7,3017815.9,20.1044444
514.733333,3017780.66,20.1051852
514.766667,3017745.34,20.1059259
514.8,3017709.91,20.1066667
514.833333,3017674.38,20.1074074
514.866667,3017638.83,20.1081481
514.9,3017603.33,20.1088889
514.933333,3017567.93,20.1096296
514.966667,3017532.75,20.1103704
515,3017497.73,20.1111111
515.033333,3017462.85,20.1118519
515.066667,3017428.06,20.1125926
515.1,3017393.29,20.1133333
515.133333,3017358.46,20.1140741
515.166667,3017323.55,20.1148148
515.2,3017288.56,20.1155556
515.233333,3017253.51,20.1162963
515.266667,3017218.5,20.117037
515.3,3017183.58,20.1177778
515.333333,3017148.79,20.1185185
515.366667,3017114.23,20.1192593
515.4,3017079.83,20.12
515.433333,3017045.54,20.1207407
515.466667,3017011.32,20.1214815
515.5,3016977.11,20.1222222
515.533333,3016942.85,20.122963
515.566667,3016908.56,20.1237037
515.6,3016874.24,20.1244444
515.633333,3016839.95,20.1251852
515.666667,3016805.77,20.1259259
515.7,3016771.75,20.1266667
515.733333,3016737.89,20.1274074
515.766667,3016704.27,20.1281481
515.8,3016670.84,20.1288889
515.833333,3016637.53,20.1296296
515.866667,3016604.3,20.1303704
515.9,3016571.1,20.1311111
515.933333,3016537.93,20.1318519
515.966667,3016504.77,20.1325926
516,3016471.68,20.1333333
516.033333,3016438.69,20.1340741
516.066667,3016405.92,20.1348148
516.1,3016373.37,20.1355556
516.133333,3016341.03,20.1362963
516.166667,3016308.93,20.137037
516.2,3016277.08,20.1377778
516.233333,3016245.36,20.1385185
516.266667,3016213.74,20.1392593
516.3,3016182.21,20.14
516.333333,3016150.77,20.1407407
516.366667,3016119.44,20.1414815
516.4,3016088.23,20.1422222
516.433333,3016057.2,20.142963
516.466667,3016026.49,20.1437037
516.5,3015996.03,20.1444444
516.533333,3015965.82,20.1451852
516.566667,3015935.85,20.1459259
516.6,3015906.16,20.1466667
516.633333,3015876.62,20.1474074
516.666667,3015847.21,20.1481481
516.7,3015817.91,20.1488889
516.733333,3015788.77,20.1496296
516.766667,3015759.8,20.1503704
516.8,3015731.02,20.1511111
516.833333,3015702.45,20.1518519
516.866667,3015674.22,20.1525926
516.9,3015646.29,20.1533333
516.933333,3015618.61,20.1540741
516.966667,3015591.15,20.1548148
517,3015563.94,20.1555556
517.033333,3015536.91,20.1562963
517.066667,3015510.01,20.157037
517.1,3015483.24,20.1577778
517.133333,3015456.64,20.1585185
517.166667,3015430.25,20.1592593
517.2,3015404.08,20.16
517.233333,3015378.14,20.1607407
517.266667,3015352.49,20.1614815
517.3,3015327.16,20.1622222
517.333333,3015302.05,20.162963
517.366667,3015277.14,20.1637037
517.4,3015252.41,20.1644444
517.433333,3015227.85,20.1651852
517.466667,3015203.42,20.1659259
517.5,3015179.12,20.1666667
517.533333,3015154.96,20.1674074
517.566667,3015131.04,20.1681481
517.6,3015107.33,20.1688889
517.633333,3015083.84,20.1696296
517.666667,3015060.57,20.1703704
517.7,3015037.6,20.1711111
517.733333,3015014.81,20.1718519
517.766667,3014992.18,20.1725926
517.8,3014969.67,20.1733333
517.833333,3014947.31,20.1740741
517.866667,3014925.06,20.1748148
517.9,3014902.93,20.1755556
517.933333,3014880.93,20.1762963
517.966667,3014859.15,20.177037
518,3014837.57,20.1777778
518.033333,3014816.18,20.1785185
518.066667,3014794.98,20.1792593
518.1,3014774.01,20.18
518.133333,3014753.19,20.1807407
518.166667,3014732.48,20.1814815
518.2,3014711.88,20.1822222
518.233333,3014691.39,20.182963
518.266667,3014671.01,20.1837037
518.3,3014650.74,20.1844444
518.333333,3014630.61,20.1851852
518.366667,3014610.66,20.1859259
518.4,3014590.92,20.1866667
518.433333,3014571.35,20.1874074
518.466667,3014551.94,20.1881481
518.5,3014532.71,20.1888889
518.533333,3014513.62,20.1896296
518.566667,3014494.63,20.1903704
518.6,3014475.73,20.1911111
518.633333,3014456.93,20.1918519
518.666667,3014438.26,20.1925926
518.7,3014419.72,20.1933333
518.733333,3014401.32,20.1940741
518.766667,3014383.09,20.1948148
518.8,3014365.09,20.1955556
518.833333,3014347.25,20.1962963
518.866667,3014329.57,20.197037
518.9,3014312.02,20.1977778
518.933333,3014294.64,20.1985185
518.966667,3014277.37,20.1992593
519,3014260.19,20.2
519.033333,3014243.11,20.2007407
519.066667,3014226.21,20.2014815
519.1,3014209.47,20.2022222
519.133333,3014192.88,20.202963
519.166667,3014176.46,20.2037037
519.2,3014160.29,20.2044444
519.233333,3014144.3,20.2051852
519.266667,3014128.45,20.2059259
519.3,3014112.75,20.2066667
519.333333,3014097.22,20.2074074
519.366667,3014081.82,20.2081481
519.4,3014066.54,20.2088889
519.433333,3014051.39,20.2096296
519.466667,3014036.42,20.2103704
519.5,3014021.65,20.2111111
519.533333,3014007.07,20.2118519
519.566667,3013992.66,20.2125926
519.6,3013978.49,20.2133333
519.633333,3013964.52,20.2140741
519.666667,3013950.7,20.2148148
519.7,3013937.03,20.2155556
519.733333,3013923.52,20.2162963
519.766667,3013910.17,20.217037
519.8,3013896.97,20.2177778
519.833333,3013883.91,20.2185185
519.866667,3013871.03,20.2192593
519.9,3013858.39,20.22
519.933333,3013845.94,20.2207407
519.966667,3013833.67,20.2214815
520,3013821.59,20.2222222
520.033333,3013809.74,20.222963
520.066667,3013798.04,20.2237037
520.1,3013786.47,20.2244444
520.133333,3013775.04,20.2251852
520.166667,3013763.8,20.2259259
520.2,3013752.71,20.2266667
520.233333,3013741.76,20.2274074
520.266667,3013730.97,20.2281481
520.3,3013720.44,20.2288889
520.333333,3013710.08,20.2296296
520.366667,3013699.88,20.2303704
520.4,3013689.84,20.2311111
520.433333,3013680.01,20.2318519
520.466667,3013670.31,20.2325926
520.5,3013660.73,20.2333333
520.533333,3013651.27,20.2340741
520.566667,3013641.97,20.2348148
520.6,3013632.82,20.2355556
520.633333,3013623.81,20.2362963
520.666667,3013614.94,20.237037
520.7,3013606.27,20.2377778
520.733333,3013597.76,20.2385185
520.766667,3013589.4,20.2392593
520.8,3013581.16,20.24
520.833333,3013573.07,20.2407407
520.866667,3013565.1,20.2414815
520.9,3013557.22,20.2422222
520.933333,3013549.45,20.242963
520.966667,3013541.79,20.2437037
521,3013534.28,20.2444444
521.033333,3013526.89,20.2451852
521.066667,3013519.61,20.2459259
521.1,3013512.48,20.2466667
521.133333,3013505.5,20.2474074
521.166667,3013498.63,20.2481481
521.2,3013491.85,20.2488889
521.233333,3013485.17,20.2496296
521.266667,3013478.6,20.2503704
521.3,3013472.1,20.2511111
521.333333,3013465.68,20.2518519
521.366667,3013459.35,20.2525926
521.4,3013453.15,20.2533333
521.433333,3013447.06,20.2540741
521.466667,3013441.06,20.2548148
521.5,3013435.16,20.2555556
521.533333,3013429.4,20.2562963
521.566667,3013423.72,20.257037
521.6,3013418.12,20.2577778
521.633333,3013412.58,20.2585185
521.666667,3013407.14,20.2592593
521.7,3013401.76,20.26
521.733333,3013396.45,20.2607407
521.766667,3013391.22,20.2614815
521.8,3013386.11,20.2622222
521.833333,3013381.09,20.262963
521.866667,3013376.17,20.2637037
521.9,3013371.33,20.2644444
521.933333,3013366.6,20.2651852
521.966667,3013361.95,20.2659259
522,3013357.36,20.2666667
522.033333,3013352.84,20.2674074
522.066667,3013348.39,20.2681481
522.1,3013344.02,20.2688889
522.133333,3013339.73,20.2696296
522.166667,3013335.51,20.2703704
522.2,3013331.4,20.2711111
522.233333,3013327.4,20.2718519
522.266667,3013323.48,20.2725926
522.3,3013319.65,20.2733333
522.333333,3013315.91,20.2740741
522.366667,3013312.26,20.2748148
522.4,3013308.67,20.2755556
522.433333,3013305.15,20.2762963
522.466667,3013301.71,20.277037
522.5,3013298.36,20.2777778
522.533333,3013295.1,20.2785185
522.566667,3013291.91,20.2792593
522.6,3013288.83,20.28
522.633333,3013285.86,20.2807407
522.666667,3013282.99,20.2814815
522.7,3013280.2,20.2822222
522.733333,3013277.48,20.282963
522.766667,3013274.87,20.2837037
522.8,3013272.33,20.2844444
522.833333,3013269.86,20.2851852
522.866667,3013267.46,20.2859259
522.9,3013265.18,20.2866667
522.933333,3013262.98,20.2874074
522.966667,3013260.86,20.2881481
523,3013258.84,20.2888889
523.033333,3013256.94,20.2896296
523.066667,3013255.13,20.2903704
523.1,3013253.39,20.2911111
523.133333,3013251.73,20.2918519
523.166667,3013250.17,20.2925926
523.2,3013248.68,20.2933333
523.233333,3013247.25,20.2940741
523.266667,3013245.9,20.2948148
523.3,3013244.65,20.2955556
523.333333,3013243.49,20.2962963
523.366667,3013242.41,20.297037
523.4,3013241.42,20.2977778
523.433333,3013240.52,20.2985185
523.466667,3013239.71,20.2992593
523.5,3013238.96,20.3
523.533333,3013238.28,20.3007407
523.566667,3013237.67,20.3014815
523.6,3013237.13,20.3022222
523.633333,3013236.65,20.302963
523.666667,3013236.24,20.3037037
523.7,3013235.9,20.3044444
523.733333,3013235.65,20.3051852
523.766667,3013235.46,20.3059259
523.8,3013235.34,20.3066667
523.833333,3013235.29,20.3074074
523.866667,3013235.31,20.3081481
523.9,3013235.38,20.3088889
523.933333,3013235.5,20.3096296
523.966667,3013235.66,20.3103704
524,3013235.88,20.3111111
524.033333,3013236.15,20.3118519
524.066667,3013236.47,20.3125926
524.1,3013236.83,20.3133333
524.133333,3013237.27,20.3140741
524.166667,3013237.76,20.3148148
524.2,3013238.29,20.3155556
524.233333,3013238.87,20.3162963
524.266667,3013239.49,20.317037
524.3,3013240.15,20.3177778
524.333333,3013240.84,20.3185185
524.366667,3013241.55,20.3192593
524.4,3013242.3,20.32
524.433333,3013243.09,20.3207407
524.466667,3013243.91,20.3214815
524.5,3013244.77,20.3222222
524.533333,3013245.67,20.322963
524.566667,3013246.61,20.3237037
524.6,3013247.57,20.3244444
524.633333,3013248.56,20.3251852
524.666667,3013249.58,20.3259259
524.7,3013250.62,20.3266667
524.733333,3013251.68,20.3274074
524.766667,3013252.75,20.3281481
524.8,3013253.85,20.3288889
524.833333,3013254.98,20.3296296
524.866667,3013256.13,20.3303704
524.9,3013257.3,20.3311111
524.933333,3013258.5,20.3318519
524.966667,3013259.74,20.3325926
525,3013260.99,20.3333333
525.033333,3013262.25,20.3340741
525.066667,3013263.54,20.3348148
525.1,3013264.84,20.3355556
525.133333,3013266.15,20.3362963
525.166667,3013267.48,20.337037
525.2,3013268.82,20.3377778
525.233333,3013270.2,20.3385185
525.266667,3013271.59,20.3392593
525.3,3013273.01,20.34
525.333333,3013274.45,20.3407407
525.366667,3013275.91,20.3414815
525.4,3013277.39,20.3422222
525.433333,3013278.89,20.342963
525.466667,3013280.4,20.3437037
525.5,3013281.93,20.3444444
525.533333,3013283.48,20.3451852
525.566667,3013285.04,20.3459259
525.6,3013286.62,20.3466667
525.633333,3013288.23,20.3474074
525.666667,3013289.87,20.3481481
525.7,3013291.53,20.3488889
525.733333,3013293.21,20.3496296
525.766667,3013294.92,20.3503704
525.8,3013296.65,20.3511111
525.833333,3013298.39,20.3518519
525.866667,3013300.15,20.3525926
525.9,3013301.93,20.3533333
525.933333,3013303.73,20.3540741
525.966667,3013305.56,20.3548148
526,3013307.4,20.3555556
526.033333,3013309.28,20.3562963
526.066667,3013311.18,20.357037
526.1,3013313.11,20.3577778
526.133333,3013315.05,20.3585185
526.166667,3013317.03,20.3592593
526.2,3013319.02,20.36
526.233333,3013321.03,20.3607407
526.266667,3013323.06,20.3614815
526.3,3013325.1,20.3622222
526.333333,3013327.18,20.362963
526.366667,3013329.27,20.3637037
526.4,3013331.38,20.3644444
526.433333,3013333.52,20.3651852
526.466667,3013335.69,20.3659259
526.5,3013337.87,20.3666667
526.533333,3013340.07,20.3674074
526.566667,3013342.29,20.3681481
526.6,3013344.53,20.3688889
526.633333,3013346.78,20.3696296
526.666667,3013349.05,20.3703704
526.7,3013351.33,20.3711111
526.733333,3013353.62,20.3718519
526.766667,3013355.94,20.3725926
526.8,3013358.27,20.3733333
526.833333,3013360.61,20.3740741
526.866667,3013362.98,20.3748148
526.9,3013365.35,20.3755556
526.933333,3013367.74,20.3762963
526.966667,3013370.13,20.377037
527,3013372.53,20.3777778
527.033333,3013374.94,20.3785185
527.066667,3013377.35,20.3792593
527.1,3013379.77,20.38
527.133333,3013382.19,20.3807407
527.166667,3013384.63,20.3814815
527.2,3013387.07,20.3822222
527.233333,3013389.51,20.382963
527.266667,3013391.96,20.3837037
527.3,3013394.41,20.3844444
527.333333,3013396.86,20.3851852
527.366667,3013399.31,20.3859259
527.4,3013401.76,20.3866667
527.433333,3013404.2,20.3874074
527.466667,3013406.64,20.3881481
527.5,3013409.07,20.3888889
527.533333,3013411.5,20.3896296
527.566667,3013413.93,20.3903704
527.6,3013416.36,20.3911111
527.633333,3013418.78,20.3918519
527.666667,3013421.2,20.3925926
527.7,3013423.61,20.3933333
527.733333,3013426.01,20.3940741
527.766667,3013428.4,20.3948148
527.8,3013430.77,20.3955556
527.833333,3013433.14,20.3962963
527.866667,3013435.49,20.397037
527.9,3013437.84,20.3977778
527.933333,3013440.18,20.3985185
527.966667,3013442.51,20.3992593
528,3013444.83,20.4
528.033333,3013447.14,20.4007407
528.066667,3013449.44,20.4014815
528.1,3013451.72,20.4022222
528.133333,3013453.99,20.402963
528.166667,3013456.25,20.4037037
528.2,3013458.49,20.4044444
528.233333,3013460.72,20.4051852
528.266667,3013462.94,20.4059259
528.3,3013465.15,20.4066667
528.333333,3013467.34,20.4074074
528.366667,3013469.53,20.4081481
528.4,3013471.7,20.4088889
528.433333,3013473.87,20.4096296
528.466667,3013476.02,20.4103704
528.5,3013478.16,20.4111111
528.533333,3013480.28,20.4118519
528.566667,3013482.39,20.4125926
528.6,3013484.49,20.4133333
528.633333,3013486.58,20.4140741
528.666667,3013488.65,20.4148148
528.7,3013490.72,20.4155556
528.733333,3013492.78,20.4162963
528.766667,3013494.83,20.417037
528.8,3013496.88,20.4177778
528.833333,3013498.91,20.4185185
528.866667,3013500.93,20.4192593
528.9,3013502.94,20.42
528.933333,3013504.95,20.4207407
528.966667,3013506.94,20.4214815
529,3013508.92,20.4222222
529.033333,3013510.9,20.422963
529.066667,3013512.87,20.4237037
529.1,3013514.83,20.4244444
529.133333,3013516.79,20.4251852
529.166667,3013518.74,20.4259259
529.2,3013520.69,20.4266667
529.233333,3013522.62,20.4274074
529.266667,3013524.55,20.4281481
529.3,3013526.48,20.4288889
529.333333,3013528.39,20.4296296
529.366667,3013530.3,20.4303704
529.4,3013532.2,20.4311111
529.433333,3013534.1,20.4318519
529.466667,3013535.99,20.4325926
529.5,3013537.87,20.4333333
529.533333,3013539.76,20.4340741
529.566667,3013541.63,20.4348148
529.6,3013543.5,20.4355556
529.633333,3013545.36,20.4362963
529.666667,3013547.22,20.437037
529.7,3013549.06,20.4377778
529.733333,3013550.9,20.4385185
529.766667,3013552.73,20.4392593
529.8,3013554.56,20.44
529.833333,3013556.38,20.4407407
529.866667,3013558.19,20.4414815
529.9,3013560,20.4422222
529.933333,3013561.8,20.442963
529.966667,3013563.59,20.4437037
530,3013565.37,20.4444444
530.033333,3013567.14,20.4451852
530.066667,3013568.9,20.4459259
530.1,3013570.65,20.4466667
530.133333,3013572.39,20.4474074
530.166667,3013574.12,20.4481481
530.2,3013575.84,20.4488889
530.233333,3013577.54,20.4496296
530.266667,3013579.24,20.4503704
530.3,3013580.93,20.4511111
530.333333,3013582.6,20.4518519
530.366667,3013584.27,20.4525926
530.4,3013585.92,20.4533333
530.433333,3013587.55,20.4540741
530.466667,3013589.17,20.4548148
530.5,3013590.77,20.4555556
530.533333,3013592.36,20.4562963
530.566667,3013593.94,20.457037
530.6,3013595.5,20.4577778
530.633333,3013597.04,20.4585185
530.666667,3013598.58,20.4592593
530.7,3013600.09,20.46
530.733333,3013601.58,20.4607407
530.766667,3013603.07,20.4614815
530.8,3013604.53,20.4622222
530.833333,3013605.97,20.462963
530.866667,3013607.4,20.4637037
530.9,3013608.81,20.4644444
530.933333,3013610.2,20.4651852
530.966667,3013611.57,20.4659259
531,3013612.92,20.4666667
531.033333,3013614.26,20.4674074
531.066667,3013615.58,20.4681481
531.1,3013616.88,20.4688889
531.133333,3013618.15,20.4696296
531.166667,3013619.41,20.4703704
531.2,3013620.66,20.4711111
531.233333,3013621.88,20.4718519
531.266667,3013623.08,20.4725926
531.3,3013624.26,20.4733333
531.333333,3013625.42,20.4740741
531.366667,3013626.57,20.4748148
531.4,3013627.69,20.4755556
531.433333,3013628.8,20.4762963
531.466667,3013629.89,20.477037
531.5,3013630.97,20.4777778
531.533333,3013632.02,20.4785185
531.566667,3013633.05,20.4792593
531.6,3013634.07,20.48
531.633333,3013635.07,20.4807407
531.666667,3013636.04,20.4814815
531.7,3013637,20.4822222
531.733333,3013637.95,20.482963
531.766667,3013638.88,20.4837037
531.8,3013639.79,20.4844444
531.833333,3013640.68,20.4851852
531.866667,3013641.56,20.4859259
531.9,3013642.43,20.4866667
531.933333,3013643.28,20.4874074
531.966667,3013644.11,20.4881481
532,3013644.92,20.4888889
532.033333,3013645.72,20.4896296
532.066667,3013646.51,20.4903704
532.1,3013647.28,20.4911111
532.133333,3013648.03,20.4918519
532.166667,3013648.78,20.4925926
532.2,3013649.51,20.4933333
532.233333,3013650.23,20.4940741
532.266667,3013650.93,20.4948148
532.3,3013651.62,20.4955556
532.333333,3013652.3,20.4962963
532.366667,3013652.96,20.497037
532.4,3013653.62,20.4977778
532.433333,3013654.26,20.4985185
532.466667,3013654.89,20.4992593
532.5,3013655.5,20.5
532.533333,3013656.11,20.5007407
532.566667,3013656.7,20.5014815
532.6,3013657.28,20.5022222
532.633333,3013657.86,20.502963
532.666667,3013658.42,20.5037037
532.7,3013658.97,20.5044444
532.733333,3013659.5,20.5051852
532.766667,3013660.03,20.5059259
532.8,3013660.54,20.5066667
532.833333,3013661.05,20.5074074
532.866667,3013661.54,20.5081481
532.9,3013662.03,20.5088889
532.933333,3013662.5,20.5096296
532.966667,3013662.96,20.5103704
533,3013663.42,20.5111111
533.033333,3013663.86,20.5118519
533.066667,3013664.28,20.5125926
533.1,3013664.7,20.5133333
533.133333,3013665.11,20.5140741
533.166667,3013665.5,20.5148148
533.2,3013665.89,20.5155556
533.233333,3013666.26,20.5162963
533.266667,3013666.62,20.517037
533.3,3013666.97,20.5177778
533.333333,3013667.31,20.5185185
533.366667,3013667.63,20.5192593
533.4,3013667.95,20.52
533.433333,3013668.25,20.5207407
533.466667,3013668.54,20.5214815
533.5,3013668.81,20.5222222
533.533333,3013669.08,20.522963
533.566667,3013669.33,20.5237037
533.6,3013669.56,20.5244444
533.633333,3013669.79,20.5251852
533.666667,3013670,20.5259259
533.7,3013670.2,20.5266667
533.733333,3013670.38,20.5274074
533.766667,3013670.55,20.5281481
533.8,3013670.71,20.5288889
533.833333,3013670.85,20.5296296
533.866667,3013670.97,20.5303704
533.9,3013671.09,20.5311111
533.933333,3013671.19,20.5318519
533.966667,3013671.27,20.5325926
534,3013671.34,20.5333333
534.033333,3013671.39,20.5340741
534.066667,3013671.43,20.5348148
534.1,3013671.46,20.5355556
534.133333,3013671.47,20.5362963
534.166667,3013671.47,20.537037
534.2,3013671.45,20.5377778
534.233333,3013671.42,20.5385185
534.266667,3013671.36,20.5392593
534.3,3013671.3,20.54
534.333333,3013671.22,20.5407407
534.366667,3013671.13,20.5414815
534.4,3013671.01,20.5422222
534.433333,3013670.86,20.542963
534.466667,3013670.62,20.5437037
534.5,3013670.25,20.5444444
534.533333,3013669.57,20.5451852
534.566667,3013668.57,20.5459259
534.6,3013667.25,20.5466667
534.633333,3013665.63,20.5474074
534.666667,3013663.65,20.5481481
534.7,3013661.5,20.5488889
534.733333,3013659.25,20.5496296
534.766667,3013656.95,20.5503704
534.8,3013654.64,20.5511111
534.833333,3013652.29,20.5518519
534.866667,3013649.84,20.5525926
534.9,3013647.27,20.5533333
534.933333,3013644.43,20.5540741
534.966667,3013641.28,20.5548148
535,3013637.88,20.5555556
535.033333,3013634.24,20.5562963
535.066667,3013630.38,20.557037
535.1,3013626.41,20.5577778
535.133333,3013622.4,20.5585185
535.166667,3013618.38,20.5592593
535.2,3013614.36,20.56
535.233333,3013610.29,20.5607407
535.266667,3013606.12,20.5614815
535.3,3013601.79,20.5622222
535.333333,3013597.25,20.562963
535.366667,3013592.4,20.5637037
535.4,3013587.34,20.5644444
535.433333,3013582.11,20.5651852
535.466667,3013576.73,20.5659259
535.5,3013571.28,20.5666667
535.533333,3013565.83,20.5674074
535.566667,3013560.36,20.5681481
535.6,3013554.89,20.5688889
535.633333,3013549.33,20.5696296
535.666667,3013543.64,20.5703704
535.7,3013537.78,20.5711111
535.733333,3013531.73,20.5718519
535.766667,3013525.38,20.5725926
535.8,3013518.85,20.5733333
535.833333,3013512.2,20.5740741
535.866667,3013505.45,20.5748148
535.9,3013498.65,20.5755556
535.933333,3013491.84,20.5762963
535.966667,3013485.01,20.577037
536,3013478.14,20.5777778
536.033333,3013471.17,20.5785185
536.066667,3013464.02,20.5792593
536.1,3013456.7,20.58
536.133333,3013449.2,20.5807407
536.166667,3013441.45,20.5814815
536.2,3013433.54,20.5822222
536.233333,3013425.54,20.582963
536.266667,3013417.48,20.5837037
536.3,3013409.38,20.5844444
536.333333,3013401.27,20.5851852
536.366667,3013393.13,20.5859259
536.4,3013384.92,20.5866667
536.433333,3013376.6,20.5874074
536.466667,3013368.09,20.5881481
536.5,3013359.41,20.5888889
536.533333,3013350.57,20.5896296
536.566667,3013341.56,20.5903704
536.6,3013332.41,20.5911111
536.633333,3013323.2,20.5918519
536.666667,3013313.97,20.5925926
536.7,3013304.73,20.5933333
536.733333,3013295.47,20.5940741
536.766667,3013286.17,20.5948148
536.8,3013276.8,20.5955556
536.833333,3013267.34,20.5962963
536.866667,3013257.69,20.597037
536.9,3013247.9,20.5977778
536.933333,3013237.99,20.5985185
536.966667,3013227.97,20.5992593
537,3013217.86,20.6
537.033333,3013207.75,20.6007407
537.066667,3013197.64,20.6014815
537.1,3013187.54,20.6022222
537.133333,3013177.45,20.602963
537.166667,3013167.32,20.6037037
537.2,3013157.13,20.6044444
537.233333,3013146.86,20.6051852
537.266667,3013136.46,20.6059259
537.3,3013125.95,20.6066667
537.333333,3013115.38,20.6074074
537.366667,3013104.75,20.6081481
537.4,3013094.1,20.6088889
537.433333,3013083.49,20.6096296
537.466667,3013072.91,20.6103704
537.5,3013062.36,20.6111111
537.533333,3013051.84,20.6118519
537.566667,3013041.29,20.6125926
537.6,3013030.71,20.6133333
537.633333,3013020.06,20.6140741
537.666667,3013009.34,20.6148148
537.7,3012998.56,20.6155556
537.733333,3012987.75,20.6162963
537.766667,3012976.95,20.617037
537.8,3012966.17,20.6177778
537.833333,3012955.47,20.6185185
537.866667,3012944.82,20.6192593
537.9,3012934.21,20.62
537.933333,3012923.64,20.6207407
537.966667,3012913.06,20.6214815
538,3012902.45,20.6222222
538.033333,3012891.8,20.622963
538.066667,3012881.12,20.6237037
538.1,3012870.42,20.6244444
538.133333,3012859.74,20.6251852
538.166667,3012849.09,20.6259259
538.2,3012838.49,20.6266667
538.233333,3012827.98,20.6274074
538.266667,3012817.53,20.6281481
538.3,3012807.13,20.6288889
538.333333,3012796.75,20.6296296
538.366667,3012786.37,20.6303704
538.4,3012775.97,20.6311111
538.433333,3012765.55,20.6318519
538.466667,3012755.11,20.6325926
538.5,3012744.69,20.6333333
538.533333,3012734.3,20.6340741
538.566667,3012723.95,20.6348148
538.6,3012713.67,20.6355556
538.633333,3012703.47,20.6362963
538.666667,3012693.33,20.637037
538.7,3012683.21,20.6377778
538.733333,3012673.11,20.6385185
538.766667,3012663,20.6392593
538.8,3012652.87,20.64
538.833333,3012642.73,20.6407407
538.866667,3012632.58,20.6414815
538.9,3012622.45,20.6422222
538.933333,3012612.36,20.642963
538.966667,3012602.33,20.6437037
539,3012592.35,20.6444444
539.033333,3012582.43,20.6451852
539.066667,3012572.55,20.6459259
539.1,3012562.69,20.6466667
539.133333,3012552.82,20.6474074
539.166667,3012542.93,20.6481481
539.2,3012533.03,20.6488889
539.233333,3012523.11,20.6496296
539.266667,3012513.2,20.6503704
539.3,3012503.31,20.6511111
539.333333,3012493.47,20.6518519
539.366667,3012483.67,20.6525926
539.4,3012473.91,20.6533333
539.433333,3012464.2,20.6540741
539.466667,3012454.47,20.6548148
539.5,3012444.65,20.6555556
539.533333,3012434.69,20.6562963
539.566667,3012424.53,20.657037
539.6,3012414,20.6577778
539.633333,3012403.22,20.6585185
539.666667,3012392.22,20.6592593
539.7,3012381.06,20.66
539.733333,3012369.78,20.6607407
539.766667,3012358.5,20.6614815
539.8,3012347.25,20.6622222
539.833333,3012336.02,20.662963
539.866667,3012324.77,20.6637037
539.9,3012313.42,20.6644444
539.933333,3012301.92,20.6651852
539.966667,3012290.24,20.6659259
540,3012278.29,20.6666667
540.033333,3012266.12,20.6674074
540.066667,3012253.82,20.6681481
540.1,3012241.42,20.6688889
540.133333,3012229,20.6696296
540.166667,3012216.62,20.6703704
540.2,3012204.28,20.6711111
540.233333,3012191.96,20.6718519
540.266667,3012179.63,20.6725926
540.3,3012167.17,20.6733333
540.333333,3012154.58,20.6740741
540.366667,3012141.83,20.6748148
540.4,3012128.88,20.6755556
540.433333,3012115.75,20.6762963
540.466667,3012102.56,20.677037
540.5,3012089.34,20.6777778
540.533333,3012076.14,20.6785185
540.566667,3012063,20.6792593
540.6,3012049.9,20.68
540.633333,3012036.81,20.6807407
540.666667,3012023.7,20.6814815
540.7,3012010.45,20.6822222
540.733333,3011997.07,20.682963
540.766667,3011983.55,20.6837037
540.8,3011969.9,20.6844444
540.833333,3011956.12,20.6851852
540.866667,3011942.32,20.6859259
540.9,3011928.53,20.6866667
540.933333,3011914.77,20.6874074
540.966667,3011901.09,20.6881481
541,3011887.44,20.6888889
541.033333,3011873.77,20.6896296
541.066667,3011860.07,20.6903704
541.1,3011846.23,20.6911111
541.133333,3011832.27,20.6918519
541.166667,3011818.19,20.6925926
541.2,3011804.02,20.6933333
541.233333,3011789.78,20.6940741
541.266667,3011775.55,20.6948148
541.3,3011761.35,20.6955556
541.333333,3011747.21,20.6962963
541.366667,3011733.12,20.697037
541.4,3011719.05,20.6977778
541.433333,3011704.95,20.6985185
541.466667,3011690.79,20.6992593
541.5,3011676.53,20.7
541.533333,3011662.15,20.7007407
541.566667,3011647.68,20.7014815
541.6,3011633.17,20.7022222
541.633333,3011618.63,20.702963
541.666667,3011604.13,20.7037037
541.7,3011589.68,20.7044444
541.733333,3011575.29,20.7051852
541.766667,3011560.94,20.7059259
541.8,3011546.6,20.7066667
541.833333,3011532.22,20.7074074
541.866667,3011517.79,20.7081481
541.9,3011503.28,20.7088889
541.933333,3011488.67,20.7096296
541.966667,3011474.02,20.7103704
542,3011459.36,20.7111111
542.033333,3011444.71,20.7118519
542.066667,3011430.13,20.7125926
542.1,3011415.62,20.7133333
542.133333,3011401.17,20.7140741
542.166667,3011386.75,20.7148148
542.2,3011372.35,20.7155556
542.233333,3011357.9,20.7162963
542.266667,3011343.42,20.717037
542.3,3011328.88,20.7177778
542.333333,3011314.29,20.7185185
542.366667,3011299.7,20.7192593
542.4,3011285.14,20.72
542.433333,3011270.62,20.7207407
542.466667,3011256.2,20.7214815
542.5,3011241.86,20.7222222
542.533333,3011227.57,20.722963
542.566667,3011213.33,20.7237037
542.6,3011199.09,20.7244444
542.633333,3011184.84,20.7251852
542.666667,3011170.56,20.7259259
542.7,3011156.26,20.7266667
542.733333,3011141.95,20.7274074
542.766667,3011127.69,20.7281481
542.8,3011113.48,20.7288889
542.833333,3011099.34,20.7296296
542.866667,3011085.31,20.7303704
542.9,3011071.37,20.7311111
542.933333,3011057.49,20.7318519
542.966667,3011043.65,20.7325926
543,3011029.82,20.7333333
543.033333,3011015.99,20.7340741
543.066667,3011002.16,20.7348148
543.1,3010988.34,20.7355556
543.133333,3010974.54,20.7362963
543.166667,3010960.82,20.737037
543.2,3010947.19,20.7377778
543.233333,3010933.63,20.7385185
543.266667,3010920.18,20.7392593
543.3,3010906.83,20.74
543.333333,3010893.53,20.7407407
543.366667,3010880.27,20.7414815
543.4,3010867.03,20.7422222
543.433333,3010853.8,20.742963
543.466667,3010840.59,20.7437037
543.5,3010827.41,20.7444444
543.533333,3010814.28,20.7451852
543.566667,3010801.24,20.7459259
543.6,3010788.3,20.7466667
543.633333,3010775.45,20.7474074
543.666667,3010762.69,20.7481481
543.7,3010750.02,20.7488889
543.733333,3010737.4,20.7496296
543.766667,3010724.81,20.7503704
543.8,3010712.24,20.7511111
543.833333,3010699.7,20.7518519
543.866667,3010687.18,20.7525926
543.9,3010674.72,20.7533333
543.933333,3010662.31,20.7540741
543.966667,3010650,20.7548148
544,3010637.8,20.7555556
544.033333,3010625.67,20.7562963
544.066667,3010613.63,20.757037
544.1,3010601.65,20.7577778
544.133333,3010589.72,20.7585185
544.166667,3010577.82,20.7592593
544.2,3010565.94,20.76
544.233333,3010554.08,20.7607407
544.266667,3010542.27,20.7614815
544.3,3010530.51,20.7622222
544.333333,3010518.82,20.762963
544.366667,3010507.22,20.7637037
544.4,3010495.73,20.7644444
544.433333,3010484.31,20.7651852
544.466667,3010472.95,20.7659259
544.5,3010461.64,20.7666667
544.533333,3010450.37,20.7674074
544.566667,3010439.13,20.7681481
544.6,3010427.9,20.7688889
544.633333,3010416.71,20.7696296
544.666667,3010405.58,20.7703704
544.7,3010394.51,20.7711111
544.733333,3010383.51,20.7718519
544.766667,3010372.58,20.7725926
544.8,3010361.76,20.7733333
544.833333,3010351.01,20.7740741
544.866667,3010340.3,20.7748148
544.9,3010329.64,20.7755556
544.933333,3010319.01,20.7762963
544.966667,3010308.41,20.777037
545,3010297.83,20.7777778
545.033333,3010287.3,20.7785185
545.066667,3010276.83,20.7792593
545.1,3010266.44,20.78
545.133333,3010256.11,20.7807407
545.166667,3010245.87,20.7814815
545.2,3010235.71,20.7822222
545.233333,3010225.61,20.782963
545.266667,3010215.56,20.7837037
545.3,3010205.55,20.7844444
545.333333,3010195.57,20.7851852
545.366667,3010185.64,20.7859259
545.4,3010175.74,20.7866667
545.433333,3010165.89,20.7874074
545.466667,3010156.1,20.7881481
545.5,3010146.41,20.7888889
545.533333,3010136.8,20.7896296
545.566667,3010127.25,20.7903704
545.6,3010117.78,20.7911111
545.633333,3010108.39,20.7918519
545.666667,3010099.03,20.7925926
545.7,3010089.72,20.7933333
545.733333,3010080.44,20.7940741
545.766667,3010071.21,20.7948148
545.8,3010062.04,20.7955556
545.833333,3010052.93,20.7962963
545.866667,3010043.88,20.797037
545.9,3010034.94,20.7977778
545.933333,3010026.08,20.7985185
545.966667,3010017.28,20.7992593
546,3010008.55,20.8
546.033333,3009999.9,20.8007407
546.066667,3009991.29,20.8014815
546.1,3009982.72,20.8022222
546.133333,3009974.2,20.802963
546.166667,3009965.74,20.8037037
546.2,3009957.34,20.8044444
546.233333,3009949.01,20.8051852
546.266667,3009940.75,20.8059259
546.3,3009932.59,20.8066667
546.333333,3009924.51,20.8074074
546.366667,3009916.5,20.8081481
546.4,3009908.54,20.8088889
546.433333,3009900.65,20.8096296
546.466667,3009892.82,20.8103704
546.5,3009885.02,20.8111111
546.533333,3009877.28,20.8118519
546.566667,3009869.59,20.8125926
546.6,3009861.98,20.8133333
546.633333,3009854.45,20.8140741
546.666667,3009846.98,20.8148148
546.7,3009839.59,20.8155556
546.733333,3009832.29,20.8162963
546.766667,3009825.05,20.817037
546.8,3009817.86,20.8177778
546.833333,3009810.72,20.8185185
546.866667,3009803.64,20.8192593
546.9,3009796.6,20.82
546.933333,3009789.6,20.8207407
546.966667,3009782.67,20.8214815
547,3009775.81,20.8222222
547.033333,3009769.02,20.822963
547.066667,3009762.3,20.8237037
547.1,3009755.64,20.8244444
547.133333,3009749.06,20.8251852
547.166667,3009742.53,20.8259259
547.2,3009736.04,20.8266667
547.233333,3009729.59,20.8274074
547.266667,3009723.2,20.8281481
547.3,3009716.85,20.8288889
547.333333,3009710.54,20.8296296
547.366667,3009704.28,20.8303704
547.4,3009698.09,20.8311111
547.433333,3009691.97,20.8318519
547.466667,3009685.91,20.8325926
547.5,3009679.9,20.8333333
547.533333,3009673.95,20.8340741
547.566667,3009668.04,20.8348148
547.6,3009662.17,20.8355556
547.633333,3009656.33,20.8362963
547.666667,3009650.54,20.837037
547.7,3009644.79,20.8377778
547.733333,3009639.08,20.8385185
547.766667,3009633.41,20.8392593
547.8,3009627.81,20.84
547.833333,3009622.26,20.8407407
547.866667,3009616.77,20.8414815
547.9,3009611.32,20.8422222
547.933333,3009605.91,20.842963
547.966667,3009600.54,20.8437037
548,3009595.21,20.8444444
548.033333,3009589.9,20.8451852
548.066667,3009584.62,20.8459259
548.1,3009579.4,20.8466667
548.133333,3009574.21,20.8474074
548.166667,3009569.06,20.8481481
548.2,3009563.97,20.8488889
548.233333,3009558.93,20.8496296
548.266667,3009553.93,20.8503704
548.3,3009548.97,20.8511111
548.333333,3009544.05,20.8518519
548.366667,3009539.16,20.8525926
548.4,3009534.3,20.8533333
548.433333,3009529.47,20.8540741
548.466667,3009524.67,20.8548148
548.5,3009519.91,20.8555556
548.533333,3009515.2,20.8562963
548.566667,3009510.53,20.857037
548.6,3009505.9,20.8577778
548.633333,3009501.33,20.8585185
548.666667,3009496.79,20.8592593
548.7,3009492.29,20.86
548.733333,3009487.82,20.8607407
548.766667,3009483.38,20.8614815
548.8,3009478.97,20.8622222
548.833333,3009474.59,20.862963
548.866667,3009470.24,20.8637037
548.9,3009465.94,20.8644444
548.933333,3009461.68,20.8651852
548.966667,3009457.47,20.8659259
549,3009453.29,20.8666667
549.033333,3009449.16,20.8674074
549.066667,3009445.07,20.8681481
549.1,3009441.01,20.8688889
549.133333,3009436.98,20.8696296
549.166667,3009432.98,20.8703704
549.2,3009429.01,20.8711111
549.233333,3009425.08,20.8718519
549.266667,3009421.17,20.8725926
549.3,3009417.31,20.8733333
549.333333,3009413.5,20.8740741
549.366667,3009409.73,20.8748148
549.4,3009405.99,20.8755556
549.433333,3009402.29,20.8762963
549.466667,3009398.63,20.877037
549.5,3009395,20.8777778
549.533333,3009391.39,20.8785185
549.566667,3009387.81,20.8792593
549.6,3009384.27,20.88
549.633333,3009380.76,20.8807407
549.666667,3009377.29,20.8814815
549.7,3009373.84,20.8822222
549.733333,3009370.45,20.882963
549.766667,3009367.09,20.8837037
549.8,3009363.77,20.8844444
549.833333,3009360.47,20.8851852
549.866667,3009357.21,20.8859259
549.9,3009353.98,20.8866667
549.933333,3009350.76,20.8874074
549.966667,3009347.57,20.8881481
550,3009344.42,20.8888889
550.033333,3009341.29,20.8896296
550.066667,3009338.2,20.8903704
550.1,3009335.13,20.8911111
550.133333,3009332.1,20.8918519
550.166667,3009329.11,20.8925926
550.2,3009326.14,20.8933333
550.233333,3009323.2,20.8940741
550.266667,3009320.28,20.8948148
550.3,3009317.38,20.8955556
550.333333,3009314.5,20.8962963
550.366667,3009311.64,20.897037
550.4,3009308.81,20.8977778
550.433333,3009306,20.8985185
550.466667,3009303.22,20.8992593
550.5,3009300.47,20.9
550.533333,3009297.74,20.9007407
550.566667,3009295.04,20.9014815
550.6,3009292.36,20.9022222
550.633333,3009289.69,20.902963
550.666667,3009287.04,20.9037037
550.7,3009284.41,20.9044444
550.733333,3009281.8,20.9051852
550.766667,3009279.19,20.9059259
550.8,3009276.61,20.9066667
550.833333,3009274.05,20.9074074
550.866667,3009271.51,20.9081481
550.9,3009268.99,20.9088889
550.933333,3009266.49,20.9096296
550.966667,3009264.01,20.9103704
551,3009261.54,20.9111111
551.033333,3009259.09,20.9118519
551.066667,3009256.64,20.9125926
551.1,3009254.21,20.9133333
551.133333,3009251.78,20.9140741
551.166667,3009249.37,20.9148148
551.2,3009246.98,20.9155556
551.233333,3009244.6,20.9162963
551.266667,3009242.24,20.917037
551.3,3009239.89,20.9177778
551.333333,3009237.56,20.9185185
551.366667,3009235.24,20.9192593
551.4,3009232.93,20.92
551.433333,3009230.62,20.9207407
551.466667,3009228.33,20.9214815
551.5,3009226.04,20.9222222
551.533333,3009223.76,20.922963
551.566667,3009221.5,20.9237037
551.6,3009219.24,20.9244444
551.633333,3009217.01,20.9251852
551.666667,3009214.78,20.9259259
551.7,3009212.57,20.9266667
551.733333,3009210.36,20.9274074
551.766667,3009208.17,20.9281481
551.8,3009205.98,20.9288889
551.833333,3009203.8,20.9296296
551.866667,3009201.63,20.9303704
551.9,3009199.46,20.9311111
551.933333,3009197.31,20.9318519
551.966667,3009195.17,20.9325926
552,3009193.03,20.9333333
552.033333,3009190.91,20.9340741
552.066667,3009188.8,20.9348148
552.1,3009186.7,20.9355556
552.133333,3009184.61,20.9362963
552.166667,3009182.53,20.937037
552.2,3009180.45,20.9377778
552.233333,3009178.39,20.9385185
552.266667,3009176.32,20.9392593
552.3,3009174.27,20.94
552.333333,3009172.22,20.9407407
552.366667,3009170.19,20.9414815
552.4,3009168.17,20.9422222
552.433333,3009166.15,20.942963
552.466667,3009164.15,20.9437037
552.5,3009162.16,20.9444444
552.533333,3009160.17,20.9451852
552.566667,3009158.19,20.9459259
552.6,3009156.22,20.9466667
552.633333,3009154.25,20.9474074
552.666667,3009152.29,20.9481481
552.7,3009150.33,20.9488889
552.733333,3009148.39,20.9496296
552.766667,3009146.46,20.9503704
552.8,3009144.53,20.9511111
552.833333,3009142.62,20.9518519
552.866667,3009140.71,20.9525926
552.9,3009138.81,20.9533333
552.933333,3009136.91,20.9540741
552.966667,3009135.02,20.9548148
553,3009133.13,20.9555556
553.033333,3009131.25,20.9562963
553.066667,3009129.37,20.957037
553.1,3009127.5,20.9577778
553.133333,3009125.63,20.9585185
553.166667,3009123.78,20.9592593
553.2,3009121.93,20.96
553.233333,3009120.08,20.9607407
553.266667,3009118.24,20.9614815
553.3,3009116.4,20.9622222
553.333333,3009114.57,20.962963
553.366667,3009112.74,20.9637037
553.4,3009110.91,20.9644444
553.433333,3009109.08,20.9651852
553.466667,3009107.25,20.9659259
553.5,3009105.43,20.9666667
553.533333,3009103.61,20.9674074
553.566667,3009101.8,20.9681481
553.6,3009099.99,20.9688889
553.633333,3009098.18,20.9696296
553.666667,3009096.37,20.9703704
553.7,3009094.56,20.9711111
553.733333,3009092.75,20.9718519
553.766667,3009090.93,20.9725926
553.8,3009089.12,20.9733333
553.833333,3009087.31,20.9740741
553.866667,3009085.49,20.9748148
553.9,3009083.68,20.9755556
553.933333,3009081.87,20.9762963
553.966667,3009080.06,20.977037
554,3009078.24,20.9777778
554.033333,3009076.43,20.9785185
554.066667,3009074.61,20.9792593
554.1,3009072.79,20.98
554.133333,3009070.97,20.9807407
554.166667,3009069.14,20.9814815
554.2,3009067.3,20.9822222
554.233333,3009065.47,20.982963
554.266667,3009063.63,20.9837037
554.3,3009061.79,20.9844444
554.333333,3009059.95,20.9851852
554.366667,3009058.11,20.9859259
554.4,3009056.26,20.9866667
554.433333,3009054.41,20.9874074
554.466667,3009052.55,20.9881481
554.5,3009050.69,20.9888889
554.533333,3009048.82,20.9896296
554.566667,3009046.94,20.9903704
554.6,3009045.07,20.9911111
554.633333,3009043.19,20.9918519
554.666667,3009041.3,20.9925926
554.7,3009039.41,20.9933333
554.733333,3009037.52,20.9940741
554.766667,3009035.62,20.9948148
554.8,3009033.72,20.9955556
554.833333,3009031.81,20.9962963
554.866667,3009029.9,20.997037
554.9,3009027.98,20.9977778
554.933333,3009026.06,20.9985185
554.966667,3009024.13,20.9992593
555,3009022.19,21
555.033333,3009020.25,21.0007407
555.066667,3009018.31,21.0014815
555.1,3009016.36,21.0022222
555.133333,3009014.41,21.002963
555.166667,3009012.46,21.0037037
555.2,3009010.5,21.0044444
555.233333,3009008.53,21.0051852
555.266667,3009006.56,21.0059259
555.3,3009004.59,21.0066667
555.333333,3009002.61,21.0074074
555.366667,3009000.62,21.0081481
555.4,3008998.63,21.0088889
555.433333,3008996.64,21.0096296
555.466667,3008994.64,21.0103704
555.5,3008992.64,21.0111111
555.533333,3008990.63,21.0118519
555.566667,3008988.62,21.0125926
555.6,3008986.61,21.0133333
555.633333,3008984.59,21.0140741
555.666667,3008982.56,21.0148148
555.7,3008980.53,21.0155556
555.733333,3008978.5,21.0162963
555.766667,3008976.46,21.017037
555.8,3008974.42,21.0177778
555.833333,3008972.37,21.0185185
555.866667,3008970.33,21.0192593
555.9,3008968.27,21.02
555.933333,3008966.21,21.0207407
555.966667,3008964.15,21.0214815
556,3008962.09,21.0222222
556.033333,3008960.01,21.022963
556.066667,3008957.94,21.0237037
556.1,3008955.85,21.0244444
556.133333,3008953.77,21.0251852
556.166667,3008951.68,21.0259259
556.2,3008949.58,21.0266667
556.233333,3008947.48,21.0274074
556.266667,3008945.38,21.0281481
556.3,3008943.27,21.0288889
556.333333,3008941.16,21.0296296
556.366667,3008939.04,21.0303704
556.4,3008936.92,21.0311111
556.433333,3008934.78,21.0318519
556.466667,3008932.65,21.0325926
556.5,3008930.51,21.0333333
556.533333,3008928.36,21.0340741
556.566667,3008926.21,21.0348148
556.6,3008924.05,21.0355556
556.633333,3008921.89,21.0362963
556.666667,3008919.72,21.037037
556.7,3008917.54,21.0377778
556.733333,3008915.36,21.0385185
556.766667,3008913.18,21.0392593
556.8,3008910.98,21.04
556.833333,3008908.78,21.0407407
556.866667,3008906.57,21.0414815
556.9,3008904.35,21.0422222
556.933333,3008902.13,21.042963
556.966667,3008899.9,21.0437037
557,3008897.67,21.0444444
557.033333,3008895.43,21.0451852
557.066667,3008893.18,21.0459259
557.1,3008890.92,21.0466667
557.133333,3008888.66,21.0474074
557.166667,3008886.38,21.0481481
557.2,3008884.1,21.0488889
557.233333,3008881.82,21.0496296
557.266667,3008879.52,21.0503704
557.3,3008877.21,21.0511111
557.333333,3008874.9,21.0518519
557.366667,3008872.58,21.0525926
557.4,3008870.26,21.0533333
557.433333,3008867.92,21.0540741
557.466667,3008865.58,21.0548148
557.5,3008863.23,21.0555556
557.533333,3008860.87,21.0562963
557.566667,3008858.5,21.057037
557.6,3008856.12,21.0577778
557.633333,3008853.74,21.0585185
557.666667,3008851.34,21.0592593
557.7,3008848.94,21.06
557.733333,3008846.53,21.0607407
557.766667,3008844.11,21.0614815
557.8,3008841.68,21.0622222
557.833333,3008839.25,21.062963
557.866667,3008836.81,21.0637037
557.9,3008834.36,21.0644444
557.933333,3008831.9,21.0651852
557.966667,3008829.43,21.0659259
558,3008826.95,21.0666667
558.033333,3008824.46,21.0674074
558.066667,3008821.97,21.0681481
558.1,3008819.47,21.0688889
558.133333,3008816.96,21.0696296
558.166667,3008814.45,21.0703704
558.2,3008811.92,21.0711111
558.233333,3008809.39,21.0718519
558.266667,3008806.85,21.0725926
558.3,3008804.3,21.0733333
558.333333,3008801.75,21.0740741
558.366667,3008799.18,21.0748148
558.4,3008796.61,21.0755556
558.433333,3008794.04,21.0762963
558.466667,3008791.45,21.077037
558.5,3008788.86,21.0777778
558.533333,3008786.26,21.0785185
558.566667,3008783.65,21.0792593
558.6,3008781.04,21.08
558.633333,3008778.42,21.0807407
558.666667,3008775.79,21.0814815
558.7,3008773.16,21.0822222
558.733333,3008770.52,21.082963
558.766667,3008767.87,21.0837037
558.8,3008765.22,21.0844444
558.833333,3008762.56,21.0851852
558.866667,3008759.89,21.0859259
558.9,3008757.21,21.0866667
558.933333,3008754.53,21.0874074
558.966667,3008751.85,21.0881481
559,3008749.16,21.0888889
559.033333,3008746.46,21.0896296
559.066667,3008743.75,21.0903704
559.1,3008741.04,21.0911111
559.133333,3008738.32,21.0918519
559.166667,3008735.6,21.0925926
559.2,3008732.87,21.0933333
559.233333,3008730.13,21.0940741
559.266667,3008727.39,21.0948148
559.3,3008724.64,21.0955556
559.333333,3008721.89,21.0962963
559.366667,3008719.13,21.097037
559.4,3008716.36,21.0977778
559.433333,3008713.59,21.0985185
559.466667,3008710.81,21.0992593
559.5,3008708.02,21.1
559.533333,3008705.23,21.1007407
559.566667,3008702.44,21.1014815
559.6,3008699.63,21.1022222
559.633333,3008696.82,21.102963
559.666667,3008694.01,21.1037037
559.7,3008691.19,21.1044444
559.733333,3008688.36,21.1051852
559.766667,3008685.52,21.1059259
559.8,3008682.68,21.1066667
559.833333,3008679.84,21.1074074
559.866667,3008676.98,21.1081481
559.9,3008674.12,21.1088889
559.933333,3008671.26,21.1096296
559.966667,3008668.39,21.1103704
560,3008665.51,21.1111111
560.033333,3008662.62,21.1118519
560.066667,3008659.73,21.1125926
560.1,3008656.83,21.1133333
560.133333,3008653.93,21.1140741
560.166667,3008651.02,21.1148148
560.2,3008648.1,21.1155556
560.233333,3008645.17,21.1162963
560.266667,3008642.24,21.117037
560.3,3008639.3,21.1177778
560.333333,3008636.36,21.1185185
560.366667,3008633.4,21.1192593
560.4,3008630.45,21.12
560.433333,3008627.48,21.1207407
560.466667,3008624.51,21.1214815
560.5,3008621.53,21.1222222
560.533333,3008618.54,21.122963
560.566667,3008615.55,21.1237037
560.6,3008612.55,21.1244444
560.633333,3008609.54,21.1251852
560.666667,3008606.53,21.1259259
560.7,3008603.51,21.1266667
560.733333,3008600.48,21.1274074
560.766667,3008597.45,21.1281481
560.8,3008594.41,21.1288889
560.833333,3008591.36,21.1296296
560.866667,3008588.3,21.1303704
560.9,3008585.24,21.1311111
560.933333,3008582.18,21.1318519
560.966667,3008579.1,21.1325926
561,3008576.02,21.1333333
561.033333,3008572.93,21.1340741
561.066667,3008569.84,21.1348148
561.1,3008566.73,21.1355556
561.133333,3008563.63,21.1362963
561.166667,3008560.51,21.137037
561.2,3008557.39,21.1377778
561.233333,3008554.26,21.1385185
561.266667,3008551.13,21.1392593
561.3,3008547.99,21.14
561.333333,3008544.85,21.1407407
561.366667,3008541.7,21.1414815
561.4,3008538.54,21.1422222
561.433333,3008535.37,21.142963
561.466667,3008532.2,21.1437037
561.5,3008529.03,21.1444444
561.533333,3008525.85,21.1451852
561.566667,3008522.66,21.1459259
561.6,3008519.47,21.1466667
561.633333,3008516.27,21.1474074
561.666667,3008513.06,21.1481481
561.7,3008509.85,21.1488889
561.733333,3008506.64,21.1496296
561.766667,3008503.42,21.1503704
561.8,3008500.19,21.1511111
561.833333,3008496.96,21.1518519
561.866667,3008493.73,21.1525926
561.9,3008490.49,21.1533333
561.933333,3008487.24,21.1540741
561.966667,3008483.99,21.1548148
562,3008480.73,21.1555556
562.033333,3008477.47,21.1562963
562.066667,3008474.21,21.157037
562.1,3008470.93,21.1577778
562.133333,3008467.66,21.1585185
562.166667,3008464.38,21.1592593
562.2,3008461.09,21.16
562.233333,3008457.8,21.1607407
562.266667,3008454.51,21.1614815
562.3,3008451.21,21.1622222
562.333333,3008447.91,21.162963
562.366667,3008444.6,21.1637037
562.4,3008441.29,21.1644444
562.433333,3008437.97,21.1651852
562.466667,3008434.65,21.1659259
562.5,3008431.33,21.1666667
562.533333,3008428,21.1674074
562.566667,3008424.67,21.1681481
562.6,3008421.33,21.1688889
562.633333,3008417.98,21.1696296
562.666667,3008414.64,21.1703704
562.7,3008411.29,21.1711111
562.733333,3008407.93,21.1718519
562.766667,3008404.57,21.1725926
562.8,3008401.21,21.1733333
562.833333,3008397.84,21.1740741
562.866667,3008394.47,21.1748148
562.9,3008391.09,21.1755556
562.933333,3008387.71,21.1762963
562.966667,3008384.32,21.177037
563,3008380.93,21.1777778
563.033333,3008377.54,21.1785185
563.066667,3008374.14,21.1792593
563.1,3008370.74,21.18
563.133333,3008367.33,21.1807407
563.166667,3008363.92,21.1814815
563.2,3008360.5,21.1822222
563.233333,3008357.08,21.182963
563.266667,3008353.66,21.1837037
563.3,3008350.23,21.1844444
563.333333,3008346.79,21.1851852
563.366667,3008343.35,21.1859259
563.4,3008339.91,21.1866667
563.433333,3008336.46,21.1874074
563.466667,3008333.01,21.1881481
563.5,3008329.56,21.1888889
563.533333,3008326.1,21.1896296
563.566667,3008322.63,21.1903704
563.6,3008319.16,21.1911111
563.633333,3008315.69,21.1918519
563.666667,3008312.21,21.1925926
563.7,3008308.73,21.1933333
563.733333,3008305.24,21.1940741
563.766667,3008301.75,21.1948148
563.8,3008298.25,21.1955556
563.833333,3008294.75,21.1962963
563.866667,3008291.24,21.197037
563.9,3008287.73,21.1977778
563.933333,3008284.22,21.1985185
563.966667,3008280.7,21.1992593
564,3008277.18,21.2
564.033333,3008273.65,21.2007407
564.066667,3008270.12,21.2014815
564.1,3008266.58,21.2022222
564.133333,3008263.04,21.202963
564.166667,3008259.49,21.2037037
564.2,3008255.95,21.2044444
564.233333,3008252.39,21.2051852
564.266667,3008248.83,21.2059259
564.3,3008245.27,21.2066667
564.333333,3008241.71,21.2074074
564.366667,3008238.14,21.2081481
564.4,3008234.56,21.2088889
564.433333,3008230.98,21.2096296
564.466667,3008227.4,21.2103704
564.5,3008223.81,21.2111111
564.533333,3008220.22,21.2118519
564.566667,3008216.63,21.2125926
564.6,3008213.03,21.2133333
564.633333,3008209.43,21.2140741
564.666667,3008205.82,21.2148148
564.7,3008202.22,21.2155556
564.733333,3008198.6,21.2162963
564.766667,3008194.99,21.217037
564.8,3008191.37,21.2177778
564.833333,3008187.74,21.2185185
564.866667,3008184.11,21.2192593
564.9,3008180.48,21.22
564.933333,3008176.85,21.2207407
564.966667,3008173.21,21.2214815
565,3008169.57,21.2222222
565.033333,3008165.93,21.222963
565.066667,3008162.28,21.2237037
565.1,3008158.63,21.2244444
565.133333,3008154.97,21.2251852
565.166667,3008151.32,21.2259259
565.2,3008147.66,21.2266667
565.233333,3008143.99,21.2274074
565.266667,3008140.33,21.2281481
565.3,3008136.66,21.2288889
565.333333,3008132.98,21.2296296
565.366667,3008129.31,21.2303704
565.4,3008125.63,21.2311111
565.433333,3008121.95,21.2318519
565.466667,3008118.26,21.2325926
565.5,3008114.58,21.2333333
565.533333,3008110.89,21.2340741
565.566667,3008107.2,21.2348148
565.6,3008103.5,21.2355556
565.633333,3008099.8,21.2362963
565.666667,3008096.1,21.237037
565.7,3008092.39,21.2377778
565.733333,3008088.69,21.2385185
565.766667,3008084.98,21.2392593
565.8,3008081.27,21.24
565.833333,3008077.55,21.2407407
565.866667,3008073.83,21.2414815
565.9,3008070.11,21.2422222
565.933333,3008066.39,21.242963
565.966667,3008062.66,21.2437037
566,3008058.93,21.2444444
566.033333,3008055.2,21.2451852
566.066667,3008051.47,21.2459259
566.1,3008047.73,21.2466667
566.133333,3008043.99,21.2474074
566.166667,3008040.25,21.2481481
566.2,3008036.5,21.2488889
566.233333,3008032.75,21.2496296
566.266667,3008029,21.2503704
566.3,3008025.25,21.2511111
566.333333,3008021.49,21.2518519
566.366667,3008017.73,21.2525926
566.4,3008013.97,21.2533333
566.433333,3008010.2,21.2540741
566.466667,3008006.43,21.2548148
566.5,3008002.66,21.2555556
566.533333,3007998.89,21.2562963
566.566667,3007995.11,21.257037
566.6,3007991.33,21.2577778
566.633333,3007987.55,21.2585185
566.666667,3007983.76,21.2592593
566.7,3007979.97,21.26
566.733333,3007976.18,21.2607407
566.766667,3007972.39,21.2614815
566.8,3007968.59,21.2622222
566.833333,3007964.79,21.262963
566.866667,3007960.99,21.2637037
566.9,3007957.18,21.2644444
566.933333,3007953.37,21.2651852
566.966667,3007949.56,21.2659259
567,3007945.75,21.2666667
567.033333,3007941.93,21.2674074
567.066667,3007938.11,21.2681481
567.1,3007934.28,21.2688889
567.133333,3007930.46,21.2696296
567.166667,3007926.63,21.2703704
567.2,3007922.79,21.2711111
567.233333,3007918.96,21.2718519
567.266667,3007915.12,21.2725926
567.3,3007911.28,21.2733333
567.333333,3007907.44,21.2740741
567.366667,3007903.59,21.2748148
567.4,3007899.74,21.2755556
567.433333,3007895.89,21.2762963
567.466667,3007892.03,21.277037
567.5,3007888.17,21.2777778
567.533333,3007884.31,21.2785185
567.566667,3007880.45,21.2792593
567.6,3007876.58,21.28
567.633333,3007872.72,21.2807407
567.666667,3007868.84,21.2814815
567.7,3007864.97,21.2822222
567.733333,3007861.09,21.282963
567.766667,3007857.21,21.2837037
567.8,3007853.33,21.2844444
567.833333,3007849.45,21.2851852
567.866667,3007845.56,21.2859259
567.9,3007841.67,21.2866667
567.933333,3007837.78,21.2874074
567.966667,3007833.88,21.2881481
568,3007829.98,21.2888889
568.033333,3007826.08,21.2896296
568.066667,3007822.18,21.2903704
568.1,3007818.28,21.2911111
568.133333,3007814.37,21.2918519
568.166667,3007810.46,21.2925926
568.2,3007806.55,21.2933333
568.233333,3007802.64,21.2940741
568.266667,3007798.72,21.2948148
568.3,3007794.8,21.2955556
568.333333,3007790.88,21.2962963
568.366667,3007786.96,21.297037
568.4,3007783.03,21.2977778
568.433333,3007779.1,21.2985185
568.466667,3007775.17,21.2992593
568.5,3007771.24,21.3
568.533333,3007767.31,21.3007407
568.566667,3007763.37,21.3014815
568.6,3007759.43,21.3022222
568.633333,3007755.49,21.302963
568.666667,3007751.55,21.3037037
568.7,3007747.61,21.3044444
568.733333,3007743.66,21.3051852
568.766667,3007739.71,21.3059259
568.8,3007735.76,21.3066667
568.833333,3007731.81,21.3074074
568.866667,3007727.85,21.3081481
568.9,3007723.89,21.3088889
568.933333,3007719.94,21.3096296
568.966667,3007715.97,21.3103704
569,3007712.01,21.3111111
569.033333,3007708.05,21.3118519
569.066667,3007704.08,21.3125926
569.1,3007700.11,21.3133333
569.133333,3007696.14,21.3140741
569.166667,3007692.16,21.3148148
569.2,3007688.19,21.3155556
569.233333,3007684.21,21.3162963
569.266667,3007680.23,21.317037
569.3,3007676.25,21.3177778
569.333333,3007672.26,21.3185185
569.366667,3007668.28,21.3192593
569.4,3007664.29,21.32
569.433333,3007660.3,21.3207407
569.466667,3007656.3,21.3214815
569.5,3007652.31,21.3222222
569.533333,3007648.31,21.322963
569.566667,3007644.31,21.3237037
569.6,3007640.31,21.3244444
569.633333,3007636.31,21.3251852
569.666667,3007632.3,21.3259259
569.7,3007628.29,21.3266667
569.733333,3007624.28,21.3274074
569.766667,3007620.27,21.3281481
569.8,3007616.25,21.3288889
569.833333,3007612.24,21.3296296
569.866667,3007608.22,21.3303704
569.9,3007604.2,21.3311111
569.933333,3007600.17,21.3318519
569.966667,3007596.15,21.3325926
570,3007592.12,21.3333333
570.033333,3007588.09,21.3340741
570.066667,3007584.06,21.3348148
570.1,3007580.02,21.3355556
570.133333,3007575.98,21.3362963
570.166667,3007571.94,21.337037
570.2,3007567.9,21.3377778
570.233333,3007563.86,21.3385185
570.266667,3007559.81,21.3392593
570.3,3007555.76,21.34
570.333333,3007551.71,21.3407407
570.366667,3007547.66,21.3414815
570.4,3007543.6,21.3422222
570.433333,3007539.54,21.342963
570.466667,3007535.48,21.3437037
570.5,3007531.42,21.3444444
570.533333,3007527.35,21.3451852
570.566667,3007523.29,21.3459259
570.6,3007519.22,21.3466667
570.633333,3007515.15,21.3474074
570.666667,3007511.07,21.3481481
570.7,3007506.99,21.3488889
570.733333,3007502.92,21.3496296
570.766667,3007498.84,21.3503704
570.8,3007494.75,21.3511111
570.833333,3007490.67,21.3518519
570.866667,3007486.58,21.3525926
570.9,3007482.49,21.3533333
570.933333,3007478.4,21.3540741
570.966667,3007474.3,21.3548148
571,3007470.21,21.3555556
571.033333,3007466.11,21.3562963
571.066667,3007462.01,21.357037
571.1,3007457.91,21.3577778
571.133333,3007453.8,21.3585185
571.166667,3007449.7,21.3592593
571.2,3007445.59,21.36
571.233333,3007441.48,21.3607407
571.266667,3007437.36,21.3614815
571.3,3007433.25,21.3622222
571.333333,3007429.13,21.362963
571.366667,3007425.01,21.3637037
571.4,3007420.89,21.3644444
571.433333,3007416.77,21.3651852
571.466667,3007412.64,21.3659259
571.5,3007408.52,21.3666667
571.533333,3007404.39,21.3674074
571.566667,3007400.26,21.3681481
571.6,3007396.12,21.3688889
571.633333,3007391.99,21.3696296
571.666667,3007387.85,21.3703704
571.7,3007383.71,21.3711111
571.733333,3007379.57,21.3718519
571.766667,3007375.43,21.3725926
571.8,3007371.28,21.3733333
571.833333,3007367.14,21.3740741
571.866667,3007362.99,21.3748148
571.9,3007358.84,21.3755556
571.933333,3007354.69,21.3762963
571.966667,3007350.53,21.377037
572,3007346.37,21.3777778
572.033333,3007342.22,21.3785185
572.066667,3007338.06,21.3792593
572.1,3007333.89,21.38
572.133333,3007329.73,21.3807407
572.166667,3007325.56,21.3814815
572.2,3007321.4,21.3822222
572.233333,3007317.23,21.382963
572.266667,3007313.06,21.3837037
572.3,3007308.88,21.3844444
572.333333,3007304.71,21.3851852
572.366667,3007300.53,21.3859259
572.4,3007296.35,21.3866667
572.433333,3007292.17,21.3874074
572.466667,3007287.98,21.3881481
572.5,3007283.8,21.3888889
572.533333,3007279.61,21.3896296
572.566667,3007275.42,21.3903704
572.6,3007271.23,21.3911111
572.633333,3007267.04,21.3918519
572.666667,3007262.84,21.3925926
572.7,3007258.65,21.3933333
572.733333,3007254.45,21.3940741
572.766667,3007250.25,21.3948148
572.8,3007246.04,21.3955556
572.833333,3007241.84,21.3962963
572.866667,3007237.63,21.397037
572.9,3007233.42,21.3977778
572.933333,3007229.21,21.3985185
572.966667,3007225,21.3992593
573,3007220.78,21.4
573.033333,3007216.56,21.4007407
573.066667,3007212.34,21.4014815
573.1,3007208.12,21.4022222
573.133333,3007203.9,21.402963
573.166667,3007199.67,21.4037037
573.2,3007195.44,21.4044444
573.233333,3007191.21,21.4051852
573.266667,3007186.98,21.4059259
573.3,3007182.75,21.4066667
573.333333,3007178.51,21.4074074
573.366667,3007174.27,21.4081481
573.4,3007170.03,21.4088889
573.433333,3007165.79,21.4096296
573.466667,3007161.54,21.4103704
573.5,3007157.3,21.4111111
573.533333,3007153.05,21.4118519
573.566667,3007148.8,21.4125926
573.6,3007144.54,21.4133333
573.633333,3007140.29,21.4140741
573.666667,3007136.03,21.4148148
573.7,3007131.77,21.4155556
573.733333,3007127.51,21.4162963
573.766667,3007123.24,21.417037
573.8,3007118.98,21.4177778
573.833333,3007114.71,21.4185185
573.866667,3007110.44,21.4192593
573.9,3007106.17,21.42
573.933333,3007101.89,21.4207407
573.966667,3007097.62,21.4214815
574,3007093.34,21.4222222
574.033333,3007089.06,21.422963
574.066667,3007084.77,21.4237037
574.1,3007080.49,21.4244444
574.133333,3007076.2,21.4251852
574.166667,3007071.91,21.4259259
574.2,3007067.62,21.4266667
574.233333,3007063.33,21.4274074
574.266667,3007059.03,21.4281481
574.3,3007054.74,21.4288889
574.333333,3007050.44,21.4296296
574.366667,3007046.14,21.4303704
574.4,3007041.83,21.4311111
574.433333,3007037.53,21.4318519
574.466667,3007033.22,21.4325926
574.5,3007028.91,21.4333333
574.533333,3007024.6,21.4340741
574.566667,3007020.29,21.4348148
574.6,3007015.97,21.4355556
574.633333,3007011.66,21.4362963
574.666667,3007007.34,21.437037
574.7,3007003.02,21.4377778
574.733333,3006998.69,21.4385185
574.766667,3006994.37,21.4392593
574.8,3006990.04,21.44
574.833333,3006985.71,21.4407407
574.866667,3006981.38,21.4414815
574.9,3006977.05,21.4422222
574.933333,3006972.71,21.442963
574.966667,3006968.38,21.4437037
575,3006964.04,21.4444444
575.033333,3006959.7,21.4451852
575.066667,3006955.36,21.4459259
575.1,3006951.01,21.4466667
575.133333,3006946.67,21.4474074
575.166667,3006942.32,21.4481481
575.2,3006937.97,21.4488889
575.233333,3006933.62,21.4496296
575.266667,3006929.26,21.4503704
575.3,3006924.91,21.4511111
575.333333,3006920.55,21.4518519
575.366667,3006916.19,21.4525926
575.4,3006911.83,21.4533333
575.433333,3006907.47,21.4540741
575.466667,3006903.1,21.4548148
575.5,3006898.73,21.4555556
575.533333,3006894.36,21.4562963
575.566667,3006889.99,21.457037
575.6,3006885.62,21.4577778
575.633333,3006881.25,21.4585185
575.666667,3006876.87,21.4592593
575.7,3006872.49,21.46
575.733333,3006868.11,21.4607407
575.766667,3006863.73,21.4614815
575.8,3006859.34,21.4622222
575.833333,3006854.95,21.462963
575.866667,3006850.57,21.4637037
575.9,3006846.18,21.4644444
575.933333,3006841.78,21.4651852
575.966667,3006837.39,21.4659259
576,3006832.99,21.4666667
576.033333,3006828.59,21.4674074
576.066667,3006824.19,21.4681481
576.1,3006819.79,21.4688889
576.133333,3006815.39,21.4696296
576.166667,3006810.98,21.4703704
576.2,3006806.57,21.4711111
576.233333,3006802.16,21.4718519
576.266667,3006797.75,21.4725926
576.3,3006793.33,21.4733333
576.333333,3006788.92,21.4740741
576.366667,3006784.5,21.4748148
576.4,3006780.08,21.4755556
576.433333,3006775.65,21.4762963
576.466667,3006771.23,21.477037
576.5,3006766.8,21.4777778
576.533333,3006762.37,21.4785185
576.566667,3006757.94,21.4792593
576.6,3006753.51,21.48
576.633333,3006749.08,21.4807407
576.666667,3006744.64,21.4814815
576.7,3006740.2,21.4822222
576.733333,3006735.76,21.482963
576.766667,3006731.32,21.4837037
576.8,3006726.87,21.4844444
576.833333,3006722.42,21.4851852
576.866667,3006717.97,21.4859259
576.9,3006713.52,21.4866667
576.933333,3006709.07,21.4874074
576.966667,3006704.62,21.4881481
577,3006700.16,21.4888889
577.033333,3006695.7,21.4896296
577.066667,3006691.24,21.4903704
577.1,3006686.77,21.4911111
577.133333,3006682.31,21.4918519
577.166667,3006677.84,21.4925926
577.2,3006673.37,21.4933333
577.233333,3006668.9,21.4940741
577.266667,3006664.43,21.4948148
577.3,3006659.95,21.4955556
577.333333,3006655.48,21.4962963
577.366667,3006651,21.497037
577.4,3006646.52,21.4977778
577.433333,3006642.03,21.4985185
577.466667,3006637.55,21.4992593
577.5,3006633.06,21.5
577.533333,3006628.57,21.5007407
577.566667,3006624.08,21.5014815
577.6,3006619.59,21.5022222
577.633333,3006615.09,21.502963
577.666667,3006610.6,21.5037037
577.7,3006606.1,21.5044444
577.733333,3006601.6,21.5051852
577.766667,3006597.09,21.5059259
577.8,3006592.59,21.5066667
577.833333,3006588.08,21.5074074
577.866667,3006583.57,21.5081481
577.9,3006579.06,21.5088889
577.933333,3006574.55,21.5096296
577.966667,3006570.04,21.5103704
578,3006565.52,21.5111111
578.033333,3006561,21.5118519
578.066667,3006556.48,21.5125926
578.1,3006551.96,21.5133333
578.133333,3006547.44,21.5140741
578.166667,3006542.91,21.5148148
578.2,3006538.39,21.5155556
578.233333,3006533.86,21.5162963
578.266667,3006529.33,21.517037
578.3,3006524.79,21.5177778
578.333333,3006520.26,21.5185185
578.366667,3006515.72,21.5192593
578.4,3006511.18,21.52
578.433333,3006506.64,21.5207407
578.466667,3006502.1,21.5214815
578.5,3006497.56,21.5222222
578.533333,3006493.01,21.522963
578.566667,3006488.46,21.5237037
578.6,3006483.91,21.5244444
578.633333,3006479.36,21.5251852
578.666667,3006474.81,21.5259259
578.7,3006470.25,21.5266667
578.733333,3006465.69,21.5274074
578.766667,3006461.13,21.5281481
578.8,3006456.57,21.5288889
578.833333,3006452.01,21.5296296
578.866667,3006447.45,21.5303704
578.9,3006442.88,21.5311111
578.933333,3006438.31,21.5318519
578.966667,3006433.74,21.5325926
579,3006429.17,21.5333333
579.033333,3006424.59,21.5340741
579.066667,3006420.02,21.5348148
579.1,3006415.44,21.5355556
579.133333,3006410.86,21.5362963
579.166667,3006406.28,21.537037
579.2,3006401.69,21.5377778
579.233333,3006397.11,21.5385185
579.266667,3006392.52,21.5392593
579.3,3006387.93,21.54
579.333333,3006383.34,21.5407407
579.366667,3006378.75,21.5414815
579.4,3006374.15,21.5422222
579.433333,3006369.55,21.542963
579.466667,3006364.96,21.5437037
579.5,3006360.35,21.5444444
579.533333,3006355.75,21.5451852
579.566667,3006351.15,21.5459259
579.6,3006346.54,21.5466667
579.633333,3006341.93,21.5474074
579.666667,3006337.32,21.5481481
579.7,3006332.71,21.5488889
579.733333,3006328.1,21.5496296
579.766667,3006323.48,21.5503704
579.8,3006318.86,21.5511111
579.833333,3006314.24,21.5518519
579.866667,3006309.62,21.5525926
579.9,3006305,21.5533333
579.933333,3006300.37,21.5540741
579.966667,3006295.74,21.5548148
580,3006291.11,21.5555556
580.033333,3006286.48,21.5562963
580.066667,3006281.85,21.557037
580.1,3006277.22,21.5577778
580.133333,3006272.58,21.5585185
580.166667,3006267.94,21.5592593
580.2,3006263.3,21.56
580.233333,3006258.66,21.5607407
580.266667,3006254.01,21.5614815
580.3,3006249.37,21.5622222
580.333333,3006244.72,21.562963
580.366667,3006240.07,21.5637037
580.4,3006235.42,21.5644444
580.433333,3006230.76,21.5651852
580.466667,3006226.11,21.5659259
580.5,3006221.45,21.5666667
580.533333,3006216.79,21.5674074
580.566667,3006212.13,21.5681481
580.6,3006207.47,21.5688889
580.633333,3006202.8,21.5696296
580.666667,3006198.13,21.5703704
580.7,3006193.47,21.5711111
580.733333,3006188.79,21.5718519
580.766667,3006184.12,21.5725926
580.8,3006179.45,21.5733333
580.833333,3006174.78,21.5740741
580.866667,3006170.11,21.5748148
580.9,3006165.46,21.5755556
580.933333,3006160.85,21.5762963
580.966667,3006156.3,21.577037
581,3006151.83,21.5777778
581.033333,3006147.51,21.5785185
581.066667,3006143.33,21.5792593
581.1,3006139.29,21.58
581.133333,3006135.39,21.5807407
581.166667,3006131.67,21.5814815
581.2,3006128.12,21.5822222
581.233333,3006124.7,21.582963
581.266667,3006121.42,21.5837037
581.3,3006118.31,21.5844444
581.333333,3006115.4,21.5851852
581.366667,3006112.67,21.5859259
581.4,3006110.13,21.5866667
581.433333,3006107.83,21.5874074
581.466667,3006105.82,21.5881481
581.5,3006104.02,21.5888889
581.533333,3006102.43,21.5896296
581.566667,3006101.09,21.5903704
581.6,3006100.02,21.5911111
581.633333,3006099.14,21.5918519
581.666667,3006098.47,21.5925926
581.7,3006098.02,21.5933333
581.733333,3006097.87,21.5940741
581.766667,3006097.96,21.5948148
581.8,3006098.28,21.5955556
581.833333,3006098.88,21.5962963
581.866667,3006099.83,21.597037
581.9,3006101.03,21.5977778
581.933333,3006102.48,21.5985185
581.966667,3006104.17,21.5992593
582,3006106.2,21.6
582.033333,3006108.46,21.6007407
582.066667,3006110.95,21.6014815
582.1,3006113.67,21.6022222
582.133333,3006116.75,21.602963
582.166667,3006120.1,21.6037037
582.2,3006123.72,21.6044444
582.233333,3006127.6,21.6051852
582.266667,3006131.86,21.6059259
582.3,3006136.4,21.6066667
582.333333,3006141.2,21.6074074
582.366667,3006146.25,21.6081481
582.4,3006151.63,21.6088889
582.433333,3006157.28,21.6096296
582.466667,3006163.18,21.6103704
582.5,3006169.33,21.6111111
582.533333,3006175.81,21.6118519
582.566667,3006182.63,21.6125926
582.6,3006189.71,21.6133333
582.633333,3006197.07,21.6140741
582.666667,3006204.77,21.6148148
582.7,3006212.79,21.6155556
582.733333,3006221.06,21.6162963
582.766667,3006229.59,21.617037
582.8,3006238.4,21.6177778
582.833333,3006247.54,21.6185185
582.866667,3006256.93,21.6192593
582.9,3006266.58,21.62
582.933333,3006276.52,21.6207407
582.966667,3006286.82,21.6214815
583,3006297.39,21.6222222
583.033333,3006308.23,21.622963
583.066667,3006319.35,21.6237037
583.1,3006330.81,21.6244444
583.133333,3006342.52,21.6251852
583.166667,3006354.47,21.6259259
583.2,3006366.66,21.6266667
583.233333,3006379.19,21.6274074
583.266667,3006391.96,21.6281481
583.3,3006404.98,21.6288889
583.333333,3006418.24,21.6296296
583.366667,3006431.86,21.6303704
583.4,3006445.73,21.6311111
583.433333,3006459.84,21.6318519
583.466667,3006474.19,21.6325926
583.5,3006488.84,21.6333333
583.533333,3006503.72,21.6340741
583.566667,3006518.81,21.6348148
583.6,3006534.11,21.6355556
583.633333,3006549.68,21.6362963
583.666667,3006565.5,21.637037
583.7,3006581.52,21.6377778
583.733333,3006597.76,21.6385185
583.766667,3006614.27,21.6392593
583.8,3006631.01,21.64
583.833333,3006647.95,21.6407407
583.866667,3006665.08,21.6414815
583.9,3006682.43,21.6422222
583.933333,3006699.98,21.642963
583.966667,3006717.7,21.6437037
584,3006735.59,21.6444444
584.033333,3006753.66,21.6451852
584.066667,3006771.95,21.6459259
584.1,3006790.4,21.6466667
584.133333,3006809.02,21.6474074
584.166667,3006827.81,21.6481481
584.2,3006846.8,21.6488889
584.233333,3006865.93,21.6496296
584.266667,3006885.19,21.6503704
584.3,3006904.59,21.6511111
584.333333,3006924.15,21.6518519
584.366667,3006943.82,21.6525926
584.4,3006963.61,21.6533333
584.433333,3006983.51,21.6540741
584.466667,3007003.58,21.6548148
584.5,3007023.75,21.6555556
584.533333,3007044.03,21.6562963
584.566667,3007064.42,21.657037
584.6,3007084.94,21.6577778
584.633333,3007105.55,21.6585185
584.666667,3007126.24,21.6592593
584.7,3007147,21.66
584.733333,3007167.85,21.6607407
584.766667,3007188.78,21.6614815
584.8,3007209.77,21.6622222
584.833333,3007230.83,21.662963
584.866667,3007251.98,21.6637037
584.9,3007273.21,21.6644444
584.933333,3007294.49,21.6651852
584.966667,3007315.83,21.6659259
585,3007337.23,21.6666667
585.033333,3007358.68,21.6674074
585.066667,3007380.16,21.6681481
585.1,3007401.68,21.6688889
585.133333,3007423.24,21.6696296
585.166667,3007444.83,21.6703704
585.2,3007466.46,21.6711111
585.233333,3007488.12,21.6718519
585.266667,3007509.82,21.6725926
585.3,3007531.56,21.6733333
585.333333,3007553.33,21.6740741
585.366667,3007575.11,21.6748148
585.4,3007596.92,21.6755556
585.433333,3007618.75,21.6762963
585.466667,3007640.58,21.677037
585.5,3007662.43,21.6777778
585.533333,3007684.28,21.6785185
585.566667,3007706.14,21.6792593
585.6,3007728.02,21.68
585.633333,3007749.91,21.6807407
585.666667,3007771.81,21.6814815
585.7,3007793.72,21.6822222
585.733333,3007815.64,21.682963
585.766667,3007837.57,21.6837037
585.8,3007859.49,21.6844444
585.833333,3007881.41,21.6851852
585.866667,3007903.32,21.6859259
585.9,3007925.23,21.6866667
585.933333,3007947.13,21.6874074
585.966667,3007969.03,21.6881481
586,3007990.93,21.6888889
586.033333,3008012.82,21.6896296
586.066667,3008034.72,21.6903704
586.1,3008056.61,21.6911111
586.133333,3008078.49,21.6918519
586.166667,3008100.37,21.6925926
586.2,3008122.23,21.6933333
586.233333,3008144.07,21.6940741
586.266667,3008165.89,21.6948148
586.3,3008187.7,21.6955556
586.333333,3008209.49,21.6962963
586.366667,3008231.27,21.697037
586.4,3008253.03,21.6977778
586.433333,3008274.78,21.6985185
586.466667,3008296.52,21.6992593
586.5,3008318.24,21.7
586.533333,3008339.93,21.7007407
586.566667,3008361.6,21.7014815
586.6,3008383.24,21.7022222
586.633333,3008404.85,21.702963
586.666667,3008426.42,21.7037037
586.7,3008447.96,21.7044444
586.733333,3008469.48,21.7051852
586.766667,3008490.97,21.7059259
586.8,3008512.42,21.7066667
586.833333,3008533.84,21.7074074
586.866667,3008555.23,21.7081481
586.9,3008576.59,21.7088889
586.933333,3008597.89,21.7096296
586.966667,3008619.15,21.7103704
587,3008640.36,21.7111111
587.033333,3008661.53,21.7118519
587.066667,3008682.64,21.7125926
587.1,3008703.7,21.7133333
587.133333,3008724.71,21.7140741
587.166667,3008745.67,21.7148148
587.2,3008766.57,21.7155556
587.233333,3008787.42,21.7162963
587.266667,3008808.21,21.717037
587.3,3008828.95,21.7177778
587.333333,3008849.61,21.7185185
587.366667,3008870.2,21.7192593
587.4,3008890.72,21.72
587.433333,3008911.18,21.7207407
587.466667,3008931.55,21.7214815
587.5,3008951.84,21.7222222
587.533333,3008972.07,21.722963
587.566667,3008992.23,21.7237037
587.6,3009012.31,21.7244444
587.633333,3009032.29,21.7251852
587.666667,3009052.21,21.7259259
587.7,3009072.04,21.7266667
587.733333,3009091.78,21.7274074
587.766667,3009111.42,21.7281481
587.8,3009130.97,21.7288889
587.833333,3009150.44,21.7296296
587.866667,3009169.81,21.7303704
587.9,3009189.07,21.7311111
587.933333,3009208.25,21.7318519
587.966667,3009227.35,21.7325926
588,3009246.34,21.7333333
588.033333,3009265.22,21.7340741
588.066667,3009284.01,21.7348148
588.1,3009302.71,21.7355556
588.133333,3009321.3,21.7362963
588.166667,3009339.76,21.737037
588.2,3009358.13,21.7377778
588.233333,3009376.4,21.7385185
588.266667,3009394.57,21.7392593
588.3,3009412.61,21.74
588.333333,3009430.56,21.7407407
588.366667,3009448.41,21.7414815
588.4,3009466.17,21.7422222
588.433333,3009483.78,21.742963
588.466667,3009501.3,21.7437037
588.5,3009518.72,21.7444444
588.533333,3009536.04,21.7451852
588.566667,3009553.22,21.7459259
588.6,3009570.29,21.7466667
588.633333,3009587.27,21.7474074
588.666667,3009604.16,21.7481481
588.7,3009620.91,21.7488889
588.733333,3009637.56,21.7496296
588.766667,3009654.11,21.7503704
588.8,3009670.57,21.7511111
588.833333,3009686.9,21.7518519
588.866667,3009703.12,21.7525926
588.9,3009719.25,21.7533333
588.933333,3009735.27,21.7540741
588.966667,3009751.18,21.7548148
589,3009766.97,21.7555556
589.033333,3009782.68,21.7562963
589.066667,3009798.29,21.757037
589.1,3009813.79,21.7577778
589.133333,3009829.17,21.7585185
589.166667,3009844.47,21.7592593
589.2,3009859.68,21.76
589.233333,3009874.78,21.7607407
589.266667,3009889.76,21.7614815
589.3,3009904.65,21.7622222
589.333333,3009919.46,21.762963
589.366667,3009934.16,21.7637037
589.4,3009948.75,21.7644444
589.433333,3009963.25,21.7651852
589.466667,3009977.66,21.7659259
589.5,3009991.99,21.7666667
589.533333,3010006.19,21.7674074
589.566667,3010020.32,21.7681481
589.6,3010034.35,21.7688889
589.633333,3010048.3,21.7696296
589.666667,3010062.13,21.7703704
589.7,3010075.87,21.7711111
589.733333,3010089.53,21.7718519
589.766667,3010103.11,21.7725926
589.8,3010116.56,21.7733333
589.833333,3010129.94,21.7740741
589.866667,3010143.23,21.7748148
589.9,3010156.44,21.7755556
589.933333,3010169.54,21.7762963
589.966667,3010182.55,21.777037
590,3010195.47,21.7777778
590.033333,3010208.32,21.7785185
590.066667,3010221.05,21.7792593
590.1,3010233.69,21.78
590.133333,3010246.25,21.7807407
590.166667,3010258.72,21.7814815
590.2,3010271.09,21.7822222
590.233333,3010283.37,21.782963
590.266667,3010295.56,21.7837037
590.3,3010307.67,21.7844444
590.333333,3010319.68,21.7851852
590.366667,3010331.59,21.7859259
590.4,3010343.41,21.7866667
590.433333,3010355.15,21.7874074
590.466667,3010366.79,21.7881481
590.5,3010378.33,21.7888889
590.533333,3010389.77,21.7896296
590.566667,3010401.14,21.7903704
590.6,3010412.41,21.7911111
590.633333,3010423.57,21.7918519
590.666667,3010434.64,21.7925926
590.7,3010445.63,21.7933333
590.733333,3010456.53,21.7940741
590.766667,3010467.31,21.7948148
590.8,3010478,21.7955556
590.833333,3010488.61,21.7962963
590.866667,3010499.12,21.797037
590.9,3010509.52,21.7977778
590.933333,3010519.82,21.7985185
590.966667,3010530.04,21.7992593
591,3010540.18,21.8
591.033333,3010550.19,21.8007407
591.066667,3010560.12,21.8014815
591.1,3010569.95,21.8022222
591.133333,3010579.71,21.802963
591.166667,3010589.33,21.8037037
591.2,3010598.87,21.8044444
591.233333,3010608.32,21.8051852
591.266667,3010617.68,21.8059259
591.3,3010626.93,21.8066667
591.333333,3010636.08,21.8074074
591.366667,3010645.15,21.8081481
591.4,3010654.13,21.8088889
591.433333,3010663.01,21.8096296
591.466667,3010671.78,21.8103704
591.5,3010680.47,21.8111111
591.533333,3010689.08,21.8118519
591.566667,3010697.58,21.8125926
591.6,3010705.98,21.8133333
591.633333,3010714.3,21.8140741
591.666667,3010722.53,21.8148148
591.7,3010730.67,21.8155556
591.733333,3010738.71,21.8162963
591.766667,3010746.67,21.817037
591.8,3010754.54,21.8177778
591.833333,3010762.33,21.8185185
591.866667,3010770.02,21.8192593
591.9,3010777.63,21.82
591.933333,3010785.16,21.8207407
591.966667,3010792.6,21.8214815
592,3010799.95,21.8222222
592.033333,3010807.21,21.822963
592.066667,3010814.41,21.8237037
592.1,3010821.53,21.8244444
592.133333,3010828.54,21.8251852
592.166667,3010835.49,21.8259259
592.2,3010842.37,21.8266667
592.233333,3010849.17,21.8274074
592.266667,3010855.88,21.8281481
592.3,3010862.52,21.8288889
592.333333,3010869.09,21.8296296
592.366667,3010875.59,21.8303704
592.4,3010882,21.8311111
592.433333,3010888.35,21.8318519
592.466667,3010894.63,21.8325926
592.5,3010900.84,21.8333333
592.533333,3010906.97,21.8340741
592.566667,3010913.04,21.8348148
592.6,3010919.05,21.8355556
592.633333,3010924.99,21.8362963
592.666667,3010930.86,21.837037
592.7,3010936.66,21.8377778
592.733333,3010942.4,21.8385185
592.766667,3010948.08,21.8392593
592.8,3010953.69,21.84
592.833333,3010959.24,21.8407407
592.866667,3010964.73,21.8414815
592.9,3010970.17,21.8422222
592.933333,3010975.54,21.842963
592.966667,3010980.84,21.8437037
593,3010986.09,21.8444444
593.033333,3010991.29,21.8451852
593.066667,3010996.43,21.8459259
593.1,3011001.5,21.8466667
593.133333,3011006.52,21.8474074
593.166667,3011011.49,21.8481481
593.2,3011016.41,21.8488889
593.233333,3011021.25,21.8496296
593.266667,3011026.05,21.8503704
593.3,3011030.8,21.8511111
593.333333,3011035.49,21.8518519
593.366667,3011040.12,21.8525926
593.4,3011044.7,21.8533333
593.433333,3011049.24,21.8540741
593.466667,3011053.72,21.8548148
593.5,3011058.13,21.8555556
593.533333,3011062.5,21.8562963
593.566667,3011066.82,21.857037
593.6,3011071.09,21.8577778
593.633333,3011075.29,21.8585185
593.666667,3011079.45,21.8592593
593.7,3011083.56,21.86
593.733333,3011087.63,21.8607407
593.766667,3011091.63,21.8614815
593.8,3011095.58,21.8622222
593.833333,3011099.48,21.862963
593.866667,3011103.34,21.8637037
593.9,3011107.14,21.8644444
593.933333,3011110.88,21.8651852
593.966667,3011114.58,21.8659259
594,3011118.24,21.8666667
594.033333,3011121.83,21.8674074
594.066667,3011125.38,21.8681481
594.1,3011128.87,21.8688889
594.133333,3011132.33,21.8696296
594.166667,3011135.73,21.8703704
594.2,3011139.07,21.8711111
594.233333,3011142.37,21.8718519
594.266667,3011145.62,21.8725926
594.3,3011148.83,21.8733333
594.333333,3011151.97,21.8740741
594.366667,3011155.08,21.8748148
594.4,3011158.14,21.8755556
594.433333,3011161.15,21.8762963
594.466667,3011164.1,21.877037
594.5,3011167.01,21.8777778
594.533333,3011169.89,21.8785185
594.566667,3011172.71,21.8792593
594.6,3011175.48,21.88
594.633333,3011178.21,21.8807407
594.666667,3011180.89,21.8814815
594.7,3011183.53,21.8822222
594.733333,3011186.12,21.882963
594.766667,3011188.67,21.8837037
594.8,3011191.18,21.8844444
594.833333,3011193.65,21.8851852
594.866667,3011196.06,21.8859259
594.9,3011198.44,21.8866667
594.933333,3011200.78,21.8874074
594.966667,3011203.08,21.8881481
595,3011205.33,21.8888889
595.033333,3011207.55,21.8896296
595.066667,3011209.73,21.8903704
595.1,3011211.87,21.8911111
595.133333,3011213.97,21.8918519
595.166667,3011216.03,21.8925926
595.2,3011218.06,21.8933333
595.233333,3011220.06,21.8940741
595.266667,3011222.01,21.8948148
595.3,3011223.93,21.8955556
595.333333,3011225.82,21.8962963
595.366667,3011227.68,21.897037
595.4,3011229.5,21.8977778
595.433333,3011231.29,21.8985185
595.466667,3011233.05,21.8992593
595.5,3011234.78,21.9
595.533333,3011236.48,21.9007407
595.566667,3011238.14,21.9014815
595.6,3011239.78,21.9022222
595.633333,3011241.4,21.902963
595.666667,3011242.98,21.9037037
595.7,3011244.54,21.9044444
595.733333,3011246.07,21.9051852
595.766667,3011247.58,21.9059259
595.8,3011249.06,21.9066667
595.833333,3011250.51,21.9074074
595.866667,3011251.94,21.9081481
595.9,3011253.35,21.9088889
595.933333,3011254.74,21.9096296
595.966667,3011256.1,21.9103704
596,3011257.44,21.9111111
596.033333,3011258.77,21.9118519
596.066667,3011260.07,21.9125926
596.1,3011261.34,21.9133333
596.133333,3011262.6,21.9140741
596.166667,3011263.84,21.9148148
596.2,3011265.06,21.9155556
596.233333,3011266.26,21.9162963
596.266667,3011267.44,21.917037
596.3,3011268.6,21.9177778
596.333333,3011269.75,21.9185185
596.366667,3011270.88,21.9192593
596.4,3011271.98,21.92
596.433333,3011273.08,21.9207407
596.466667,3011274.16,21.9214815
596.5,3011275.21,21.9222222
596.533333,3011276.25,21.922963
596.566667,3011277.28,21.9237037
596.6,3011278.29,21.9244444
596.633333,3011279.29,21.9251852
596.666667,3011280.26,21.9259259
596.7,3011281.22,21.9266667
596.733333,3011282.17,21.9274074
596.766667,3011283.1,21.9281481
596.8,3011284.02,21.9288889
596.833333,3011284.92,21.9296296
596.866667,3011285.81,21.9303704
596.9,3011286.68,21.9311111
596.933333,3011287.53,21.9318519
596.966667,3011288.37,21.9325926
597,3011289.2,21.9333333
597.033333,3011290.01,21.9340741
597.066667,3011290.81,21.9348148
597.1,3011291.59,21.9355556
597.133333,3011292.36,21.9362963
597.166667,3011293.11,21.937037
597.2,3011293.85,21.9377778
597.233333,3011294.57,21.9385185
597.266667,3011295.28,21.9392593
597.3,3011295.98,21.94
597.333333,3011296.66,21.9407407
597.366667,3011297.33,21.9414815
597.4,3011297.98,21.9422222
597.433333,3011298.62,21.942963
597.466667,3011299.24,21.9437037
597.5,3011299.86,21.9444444
597.533333,3011300.45,21.9451852
597.566667,3011301.04,21.9459259
597.6,3011301.61,21.9466667
597.633333,3011302.17,21.9474074
597.666667,3011302.72,21.9481481
597.7,3011303.25,21.9488889
597.733333,3011303.77,21.9496296
597.766667,3011304.27,21.9503704
597.8,3011304.77,21.9511111
597.833333,3011305.25,21.9518519
597.866667,3011305.72,21.9525926
597.9,3011306.18,21.9533333
597.933333,3011306.63,21.9540741
597.966667,3011307.07,21.9548148
598,3011307.49,21.9555556
598.033333,3011307.9,21.9562963
598.066667,3011308.31,21.957037
598.1,3011308.7,21.9577778
598.133333,3011309.09,21.9585185
598.166667,3011309.46,21.9592593
598.2,3011309.82,21.96
598.233333,3011310.18,21.9607407
598.266667,3011310.53,21.9614815
598.3,3011310.86,21.9622222
598.333333,3011311.19,21.962963
598.366667,3011311.52,21.9637037
598.4,3011311.83,21.9644444
598.433333,3011312.14,21.9651852
598.466667,3011312.44,21.9659259
598.5,3011312.73,21.9666667
598.533333,3011313.02,21.9674074
598.566667,3011313.3,21.9681481
598.6,3011313.58,21.9688889
598.633333,3011313.85,21.9696296
598.666667,3011314.11,21.9703704
598.7,3011314.38,21.9711111
598.733333,3011314.63,21.9718519
598.766667,3011314.89,21.9725926
598.8,3011315.14,21.9733333
598.833333,3011315.38,21.9740741
598.866667,3011315.63,21.9748148
598.9,3011315.87,21.9755556
598.933333,3011316.11,21.9762963
598.966667,3011316.34,21.977037
599,3011316.58,21.9777778
599.033333,3011316.81,21.9785185
599.066667,3011317.04,21.9792593
599.1,3011317.27,21.98
599.133333,3011317.5,21.9807407
599.166667,3011317.73,21.9814815
599.2,3011317.96,21.9822222
599.233333,3011318.19,21.982963
599.266667,3011318.41,21.9837037
599.3,3011318.64,21.9844444
599.333333,3011318.87,21.9851852
599.366667,3011319.1,21.9859259
599.4,3011319.33,21.9866667
599.433333,3011319.56,21.9874074
599.466667,3011319.79,21.9881481
599.5,3011320.02,21.9888889
599.533333,3011320.26,21.9896296
599.566667,3011320.49,21.9903704
599.6,3011320.73,21.9911111
599.633333,3011320.96,21.9918519
599.666667,3011321.2,21.9925926
599.7,3011321.44,21.9933333
599.733333,3011321.69,21.9940741
599.766667,3011321.93,21.9948148
599.8,3011322.17,21.9955556
599.833333,3011322.42,21.9962963
599.866667,3011322.67,21.997037
599.9,3011322.92,21.9977778
599.933333,3011323.17,21.9985185
599.966667,3011323.43,21.9992593
600,3011323.68,22
