Time,Position,Velocity
0,0,0
0.0333333333,0,0
0.0666666667,0,0
0.1,0,0
0.133333333,0,0
0.166666667,0,0
0.2,0,0
0.233333333,0,0
0.266666667,0,0
0.3,0,0
0.333333333,0,0
0.366666667,0,0
0.4,0,0
0.433333333,0,0
0.466666667,0,0
0.5,0,0
0.533333333,0,0
0.566666667,0,0
0.6,0,0
0.633333333,0,0
0.666666667,0,0
0.7,0,0
0.733333333,0,0
0.766666667,0,0
0.8,0,0
0.833333333,0,0
0.866666667,0,0
0.9,0,0
0.933333333,0,0
0.966666667,0,0
1,0,0
1.03333333,0,0
1.06666667,0,0
1.1,0,0
1.13333333,0,0
1.16666667,0,0
1.2,0,0
1.23333333,0,0
1.26666667,0,0
1.3,0,0
1.33333333,0,0
1.36666667,0,0
1.4,0,0
1.43333333,0,0
1.46666667,0,0
1.5,0,0
1.53333333,0,0
1.56666667,0,0
1.6,0,0
1.63333333,0,0
1.66666667,0,0
1.7,0,0
1.73333333,0,0
1.76666667,0,0
1.8,0,0
1.83333333,0,0
1.86666667,0,0
1.9,0,0
1.93333333,0,0
1.96666667,0,0
2,0,0
2.03333333,0,0
2.06666667,0,0
2.1,0,0
2.13333333,0,0
2.16666667,0,0
2.2,0,0
2.23333333,0,0
2.26666667,0,0
2.3,0,0
2.33333333,0,0
2.36666667,0,0
2.4,0,0
2.43333333,0,0
2.46666667,0,0
2.5,0,0
2.53333333,0,0
2.56666667,0,0
2.6,0,0
2.63333333,0,0
2.66666667,0,0
2.7,0,0
2.73333333,0,0
2.76666667,0,0
2.8,0,0
2.83333333,0,0
2.86666667,0,0
2.9,0,0
2.93333333,0,0
2.96666667,0,0
3,0,0
3.03333333,0,0
3.06666667,0,0
3.1,0,0
3.13333333,0,0
3.16666667,0,0
3.2,0,0
3.23333333,0,0
3.26666667,0,0
3.3,0,0
3.33333333,0,0
3.36666667,0,0
3.4,0,0
3.43333333,0,0
3.46666667,0,0
3.5,0,0
3.53333333,0,0
3.56666667,0,0
3.6,0,0
3.63333333,0,0
3.66666667,0,0
3.7,0,0
3.73333333,0,0
3.76666667,0,0
3.8,0,0
3.83333333,0,0
3.86666667,0,0
3.9,0,0
3.93333333,0,0
3.96666667,0,0
4,0,0
4.03333333,0,0
4.06666667,0,0
4.1,0,0
4.13333333,0,0
4.16666667,0,0
4.2,0,0
4.23333333,0,0
4.26666667,0,0
4.3,0,0
4.33333333,0,0
4.36666667,0,0
4.4,0,0
4.43333333,0,0
4.46666667,0,0
4.5,0,0
4.53333333,0,0
4.56666667,0,0
4.6,0,0
4.63333333,0,0
4.66666667,0,0
4.7,0,0
4.73333333,0,0
4.76666667,0,0
4.8,0,0
4.83333333,0,0
4.86666667,0,0
4.9,0,0
4.93333333,0,0
4.96666667,0,0
5,0,0
5.03333333,0,0
5.06666667,0,0
5.1,0,0
5.13333333,0,0
5.16666667,0,0
5.2,0,0
5.23333333,0,0
5.26666667,0,0
5.3,0,0
5.33333333,0,0
5.36666667,0,0
5.4,0,0
5.43333333,0,0
5.46666667,0,0
5.5,0,0
5.53333333,0,0
5.56666667,0,0
5.6,0,0
5.63333333,0,0
5.66666667,0,0
5.7,0,0
5.73333333,0,0
5.76666667,0,0
5.8,0,0
5.83333333,0,0
5.86666667,0,0
5.9,0,0
5.93333333,0,0
5.96666667,0,0
6,0,0
6.03333333,0,0
6.06666667,0,0
6.1,0,0
6.13333333,0,0
6.16666667,0,0
6.2,0,0
6.23333333,0,0
6.26666667,0,0
6.3,0,0
6.33333333,0,0
6.36666667,0,0
6.4,0,0
6.43333333,0,0
6.46666667,0,0
6.5,0,0
6.53333333,0,0
6.56666667,0,0
6.6,0,0
6.63333333,0,0
6.66666667,0,0
6.7,0,0
6.73333333,0,0
6.76666667,0,0
6.8,0,0
6.83333333,0,0
6.86666667,0,0
6.9,0,0
6.93333333,0,0
6.96666667,0,0
7,0,0
7.03333333,0,0
7.06666667,0,0
7.1,0,0
7.13333333,0,0
7.16666667,0,0
7.2,0,0
7.23333333,0,0
7.26666667,0,0
7.3,0,0
7.33333333,0,0
7.36666667,0,0
7.4,0,0
7.43333333,0,0
7.46666667,0,0
7.5,0,0
7.53333333,0,0
7.56666667,0,0
7.6,0,0
7.63333333,0,0
7.66666667,0,0
7.7,0,0
7.73333333,0,0
7.76666667,0,0
7.8,0,0
7.83333333,0,0
7.86666667,0,0
7.9,0,0
7.93333333,0,0
7.96666667,0,0
8,0,0
8.03333333,0,0
8.06666667,0,0
8.1,0,0
8.13333333,0,0
8.16666667,0,0
8.2,0,0
8.23333333,0,0
8.26666667,0,0
8.3,0,0
8.33333333,0,0
8.36666667,0,0
8.4,0,0
8.43333333,0,0
8.46666667,0,0
8.5,0,0
8.53333333,0,0
8.56666667,0,0
8.6,0,0
8.63333333,0,0
8.66666667,0,0
8.7,0,0
8.73333333,0,0
8.76666667,0,0
8.8,0,0
8.83333333,0,0
8.86666667,0,0
8.9,0,0
8.93333333,0,0
8.96666667,0,0
9,0,0
9.03333333,0,0
9.06666667,0,0
9.1,0,0
9.13333333,0,0
9.16666667,0,0
9.2,0,0
9.23333333,0,0
9.26666667,0,0
9.3,0,0
9.33333333,0,0
9.36666667,0,0
9.4,0,0
9.43333333,0,0
9.46666667,0,0
9.5,0,0
9.53333333,0,0
9.56666667,0,0
9.6,0,0
9.63333333,0,0
9.66666667,0,0
9.7,0,0
9.73333333,0,0
9.76666667,0,0
9.8,0,0
9.83333333,0,0
9.86666667,0,0
9.9,0,0
9.93333333,0,0
9.96666667,0,0
10,0,0
10.0333333,0,0
10.0666667,0,0
10.1,0,0
10.1333333,0,0
10.1666667,0,0
10.2,0,0
10.2333333,0,0
10.2666667,0,0
10.3,0,0
10.3333333,0,0
10.3666667,0,0
10.4,0,0
10.4333333,0,0
10.4666667,0,0
10.5,0,0
10.5333333,0,0
10.5666667,0,0
10.6,0,0
10.6333333,0,0
10.6666667,0,0
10.7,0,0
10.7333333,0,0
10.7666667,0,0
10.8,0,0
10.8333333,0,0
10.8666667,0,0
10.9,0,0
10.9333333,0,0
10.9666667,0,0
11,0,0
11.0333333,0,0
11.0666667,0,0
11.1,0,0
11.1333333,0,0
11.1666667,0,0
11.2,0,0
11.2333333,0,0
11.2666667,0,0
11.3,0,0
11.3333333,0,0
11.3666667,0,0
11.4,0,0
11.4333333,0,0
11.4666667,0,0
11.5,0,0
11.5333333,0,0
11.5666667,0,0
11.6,0,0
11.6333333,0,0
11.6666667,0,0
11.7,0,0
11.7333333,0,0
11.7666667,0,0
11.8,0,0
11.8333333,0,0
11.8666667,0,0
11.9,0,0
11.9333333,0,0
11.9666667,0,0
12,0,0
12.0333333,0,0
12.0666667,0,0
12.1,0,0
12.1333333,0,0
12.1666667,0,0
12.2,0,0
12.2333333,0,0
12.2666667,0,0
12.3,0,0
12.3333333,0,0
12.3666667,0,0
12.4,0,0
12.4333333,0,0
12.4666667,0,0
12.5,0,0
12.5333333,0,0
12.5666667,0,0
12.6,0,0
12.6333333,0,0
12.6666667,0,0
12.7,0,0
12.7333333,0,0
12.7666667,0,0
12.8,0,0
12.8333333,0,0
12.8666667,0,0
12.9,0,0
12.9333333,0,0
12.9666667,0,0
13,0,0
13.0333333,0,0
13.0666667,0,0
13.1,0,0
13.1333333,0,0
13.1666667,0,0
13.2,0,0
13.2333333,0,0
13.2666667,0,0
13.3,0,0
13.3333333,0,0
13.3666667,0,0
13.4,0,0
13.4333333,0,0
13.4666667,0,0
13.5,0,0
13.5333333,0,0
13.5666667,0,0
13.6,0,0
13.6333333,0,0
13.6666667,0,0
13.7,0,0
13.7333333,0,0
13.7666667,0,0
13.8,0,0
13.8333333,0,0
13.8666667,0,0
13.9,0,0
13.9333333,0,0
13.9666667,0,0
14,0,0
14.0333333,0,0
14.0666667,0,0
14.1,0,0
14.1333333,0,0
14.1666667,0,0
14.2,0,0
14.2333333,0,0
14.2666667,0,0
14.3,0,0
14.3333333,0,0
14.3666667,0,0
14.4,0,0
14.4333333,0,0
14.4666667,0,0
14.5,0,0
14.5333333,0,0
14.5666667,0,0
14.6,0,0
14.6333333,0,0
14.6666667,0,0
14.7,0,0
14.7333333,0,0
14.7666667,0,0
14.8,0,0
14.8333333,0,0
14.8666667,0,0
14.9,0,0
14.9333333,0,0
14.9666667,0,0
15,0,0
15.0333333,0,0
15.0666667,0,0
15.1,0,0
15.1333333,0,0
15.1666667,0,0
15.2,0,0
15.2333333,0,0
15.2666667,0,0
15.3,0,0
15.3333333,0,0
15.3666667,0,0
15.4,0,0
15.4333333,0,0
15.4666667,0,0
15.5,0,0
15.5333333,0,0
15.5666667,0,0
15.6,0,0
15.6333333,0,0
15.6666667,0,0
15.7,0,0
15.7333333,0,0
15.7666667,0,0
15.8,0,0
15.8333333,0,0
15.8666667,0,0
15.9,0,0
15.9333333,0,0
15.9666667,0,0
16,0,0
16.0333333,0,0
16.0666667,0,0
16.1,0,0
16.1333333,0,0
16.1666667,0,0
16.2,0,0
16.2333333,0,0
16.2666667,0,0
16.3,0,0
16.3333333,0,0
16.3666667,0,0
16.4,0,0
16.4333333,0,0
16.4666667,0,0
16.5,0,0
16.5333333,0,0
16.5666667,0,0
16.6,0,0
16.6333333,0,0
16.6666667,0,0
16.7,0,0
16.7333333,0,0
16.7666667,0,0
16.8,0,0
16.8333333,0,0
16.8666667,0,0
16.9,0,0
16.9333333,0,0
16.9666667,0,0
17,0,0
17.0333333,0,0
17.0666667,0,0
17.1,0,0
17.1333333,0,0
17.1666667,0,0
17.2,0,0
17.2333333,0,0
17.2666667,0,0
17.3,0,0
17.3333333,0,0
17.3666667,0,0
17.4,0,0
17.4333333,0,0
17.4666667,0,0
17.5,0,0
17.5333333,0,0
17.5666667,0,0
17.6,0,0
17.6333333,0,0
17.6666667,0,0
17.7,0,0
17.7333333,0,0
17.7666667,0,0
17.8,0,0
17.8333333,0,0
17.8666667,0,0
17.9,0,0
17.9333333,0,0
17.9666667,0,0
18,0,0
18.0333333,0,0
18.0666667,0,0
18.1,0,0
18.1333333,0,0
18.1666667,0,0
18.2,0,0
18.2333333,0,0
18.2666667,0,0
18.3,0,0
18.3333333,0,0
18.3666667,0,0
18.4,0,0
18.4333333,0,0
18.4666667,0,0
18.5,0,0
18.5333333,0,0
18.5666667,0,0
18.6,0,0
18.6333333,0,0
18.6666667,0,0
18.7,0,0
18.7333333,0,0
18.7666667,0,0
18.8,0,0
18.8333333,0,0
18.8666667,0,0
18.9,0,0
18.9333333,0,0
18.9666667,0,0
19,0,0
19.0333333,0,0
19.0666667,0,0
19.1,0,0
19.1333333,0,0
19.1666667,0,0
19.2,0,0
19.2333333,0,0
19.2666667,0,0
19.3,0,0
19.3333333,0,0
19.3666667,0,0
19.4,0,0
19.4333333,0,0
19.4666667,0,0
19.5,0,0
19.5333333,0,0
19.5666667,0,0
19.6,0,0
19.6333333,0,0
19.6666667,0,0
19.7,0,0
19.7333333,0,0
19.7666667,0,0
19.8,0,0
19.8333333,0,0
19.8666667,0,0
19.9,0,0
19.9333333,0,0
19.9666667,0,0
20,0,0
20.0333333,0,0
20.0666667,0,0
20.1,0,0
20.1333333,0,0
20.1666667,0,0
20.2,0,0
20.2333333,0,0
20.2666667,0,0
20.3,0,0
20.3333333,0,0
20.3666667,0,0
20.4,0,0
20.4333333,0,0
20.4666667,0,0
20.5,0,0
20.5333333,0,0
20.5666667,0,0
20.6,0,0
20.6333333,0,0
20.6666667,0,0
20.7,0,0
20.7333333,0,0
20.7666667,0,0
20.8,0,0
20.8333333,0,0
20.8666667,0,0
20.9,0,0
20.9333333,0,0
20.9666667,0,0
21,0,0
21.0333333,0,0
21.0666667,0,0
21.1,0,0
21.1333333,0,0
21.1666667,0,0
21.2,0,0
21.2333333,0,0
21.2666667,0,0
21.3,0,0
21.3333333,0,0
21.3666667,0,0
21.4,0,0
21.4333333,0,0
21.4666667,0,0
21.5,0,0
21.5333333,0,0
21.5666667,0,0
21.6,0,0
21.6333333,0,0
21.6666667,0,0
21.7,0,0
21.7333333,0,0
21.7666667,0,0
21.8,0,0
21.8333333,0,0
21.8666667,0,0
21.9,0,0
21.9333333,0,0
21.9666667,0,0
22,0,0
22.0333333,0,0
22.0666667,0,0
22.1,0,0
22.1333333,0,0
22.1666667,0,0
22.2,0,0
22.2333333,0,0
22.2666667,0,0
22.3,0,0
22.3333333,0,0
22.3666667,0,0
22.4,0,0
22.4333333,0,0
22.4666667,0,0
22.5,0,0
22.5333333,0,0
22.5666667,0,0
22.6,0,0
22.6333333,0,0
22.6666667,0,0
22.7,0,0
22.7333333,0,0
22.7666667,0,0
22.8,0,0
22.8333333,0,0
22.8666667,0,0
22.9,0,0
22.9333333,0,0
22.9666667,0,0
23,0,0
23.0333333,0,0
23.0666667,0,0
23.1,0,0
23.1333333,0,0
23.1666667,0,0
23.2,0,0
23.2333333,0,0
23.2666667,0,0
23.3,0,0
23.3333333,0,0
23.3666667,0,0
23.4,0,0
23.4333333,0,0
23.4666667,0,0
23.5,0,0
23.5333333,0,0
23.5666667,0,0
23.6,0,0
23.6333333,0,0
23.6666667,0,0
23.7,0,0
23.7333333,0,0
23.7666667,0,0
23.8,0,0
23.8333333,0,0
23.8666667,0,0
23.9,0,0
23.9333333,0,0
23.9666667,0,0
24,0,0
24.0333333,0,0
24.0666667,0,0
24.1,0,0
24.1333333,0,0
24.1666667,0,0
24.2,0,0
24.2333333,0,0
24.2666667,0,0
24.3,0,0
24.3333333,0,0
24.3666667,0,0
24.4,0,0
24.4333333,0,0
24.4666667,0,0
24.5,0,0
24.5333333,0,0
24.5666667,0,0
24.6,0,0
24.6333333,0,0
24.6666667,0,0
24.7,0,0
24.7333333,0,0
24.7666667,0,0
24.8,0,0
24.8333333,0,0
24.8666667,0,0
24.9,0,0
24.9333333,0,0
24.9666667,0,0
25,0,0
25.0333333,0,0
25.0666667,0,0
25.1,0,0
25.1333333,0,0
25.1666667,0,0
25.2,0,0
25.2333333,0,0
25.2666667,0,0
25.3,0,0
25.3333333,0,0
25.3666667,0,0
25.4,0,0
25.4333333,0,0
25.4666667,0,0
25.5,0,0
25.5333333,0,0
25.5666667,0,0
25.6,0,0
25.6333333,0,0
25.6666667,0,0
25.7,0,0
25.7333333,0,0
25.7666667,0,0
25.8,0,0
25.8333333,0,0
25.8666667,0,0
25.9,0,0
25.9333333,0,0
25.9666667,0,0
26,0,0
26.0333333,0,0
26.0666667,0,0
26.1,0,0
26.1333333,0,0
26.1666667,0,0
26.2,0,0
26.2333333,0,0
26.2666667,0,0
26.3,0,0
26.3333333,0,0
26.3666667,0,0
26.4,0,0
26.4333333,0,0
26.4666667,0,0
26.5,0,0
26.5333333,0,0
26.5666667,0,0
26.6,0,0
26.6333333,0,0
26.6666667,0,0
26.7,0,0
26.7333333,0,0
26.7666667,0,0
26.8,0,0
26.8333333,0,0
26.8666667,0,0
26.9,0,0
26.9333333,0,0
26.9666667,0,0
27,0,0
27.0333333,0,0
27.0666667,0,0
27.1,0,0
27.1333333,0,0
27.1666667,0,0
27.2,0,0
27.2333333,0,0
27.2666667,0,0
27.3,0,0
27.3333333,0,0
27.3666667,0,0
27.4,0,0
27.4333333,0,0
27.4666667,0,0
27.5,0,0
27.5333333,0,0
27.5666667,0,0
27.6,0,0
27.6333333,0,0
27.6666667,0,0
27.7,0,0
27.7333333,0,0
27.7666667,0,0
27.8,0,0
27.8333333,0,0
27.8666667,0,0
27.9,0,0
27.9333333,0,0
27.9666667,0,0
28,0,0
28.0333333,0,0
28.0666667,0,0
28.1,0,0
28.1333333,0,0
28.1666667,0,0
28.2,0,0
28.2333333,0,0
28.2666667,0,0
28.3,0,0
28.3333333,0,0
28.3666667,0,0
28.4,0,0
28.4333333,0,0
28.4666667,0,0
28.5,0,0
28.5333333,0,0
28.5666667,0,0
28.6,0,0
28.6333333,0,0
28.6666667,0,0
28.7,0,0
28.7333333,0,0
28.7666667,0,0
28.8,0,0
28.8333333,0,0
28.8666667,0,0
28.9,0,0
28.9333333,0,0
28.9666667,0,0
29,0,0
29.0333333,0,0
29.0666667,0,0
29.1,0,0
29.1333333,0,0
29.1666667,0,0
29.2,0,0
29.2333333,0,0
29.2666667,0,0
29.3,0,0
29.3333333,0,0
29.3666667,0,0
29.4,0,0
29.4333333,0,0
29.4666667,0,0
29.5,0,0
29.5333333,0,0
29.5666667,0,0
29.6,0,0
29.6333333,0,0
29.6666667,0,0
29.7,0,0
29.7333333,0,0
29.7666667,0,0
29.8,0,0
29.8333333,0,0
29.8666667,0,0
29.9,0,0
29.9333333,0,0
29.9666667,0,0
30,0,0
30.0333333,0,0
30.0666667,0,0
30.1,0,0
30.1333333,0,0
30.1666667,0,0
30.2,0,0
30.2333333,0,0
30.2666667,0,0
30.3,0,0
30.3333333,0,0
30.3666667,0,0
30.4,0,0
30.4333333,0,0
30.4666667,0,0
30.5,0,0
30.5333333,0,0
30.5666667,0,0
30.6,0,0
30.6333333,0,0
30.6666667,0,0
30.7,0,0
30.7333333,0,0
30.7666667,0,0
30.8,0,0
30.8333333,0,0
30.8666667,0,0
30.9,0,0
30.9333333,0,0
30.9666667,0,0
31,0,0
31.0333333,0,0
31.0666667,0,0
31.1,0,0
31.1333333,0,0
31.1666667,0,0
31.2,0,0
31.2333333,0,0
31.2666667,0,0
31.3,0,0
31.3333333,0,0
31.3666667,0,0
31.4,0,0
31.4333333,0,0
31.4666667,0,0
31.5,0,0
31.5333333,0,0
31.5666667,0,0
31.6,0,0
31.6333333,0,0
31.6666667,0,0
31.7,0,0
31.7333333,0,0
31.7666667,0,0
31.8,0,0
31.8333333,0,0
31.8666667,0,0
31.9,0,0
31.9333333,0,0
31.9666667,0,0
32,0,0
32.0333333,0,0
32.0666667,0,0
32.1,0,0
32.1333333,0,0
32.1666667,0,0
32.2,0,0
32.2333333,0,0
32.2666667,0,0
32.3,0,0
32.3333333,0,0
32.3666667,0,0
32.4,0,0
32.4333333,0,0
32.4666667,0,0
32.5,0,0
32.5333333,0,0
32.5666667,0,0
32.6,0,0
32.6333333,0,0
32.6666667,0,0
32.7,0,0
32.7333333,0,0
32.7666667,0,0
32.8,0,0
32.8333333,0,0
32.8666667,0,0
32.9,0,0
32.9333333,0,0
32.9666667,0,0
33,0,0
33.0333333,0,0
33.0666667,0,0
33.1,0,0
33.1333333,0,0
33.1666667,0,0
33.2,0,0
33.2333333,0,0
33.2666667,0,0
33.3,0,0
33.3333333,0,0
33.3666667,0,0
33.4,0,0
33.4333333,0,0
33.4666667,0,0
33.5,0,0
33.5333333,0,0
33.5666667,0,0
33.6,0,0
33.6333333,0,0
33.6666667,0,0
33.7,0,0
33.7333333,0,0
33.7666667,0,0
33.8,0,0
33.8333333,0,0
33.8666667,0,0
33.9,0,0
33.9333333,0,0
33.9666667,0,0
34,0,0
34.0333333,0,0
34.0666667,0,0
34.1,0,0
34.1333333,0,0
34.1666667,0,0
34.2,0,0
34.2333333,0,0
34.2666667,0,0
34.3,0,0
34.3333333,0,0
34.3666667,0,0
34.4,0,0
34.4333333,0,0
34.4666667,0,0
34.5,0,0
34.5333333,0,0
34.5666667,0,0
34.6,0,0
34.6333333,0,0
34.6666667,0,0
34.7,0,0
34.7333333,0,0
34.7666667,0,0
34.8,0,0
34.8333333,0,0
34.8666667,0,0
34.9,0,0
34.9333333,0,0
34.9666667,0,0
35,0,0
35.0333333,0,0
35.0666667,0,0
35.1,0,0
35.1333333,0,0
35.1666667,0,0
35.2,0,0
35.2333333,0,0
35.2666667,0,0
35.3,0,0
35.3333333,0,0
35.3666667,0,0
35.4,0,0
35.4333333,0,0
35.4666667,0,0
35.5,0,0
35.5333333,0,0
35.5666667,0,0
35.6,0,0
35.6333333,0,0
35.6666667,0,0
35.7,0,0
35.7333333,0,0
35.7666667,0,0
35.8,0,0
35.8333333,0,0
35.8666667,0,0
35.9,0,0
35.9333333,0,0
35.9666667,0,0
36,0,0
36.0333333,0,0
36.0666667,0,0
36.1,0,0
36.1333333,0,0
36.1666667,0,0
36.2,0,0
36.2333333,0,0
36.2666667,0,0
36.3,0,0
36.3333333,0,0
36.3666667,0,0
36.4,0,0
36.4333333,0,0
36.4666667,0,0
36.5,0,0
36.5333333,0,0
36.5666667,0,0
36.6,0,0
36.6333333,0,0
36.6666667,0,0
36.7,0,0
36.7333333,0,0
36.7666667,0,0
36.8,0,0
36.8333333,0,0
36.8666667,0,0
36.9,0,0
36.9333333,0,0
36.9666667,0,0
37,0,0
37.0333333,0,0
37.0666667,0,0
37.1,0,0
37.1333333,0,0
37.1666667,0,0
37.2,0,0
37.2333333,0,0
37.2666667,0,0
37.3,0,0
37.3333333,0,0
37.3666667,0,0
37.4,0,0
37.4333333,0,0
37.4666667,0,0
37.5,0,0
37.5333333,0,0
37.5666667,0,0
37.6,0,0
37.6333333,0,0
37.6666667,0,0
37.7,0,0
37.7333333,0,0
37.7666667,0,0
37.8,0,0
37.8333333,0,0
37.8666667,0,0
37.9,0,0
37.9333333,0,0
37.9666667,0,0
38,0,0
38.0333333,0,0
38.0666667,0,0
38.1,0,0
38.1333333,0,0
38.1666667,0,0
38.2,0,0
38.2333333,0,0
38.2666667,0,0
38.3,0,0
38.3333333,0,0
38.3666667,0,0
38.4,0,0
38.4333333,0,0
38.4666667,0,0
38.5,0,0
38.5333333,0,0
38.5666667,0,0
38.6,0,0
38.6333333,0,0
38.6666667,0,0
38.7,0,0
38.7333333,0,0
38.7666667,0,0
38.8,0,0
38.8333333,0,0
38.8666667,0,0
38.9,0,0
38.9333333,0,0
38.9666667,0,0
39,0,0
39.0333333,0,0
39.0666667,0,0
39.1,0,0
39.1333333,0,0
39.1666667,0,0
39.2,0,0
39.2333333,0,0
39.2666667,0,0
39.3,0,0
39.3333333,0,0
39.3666667,0,0
39.4,0,0
39.4333333,0,0
39.4666667,0,0
39.5,0,0
39.5333333,0,0
39.5666667,0,0
39.6,0,0
39.6333333,0,0
39.6666667,0,0
39.7,0,0
39.7333333,0,0
39.7666667,0,0
39.8,0,0
39.8333333,0,0
39.8666667,0,0
39.9,0,0
39.9333333,0,0
39.9666667,0,0
40,0,0
40.0333333,0,0
40.0666667,0,0
40.1,0,0
40.1333333,0,0
40.1666667,0,0
40.2,0,0
40.2333333,0,0
40.2666667,0,0
40.3,0,0
40.3333333,0,0
40.3666667,0,0
40.4,0,0
40.4333333,0,0
40.4666667,0,0
40.5,0,0
40.5333333,0,0
40.5666667,0,0
40.6,0,0
40.6333333,0,0
40.6666667,0,0
40.7,0,0
40.7333333,0,0
40.7666667,0,0
40.8,0,0
40.8333333,0,0
40.8666667,0,0
40.9,0,0
40.9333333,0,0
40.9666667,0,0
41,0,0
41.0333333,0,0
41.0666667,0,0
41.1,0,0
41.1333333,0,0
41.1666667,0,0
41.2,0,0
41.2333333,0,0
41.2666667,0,0
41.3,0,0
41.3333333,0,0
41.3666667,0,0
41.4,0,0
41.4333333,0,0
41.4666667,0,0
41.5,0,0
41.5333333,0,0
41.5666667,0,0
41.6,0,0
41.6333333,0,0
41.6666667,0,0
41.7,0,0
41.7333333,0,0
41.7666667,0,0
41.8,0,0
41.8333333,0,0
41.8666667,0,0
41.9,0,0
41.9333333,0,0
41.9666667,0,0
42,0,0
42.0333333,0,0
42.0666667,0,0
42.1,0,0
42.1333333,0,0
42.1666667,0,0
42.2,0,0
42.2333333,0,0
42.2666667,0,0
42.3,0,0
42.3333333,0,0
42.3666667,0,0
42.4,0,0
42.4333333,0,0
42.4666667,0,0
42.5,0,0
42.5333333,0,0
42.5666667,0,0
42.6,0,0
42.6333333,0,0
42.6666667,0,0
42.7,0,0
42.7333333,0,0
42.7666667,0,0
42.8,0,0
42.8333333,0,0
42.8666667,0,0
42.9,0,0
42.9333333,0,0
42.9666667,0,0
43,0,0
43.0333333,0,0
43.0666667,0,0
43.1,0,0
43.1333333,0,0
43.1666667,0,0
43.2,0,0
43.2333333,0,0
43.2666667,0,0
43.3,0,0
43.3333333,0,0
43.3666667,0,0
43.4,0,0
43.4333333,0,0
43.4666667,0,0
43.5,0,0
43.5333333,0,0
43.5666667,0,0
43.6,0,0
43.6333333,0,0
43.6666667,0,0
43.7,0,0
43.7333333,0,0
43.7666667,0,0
43.8,0,0
43.8333333,0,0
43.8666667,0,0
43.9,0,0
43.9333333,0,0
43.9666667,0,0
44,0,0
44.0333333,0,0
44.0666667,0,0
44.1,0,0
44.1333333,0,0
44.1666667,0,0
44.2,0,0
44.2333333,0,0
44.2666667,0,0
44.3,0,0
44.3333333,0,0
44.3666667,0,0
44.4,0,0
44.4333333,0,0
44.4666667,0,0
44.5,0,0
44.5333333,0,0
44.5666667,0,0
44.6,0,0
44.6333333,0,0
44.6666667,0,0
44.7,0,0
44.7333333,0,0
44.7666667,0,0
44.8,0,0
44.8333333,0,0
44.8666667,0,0
44.9,0,0
44.9333333,0,0
44.9666667,0,0
45,0,0
45.0333333,0,0
45.0666667,0,0
45.1,0,0
45.1333333,0,0
45.1666667,0,0
45.2,0,0
45.2333333,0,0
45.2666667,0,0
45.3,0,0
45.3333333,0,0
45.3666667,0,0
45.4,0,0
45.4333333,0,0
45.4666667,0,0
45.5,0,0
45.5333333,0,0
45.5666667,0,0
45.6,0,0
45.6333333,0,0
45.6666667,0,0
45.7,0,0
45.7333333,0,0
45.7666667,0,0
45.8,0,0
45.8333333,0,0
45.8666667,0,0
45.9,0,0
45.9333333,0,0
45.9666667,0,0
46,0,0
46.0333333,0,0
46.0666667,0,0
46.1,0,0
46.1333333,0,0
46.1666667,0,0
46.2,0,0
46.2333333,0,0
46.2666667,0,0
46.3,0,0
46.3333333,0,0
46.3666667,0,0
46.4,0,0
46.4333333,0,0
46.4666667,0,0
46.5,0,0
46.5333333,0,0
46.5666667,0,0
46.6,0,0
46.6333333,0,0
46.6666667,0,0
46.7,0,0
46.7333333,0,0
46.7666667,0,0
46.8,0,0
46.8333333,0,0
46.8666667,0,0
46.9,0,0
46.9333333,0,0
46.9666667,0,0
47,0,0
47.0333333,0,0
47.0666667,0,0
47.1,0,0
47.1333333,0,0
47.1666667,0,0
47.2,0,0
47.2333333,0,0
47.2666667,0,0
47.3,0,0
47.3333333,0,0
47.3666667,0,0
47.4,0,0
47.4333333,0,0
47.4666667,0,0
47.5,0,0
47.5333333,0,0
47.5666667,0,0
47.6,0,0
47.6333333,0,0
47.6666667,0,0
47.7,0,0
47.7333333,0,0
47.7666667,0,0
47.8,0,0
47.8333333,0,0
47.8666667,0,0
47.9,0,0
47.9333333,0,0
47.9666667,0,0
48,0,0
48.0333333,0,0
48.0666667,0,0
48.1,0,0
48.1333333,0,0
48.1666667,0,0
48.2,0,0
48.2333333,0,0
48.2666667,0,0
48.3,0,0
48.3333333,0,0
48.3666667,0,0
48.4,0,0
48.4333333,0,0
48.4666667,0,0
48.5,0,0
48.5333333,0,0
48.5666667,0,0
48.6,0,0
48.6333333,0,0
48.6666667,0,0
48.7,0,0
48.7333333,0,0
48.7666667,0,0
48.8,0,0
48.8333333,0,0
48.8666667,0,0
48.9,0,0
48.9333333,0,0
48.9666667,0,0
49,0,0
49.0333333,0,0
49.0666667,0,0
49.1,0,0
49.1333333,0,0
49.1666667,0,0
49.2,0,0
49.2333333,0,0
49.2666667,0,0
49.3,0,0
49.3333333,0,0
49.3666667,0,0
49.4,0,0
49.4333333,0,0
49.4666667,0,0
49.5,0,0
49.5333333,0,0
49.5666667,0,0
49.6,0,0
49.6333333,0,0
49.6666667,0,0
49.7,0,0
49.7333333,0,0
49.7666667,0,0
49.8,0,0
49.8333333,0,0
49.8666667,0,0
49.9,0,0
49.9333333,0,0
49.9666667,0,0
50,0,0
50.0333333,0,0
50.0666667,0,0
50.1,0,0
50.1333333,0,0
50.1666667,0,0
50.2,0,0
50.2333333,0,0
50.2666667,0,0
50.3,0,0
50.3333333,0,0
50.3666667,0,0
50.4,0,0
50.4333333,0,0
50.4666667,0,0
50.5,0,0
50.5333333,0,0
50.5666667,0,0
50.6,0,0
50.6333333,0,0
50.6666667,0,0
50.7,0,0
50.7333333,0,0
50.7666667,0,0
50.8,0,0
50.8333333,0,0
50.8666667,0,0
50.9,0,0
50.9333333,0,0
50.9666667,0,0
51,0,0
51.0333333,0,0
51.0666667,0,0
51.1,0,0
51.1333333,0,0
51.1666667,0,0
51.2,0,0
51.2333333,0,0
51.2666667,0,0
51.3,0,0
51.3333333,0,0
51.3666667,0,0
51.4,0,0
51.4333333,0,0
51.4666667,0,0
51.5,0,0
51.5333333,0,0
51.5666667,0,0
51.6,0,0
51.6333333,0,0
51.6666667,0,0
51.7,0,0
51.7333333,0,0
51.7666667,0,0
51.8,0,0
51.8333333,0,0
51.8666667,0,0
51.9,0,0
51.9333333,0,0
51.9666667,0,0
52,0,0
52.0333333,0,0
52.0666667,0,0
52.1,0,0
52.1333333,0,0
52.1666667,0,0
52.2,0,0
52.2333333,0,0
52.2666667,0,0
52.3,0,0
52.3333333,0,0
52.3666667,0,0
52.4,0,0
52.4333333,0,0
52.4666667,0,0
52.5,0,0
52.5333333,0,0
52.5666667,0,0
52.6,0,0
52.6333333,0,0
52.6666667,0,0
52.7,0,0
52.7333333,0,0
52.7666667,0,0
52.8,0,0
52.8333333,0,0
52.8666667,0,0
52.9,0,0
52.9333333,0,0
52.9666667,0,0
53,0,0
53.0333333,0,0
53.0666667,0,0
53.1,0,0
53.1333333,0,0
53.1666667,0,0
53.2,0,0
53.2333333,0,0
53.2666667,0,0
53.3,0,0
53.3333333,0,0
53.3666667,0,0
53.4,0,0
53.4333333,0,0
53.4666667,0,0
53.5,0,0
53.5333333,0,0
53.5666667,0,0
53.6,0,0
53.6333333,0,0
53.6666667,0,0
53.7,0,0
53.7333333,0,0
53.7666667,0,0
53.8,0,0
53.8333333,0,0
53.8666667,0,0
53.9,0,0
53.9333333,0,0
53.9666667,0,0
54,0,0
54.0333333,0,0
54.0666667,0,0
54.1,0,0
54.1333333,0,0
54.1666667,0,0
54.2,0,0
54.2333333,0,0
54.2666667,0,0
54.3,0,0
54.3333333,0,0
54.3666667,0,0
54.4,0,0
54.4333333,0,0
54.4666667,0,0
54.5,0,0
54.5333333,0,0
54.5666667,0,0
54.6,0,0
54.6333333,0,0
54.6666667,0,0
54.7,0,0
54.7333333,0,0
54.7666667,0,0
54.8,0,0
54.8333333,0,0
54.8666667,0,0
54.9,0,0
54.9333333,0,0
54.9666667,0,0
55,0,0
55.0333333,0,0
55.0666667,0,0
55.1,0,0
55.1333333,0,0
55.1666667,0,0
55.2,0,0
55.2333333,0,0
55.2666667,0,0
55.3,0,0
55.3333333,0,0
55.3666667,0,0
55.4,0,0
55.4333333,0,0
55.4666667,0,0
55.5,0,0
55.5333333,0,0
55.5666667,0,0
55.6,0,0
55.6333333,0,0
55.6666667,0,0
55.7,0,0
55.7333333,0,0
55.7666667,0,0
55.8,0,0
55.8333333,0,0
55.8666667,0,0
55.9,0,0
55.9333333,0,0
55.9666667,0,0
56,0,0
56.0333333,0,0
56.0666667,0,0
56.1,0,0
56.1333333,0,0
56.1666667,0,0
56.2,0,0
56.2333333,0,0
56.2666667,0,0
56.3,0,0
56.3333333,0,0
56.3666667,0,0
56.4,0,0
56.4333333,0,0
56.4666667,0,0
56.5,0,0
56.5333333,0,0
56.5666667,0,0
56.6,0,0
56.6333333,0,0
56.6666667,0,0
56.7,0,0
56.7333333,0,0
56.7666667,0,0
56.8,0,0
56.8333333,0,0
56.8666667,0,0
56.9,0,0
56.9333333,0,0
56.9666667,0,0
57,0,0
57.0333333,0,0
57.0666667,0,0
57.1,0,0
57.1333333,0,0
57.1666667,0,0
57.2,0,0
57.2333333,0,0
57.2666667,0,0
57.3,0,0
57.3333333,0,0
57.3666667,0,0
57.4,0,0
57.4333333,0,0
57.4666667,0,0
57.5,0,0
57.5333333,0,0
57.5666667,0,0
57.6,0,0
57.6333333,0,0
57.6666667,0,0
57.7,0,0
57.7333333,0,0
57.7666667,0,0
57.8,0,0
57.8333333,0,0
57.8666667,0,0
57.9,0,0
57.9333333,0,0
57.9666667,0,0
58,0,0
58.0333333,0,0
58.0666667,0,0
58.1,0,0
58.1333333,0,0
58.1666667,0,0
58.2,0,0
58.2333333,0,0
58.2666667,0,0
58.3,0,0
58.3333333,0,0
58.3666667,0,0
58.4,0,0
58.4333333,0,0
58.4666667,0,0
58.5,0,0
58.5333333,0,0
58.5666667,0,0
58.6,0,0
58.6333333,0,0
58.6666667,0,0
58.7,0,0
58.7333333,0,0
58.7666667,0,0
58.8,0,0
58.8333333,0,0
58.8666667,0,0
58.9,0,0
58.9333333,0,0
58.9666667,0,0
59,0,0
59.0333333,0,0
59.0666667,0,0
59.1,0,0
59.1333333,0,0
59.1666667,0,0
59.2,0,0
59.2333333,0,0
59.2666667,0,0
59.3,0,0
59.3333333,0,0
59.3666667,0,0
59.4,0,0
59.4333333,0,0
59.4666667,0,0
59.5,0,0
59.5333333,0,0
59.5666667,0,0
59.6,0,0
59.6333333,0,0
59.6666667,0,0
59.7,0,0
59.7333333,0,0
59.7666667,0,0
59.8,0,0
59.8333333,0,0
59.8666667,0,0
59.9,0,0
59.9333333,0,0
59.9666667,0,0
60,0,0
60.0333333,0,0
60.0666667,0,0
60.1,0,0
60.1333333,0,0
60.1666667,0,0
60.2,0,0
60.2333333,0,0
60.2666667,0,0
60.3,0,0
60.3333333,0,0
60.3666667,0,0
60.4,0,0
60.4333333,0,0
60.4666667,0,0
60.5,0,0
60.5333333,0,0
60.5666667,0,0
60.6,0,0
60.6333333,0,0
60.6666667,0,0
60.7,0,0
60.7333333,0,0
60.7666667,0,0
60.8,0,0
60.8333333,0,0
60.8666667,0,0
60.9,0,0
60.9333333,0,0
60.9666667,0,0
61,0,0
61.0333333,0,0
61.0666667,0,0
61.1,0,0
61.1333333,0,0
61.1666667,0,0
61.2,0,0
61.2333333,0,0
61.2666667,0,0
61.3,0,0
61.3333333,0,0
61.3666667,0,0
61.4,0,0
61.4333333,0,0
61.4666667,0,0
61.5,0,0
61.5333333,0,0
61.5666667,0,0
61.6,0,0
61.6333333,0,0
61.6666667,0,0
61.7,0,0
61.7333333,0,0
61.7666667,0,0
61.8,0,0
61.8333333,0,0
61.8666667,0,0
61.9,0,0
61.9333333,0,0
61.9666667,0,0
62,0,0
62.0333333,0,0
62.0666667,0,0
62.1,0,0
62.1333333,0,0
62.1666667,0,0
62.2,0,0
62.2333333,0,0
62.2666667,0,0
62.3,0,0
62.3333333,0,0
62.3666667,0,0
62.4,0,0
62.4333333,0,0
62.4666667,0,0
62.5,0,0
62.5333333,0,0
62.5666667,0,0
62.6,0,0
62.6333333,0,0
62.6666667,0,0
62.7,0,0
62.7333333,0,0
62.7666667,0,0
62.8,0,0
62.8333333,0,0
62.8666667,0,0
62.9,0,0
62.9333333,0,0
62.9666667,0,0
63,0,0
63.0333333,0,0
63.0666667,0,0
63.1,0,0
63.1333333,0,0
63.1666667,0,0
63.2,0,0
63.2333333,0,0
63.2666667,0,0
63.3,0,0
63.3333333,0,0
63.3666667,0,0
63.4,0,0
63.4333333,0,0
63.4666667,0,0
63.5,0,0
63.5333333,0,0
63.5666667,0,0
63.6,0,0
63.6333333,0,0
63.6666667,0,0
63.7,0,0
63.7333333,0,0
63.7666667,0,0
63.8,0,0
63.8333333,0,0
63.8666667,0,0
63.9,0,0
63.9333333,0,0
63.9666667,0,0
64,0,0
64.0333333,0,0
64.0666667,0,0
64.1,0,0
64.1333333,0,0
64.1666667,0,0
64.2,0,0
64.2333333,0,0
64.2666667,0,0
64.3,0,0
64.3333333,0,0
64.3666667,0,0
64.4,0,0
64.4333333,0,0
64.4666667,0,0
64.5,0,0
64.5333333,0,0
64.5666667,0,0
64.6,0,0
64.6333333,0,0
64.6666667,0,0
64.7,0,0
64.7333333,0,0
64.7666667,0,0
64.8,0,0
64.8333333,0,0
64.8666667,0,0
64.9,0,0
64.9333333,0,0
64.9666667,0,0
65,0,0
65.0333333,0,0
65.0666667,0,0
65.1,0,0
65.1333333,0,0
65.1666667,0,0
65.2,0,0
65.2333333,0,0
65.2666667,0,0
65.3,0,0
65.3333333,0,0
65.3666667,0,0
65.4,0,0
65.4333333,0,0
65.4666667,0,0
65.5,0,0
65.5333333,0,0
65.5666667,0,0
65.6,0,0
65.6333333,0,0
65.6666667,0,0
65.7,0,0
65.7333333,0,0
65.7666667,0,0
65.8,0,0
65.8333333,0,0
65.8666667,0,0
65.9,0,0
65.9333333,0,0
65.9666667,0,0
66,0,0
66.0333333,0,0
66.0666667,0,0
66.1,0,0
66.1333333,0,0
66.1666667,0,0
66.2,0,0
66.2333333,0,0
66.2666667,0,0
66.3,0,0
66.3333333,0,0
66.3666667,0,0
66.4,0,0
66.4333333,0,0
66.4666667,0,0
66.5,0,0
66.5333333,0,0
66.5666667,0,0
66.6,0,0
66.6333333,0,0
66.6666667,0,0
66.7,0,0
66.7333333,0,0
66.7666667,0,0
66.8,0,0
66.8333333,0,0
66.8666667,0,0
66.9,0,0
66.9333333,0,0
66.9666667,0,0
67,0,0
67.0333333,0,0
67.0666667,0,0
67.1,0,0
67.1333333,0,0
67.1666667,0,0
67.2,0,0
67.2333333,0,0
67.2666667,0,0
67.3,0,0
67.3333333,0,0
67.3666667,0,0
67.4,0,0
67.4333333,0,0
67.4666667,0,0
67.5,0,0
67.5333333,0,0
67.5666667,0,0
67.6,0,0
67.6333333,0,0
67.6666667,0,0
67.7,0,0
67.7333333,0,0
67.7666667,0,0
67.8,0,0
67.8333333,0,0
67.8666667,0,0
67.9,0,0
67.9333333,0,0
67.9666667,0,0
68,0,0
68.0333333,0,0
68.0666667,0,0
68.1,0,0
68.1333333,0,0
68.1666667,0,0
68.2,0,0
68.2333333,0,0
68.2666667,0,0
68.3,0,0
68.3333333,0,0
68.3666667,0,0
68.4,0,0
68.4333333,0,0
68.4666667,0,0
68.5,0,0
68.5333333,0,0
68.5666667,0,0
68.6,0,0
68.6333333,0,0
68.6666667,0,0
68.7,0,0
68.7333333,0,0
68.7666667,0,0
68.8,0,0
68.8333333,0,0
68.8666667,0,0
68.9,0,0
68.9333333,0,0
68.9666667,0,0
69,0,0
69.0333333,0,0
69.0666667,0,0
69.1,0,0
69.1333333,0,0
69.1666667,0,0
69.2,0,0
69.2333333,0,0
69.2666667,0,0
69.3,0,0
69.3333333,0,0
69.3666667,0,0
69.4,0,0
69.4333333,0,0
69.4666667,0,0
69.5,0,0
69.5333333,0,0
69.5666667,0,0
69.6,0,0
69.6333333,0,0
69.6666667,0,0
69.7,0,0
69.7333333,0,0
69.7666667,0,0
69.8,0,0
69.8333333,0,0
69.8666667,0,0
69.9,0,0
69.9333333,0,0
69.9666667,0,0
70,0,0
70.0333333,0,0
70.0666667,0,0
70.1,0,0
70.1333333,0,0
70.1666667,0,0
70.2,0,0
70.2333333,0,0
70.2666667,0,0
70.3,0,0
70.3333333,0,0
70.3666667,0,0
70.4,0,0
70.4333333,0,0
70.4666667,0,0
70.5,0,0
70.5333333,0,0
70.5666667,0,0
70.6,0,0
70.6333333,0,0
70.6666667,0,0
70.7,0,0
70.7333333,0,0
70.7666667,0,0
70.8,0,0
70.8333333,0,0
70.8666667,0,0
70.9,0,0
70.9333333,0,0
70.9666667,0,0
71,0,0
71.0333333,0,0
71.0666667,0,0
71.1,0,0
71.1333333,0,0
71.1666667,0,0
71.2,0,0
71.2333333,0,0
71.2666667,0,0
71.3,0,0
71.3333333,0,0
71.3666667,0,0
71.4,0,0
71.4333333,0,0
71.4666667,0,0
71.5,0,0
71.5333333,0,0
71.5666667,0,0
71.6,0,0
71.6333333,0,0
71.6666667,0,0
71.7,0,0
71.7333333,0,0
71.7666667,0,0
71.8,0,0
71.8333333,0,0
71.8666667,0,0
71.9,0,0
71.9333333,0,0
71.9666667,0,0
72,0,0
72.0333333,0,0
72.0666667,0,0
72.1,0,0
72.1333333,0,0
72.1666667,0,0
72.2,0,0
72.2333333,0,0
72.2666667,0,0
72.3,0,0
72.3333333,0,0
72.3666667,0,0
72.4,0,0
72.4333333,0,0
72.4666667,0,0
72.5,0,0
72.5333333,0,0
72.5666667,0,0
72.6,0,0
72.6333333,0,0
72.6666667,0,0
72.7,0,0
72.7333333,0,0
72.7666667,0,0
72.8,0,0
72.8333333,0,0
72.8666667,0,0
72.9,0,0
72.9333333,0,0
72.9666667,0,0
73,0,0
73.0333333,0,0
73.0666667,0,0
73.1,0,0
73.1333333,0,0
73.1666667,0,0
73.2,0,0
73.2333333,0,0
73.2666667,0,0
73.3,0,0
73.3333333,0,0
73.3666667,0,0
73.4,0,0
73.4333333,0,0
73.4666667,0,0
73.5,0,0
73.5333333,0,0
73.5666667,0,0
73.6,0,0
73.6333333,0,0
73.6666667,0,0
73.7,0,0
73.7333333,0,0
73.7666667,0,0
73.8,0,0
73.8333333,0,0
73.8666667,0,0
73.9,0,0
73.9333333,0,0
73.9666667,0,0
74,0,0
74.0333333,0,0
74.0666667,0,0
74.1,0,0
74.1333333,0,0
74.1666667,0,0
74.2,0,0
74.2333333,0,0
74.2666667,0,0
74.3,0,0
74.3333333,0,0
74.3666667,0,0
74.4,0,0
74.4333333,0,0
74.4666667,0,0
74.5,0,0
74.5333333,0,0
74.5666667,0,0
74.6,0,0
74.6333333,0,0
74.6666667,0,0
74.7,0,0
74.7333333,0,0
74.7666667,0,0
74.8,0,0
74.8333333,0,0
74.8666667,0,0
74.9,0,0
74.9333333,0,0
74.9666667,0,0
75,0,0
75.0333333,0,0
75.0666667,0,0
75.1,0,0
75.1333333,0,0
75.1666667,0,0
75.2,0,0
75.2333333,0,0
75.2666667,0,0
75.3,0,0
75.3333333,0,0
75.3666667,0,0
75.4,0,0
75.4333333,0,0
75.4666667,0,0
75.5,0,0
75.5333333,0,0
75.5666667,0,0
75.6,0,0
75.6333333,0,0
75.6666667,0,0
75.7,0,0
75.7333333,0,0
75.7666667,0,0
75.8,0,0
75.8333333,0,0
75.8666667,0,0
75.9,0,0
75.9333333,0,0
75.9666667,0,0
76,0,0
76.0333333,0,0
76.0666667,0,0
76.1,0,0
76.1333333,0,0
76.1666667,0,0
76.2,0,0
76.2333333,0,0
76.2666667,0,0
76.3,0,0
76.3333333,0,0
76.3666667,0,0
76.4,0,0
76.4333333,0,0
76.4666667,0,0
76.5,0,0
76.5333333,0,0
76.5666667,0,0
76.6,0,0
76.6333333,0,0
76.6666667,0,0
76.7,0,0
76.7333333,0,0
76.7666667,0,0
76.8,0,0
76.8333333,0,0
76.8666667,0,0
76.9,0,0
76.9333333,0,0
76.9666667,0,0
77,0,0
77.0333333,0,0
77.0666667,0,0
77.1,0,0
77.1333333,0,0
77.1666667,0,0
77.2,0,0
77.2333333,0,0
77.2666667,0,0
77.3,0,0
77.3333333,0,0
77.3666667,0,0
77.4,0,0
77.4333333,0,0
77.4666667,0,0
77.5,0,0
77.5333333,0,0
77.5666667,0,0
77.6,0,0
77.6333333,0,0
77.6666667,0,0
77.7,0,0
77.7333333,0,0
77.7666667,0,0
77.8,0,0
77.8333333,0,0
77.8666667,0,0
77.9,0,0
77.9333333,0,0
77.9666667,0,0
78,0,0
78.0333333,0,0
78.0666667,0,0
78.1,0,0
78.1333333,0,0
78.1666667,0,0
78.2,0,0
78.2333333,0,0
78.2666667,0,0
78.3,0,0
78.3333333,0,0
78.3666667,0,0
78.4,0,0
78.4333333,0,0
78.4666667,0,0
78.5,0,0
78.5333333,0,0
78.5666667,0,0
78.6,0,0
78.6333333,0,0
78.6666667,0,0
78.7,0,0
78.7333333,0,0
78.7666667,0,0
78.8,0,0
78.8333333,0,0
78.8666667,0,0
78.9,0,0
78.9333333,0,0
78.9666667,0,0
79,0,0
79.0333333,0,0
79.0666667,0,0
79.1,0,0
79.1333333,0,0
79.1666667,0,0
79.2,0,0
79.2333333,0,0
79.2666667,0,0
79.3,0,0
79.3333333,0,0
79.3666667,0,0
79.4,0,0
79.4333333,0,0
79.4666667,0,0
79.5,0,0
79.5333333,0,0
79.5666667,0,0
79.6,0,0
79.6333333,0,0
79.6666667,0,0
79.7,0,0
79.7333333,0,0
79.7666667,0,0
79.8,0,0
79.8333333,0,0
79.8666667,0,0
79.9,0,0
79.9333333,0,0
79.9666667,0,0
80,0,0
80.0333333,0,0
80.0666667,0,0
80.1,0,0
80.1333333,0,0
80.1666667,0,0
80.2,0,0
80.2333333,0,0
80.2666667,0,0
80.3,0,0
80.3333333,0,0
80.3666667,0,0
80.4,0,0
80.4333333,0,0
80.4666667,0,0
80.5,0,0
80.5333333,0,0
80.5666667,0,0
80.6,0,0
80.6333333,0,0
80.6666667,0,0
80.7,0,0
80.7333333,0,0
80.7666667,0,0
80.8,0,0
80.8333333,0,0
80.8666667,0,0
80.9,0,0
80.9333333,0,0
80.9666667,0,0
81,0,0
81.0333333,0,0
81.0666667,0,0
81.1,0,0
81.1333333,0,0
81.1666667,0,0
81.2,0,0
81.2333333,0,0
81.2666667,0,0
81.3,0,0
81.3333333,0,0
81.3666667,0,0
81.4,0,0
81.4333333,0,0
81.4666667,0,0
81.5,0,0
81.5333333,0,0
81.5666667,0,0
81.6,0,0
81.6333333,0,0
81.6666667,0,0
81.7,0,0
81.7333333,0,0
81.7666667,0,0
81.8,0,0
81.8333333,0,0
81.8666667,0,0
81.9,0,0
81.9333333,0,0
81.9666667,0,0
82,0,0
82.0333333,0,0
82.0666667,0,0
82.1,0,0
82.1333333,0,0
82.1666667,0,0
82.2,0,0
82.2333333,0,0
82.2666667,0,0
82.3,0,0
82.3333333,0,0
82.3666667,0,0
82.4,0,0
82.4333333,0,0
82.4666667,0,0
82.5,0,0
82.5333333,0,0
82.5666667,0,0
82.6,0,0
82.6333333,0,0
82.6666667,0,0
82.7,0,0
82.7333333,0,0
82.7666667,0,0
82.8,0,0
82.8333333,0,0
82.8666667,0,0
82.9,0,0
82.9333333,0,0
82.9666667,0,0
83,0,0
83.0333333,0,0
83.0666667,0,0
83.1,0,0
83.1333333,0,0
83.1666667,0,0
83.2,0,0
83.2333333,0,0
83.2666667,0,0
83.3,0,0
83.3333333,0,0
83.3666667,0,0
83.4,0,0
83.4333333,0,0
83.4666667,0,0
83.5,0,0
83.5333333,0,0
83.5666667,0,0
83.6,0,0
83.6333333,0,0
83.6666667,0,0
83.7,0,0
83.7333333,0,0
83.7666667,0,0
83.8,0,0
83.8333333,0,0
83.8666667,0,0
83.9,0,0
83.9333333,0,0
83.9666667,0,0
84,0,0
84.0333333,0,0
84.0666667,0,0
84.1,0,0
84.1333333,0,0
84.1666667,0,0
84.2,0,0
84.2333333,0,0
84.2666667,0,0
84.3,0,0
84.3333333,0,0
84.3666667,0,0
84.4,0,0
84.4333333,0,0
84.4666667,0,0
84.5,0,0
84.5333333,0,0
84.5666667,0,0
84.6,0,0
84.6333333,0,0
84.6666667,0,0
84.7,0,0
84.7333333,0,0
84.7666667,0,0
84.8,0,0
84.8333333,0,0
84.8666667,0,0
84.9,0,0
84.9333333,0,0
84.9666667,0,0
85,0,0
85.0333333,0,0
85.0666667,0,0
85.1,0,0
85.1333333,0,0
85.1666667,0,0
85.2,0,0
85.2333333,0,0
85.2666667,0,0
85.3,0,0
85.3333333,0,0
85.3666667,0,0
85.4,0,0
85.4333333,0,0
85.4666667,0,0
85.5,0,0
85.5333333,0,0
85.5666667,0,0
85.6,0,0
85.6333333,0,0
85.6666667,0,0
85.7,0,0
85.7333333,0,0
85.7666667,0,0
85.8,0,0
85.8333333,0,0
85.8666667,0,0
85.9,0,0
85.9333333,0,0
85.9666667,0,0
86,0,0
86.0333333,0,0
86.0666667,0,0
86.1,0,0
86.1333333,0,0
86.1666667,0,0
86.2,0,0
86.2333333,0,0
86.2666667,0,0
86.3,0,0
86.3333333,0,0
86.3666667,0,0
86.4,0,0
86.4333333,0,0
86.4666667,0,0
86.5,0,0
86.5333333,0,0
86.5666667,0,0
86.6,0,0
86.6333333,0,0
86.6666667,0,0
86.7,0,0
86.7333333,0,0
86.7666667,0,0
86.8,0,0
86.8333333,0,0
86.8666667,0,0
86.9,0,0
86.9333333,0,0
86.9666667,0,0
87,0,0
87.0333333,0,0
87.0666667,0,0
87.1,0,0
87.1333333,0,0
87.1666667,0,0
87.2,0,0
87.2333333,0,0
87.2666667,0,0
87.3,0,0
87.3333333,0,0
87.3666667,0,0
87.4,0,0
87.4333333,0,0
87.4666667,0,0
87.5,0,0
87.5333333,0,0
87.5666667,0,0
87.6,0,0
87.6333333,0,0
87.6666667,0,0
87.7,0,0
87.7333333,0,0
87.7666667,0,0
87.8,0,0
87.8333333,0,0
87.8666667,0,0
87.9,0,0
87.9333333,0,0
87.9666667,0,0
88,0,0
88.0333333,0,0
88.0666667,0,0
88.1,0,0
88.1333333,0,0
88.1666667,0,0
88.2,0,0
88.2333333,0,0
88.2666667,0,0
88.3,0,0
88.3333333,0,0
88.3666667,0,0
88.4,0,0
88.4333333,0,0
88.4666667,0,0
88.5,0,0
88.5333333,0,0
88.5666667,0,0
88.6,0,0
88.6333333,0,0
88.6666667,0,0
88.7,0,0
88.7333333,0,0
88.7666667,0,0
88.8,0,0
88.8333333,0,0
88.8666667,0,0
88.9,0,0
88.9333333,0,0
88.9666667,0,0
89,0,0
89.0333333,0,0
89.0666667,0,0
89.1,0,0
89.1333333,0,0
89.1666667,0,0
89.2,0,0
89.2333333,0,0
89.2666667,0,0
89.3,0,0
89.3333333,0,0
89.3666667,0,0
89.4,0,0
89.4333333,0,0
89.4666667,0,0
89.5,0,0
89.5333333,0,0
89.5666667,0,0
89.6,0,0
89.6333333,0,0
89.6666667,0,0
89.7,0,0
89.7333333,0,0
89.7666667,0,0
89.8,0,0
89.8333333,0,0
89.8666667,0,0
89.9,0,0
89.9333333,0,0
89.9666667,0,0
90,0,0
90.0333333,0,0
90.0666667,0,0
90.1,0,0
90.1333333,0,0
90.1666667,0,0
90.2,0,0
90.2333333,0,0
90.2666667,0,0
90.3,0,0
90.3333333,0,0
90.3666667,0,0
90.4,0,0
90.4333333,0,0
90.4666667,0,0
90.5,0,0
90.5333333,0,0
90.5666667,0,0
90.6,0,0
90.6333333,0,0
90.6666667,0,0
90.7,0,0
90.7333333,0,0
90.7666667,0,0
90.8,0,0
90.8333333,0,0
90.8666667,0,0
90.9,0,0
90.9333333,0,0
90.9666667,0,0
91,0,0
91.0333333,0,0
91.0666667,0,0
91.1,0,0
91.1333333,0,0
91.1666667,0,0
91.2,0,0
91.2333333,0,0
91.2666667,0,0
91.3,0,0
91.3333333,0,0
91.3666667,0,0
91.4,0,0
91.4333333,0,0
91.4666667,0,0
91.5,0,0
91.5333333,0,0
91.5666667,0,0
91.6,0,0
91.6333333,0,0
91.6666667,0,0
91.7,0,0
91.7333333,0,0
91.7666667,0,0
91.8,0,0
91.8333333,0,0
91.8666667,0,0
91.9,0,0
91.9333333,0,0
91.9666667,0,0
92,0,0
92.0333333,0,0
92.0666667,0,0
92.1,0,0
92.1333333,0,0
92.1666667,0,0
92.2,0,0
92.2333333,0,0
92.2666667,0,0
92.3,0,0
92.3333333,0,0
92.3666667,0,0
92.4,0,0
92.4333333,0,0
92.4666667,0,0
92.5,0,0
92.5333333,0,0
92.5666667,0,0
92.6,0,0
92.6333333,0,0
92.6666667,0,0
92.7,0,0
92.7333333,0,0
92.7666667,0,0
92.8,0,0
92.8333333,0,0
92.8666667,0,0
92.9,0,0
92.9333333,0,0
92.9666667,0,0
93,0,0
93.0333333,0,0
93.0666667,0,0
93.1,0,0
93.1333333,0,0
93.1666667,0,0
93.2,0,0
93.2333333,0,0
93.2666667,0,0
93.3,0,0
93.3333333,0,0
93.3666667,0,0
93.4,0,0
93.4333333,0,0
93.4666667,0,0
93.5,0,0
93.5333333,0,0
93.5666667,0,0
93.6,0,0
93.6333333,0,0
93.6666667,0,0
93.7,0,0
93.7333333,0,0
93.7666667,0,0
93.8,0,0
93.8333333,0,0
93.8666667,0,0
93.9,0,0
93.9333333,0,0
93.9666667,0,0
94,0,0
94.0333333,0,0
94.0666667,0,0
94.1,0,0
94.1333333,0,0
94.1666667,0,0
94.2,0,0
94.2333333,0,0
94.2666667,0,0
94.3,0,0
94.3333333,0,0
94.3666667,0,0
94.4,0,0
94.4333333,0,0
94.4666667,0,0
94.5,0,0
94.5333333,0,0
94.5666667,0,0
94.6,0,0
94.6333333,0,0
94.6666667,0,0
94.7,0,0
94.7333333,0,0
94.7666667,0,0
94.8,0,0
94.8333333,0,0
94.8666667,0,0
94.9,0,0
94.9333333,0,0
94.9666667,0,0
95,0,0
95.0333333,0,0
95.0666667,0,0
95.1,0,0
95.1333333,0,0
95.1666667,0,0
95.2,0,0
95.2333333,0,0
95.2666667,0,0
95.3,0,0
95.3333333,0,0
95.3666667,0,0
95.4,0,0
95.4333333,0,0
95.4666667,0,0
95.5,0,0
95.5333333,0,0
95.5666667,0,0
95.6,0,0
95.6333333,0,0
95.6666667,0,0
95.7,0,0
95.7333333,0,0
95.7666667,0,0
95.8,0,0
95.8333333,0,0
95.8666667,0,0
95.9,0,0
95.9333333,0,0
95.9666667,0,0
96,0,0
96.0333333,0,0
96.0666667,0,0
96.1,0,0
96.1333333,0,0
96.1666667,0,0
96.2,0,0
96.2333333,0,0
96.2666667,0,0
96.3,0,0
96.3333333,0,0
96.3666667,0,0
96.4,0,0
96.4333333,0,0
96.4666667,0,0
96.5,0,0
96.5333333,0,0
96.5666667,0,0
96.6,0,0
96.6333333,0,0
96.6666667,0,0
96.7,0,0
96.7333333,0,0
96.7666667,0,0
96.8,0,0
96.8333333,0,0
96.8666667,0,0
96.9,0,0
96.9333333,0,0
96.9666667,0,0
97,0,0
97.0333333,0,0
97.0666667,0,0
97.1,0,0
97.1333333,0,0
97.1666667,0,0
97.2,0,0
97.2333333,0,0
97.2666667,0,0
97.3,0,0
97.3333333,0,0
97.3666667,0,0
97.4,0,0
97.4333333,0,0
97.4666667,0,0
97.5,0,0
97.5333333,0,0
97.5666667,0,0
97.6,0,0
97.6333333,0,0
97.6666667,0,0
97.7,0,0
97.7333333,0,0
97.7666667,0,0
97.8,0,0
97.8333333,0,0
97.8666667,0,0
97.9,0,0
97.9333333,0,0
97.9666667,0,0
98,0,0
98.0333333,0,0
98.0666667,0,0
98.1,0,0
98.1333333,0,0
98.1666667,0,0
98.2,0,0
98.2333333,0,0
98.2666667,0,0
98.3,0,0
98.3333333,0,0
98.3666667,0,0
98.4,0,0
98.4333333,0,0
98.4666667,0,0
98.5,0,0
98.5333333,0,0
98.5666667,0,0
98.6,0,0
98.6333333,0,0
98.6666667,0,0
98.7,0,0
98.7333333,0,0
98.7666667,0,0
98.8,0,0
98.8333333,0,0
98.8666667,0,0
98.9,0,0
98.9333333,0,0
98.9666667,0,0
99,0,0
99.0333333,0,0
99.0666667,0,0
99.1,0,0
99.1333333,0,0
99.1666667,0,0
99.2,0,0
99.2333333,0,0
99.2666667,0,0
99.3,0,0
99.3333333,0,0
99.3666667,0,0
99.4,0,0
99.4333333,0,0
99.4666667,0,0
99.5,0,0
99.5333333,0,0
99.5666667,0,0
99.6,0,0
99.6333333,0,0
99.6666667,0,0
99.7,0,0
99.7333333,0,0
99.7666667,0,0
99.8,0,0
99.8333333,0,0
99.8666667,0,0
99.9,0,0
99.9333333,0,0
99.9666667,0,0
100,0,0
100.033333,0,0
100.066667,0,0
100.1,0,0
100.133333,0,0
100.166667,0,0
100.2,0,0
100.233333,0,0
100.266667,0,0
100.3,0,0
100.333333,0,0
100.366667,0,0
100.4,0,0
100.433333,0,0
100.466667,0,0
100.5,0,0
100.533333,0,0
100.566667,0,0
100.6,0,0
100.633333,0,0
100.666667,0,0
100.7,0,0
100.733333,0,0
100.766667,0,0
100.8,0,0
100.833333,0,0
100.866667,0,0
100.9,0,0
100.933333,0,0
100.966667,0,0
101,0,0
101.033333,0,0
101.066667,0,0
101.1,0,0
101.133333,0,0
101.166667,0,0
101.2,0,0
101.233333,0,0
101.266667,0,0
101.3,0,0
101.333333,0,0
101.366667,0,0
101.4,0,0
101.433333,0,0
101.466667,0,0
101.5,0,0
101.533333,0,0
101.566667,0,0
101.6,0,0
101.633333,0,0
101.666667,0,0
101.7,0,0
101.733333,0,0
101.766667,0,0
101.8,0,0
101.833333,0,0
101.866667,0,0
101.9,0,0
101.933333,0,0
101.966667,0,0
102,0,0
102.033333,0,0
102.066667,0,0
102.1,0,0
102.133333,0,0
102.166667,0,0
102.2,0,0
102.233333,0,0
102.266667,0,0
102.3,0,0
102.333333,0,0
102.366667,0,0
102.4,0,0
102.433333,0,0
102.466667,0,0
102.5,0,0
102.533333,0,0
102.566667,0,0
102.6,0,0
102.633333,0,0
102.666667,0,0
102.7,0,0
102.733333,0,0
102.766667,0,0
102.8,0,0
102.833333,0,0
102.866667,0,0
102.9,0,0
102.933333,0,0
102.966667,0,0
103,0,0
103.033333,0,0
103.066667,0,0
103.1,0,0
103.133333,0,0
103.166667,0,0
103.2,0,0
103.233333,0,0
103.266667,0,0
103.3,0,0
103.333333,0,0
103.366667,0,0
103.4,0,0
103.433333,0,0
103.466667,0,0
103.5,0,0
103.533333,0,0
103.566667,0,0
103.6,0,0
103.633333,0,0
103.666667,0,0
103.7,0,0
103.733333,0,0
103.766667,0,0
103.8,0,0
103.833333,0,0
103.866667,0,0
103.9,0,0
103.933333,0,0
103.966667,0,0
104,0,0
104.033333,0,0
104.066667,0,0
104.1,0,0
104.133333,0,0
104.166667,0,0
104.2,0,0
104.233333,0,0
104.266667,0,0
104.3,0,0
104.333333,0,0
104.366667,0,0
104.4,0,0
104.433333,0,0
104.466667,0,0
104.5,0,0
104.533333,0,0
104.566667,0,0
104.6,0,0
104.633333,0,0
104.666667,0,0
104.7,0,0
104.733333,0,0
104.766667,0,0
104.8,0,0
104.833333,0,0
104.866667,0,0
104.9,0,0
104.933333,0,0
104.966667,0,0
105,0,0
105.033333,0,0
105.066667,0,0
105.1,0,0
105.133333,0,0
105.166667,0,0
105.2,0,0
105.233333,0,0
105.266667,0,0
105.3,0,0
105.333333,0,0
105.366667,0,0
105.4,0,0
105.433333,0,0
105.466667,0,0
105.5,0,0
105.533333,0,0
105.566667,0,0
105.6,0,0
105.633333,0,0
105.666667,0,0
105.7,0,0
105.733333,0,0
105.766667,0,0
105.8,0,0
105.833333,0,0
105.866667,0,0
105.9,0,0
105.933333,0,0
105.966667,0,0
106,0,0
106.033333,0,0
106.066667,0,0
106.1,0,0
106.133333,0,0
106.166667,0,0
106.2,0,0
106.233333,0,0
106.266667,0,0
106.3,0,0
106.333333,0,0
106.366667,0,0
106.4,0,0
106.433333,0,0
106.466667,0,0
106.5,0,0
106.533333,0,0
106.566667,0,0
106.6,0,0
106.633333,0,0
106.666667,0,0
106.7,0,0
106.733333,0,0
106.766667,0,0
106.8,0,0
106.833333,0,0
106.866667,0,0
106.9,0,0
106.933333,0,0
106.966667,0,0
107,0,0
107.033333,0,0
107.066667,0,0
107.1,0,0
107.133333,0,0
107.166667,0,0
107.2,0,0
107.233333,0,0
107.266667,0,0
107.3,0,0
107.333333,0,0
107.366667,0,0
107.4,0,0
107.433333,0,0
107.466667,0,0
107.5,0,0
107.533333,0,0
107.566667,0,0
107.6,0,0
107.633333,0,0
107.666667,0,0
107.7,0,0
107.733333,0,0
107.766667,0,0
107.8,0,0
107.833333,0,0
107.866667,0,0
107.9,0,0
107.933333,0,0
107.966667,0,0
108,0,0
108.033333,0,0
108.066667,0,0
108.1,0,0
108.133333,0,0
108.166667,0,0
108.2,0,0
108.233333,0,0
108.266667,0,0
108.3,0,0
108.333333,0,0
108.366667,0,0
108.4,0,0
108.433333,0,0
108.466667,0,0
108.5,0,0
108.533333,0,0
108.566667,0,0
108.6,0,0
108.633333,0,0
108.666667,0,0
108.7,0,0
108.733333,0,0
108.766667,0,0
108.8,0,0
108.833333,0,0
108.866667,0,0
108.9,0,0
108.933333,0,0
108.966667,0,0
109,0,0
109.033333,0,0
109.066667,0,0
109.1,0,0
109.133333,0,0
109.166667,0,0
109.2,0,0
109.233333,0,0
109.266667,0,0
109.3,0,0
109.333333,0,0
109.366667,0,0
109.4,0,0
109.433333,0,0
109.466667,0,0
109.5,0,0
109.533333,0,0
109.566667,0,0
109.6,0,0
109.633333,0,0
109.666667,0,0
109.7,0,0
109.733333,0,0
109.766667,0,0
109.8,0,0
109.833333,0,0
109.866667,0,0
109.9,0,0
109.933333,0,0
109.966667,0,0
110,0,0
110.033333,0,0
110.066667,0,0
110.1,0,0
110.133333,0,0
110.166667,0,0
110.2,0,0
110.233333,0,0
110.266667,0,0
110.3,0,0
110.333333,0,0
110.366667,0,0
110.4,0,0
110.433333,0,0
110.466667,0,0
110.5,0,0
110.533333,0,0
110.566667,0,0
110.6,0,0
110.633333,0,0
110.666667,0,0
110.7,0,0
110.733333,0,0
110.766667,0,0
110.8,0,0
110.833333,0,0
110.866667,0,0
110.9,0,0
110.933333,0,0
110.966667,0,0
111,0,0
111.033333,0,0
111.066667,0,0
111.1,0,0
111.133333,0,0
111.166667,0,0
111.2,0,0
111.233333,0,0
111.266667,0,0
111.3,0,0
111.333333,0,0
111.366667,0,0
111.4,0,0
111.433333,0,0
111.466667,0,0
111.5,0,0
111.533333,0,0
111.566667,0,0
111.6,0,0
111.633333,0,0
111.666667,0,0
111.7,0,0
111.733333,0,0
111.766667,0,0
111.8,0,0
111.833333,0,0
111.866667,0,0
111.9,0,0
111.933333,0,0
111.966667,0,0
112,0,0
112.033333,0,0
112.066667,0,0
112.1,0,0
112.133333,0,0
112.166667,0,0
112.2,0,0
112.233333,0,0
112.266667,0,0
112.3,0,0
112.333333,0,0
112.366667,0,0
112.4,0,0
112.433333,0,0
112.466667,0,0
112.5,0,0
112.533333,0,0
112.566667,0,0
112.6,0,0
112.633333,0,0
112.666667,0,0
112.7,0,0
112.733333,0,0
112.766667,0,0
112.8,0,0
112.833333,0,0
112.866667,0,0
112.9,0,0
112.933333,0,0
112.966667,0,0
113,0,0
113.033333,0,0
113.066667,0,0
113.1,0,0
113.133333,0,0
113.166667,0,0
113.2,0,0
113.233333,0,0
113.266667,0,0
113.3,0,0
113.333333,0,0
113.366667,0,0
113.4,0,0
113.433333,0,0
113.466667,0,0
113.5,0,0
113.533333,0,0
113.566667,0,0
113.6,0,0
113.633333,0,0
113.666667,0,0
113.7,0,0
113.733333,0,0
113.766667,0,0
113.8,0,0
113.833333,0,0
113.866667,0,0
113.9,0,0
113.933333,0,0
113.966667,0,0
114,0,0
114.033333,0,0
114.066667,0,0
114.1,0,0
114.133333,0,0
114.166667,0,0
114.2,0,0
114.233333,0,0
114.266667,0,0
114.3,0,0
114.333333,0,0
114.366667,0,0
114.4,0,0
114.433333,0,0
114.466667,0,0
114.5,0,0
114.533333,0,0
114.566667,0,0
114.6,0,0
114.633333,0,0
114.666667,0,0
114.7,0,0
114.733333,0,0
114.766667,0,0
114.8,0,0
114.833333,0,0
114.866667,0,0
114.9,0,0
114.933333,0,0
114.966667,0,0
115,0,0
115.033333,0,0
115.066667,0,0
115.1,0,0
115.133333,0,0
115.166667,0,0
115.2,0,0
115.233333,0,0
115.266667,0,0
115.3,0,0
115.333333,0,0
115.366667,0,0
115.4,0,0
115.433333,0,0
115.466667,0,0
115.5,0,0
115.533333,0,0
115.566667,0,0
115.6,0,0
115.633333,0,0
115.666667,0,0
115.7,0,0
115.733333,0,0
115.766667,0,0
115.8,0,0
115.833333,0,0
115.866667,0,0
115.9,0,0
115.933333,0,0
115.966667,0,0
116,0,0
116.033333,0,0
116.066667,0,0
116.1,0,0
116.133333,0,0
116.166667,0,0
116.2,0,0
116.233333,0,0
116.266667,0,0
116.3,0,0
116.333333,0,0
116.366667,0,0
116.4,0,0
116.433333,0,0
116.466667,0,0
116.5,0,0
116.533333,0,0
116.566667,0,0
116.6,0,0
116.633333,0,0
116.666667,0,0
116.7,0,0
116.733333,0,0
116.766667,0,0
116.8,0,0
116.833333,0,0
116.866667,0,0
116.9,0,0
116.933333,0,0
116.966667,0,0
117,0,0
117.033333,0,0
117.066667,0,0
117.1,0,0
117.133333,0,0
117.166667,0,0
117.2,0,0
117.233333,0,0
117.266667,0,0
117.3,0,0
117.333333,0,0
117.366667,0,0
117.4,0,0
117.433333,0,0
117.466667,0,0
117.5,0,0
117.533333,0,0
117.566667,0,0
117.6,0,0
117.633333,0,0
117.666667,0,0
117.7,0,0
117.733333,0,0
117.766667,0,0
117.8,0,0
117.833333,0,0
117.866667,0,0
117.9,0,0
117.933333,0,0
117.966667,0,0
118,0,0
118.033333,0,0
118.066667,0,0
118.1,0,0
118.133333,0,0
118.166667,0,0
118.2,0,0
118.233333,0,0
118.266667,0,0
118.3,0,0
118.333333,0,0
118.366667,0,0
118.4,0,0
118.433333,0,0
118.466667,0,0
118.5,0,0
118.533333,0,0
118.566667,0,0
118.6,0,0
118.633333,0,0
118.666667,0,0
118.7,0,0
118.733333,0,0
118.766667,0,0
118.8,0,0
118.833333,0,0
118.866667,0,0
118.9,0,0
118.933333,0,0
118.966667,0,0
119,0,0
119.033333,0,0
119.066667,0,0
119.1,0,0
119.133333,0,0
119.166667,0,0
119.2,0,0
119.233333,0,0
119.266667,0,0
119.3,0,0
119.333333,0,0
119.366667,0,0
119.4,0,0
119.433333,0,0
119.466667,0,0
119.5,0,0
119.533333,0,0
119.566667,0,0
119.6,0,0
119.633333,0,0
119.666667,0,0
119.7,0,0
119.733333,0,0
119.766667,0,0
119.8,0,0
119.833333,0,0
119.866667,0,0
119.9,0,0
119.933333,0,0
119.966667,0,0
120,0,0
120.033333,0,0
120.066667,0,0
120.1,0,0
120.133333,0,0
120.166667,0,0
120.2,0,0
120.233333,0,0
120.266667,0,0
120.3,0,0
120.333333,0,0
120.366667,0,0
120.4,0,0
120.433333,0,0
120.466667,0,0
120.5,0,0
120.533333,0,0
120.566667,0,0
120.6,0,0
120.633333,0,0
120.666667,0,0
120.7,0,0
120.733333,0,0
120.766667,0,0
120.8,0,0
120.833333,0,0
120.866667,0,0
120.9,0,0
120.933333,0,0
120.966667,0,0
121,0,0
121.033333,0,0
121.066667,0,0
121.1,0,0
121.133333,0,0
121.166667,0,0
121.2,0,0
121.233333,0,0
121.266667,0,0
121.3,0,0
121.333333,0,0
121.366667,0,0
121.4,0,0
121.433333,0,0
121.466667,0,0
121.5,0,0
121.533333,0,0
121.566667,0,0
121.6,0,0
121.633333,0,0
121.666667,0,0
121.7,0,0
121.733333,0,0
121.766667,0,0
121.8,0,0
121.833333,0,0
121.866667,0,0
121.9,0,0
121.933333,0,0
121.966667,0,0
122,0,0
122.033333,0,0
122.066667,0,0
122.1,0,0
122.133333,0,0
122.166667,0,0
122.2,0,0
122.233333,0,0
122.266667,0,0
122.3,0,0
122.333333,0,0
122.366667,0,0
122.4,0,0
122.433333,0,0
122.466667,0,0
122.5,0,0
122.533333,0,0
122.566667,0,0
122.6,0,0
122.633333,0,0
122.666667,0,0
122.7,0,0
122.733333,0,0
122.766667,0,0
122.8,0,0
122.833333,0,0
122.866667,0,0
122.9,0,0
122.933333,0,0
122.966667,0,0
123,0,0
123.033333,0,0
123.066667,0,0
123.1,0,0
123.133333,0,0
123.166667,0,0
123.2,0,0
123.233333,0,0
123.266667,0,0
123.3,0,0
123.333333,0,0
123.366667,0,0
123.4,0,0
123.433333,0,0
123.466667,0,0
123.5,0,0
123.533333,0,0
123.566667,0,0
123.6,0,0
123.633333,0,0
123.666667,0,0
123.7,0,0
123.733333,0,0
123.766667,0,0
123.8,0,0
123.833333,0,0
123.866667,0,0
123.9,0,0
123.933333,0,0
123.966667,0,0
124,0,0
124.033333,0,0
124.066667,0,0
124.1,0,0
124.133333,0,0
124.166667,0,0
124.2,0,0
124.233333,0,0
124.266667,0,0
124.3,0,0
124.333333,0,0
124.366667,0,0
124.4,0,0
124.433333,0,0
124.466667,0,0
124.5,0,0
124.533333,0,0
124.566667,0,0
124.6,0,0
124.633333,0,0
124.666667,0,0
124.7,0,0
124.733333,0,0
124.766667,0,0
124.8,0,0
124.833333,0,0
124.866667,0,0
124.9,0,0
124.933333,0,0
124.966667,0,0
125,0,0
125.033333,0,0
125.066667,0,0
125.1,0,0
125.133333,0,0
125.166667,0,0
125.2,0,0
125.233333,0,0
125.266667,0,0
125.3,0,0
125.333333,0,0
125.366667,0,0
125.4,0,0
125.433333,0,0
125.466667,0,0
125.5,0,0
125.533333,0,0
125.566667,0,0
125.6,0,0
125.633333,0,0
125.666667,0,0
125.7,0,0
125.733333,0,0
125.766667,0,0
125.8,0,0
125.833333,0,0
125.866667,0,0
125.9,0,0
125.933333,0,0
125.966667,0,0
126,0,0
126.033333,0,0
126.066667,0,0
126.1,0,0
126.133333,0,0
126.166667,0,0
126.2,0,0
126.233333,0,0
126.266667,0,0
126.3,0,0
126.333333,0,0
126.366667,0,0
126.4,0,0
126.433333,0,0
126.466667,0,0
126.5,0,0
126.533333,0,0
126.566667,0,0
126.6,0,0
126.633333,0,0
126.666667,0,0
126.7,0,0
126.733333,0,0
126.766667,0,0
126.8,0,0
126.833333,0,0
126.866667,0,0
126.9,0,0
126.933333,0,0
126.966667,0,0
127,0,0
127.033333,0,0
127.066667,0,0
127.1,0,0
127.133333,0,0
127.166667,0,0
127.2,0,0
127.233333,0,0
127.266667,0,0
127.3,0,0
127.333333,0,0
127.366667,0,0
127.4,0,0
127.433333,0,0
127.466667,0,0
127.5,0,0
127.533333,0,0
127.566667,0,0
127.6,0,0
127.633333,0,0
127.666667,0,0
127.7,0,0
127.733333,0,0
127.766667,0,0
127.8,0,0
127.833333,0,0
127.866667,0,0
127.9,0,0
127.933333,0,0
127.966667,0,0
128,0,0
128.033333,0,0
128.066667,0,0
128.1,0,0
128.133333,0,0
128.166667,0,0
128.2,0,0
128.233333,0,0
128.266667,0,0
128.3,0,0
128.333333,0,0
128.366667,0,0
128.4,0,0
128.433333,0,0
128.466667,0,0
128.5,0,0
128.533333,0,0
128.566667,0,0
128.6,0,0
128.633333,0,0
128.666667,0,0
128.7,0,0
128.733333,0,0
128.766667,0,0
128.8,0,0
128.833333,0,0
128.866667,0,0
128.9,0,0
128.933333,0,0
128.966667,0,0
129,0,0
129.033333,0,0
129.066667,0,0
129.1,0,0
129.133333,0,0
129.166667,0,0
129.2,0,0
129.233333,0,0
129.266667,0,0
129.3,0,0
129.333333,0,0
129.366667,0,0
129.4,0,0
129.433333,0,0
129.466667,0,0
129.5,0,0
129.533333,0,0
129.566667,0,0
129.6,0,0
129.633333,0,0
129.666667,0,0
129.7,0,0
129.733333,0,0
129.766667,0,0
129.8,0,0
129.833333,0,0
129.866667,0,0
129.9,0,0
129.933333,0,0
129.966667,0,0
130,0,0
130.033333,0,0
130.066667,0,0
130.1,0,0
130.133333,0,0
130.166667,0,0
130.2,0,0
130.233333,0,0
130.266667,0,0
130.3,0,0
130.333333,0,0
130.366667,0,0
130.4,0,0
130.433333,0,0
130.466667,0,0
130.5,0,0
130.533333,0,0
130.566667,0,0
130.6,0,0
130.633333,0,0
130.666667,0,0
130.7,0,0
130.733333,0,0
130.766667,0,0
130.8,0,0
130.833333,0,0
130.866667,0,0
130.9,0,0
130.933333,0,0
130.966667,0,0
131,0,0
131.033333,0,0
131.066667,0,0
131.1,0,0
131.133333,0,0
131.166667,0,0
131.2,0,0
131.233333,0,0
131.266667,0,0
131.3,0,0
131.333333,0,0
131.366667,0,0
131.4,0,0
131.433333,0,0
131.466667,0,0
131.5,0,0
131.533333,0,0
131.566667,0,0
131.6,0,0
131.633333,0,0
131.666667,0,0
131.7,0,0
131.733333,0,0
131.766667,0,0
131.8,0,0
131.833333,0,0
131.866667,0,0
131.9,0,0
131.933333,0,0
131.966667,0,0
132,0,0
132.033333,0,0
132.066667,0,0
132.1,0,0
132.133333,0,0
132.166667,0,0
132.2,0,0
132.233333,0,0
132.266667,0,0
132.3,0,0
132.333333,0,0
132.366667,0,0
132.4,0,0
132.433333,0,0
132.466667,0,0
132.5,0,0
132.533333,0,0
132.566667,0,0
132.6,0,0
132.633333,0,0
132.666667,0,0
132.7,0,0
132.733333,0,0
132.766667,0,0
132.8,0,0
132.833333,0,0
132.866667,0,0
132.9,0,0
132.933333,0,0
132.966667,0,0
133,0,0
133.033333,0,0
133.066667,0,0
133.1,0,0
133.133333,0,0
133.166667,0,0
133.2,0,0
133.233333,0,0
133.266667,0,0
133.3,0,0
133.333333,0,0
133.366667,0,0
133.4,0,0
133.433333,0,0
133.466667,0,0
133.5,0,0
133.533333,0,0
133.566667,0,0
133.6,0,0
133.633333,0,0
133.666667,0,0
133.7,0,0
133.733333,0,0
133.766667,0,0
133.8,0,0
133.833333,0,0
133.866667,0,0
133.9,0,0
133.933333,0,0
133.966667,0,0
134,0,0
134.033333,0,0
134.066667,0,0
134.1,0,0
134.133333,0,0
134.166667,0,0
134.2,0,0
134.233333,0,0
134.266667,0,0
134.3,0,0
134.333333,0,0
134.366667,0,0
134.4,0,0
134.433333,0,0
134.466667,0,0
134.5,0,0
134.533333,0,0
134.566667,0,0
134.6,0,0
134.633333,0,0
134.666667,0,0
134.7,0,0
134.733333,0,0
134.766667,0,0
134.8,0,0
134.833333,0,0
134.866667,0,0
134.9,0,0
134.933333,0,0
134.966667,0,0
135,0,0
135.033333,0,0
135.066667,0,0
135.1,0,0
135.133333,0,0
135.166667,0,0
135.2,0,0
135.233333,0,0
135.266667,0,0
135.3,0,0
135.333333,0,0
135.366667,0,0
135.4,0,0
135.433333,0,0
135.466667,0,0
135.5,0,0
135.533333,0,0
135.566667,0,0
135.6,0,0
135.633333,0,0
135.666667,0,0
135.7,0,0
135.733333,0,0
135.766667,0,0
135.8,0,0
135.833333,0,0
135.866667,0,0
135.9,0,0
135.933333,0,0
135.966667,0,0
136,0,0
136.033333,0,0
136.066667,0,0
136.1,0,0
136.133333,0,0
136.166667,0,0
136.2,0,0
136.233333,0,0
136.266667,0,0
136.3,0,0
136.333333,0,0
136.366667,0,0
136.4,0,0
136.433333,0,0
136.466667,0,0
136.5,0,0
136.533333,0,0
136.566667,0,0
136.6,0,0
136.633333,0,0
136.666667,0,0
136.7,0,0
136.733333,0,0
136.766667,0,0
136.8,0,0
136.833333,0,0
136.866667,0,0
136.9,0,0
136.933333,0,0
136.966667,0,0
137,0,0
137.033333,0,0
137.066667,0,0
137.1,0,0
137.133333,0,0
137.166667,0,0
137.2,0,0
137.233333,0,0
137.266667,0,0
137.3,0,0
137.333333,0,0
137.366667,0,0
137.4,0,0
137.433333,0,0
137.466667,0,0
137.5,0,0
137.533333,0,0
137.566667,0,0
137.6,0,0
137.633333,0,0
137.666667,0,0
137.7,0,0
137.733333,0,0
137.766667,0,0
137.8,0,0
137.833333,0,0
137.866667,0,0
137.9,0,0
137.933333,0,0
137.966667,0,0
138,0,0
138.033333,0,0
138.066667,0,0
138.1,0,0
138.133333,0,0
138.166667,0,0
138.2,0,0
138.233333,0,0
138.266667,0,0
138.3,0,0
138.333333,0,0
138.366667,0,0
138.4,0,0
138.433333,0,0
138.466667,0,0
138.5,0,0
138.533333,0,0
138.566667,0,0
138.6,0,0
138.633333,0,0
138.666667,0,0
138.7,0,0
138.733333,0,0
138.766667,0,0
138.8,0,0
138.833333,0,0
138.866667,0,0
138.9,0,0
138.933333,0,0
138.966667,0,0
139,0,0
139.033333,0,0
139.066667,0,0
139.1,0,0
139.133333,0,0
139.166667,0,0
139.2,0,0
139.233333,0,0
139.266667,0,0
139.3,0,0
139.333333,0,0
139.366667,0,0
139.4,0,0
139.433333,0,0
139.466667,0,0
139.5,0,0
139.533333,0,0
139.566667,0,0
139.6,0,0
139.633333,0,0
139.666667,0,0
139.7,0,0
139.733333,0,0
139.766667,0,0
139.8,0,0
139.833333,0,0
139.866667,0,0
139.9,0,0
139.933333,0,0
139.966667,0,0
140,0,0
140.033333,0,0
140.066667,0,0
140.1,0,0
140.133333,0,0
140.166667,0,0
140.2,0,0
140.233333,0,0
140.266667,0,0
140.3,0,0
140.333333,0,0
140.366667,0,0
140.4,0,0
140.433333,0,0
140.466667,0,0
140.5,0,0
140.533333,0,0
140.566667,0,0
140.6,0,0
140.633333,0,0
140.666667,0,0
140.7,0,0
140.733333,0,0
140.766667,0,0
140.8,0,0
140.833333,0,0
140.866667,0,0
140.9,0,0
140.933333,0,0
140.966667,0,0
141,0,0
141.033333,0,0
141.066667,0,0
141.1,0,0
141.133333,0,0
141.166667,0,0
141.2,0,0
141.233333,0,0
141.266667,0,0
141.3,0,0
141.333333,0,0
141.366667,0,0
141.4,0,0
141.433333,0,0
141.466667,0,0
141.5,0,0
141.533333,0,0
141.566667,0,0
141.6,0,0
141.633333,0,0
141.666667,0,0
141.7,0,0
141.733333,0,0
141.766667,0,0
141.8,0,0
141.833333,0,0
141.866667,0,0
141.9,0,0
141.933333,0,0
141.966667,0,0
142,0,0
142.033333,0,0
142.066667,0,0
142.1,0,0
142.133333,0,0
142.166667,0,0
142.2,0,0
142.233333,0,0
142.266667,0,0
142.3,0,0
142.333333,0,0
142.366667,0,0
142.4,0,0
142.433333,0,0
142.466667,0,0
142.5,0,0
142.533333,0,0
142.566667,0,0
142.6,0,0
142.633333,0,0
142.666667,0,0
142.7,0,0
142.733333,0,0
142.766667,0,0
142.8,0,0
142.833333,0,0
142.866667,0,0
142.9,0,0
142.933333,0,0
142.966667,0,0
143,0,0
143.033333,0,0
143.066667,0,0
143.1,0,0
143.133333,0,0
143.166667,0,0
143.2,0,0
143.233333,0,0
143.266667,0,0
143.3,0,0
143.333333,0,0
143.366667,0,0
143.4,0,0
143.433333,0,0
143.466667,0,0
143.5,0,0
143.533333,0,0
143.566667,0,0
143.6,0,0
143.633333,0,0
143.666667,0,0
143.7,0,0
143.733333,0,0
143.766667,0,0
143.8,0,0
143.833333,0,0
143.866667,0,0
143.9,0,0
143.933333,0,0
143.966667,0,0
144,0,0
144.033333,0,0
144.066667,0,0
144.1,0,0
144.133333,0,0
144.166667,0,0
144.2,0,0
144.233333,0,0
144.266667,0,0
144.3,0,0
144.333333,0,0
144.366667,0,0
144.4,0,0
144.433333,0,0
144.466667,0,0
144.5,0,0
144.533333,0,0
144.566667,0,0
144.6,0,0
144.633333,0,0
144.666667,0,0
144.7,0,0
144.733333,0,0
144.766667,0,0
144.8,0,0
144.833333,0,0
144.866667,0,0
144.9,0,0
144.933333,0,0
144.966667,0,0
145,0,0
145.033333,0,0
145.066667,0,0
145.1,0,0
145.133333,0,0
145.166667,0,0
145.2,0,0
145.233333,0,0
145.266667,0,0
145.3,0,0
145.333333,0,0
145.366667,0,0
145.4,0,0
145.433333,0,0
145.466667,0,0
145.5,0,0
145.533333,0,0
145.566667,0,0
145.6,0,0
145.633333,0,0
145.666667,0,0
145.7,0,0
145.733333,0,0
145.766667,0,0
145.8,0,0
145.833333,0,0
145.866667,0,0
145.9,0,0
145.933333,0,0
145.966667,0,0
146,0,0
146.033333,0,0
146.066667,0,0
146.1,0,0
146.133333,0,0
146.166667,0,0
146.2,0,0
146.233333,0,0
146.266667,0,0
146.3,0,0
146.333333,0,0
146.366667,0,0
146.4,0,0
146.433333,0,0
146.466667,0,0
146.5,0,0
146.533333,0,0
146.566667,0,0
146.6,0,0
146.633333,0,0
146.666667,0,0
146.7,0,0
146.733333,0,0
146.766667,0,0
146.8,0,0
146.833333,0,0
146.866667,0,0
146.9,0,0
146.933333,0,0
146.966667,0,0
147,0,0
147.033333,0,0
147.066667,0,0
147.1,0,0
147.133333,0,0
147.166667,0,0
147.2,0,0
147.233333,0,0
147.266667,0,0
147.3,0,0
147.333333,0,0
147.366667,0,0
147.4,0,0
147.433333,0,0
147.466667,0,0
147.5,0,0
147.533333,0,0
147.566667,0,0
147.6,0,0
147.633333,0,0
147.666667,0,0
147.7,0,0
147.733333,0,0
147.766667,0,0
147.8,0,0
147.833333,0,0
147.866667,0,0
147.9,0,0
147.933333,0,0
147.966667,0,0
148,0,0
148.033333,0,0
148.066667,0,0
148.1,0,0
148.133333,0,0
148.166667,0,0
148.2,0,0
148.233333,0,0
148.266667,0,0
148.3,0,0
148.333333,0,0
148.366667,0,0
148.4,0,0
148.433333,0,0
148.466667,0,0
148.5,0,0
148.533333,0,0
148.566667,0,0
148.6,0,0
148.633333,0,0
148.666667,0,0
148.7,0,0
148.733333,0,0
148.766667,0,0
148.8,0,0
148.833333,0,0
148.866667,0,0
148.9,0,0
148.933333,0,0
148.966667,0,0
149,0,0
149.033333,0,0
149.066667,0,0
149.1,0,0
149.133333,0,0
149.166667,0,0
149.2,0,0
149.233333,0,0
149.266667,0,0
149.3,0,0
149.333333,0,0
149.366667,0,0
149.4,0,0
149.433333,0,0
149.466667,0,0
149.5,0,0
149.533333,0,0
149.566667,0,0
149.6,0,0
149.633333,0,0
149.666667,0,0
149.7,0,0
149.733333,0,0
149.766667,0,0
149.8,0,0
149.833333,0,0
149.866667,0,0
149.9,0,0
149.933333,0,0
149.966667,0,0
150,0,0
150.033333,0,0
150.066667,0,0
150.1,0,0
150.133333,0,0
150.166667,0,0
150.2,0,0
150.233333,0,0
150.266667,0,0
150.3,0,0
150.333333,0,0
150.366667,0,0
150.4,0,0
150.433333,0,0
150.466667,0,0
150.5,0,0
150.533333,0,0
150.566667,0,0
150.6,0,0
150.633333,0,0
150.666667,0,0
150.7,0,0
150.733333,0,0
150.766667,0,0
150.8,0,0
150.833333,0,0
150.866667,0,0
150.9,0,0
150.933333,0,0
150.966667,0,0
151,0,0
151.033333,0,0
151.066667,0,0
151.1,0,0
151.133333,0,0
151.166667,0,0
151.2,0,0
151.233333,0,0
151.266667,0,0
151.3,0,0
151.333333,0,0
151.366667,0,0
151.4,0,0
151.433333,0,0
151.466667,0,0
151.5,0,0
151.533333,0,0
151.566667,0,0
151.6,0,0
151.633333,0,0
151.666667,0,0
151.7,0,0
151.733333,0,0
151.766667,0,0
151.8,0,0
151.833333,0,0
151.866667,0,0
151.9,0,0
151.933333,0,0
151.966667,0,0
152,0,0
152.033333,0,0
152.066667,0,0
152.1,0,0
152.133333,0,0
152.166667,0,0
152.2,0,0
152.233333,0,0
152.266667,0,0
152.3,0,0
152.333333,0,0
152.366667,0,0
152.4,0,0
152.433333,0,0
152.466667,0,0
152.5,0,0
152.533333,0,0
152.566667,0,0
152.6,0,0
152.633333,0,0
152.666667,0,0
152.7,0,0
152.733333,0,0
152.766667,0,0
152.8,0,0
152.833333,0,0
152.866667,0,0
152.9,0,0
152.933333,0,0
152.966667,0,0
153,0,0
153.033333,0,0
153.066667,0,0
153.1,0,0
153.133333,0,0
153.166667,0,0
153.2,0,0
153.233333,0,0
153.266667,0,0
153.3,0,0
153.333333,0,0
153.366667,0,0
153.4,0,0
153.433333,0,0
153.466667,0,0
153.5,0,0
153.533333,0,0
153.566667,0,0
153.6,0,0
153.633333,0,0
153.666667,0,0
153.7,0,0
153.733333,0,0
153.766667,0,0
153.8,0,0
153.833333,0,0
153.866667,0,0
153.9,0,0
153.933333,0,0
153.966667,0,0
154,0,0
154.033333,0,0
154.066667,0,0
154.1,0,0
154.133333,0,0
154.166667,0,0
154.2,0,0
154.233333,0,0
154.266667,0,0
154.3,0,0
154.333333,0,0
154.366667,0,0
154.4,0,0
154.433333,0,0
154.466667,0,0
154.5,0,0
154.533333,0,0
154.566667,0,0
154.6,0,0
154.633333,0,0
154.666667,0,0
154.7,0,0
154.733333,0,0
154.766667,0,0
154.8,0,0
154.833333,0,0
154.866667,0,0
154.9,0,0
154.933333,0,0
154.966667,0,0
155,0,0
155.033333,0,0
155.066667,0,0
155.1,0,0
155.133333,0,0
155.166667,0,0
155.2,0,0
155.233333,0,0
155.266667,0,0
155.3,0,0
155.333333,0,0
155.366667,0,0
155.4,0,0
155.433333,0,0
155.466667,0,0
155.5,0,0
155.533333,0,0
155.566667,0,0
155.6,0,0
155.633333,0,0
155.666667,0,0
155.7,0,0
155.733333,0,0
155.766667,0,0
155.8,0,0
155.833333,0,0
155.866667,0,0
155.9,0,0
155.933333,0,0
155.966667,0,0
156,0,0
156.033333,0,0
156.066667,0,0
156.1,0,0
156.133333,0,0
156.166667,0,0
156.2,0,0
156.233333,0,0
156.266667,0,0
156.3,0,0
156.333333,0,0
156.366667,0,0
156.4,0,0
156.433333,0,0
156.466667,0,0
156.5,0,0
156.533333,0,0
156.566667,0,0
156.6,0,0
156.633333,0,0
156.666667,0,0
156.7,0,0
156.733333,0,0
156.766667,0,0
156.8,0,0
156.833333,0,0
156.866667,0,0
156.9,0,0
156.933333,0,0
156.966667,0,0
157,0,0
157.033333,0,0
157.066667,0,0
157.1,0,0
157.133333,0,0
157.166667,0,0
157.2,0,0
157.233333,0,0
157.266667,0,0
157.3,0,0
157.333333,0,0
157.366667,0,0
157.4,0,0
157.433333,0,0
157.466667,0,0
157.5,0,0
157.533333,0,0
157.566667,0,0
157.6,0,0
157.633333,0,0
157.666667,0,0
157.7,0,0
157.733333,0,0
157.766667,0,0
157.8,0,0
157.833333,0,0
157.866667,0,0
157.9,0,0
157.933333,0,0
157.966667,0,0
158,0,0
158.033333,0,0
158.066667,0,0
158.1,0,0
158.133333,0,0
158.166667,0,0
158.2,0,0
158.233333,0,0
158.266667,0,0
158.3,0,0
158.333333,0,0
158.366667,0,0
158.4,0,0
158.433333,0,0
158.466667,0,0
158.5,0,0
158.533333,0,0
158.566667,0,0
158.6,0,0
158.633333,0,0
158.666667,0,0
158.7,0,0
158.733333,0,0
158.766667,0,0
158.8,0,0
158.833333,0,0
158.866667,0,0
158.9,0,0
158.933333,0,0
158.966667,0,0
159,0,0
159.033333,0,0
159.066667,0,0
159.1,0,0
159.133333,0,0
159.166667,0,0
159.2,0,0
159.233333,0,0
159.266667,0,0
159.3,0,0
159.333333,0,0
159.366667,0,0
159.4,0,0
159.433333,0,0
159.466667,0,0
159.5,0,0
159.533333,0,0
159.566667,0,0
159.6,0,0
159.633333,0,0
159.666667,0,0
159.7,0,0
159.733333,0,0
159.766667,0,0
159.8,0,0
159.833333,0,0
159.866667,0,0
159.9,0,0
159.933333,0,0
159.966667,0,0
160,0,0
160.033333,0,0
160.066667,0,0
160.1,0,0
160.133333,0,0
160.166667,0,0
160.2,0,0
160.233333,0,0
160.266667,0,0
160.3,0,0
160.333333,0,0
160.366667,0,0
160.4,0,0
160.433333,0,0
160.466667,0,0
160.5,0,0
160.533333,0,0
160.566667,0,0
160.6,0,0
160.633333,0,0
160.666667,0,0
160.7,0,0
160.733333,0,0
160.766667,0,0
160.8,0,0
160.833333,0,0
160.866667,0,0
160.9,0,0
160.933333,0,0
160.966667,0,0
161,0,0
161.033333,0,0
161.066667,0,0
161.1,0,0
161.133333,0,0
161.166667,0,0
161.2,0,0
161.233333,0,0
161.266667,0,0
161.3,0,0
161.333333,0,0
161.366667,0,0
161.4,0,0
161.433333,0,0
161.466667,0,0
161.5,0,0
161.533333,0,0
161.566667,0,0
161.6,0,0
161.633333,0,0
161.666667,0,0
161.7,0,0
161.733333,0,0
161.766667,0,0
161.8,0,0
161.833333,0,0
161.866667,0,0
161.9,0,0
161.933333,0,0
161.966667,0,0
162,0,0
162.033333,0,0
162.066667,0,0
162.1,0,0
162.133333,0,0
162.166667,0,0
162.2,0,0
162.233333,0,0
162.266667,0,0
162.3,0,0
162.333333,0,0
162.366667,0,0
162.4,0,0
162.433333,0,0
162.466667,0,0
162.5,0,0
162.533333,0,0
162.566667,0,0
162.6,0,0
162.633333,0,0
162.666667,0,0
162.7,0,0
162.733333,0,0
162.766667,0,0
162.8,0,0
162.833333,0,0
162.866667,0,0
162.9,0,0
162.933333,0,0
162.966667,0,0
163,0,0
163.033333,0,0
163.066667,0,0
163.1,0,0
163.133333,0,0
163.166667,0,0
163.2,0,0
163.233333,0,0
163.266667,0,0
163.3,0,0
163.333333,0,0
163.366667,0,0
163.4,0,0
163.433333,0,0
163.466667,0,0
163.5,0,0
163.533333,0,0
163.566667,0,0
163.6,0,0
163.633333,0,0
163.666667,0,0
163.7,0,0
163.733333,0,0
163.766667,0,0
163.8,0,0
163.833333,0,0
163.866667,0,0
163.9,0,0
163.933333,0,0
163.966667,0,0
164,0,0
164.033333,0,0
164.066667,0,0
164.1,0,0
164.133333,0,0
164.166667,0,0
164.2,0,0
164.233333,0,0
164.266667,0,0
164.3,0,0
164.333333,0,0
164.366667,0,0
164.4,0,0
164.433333,0,0
164.466667,0,0
164.5,0,0
164.533333,0,0
164.566667,0,0
164.6,0,0
164.633333,0,0
164.666667,0,0
164.7,0,0
164.733333,0,0
164.766667,0,0
164.8,0,0
164.833333,0,0
164.866667,0,0
164.9,0,0
164.933333,0,0
164.966667,0,0
165,0,0
165.033333,0,0
165.066667,0,0
165.1,0,0
165.133333,0,0
165.166667,0,0
165.2,0,0
165.233333,0,0
165.266667,0,0
165.3,0,0
165.333333,0,0
165.366667,0,0
165.4,0,0
165.433333,0,0
165.466667,0,0
165.5,0,0
165.533333,0,0
165.566667,0,0
165.6,0,0
165.633333,0,0
165.666667,0,0
165.7,0,0
165.733333,0,0
165.766667,0,0
165.8,0,0
165.833333,0,0
165.866667,0,0
165.9,0,0
165.933333,0,0
165.966667,0,0
166,0,0
166.033333,0,0
166.066667,0,0
166.1,0,0
166.133333,0,0
166.166667,0,0
166.2,0,0
166.233333,0,0
166.266667,0,0
166.3,0,0
166.333333,0,0
166.366667,0,0
166.4,0,0
166.433333,0,0
166.466667,0,0
166.5,0,0
166.533333,0,0
166.566667,0,0
166.6,0,0
166.633333,0,0
166.666667,0,0
166.7,0,0
166.733333,0,0
166.766667,0,0
166.8,0,0
166.833333,0,0
166.866667,0,0
166.9,0,0
166.933333,0,0
166.966667,0,0
167,0,0
167.033333,0,0
167.066667,0,0
167.1,0,0
167.133333,0,0
167.166667,0,0
167.2,0,0
167.233333,0,0
167.266667,0,0
167.3,0,0
167.333333,0,0
167.366667,0,0
167.4,0,0
167.433333,0,0
167.466667,0,0
167.5,0,0
167.533333,0,0
167.566667,0,0
167.6,0,0
167.633333,0,0
167.666667,0,0
167.7,0,0
167.733333,0,0
167.766667,0,0
167.8,0,0
167.833333,0,0
167.866667,0,0
167.9,0,0
167.933333,0,0
167.966667,0,0
168,0,0
168.033333,0,0
168.066667,0,0
168.1,0,0
168.133333,0,0
168.166667,0,0
168.2,0,0
168.233333,0,0
168.266667,0,0
168.3,0,0
168.333333,0,0
168.366667,0,0
168.4,0,0
168.433333,0,0
168.466667,0,0
168.5,0,0
168.533333,0,0
168.566667,0,0
168.6,0,0
168.633333,0,0
168.666667,0,0
168.7,0,0
168.733333,0,0
168.766667,0,0
168.8,0,0
168.833333,0,0
168.866667,0,0
168.9,0,0
168.933333,0,0
168.966667,0,0
169,0,0
169.033333,0,0
169.066667,0,0
169.1,0,0
169.133333,0,0
169.166667,0,0
169.2,0,0
169.233333,0,0
169.266667,0,0
169.3,0,0
169.333333,0,0
169.366667,0,0
169.4,0,0
169.433333,0,0
169.466667,0,0
169.5,0,0
169.533333,0,0
169.566667,0,0
169.6,0,0
169.633333,0,0
169.666667,0,0
169.7,0,0
169.733333,0,0
169.766667,0,0
169.8,0,0
169.833333,0,0
169.866667,0,0
169.9,0,0
169.933333,0,0
169.966667,0,0
170,0,0
170.033333,0,0
170.066667,0,0
170.1,0,0
170.133333,0,0
170.166667,0,0
170.2,0,0
170.233333,0,0
170.266667,0,0
170.3,0,0
170.333333,0,0
170.366667,0,0
170.4,0,0
170.433333,0,0
170.466667,0,0
170.5,0,0
170.533333,0,0
170.566667,0,0
170.6,0,0
170.633333,0,0
170.666667,0,0
170.7,0,0
170.733333,0,0
170.766667,0,0
170.8,0,0
170.833333,0,0
170.866667,0,0
170.9,0,0
170.933333,0,0
170.966667,0,0
171,0,0
171.033333,0,0
171.066667,0,0
171.1,0,0
171.133333,0,0
171.166667,0,0
171.2,0,0
171.233333,0,0
171.266667,0,0
171.3,0,0
171.333333,0,0
171.366667,0,0
171.4,0,0
171.433333,0,0
171.466667,0,0
171.5,0,0
171.533333,0,0
171.566667,0,0
171.6,0,0
171.633333,0,0
171.666667,0,0
171.7,0,0
171.733333,0,0
171.766667,0,0
171.8,0,0
171.833333,0,0
171.866667,0,0
171.9,0,0
171.933333,0,0
171.966667,0,0
172,0,0
172.033333,0,0
172.066667,0,0
172.1,0,0
172.133333,0,0
172.166667,0,0
172.2,0,0
172.233333,0,0
172.266667,0,0
172.3,0,0
172.333333,0,0
172.366667,0,0
172.4,0,0
172.433333,0,0
172.466667,0,0
172.5,0,0
172.533333,0,0
172.566667,0,0
172.6,0,0
172.633333,0,0
172.666667,0,0
172.7,0,0
172.733333,0,0
172.766667,0,0
172.8,0,0
172.833333,0,0
172.866667,0,0
172.9,0,0
172.933333,0,0
172.966667,0,0
173,0,0
173.033333,0,0
173.066667,0,0
173.1,0,0
173.133333,0,0
173.166667,0,0
173.2,0,0
173.233333,0,0
173.266667,0,0
173.3,0,0
173.333333,0,0
173.366667,0,0
173.4,0,0
173.433333,0,0
173.466667,0,0
173.5,0,0
173.533333,0,0
173.566667,0,0
173.6,0,0
173.633333,0,0
173.666667,0,0
173.7,0,0
173.733333,0,0
173.766667,0,0
173.8,0,0
173.833333,0,0
173.866667,0,0
173.9,0,0
173.933333,0,0
173.966667,0,0
174,0,0
174.033333,0,0
174.066667,0,0
174.1,0,0
174.133333,0,0
174.166667,0,0
174.2,0,0
174.233333,0,0
174.266667,0,0
174.3,0,0
174.333333,0,0
174.366667,0,0
174.4,0,0
174.433333,0,0
174.466667,0,0
174.5,0,0
174.533333,0,0
174.566667,0,0
174.6,0,0
174.633333,0,0
174.666667,0,0
174.7,0,0
174.733333,0,0
174.766667,0,0
174.8,0,0
174.833333,0,0
174.866667,0,0
174.9,0,0
174.933333,0,0
174.966667,0,0
175,0,0
175.033333,0,0
175.066667,0,0
175.1,0,0
175.133333,0,0
175.166667,0,0
175.2,0,0
175.233333,0,0
175.266667,0,0
175.3,0,0
175.333333,0,0
175.366667,0,0
175.4,0,0
175.433333,0,0
175.466667,0,0
175.5,0,0
175.533333,0,0
175.566667,0,0
175.6,0,0
175.633333,0,0
175.666667,0,0
175.7,0,0
175.733333,0,0
175.766667,0,0
175.8,0,0
175.833333,0,0
175.866667,0,0
175.9,0,0
175.933333,0,0
175.966667,0,0
176,0,0
176.033333,0,0
176.066667,0,0
176.1,0,0
176.133333,0,0
176.166667,0,0
176.2,0,0
176.233333,0,0
176.266667,0,0
176.3,0,0
176.333333,0,0
176.366667,0,0
176.4,0,0
176.433333,0,0
176.466667,0,0
176.5,0,0
176.533333,0,0
176.566667,0,0
176.6,0,0
176.633333,0,0
176.666667,0,0
176.7,0,0
176.733333,0,0
176.766667,0,0
176.8,0,0
176.833333,0,0
176.866667,0,0
176.9,0,0
176.933333,0,0
176.966667,0,0
177,0,0
177.033333,0,0
177.066667,0,0
177.1,0,0
177.133333,0,0
177.166667,0,0
177.2,0,0
177.233333,0,0
177.266667,0,0
177.3,0,0
177.333333,0,0
177.366667,0,0
177.4,0,0
177.433333,0,0
177.466667,0,0
177.5,0,0
177.533333,0,0
177.566667,0,0
177.6,0,0
177.633333,0,0
177.666667,0,0
177.7,0,0
177.733333,0,0
177.766667,0,0
177.8,0,0
177.833333,0,0
177.866667,0,0
177.9,0,0
177.933333,0,0
177.966667,0,0
178,0,0
178.033333,0,0
178.066667,0,0
178.1,0,0
178.133333,0,0
178.166667,0,0
178.2,0,0
178.233333,0,0
178.266667,0,0
178.3,0,0
178.333333,0,0
178.366667,0,0
178.4,0,0
178.433333,0,0
178.466667,0,0
178.5,0,0
178.533333,0,0
178.566667,0,0
178.6,0,0
178.633333,0,0
178.666667,0,0
178.7,0,0
178.733333,0,0
178.766667,0,0
178.8,0,0
178.833333,0,0
178.866667,0,0
178.9,0,0
178.933333,0,0
178.966667,0,0
179,0,0
179.033333,0,0
179.066667,0,0
179.1,0,0
179.133333,0,0
179.166667,0,0
179.2,0,0
179.233333,0,0
179.266667,0,0
179.3,0,0
179.333333,0,0
179.366667,0,0
179.4,0,0
179.433333,0,0
179.466667,0,0
179.5,0,0
179.533333,0,0
179.566667,0,0
179.6,0,0
179.633333,0,0
179.666667,0,0
179.7,0,0
179.733333,0,0
179.766667,0,0
179.8,0,0
179.833333,0,0
179.866667,0,0
179.9,0,0
179.933333,0,0
179.966667,0,0
180,0,0
180.033333,0,0
180.066667,0,0
180.1,0,0
180.133333,0,0
180.166667,0,0
180.2,0,0
180.233333,0,0
180.266667,0,0
180.3,0,0
180.333333,0,0
180.366667,0,0
180.4,0,0
180.433333,0,0
180.466667,0,0
180.5,0,0
180.533333,0,0
180.566667,0,0
180.6,0,0
180.633333,0,0
180.666667,0,0
180.7,0,0
180.733333,0,0
180.766667,0,0
180.8,0,0
180.833333,0,0
180.866667,0,0
180.9,0,0
180.933333,0,0
180.966667,0,0
181,0,0
181.033333,0,0
181.066667,0,0
181.1,0,0
181.133333,0,0
181.166667,0,0
181.2,0,0
181.233333,0,0
181.266667,0,0
181.3,0,0
181.333333,0,0
181.366667,0,0
181.4,0,0
181.433333,0,0
181.466667,0,0
181.5,0,0
181.533333,0,0
181.566667,0,0
181.6,0,0
181.633333,0,0
181.666667,0,0
181.7,0,0
181.733333,0,0
181.766667,0,0
181.8,0,0
181.833333,0,0
181.866667,0,0
181.9,0,0
181.933333,0,0
181.966667,0,0
182,0,0
182.033333,0,0
182.066667,0,0
182.1,0,0
182.133333,0,0
182.166667,0,0
182.2,0,0
182.233333,0,0
182.266667,0,0
182.3,0,0
182.333333,0,0
182.366667,0,0
182.4,0,0
182.433333,0,0
182.466667,0,0
182.5,0,0
182.533333,0,0
182.566667,0,0
182.6,0,0
182.633333,0,0
182.666667,0,0
182.7,0,0
182.733333,0,0
182.766667,0,0
182.8,0,0
182.833333,0,0
182.866667,0,0
182.9,0,0
182.933333,0,0
182.966667,0,0
183,0,0
183.033333,0,0
183.066667,0,0
183.1,0,0
183.133333,0,0
183.166667,0,0
183.2,0,0
183.233333,0,0
183.266667,0,0
183.3,0,0
183.333333,0,0
183.366667,0,0
183.4,0,0
183.433333,0,0
183.466667,0,0
183.5,0,0
183.533333,0,0
183.566667,0,0
183.6,0,0
183.633333,0,0
183.666667,0,0
183.7,0,0
183.733333,0,0
183.766667,0,0
183.8,0,0
183.833333,0,0
183.866667,0,0
183.9,0,0
183.933333,0,0
183.966667,0,0
184,0,0
184.033333,0,0
184.066667,0,0
184.1,0,0
184.133333,0,0
184.166667,0,0
184.2,0,0
184.233333,0,0
184.266667,0,0
184.3,0,0
184.333333,0,0
184.366667,0,0
184.4,0,0
184.433333,0,0
184.466667,0,0
184.5,0,0
184.533333,0,0
184.566667,0,0
184.6,0,0
184.633333,0,0
184.666667,0,0
184.7,0,0
184.733333,0,0
184.766667,0,0
184.8,0,0
184.833333,0,0
184.866667,0,0
184.9,0,0
184.933333,0,0
184.966667,0,0
185,0,0
185.033333,0,0
185.066667,0,0
185.1,0,0
185.133333,0,0
185.166667,0,0
185.2,0,0
185.233333,0,0
185.266667,0,0
185.3,0,0
185.333333,0,0
185.366667,0,0
185.4,0,0
185.433333,0,0
185.466667,0,0
185.5,0,0
185.533333,0,0
185.566667,0,0
185.6,0,0
185.633333,0,0
185.666667,0,0
185.7,0,0
185.733333,0,0
185.766667,0,0
185.8,0,0
185.833333,0,0
185.866667,0,0
185.9,0,0
185.933333,0,0
185.966667,0,0
186,0,0
186.033333,0,0
186.066667,0,0
186.1,0,0
186.133333,0,0
186.166667,0,0
186.2,0,0
186.233333,0,0
186.266667,0,0
186.3,0,0
186.333333,0,0
186.366667,0,0
186.4,0,0
186.433333,0,0
186.466667,0,0
186.5,0,0
186.533333,0,0
186.566667,0,0
186.6,0,0
186.633333,0,0
186.666667,0,0
186.7,0,0
186.733333,0,0
186.766667,0,0
186.8,0,0
186.833333,0,0
186.866667,0,0
186.9,0,0
186.933333,0,0
186.966667,0,0
187,0,0
187.033333,0,0
187.066667,0,0
187.1,0,0
187.133333,0,0
187.166667,0,0
187.2,0,0
187.233333,0,0
187.266667,0,0
187.3,0,0
187.333333,0,0
187.366667,0,0
187.4,0,0
187.433333,0,0
187.466667,0,0
187.5,0,0
187.533333,0,0
187.566667,0,0
187.6,0,0
187.633333,0,0
187.666667,0,0
187.7,0,0
187.733333,0,0
187.766667,0,0
187.8,0,0
187.833333,0,0
187.866667,0,0
187.9,0,0
187.933333,0,0
187.966667,0,0
188,0,0
188.033333,0,0
188.066667,0,0
188.1,0,0
188.133333,0,0
188.166667,0,0
188.2,0,0
188.233333,0,0
188.266667,0,0
188.3,0,0
188.333333,0,0
188.366667,0,0
188.4,0,0
188.433333,0,0
188.466667,0,0
188.5,0,0
188.533333,0,0
188.566667,0,0
188.6,0,0
188.633333,0,0
188.666667,0,0
188.7,0,0
188.733333,0,0
188.766667,0,0
188.8,0,0
188.833333,0,0
188.866667,0,0
188.9,0,0
188.933333,0,0
188.966667,0,0
189,0,0
189.033333,0,0
189.066667,0,0
189.1,0,0
189.133333,0,0
189.166667,0,0
189.2,0,0
189.233333,0,0
189.266667,0,0
189.3,0,0
189.333333,0,0
189.366667,0,0
189.4,0,0
189.433333,0,0
189.466667,0,0
189.5,0,0
189.533333,0,0
189.566667,0,0
189.6,0,0
189.633333,0,0
189.666667,0,0
189.7,0,0
189.733333,0,0
189.766667,0,0
189.8,0,0
189.833333,0,0
189.866667,0,0
189.9,0,0
189.933333,0,0
189.966667,0,0
190,0,0
190.033333,0,0
190.066667,0,0
190.1,0,0
190.133333,0,0
190.166667,0,0
190.2,0,0
190.233333,0,0
190.266667,0,0
190.3,0,0
190.333333,0,0
190.366667,0,0
190.4,0,0
190.433333,0,0
190.466667,0,0
190.5,0,0
190.533333,0,0
190.566667,0,0
190.6,0,0
190.633333,0,0
190.666667,0,0
190.7,0,0
190.733333,0,0
190.766667,0,0
190.8,0,0
190.833333,0,0
190.866667,0,0
190.9,0,0
190.933333,0,0
190.966667,0,0
191,0,0
191.033333,0,0
191.066667,0,0
191.1,0,0
191.133333,0,0
191.166667,0,0
191.2,0,0
191.233333,0,0
191.266667,0,0
191.3,0,0
191.333333,0,0
191.366667,0,0
191.4,0,0
191.433333,0,0
191.466667,0,0
191.5,0,0
191.533333,0,0
191.566667,0,0
191.6,0,0
191.633333,0,0
191.666667,0,0
191.7,0,0
191.733333,0,0
191.766667,0,0
191.8,0,0
191.833333,0,0
191.866667,0,0
191.9,0,0
191.933333,0,0
191.966667,0,0
192,0,0
192.033333,0,0
192.066667,0,0
192.1,0,0
192.133333,0,0
192.166667,0,0
192.2,0,0
192.233333,0,0
192.266667,0,0
192.3,0,0
192.333333,0,0
192.366667,0,0
192.4,0,0
192.433333,0,0
192.466667,0,0
192.5,0,0
192.533333,0,0
192.566667,0,0
192.6,0,0
192.633333,0,0
192.666667,0,0
192.7,0,0
192.733333,0,0
192.766667,0,0
192.8,0,0
192.833333,0,0
192.866667,0,0
192.9,0,0
192.933333,0,0
192.966667,0,0
193,0,0
193.033333,0,0
193.066667,0,0
193.1,0,0
193.133333,0,0
193.166667,0,0
193.2,0,0
193.233333,0,0
193.266667,0,0
193.3,0,0
193.333333,0,0
193.366667,0,0
193.4,0,0
193.433333,0,0
193.466667,0,0
193.5,0,0
193.533333,0,0
193.566667,0,0
193.6,0,0
193.633333,0,0
193.666667,0,0
193.7,0,0
193.733333,0,0
193.766667,0,0
193.8,0,0
193.833333,0,0
193.866667,0,0
193.9,0,0
193.933333,0,0
193.966667,0,0
194,0,0
194.033333,0,0
194.066667,0,0
194.1,0,0
194.133333,0,0
194.166667,0,0
194.2,0,0
194.233333,0,0
194.266667,0,0
194.3,0,0
194.333333,0,0
194.366667,0,0
194.4,0,0
194.433333,0,0
194.466667,0,0
194.5,0,0
194.533333,0,0
194.566667,0,0
194.6,0,0
194.633333,0,0
194.666667,0,0
194.7,0,0
194.733333,0,0
194.766667,0,0
194.8,0,0
194.833333,0,0
194.866667,0,0
194.9,0,0
194.933333,0,0
194.966667,0,0
195,0,0
195.033333,0,0
195.066667,0,0
195.1,0,0
195.133333,0,0
195.166667,0,0
195.2,0,0
195.233333,0,0
195.266667,0,0
195.3,0,0
195.333333,0,0
195.366667,0,0
195.4,0,0
195.433333,0,0
195.466667,0,0
195.5,0,0
195.533333,0,0
195.566667,0,0
195.6,0,0
195.633333,0,0
195.666667,0,0
195.7,0,0
195.733333,0,0
195.766667,0,0
195.8,0,0
195.833333,0,0
195.866667,0,0
195.9,0,0
195.933333,0,0
195.966667,0,0
196,0,0
196.033333,0,0
196.066667,0,0
196.1,0,0
196.133333,0,0
196.166667,0,0
196.2,0,0
196.233333,0,0
196.266667,0,0
196.3,0,0
196.333333,0,0
196.366667,0,0
196.4,0,0
196.433333,0,0
196.466667,0,0
196.5,0,0
196.533333,0,0
196.566667,0,0
196.6,0,0
196.633333,0,0
196.666667,0,0
196.7,0,0
196.733333,0,0
196.766667,0,0
196.8,0,0
196.833333,0,0
196.866667,0,0
196.9,0,0
196.933333,0,0
196.966667,0,0
197,0,0
197.033333,0,0
197.066667,0,0
197.1,0,0
197.133333,0,0
197.166667,0,0
197.2,0,0
197.233333,0,0
197.266667,0,0
197.3,0,0
197.333333,0,0
197.366667,0,0
197.4,0,0
197.433333,0,0
197.466667,0,0
197.5,0,0
197.533333,0,0
197.566667,0,0
197.6,0,0
197.633333,0,0
197.666667,0,0
197.7,0,0
197.733333,0,0
197.766667,0,0
197.8,0,0
197.833333,0,0
197.866667,0,0
197.9,0,0
197.933333,0,0
197.966667,0,0
198,0,0
198.033333,0,0
198.066667,0,0
198.1,0,0
198.133333,0,0
198.166667,0,0
198.2,0,0
198.233333,0,0
198.266667,0,0
198.3,0,0
198.333333,0,0
198.366667,0,0
198.4,0,0
198.433333,0,0
198.466667,0,0
198.5,0,0
198.533333,0,0
198.566667,0,0
198.6,0,0
198.633333,0,0
198.666667,0,0
198.7,0,0
198.733333,0,0
198.766667,0,0
198.8,0,0
198.833333,0,0
198.866667,0,0
198.9,0,0
198.933333,0,0
198.966667,0,0
199,0,0
199.033333,0,0
199.066667,0,0
199.1,0,0
199.133333,0,0
199.166667,0,0
199.2,0,0
199.233333,0,0
199.266667,0,0
199.3,0,0
199.333333,0,0
199.366667,0,0
199.4,0,0
199.433333,0,0
199.466667,0,0
199.5,0,0
199.533333,0,0
199.566667,0,0
199.6,0,0
199.633333,0,0
199.666667,0,0
199.7,0,0
199.733333,0,0
199.766667,0,0
199.8,0,0
199.833333,0,0
199.866667,0,0
199.9,0,0
199.933333,0,0
199.966667,0,0
200,0,0
200.033333,0,0
200.066667,0,0
200.1,0,0
200.133333,0,0
200.166667,0,0
200.2,0,0
200.233333,0,0
200.266667,0,0
200.3,0,0
200.333333,0,0
200.366667,0,0
200.4,0,0
200.433333,0,0
200.466667,0,0
200.5,0,0
200.533333,0,0
200.566667,0,0
200.6,0,0
200.633333,0,0
200.666667,0,0
200.7,0,0
200.733333,0,0
200.766667,0,0
200.8,0,0
200.833333,0,0
200.866667,0,0
200.9,0,0
200.933333,0,0
200.966667,0,0
201,0,0
201.033333,0,0
201.066667,0,0
201.1,0,0
201.133333,0,0
201.166667,0,0
201.2,0,0
201.233333,0,0
201.266667,0,0
201.3,0,0
201.333333,0,0
201.366667,0,0
201.4,0,0
201.433333,0,0
201.466667,0,0
201.5,0,0
201.533333,0,0
201.566667,0,0
201.6,0,0
201.633333,0,0
201.666667,0,0
201.7,0,0
201.733333,0,0
201.766667,0,0
201.8,0,0
201.833333,0,0
201.866667,0,0
201.9,0,0
201.933333,0,0
201.966667,0,0
202,0,0
202.033333,0,0
202.066667,0,0
202.1,0,0
202.133333,0,0
202.166667,0,0
202.2,0,0
202.233333,0,0
202.266667,0,0
202.3,0,0
202.333333,0,0
202.366667,0,0
202.4,0,0
202.433333,0,0
202.466667,0,0
202.5,0,0
202.533333,0,0
202.566667,0,0
202.6,0,0
202.633333,0,0
202.666667,0,0
202.7,0,0
202.733333,0,0
202.766667,0,0
202.8,0,0
202.833333,0,0
202.866667,0,0
202.9,0,0
202.933333,0,0
202.966667,0,0
203,0,0
203.033333,0,0
203.066667,0,0
203.1,0,0
203.133333,0,0
203.166667,0,0
203.2,0,0
203.233333,0,0
203.266667,0,0
203.3,0,0
203.333333,0,0
203.366667,0,0
203.4,0,0
203.433333,0,0
203.466667,0,0
203.5,0,0
203.533333,0,0
203.566667,0,0
203.6,0,0
203.633333,0,0
203.666667,0,0
203.7,0,0
203.733333,0,0
203.766667,0,0
203.8,0,0
203.833333,0,0
203.866667,0,0
203.9,0,0
203.933333,0,0
203.966667,0,0
204,0,0
204.033333,0,0
204.066667,0,0
204.1,0,0
204.133333,0,0
204.166667,0,0
204.2,0,0
204.233333,0,0
204.266667,0,0
204.3,0,0
204.333333,0,0
204.366667,0,0
204.4,0,0
204.433333,0,0
204.466667,0,0
204.5,0,0
204.533333,0,0
204.566667,0,0
204.6,0,0
204.633333,0,0
204.666667,0,0
204.7,0,0
204.733333,0,0
204.766667,0,0
204.8,0,0
204.833333,0,0
204.866667,0,0
204.9,0,0
204.933333,0,0
204.966667,0,0
205,0,0
205.033333,0,0
205.066667,0,0
205.1,0,0
205.133333,0,0
205.166667,0,0
205.2,0,0
205.233333,0,0
205.266667,0,0
205.3,0,0
205.333333,0,0
205.366667,0,0
205.4,0,0
205.433333,0,0
205.466667,0,0
205.5,0,0
205.533333,0,0
205.566667,0,0
205.6,0,0
205.633333,0,0
205.666667,0,0
205.7,0,0
205.733333,0,0
205.766667,0,0
205.8,0,0
205.833333,0,0
205.866667,0,0
205.9,0,0
205.933333,0,0
205.966667,0,0
206,0,0
206.033333,0,0
206.066667,0,0
206.1,0,0
206.133333,0,0
206.166667,0,0
206.2,0,0
206.233333,0,0
206.266667,0,0
206.3,0,0
206.333333,0,0
206.366667,0,0
206.4,0,0
206.433333,0,0
206.466667,0,0
206.5,0,0
206.533333,0,0
206.566667,0,0
206.6,0,0
206.633333,0,0
206.666667,0,0
206.7,0,0
206.733333,0,0
206.766667,0,0
206.8,0,0
206.833333,0,0
206.866667,0,0
206.9,0,0
206.933333,0,0
206.966667,0,0
207,0,0
207.033333,0,0
207.066667,0,0
207.1,0,0
207.133333,0,0
207.166667,0,0
207.2,0,0
207.233333,0,0
207.266667,0,0
207.3,0,0
207.333333,0,0
207.366667,0,0
207.4,0,0
207.433333,0,0
207.466667,0,0
207.5,0,0
207.533333,0,0
207.566667,0,0
207.6,0,0
207.633333,0,0
207.666667,0,0
207.7,0,0
207.733333,0,0
207.766667,0,0
207.8,0,0
207.833333,0,0
207.866667,0,0
207.9,0,0
207.933333,0,0
207.966667,0,0
208,0,0
208.033333,0,0
208.066667,0,0
208.1,0,0
208.133333,0,0
208.166667,0,0
208.2,0,0
208.233333,0,0
208.266667,0,0
208.3,0,0
208.333333,0,0
208.366667,0,0
208.4,0,0
208.433333,0,0
208.466667,0,0
208.5,0,0
208.533333,0,0
208.566667,0,0
208.6,0,0
208.633333,0,0
208.666667,0,0
208.7,0,0
208.733333,0,0
208.766667,0,0
208.8,0,0
208.833333,0,0
208.866667,0,0
208.9,0,0
208.933333,0,0
208.966667,0,0
209,0,0
209.033333,0,0
209.066667,0,0
209.1,0,0
209.133333,0,0
209.166667,0,0
209.2,0,0
209.233333,0,0
209.266667,0,0
209.3,0,0
209.333333,0,0
209.366667,0,0
209.4,0,0
209.433333,0,0
209.466667,0,0
209.5,0,0
209.533333,0,0
209.566667,0,0
209.6,0,0
209.633333,0,0
209.666667,0,0
209.7,0,0
209.733333,0,0
209.766667,0,0
209.8,0,0
209.833333,0,0
209.866667,0,0
209.9,0,0
209.933333,0,0
209.966667,0,0
210,0,0
210.033333,0,0
210.066667,0,0
210.1,0,0
210.133333,0,0
210.166667,0,0
210.2,0,0
210.233333,0,0
210.266667,0,0
210.3,0,0
210.333333,0,0
210.366667,0,0
210.4,0,0
210.433333,0,0
210.466667,0,0
210.5,0,0
210.533333,0,0
210.566667,0,0
210.6,0,0
210.633333,0,0
210.666667,0,0
210.7,0,0
210.733333,0,0
210.766667,0,0
210.8,0,0
210.833333,0,0
210.866667,0,0
210.9,0,0
210.933333,0,0
210.966667,0,0
211,0,0
211.033333,0,0
211.066667,0,0
211.1,0,0
211.133333,0,0
211.166667,0,0
211.2,0,0
211.233333,0,0
211.266667,0,0
211.3,0,0
211.333333,0,0
211.366667,0,0
211.4,0,0
211.433333,0,0
211.466667,0,0
211.5,0,0
211.533333,0,0
211.566667,0,0
211.6,0,0
211.633333,0,0
211.666667,0,0
211.7,0,0
211.733333,0,0
211.766667,0,0
211.8,0,0
211.833333,0,0
211.866667,0,0
211.9,0,0
211.933333,0,0
211.966667,0,0
212,0,0
212.033333,0,0
212.066667,0,0
212.1,0,0
212.133333,0,0
212.166667,0,0
212.2,0,0
212.233333,0,0
212.266667,0,0
212.3,0,0
212.333333,0,0
212.366667,0,0
212.4,0,0
212.433333,0,0
212.466667,0,0
212.5,0,0
212.533333,0,0
212.566667,0,0
212.6,0,0
212.633333,0,0
212.666667,0,0
212.7,0,0
212.733333,0,0
212.766667,0,0
212.8,0,0
212.833333,0,0
212.866667,0,0
212.9,0,0
212.933333,0,0
212.966667,0,0
213,0,0
213.033333,0,0
213.066667,0,0
213.1,0,0
213.133333,0,0
213.166667,0,0
213.2,0,0
213.233333,0,0
213.266667,0,0
213.3,0,0
213.333333,0,0
213.366667,0,0
213.4,0,0
213.433333,0,0
213.466667,0,0
213.5,0,0
213.533333,0,0
213.566667,0,0
213.6,0,0
213.633333,0,0
213.666667,0,0
213.7,0,0
213.733333,0,0
213.766667,0,0
213.8,0,0
213.833333,0,0
213.866667,0,0
213.9,0,0
213.933333,0,0
213.966667,0,0
214,0,0
214.033333,0,0
214.066667,0,0
214.1,0,0
214.133333,0,0
214.166667,0,0
214.2,0,0
214.233333,0,0
214.266667,0,0
214.3,0,0
214.333333,0,0
214.366667,0,0
214.4,0,0
214.433333,0,0
214.466667,0,0
214.5,0,0
214.533333,0,0
214.566667,0,0
214.6,0,0
214.633333,0,0
214.666667,0,0
214.7,0,0
214.733333,0,0
214.766667,0,0
214.8,0,0
214.833333,0,0
214.866667,0,0
214.9,0,0
214.933333,0,0
214.966667,0,0
215,0,0
215.033333,0,0
215.066667,0,0
215.1,0,0
215.133333,0,0
215.166667,0,0
215.2,0,0
215.233333,0,0
215.266667,0,0
215.3,0,0
215.333333,0,0
215.366667,0,0
215.4,0,0
215.433333,0,0
215.466667,0,0
215.5,0,0
215.533333,0,0
215.566667,0,0
215.6,0,0
215.633333,0,0
215.666667,0,0
215.7,0,0
215.733333,0,0
215.766667,0,0
215.8,0,0
215.833333,0,0
215.866667,0,0
215.9,0,0
215.933333,0,0
215.966667,0,0
216,0,0
216.033333,0,0
216.066667,0,0
216.1,0,0
216.133333,0,0
216.166667,0,0
216.2,0,0
216.233333,0,0
216.266667,0,0
216.3,0,0
216.333333,0,0
216.366667,0,0
216.4,0,0
216.433333,0,0
216.466667,0,0
216.5,0,0
216.533333,0,0
216.566667,0,0
216.6,0,0
216.633333,0,0
216.666667,0,0
216.7,0,0
216.733333,0,0
216.766667,0,0
216.8,0,0
216.833333,0,0
216.866667,0,0
216.9,0,0
216.933333,0,0
216.966667,0,0
217,0,0
217.033333,0,0
217.066667,0,0
217.1,0,0
217.133333,0,0
217.166667,0,0
217.2,0,0
217.233333,0,0
217.266667,0,0
217.3,0,0
217.333333,0,0
217.366667,0,0
217.4,0,0
217.433333,0,0
217.466667,0,0
217.5,0,0
217.533333,0,0
217.566667,0,0
217.6,0,0
217.633333,0,0
217.666667,0,0
217.7,0,0
217.733333,0,0
217.766667,0,0
217.8,0,0
217.833333,0,0
217.866667,0,0
217.9,0,0
217.933333,0,0
217.966667,0,0
218,0,0
218.033333,0,0
218.066667,0,0
218.1,0,0
218.133333,0,0
218.166667,0,0
218.2,0,0
218.233333,0,0
218.266667,0,0
218.3,0,0
218.333333,0,0
218.366667,0,0
218.4,0,0
218.433333,0,0
218.466667,0,0
218.5,0,0
218.533333,0,0
218.566667,0,0
218.6,0,0
218.633333,0,0
218.666667,0,0
218.7,0,0
218.733333,0,0
218.766667,0,0
218.8,0,0
218.833333,0,0
218.866667,0,0
218.9,0,0
218.933333,0,0
218.966667,0,0
219,0,0
219.033333,0,0
219.066667,0,0
219.1,0,0
219.133333,0,0
219.166667,0,0
219.2,0,0
219.233333,0,0
219.266667,0,0
219.3,0,0
219.333333,0,0
219.366667,0,0
219.4,0,0
219.433333,0,0
219.466667,0,0
219.5,0,0
219.533333,0,0
219.566667,0,0
219.6,0,0
219.633333,0,0
219.666667,0,0
219.7,0,0
219.733333,0,0
219.766667,0,0
219.8,0,0
219.833333,0,0
219.866667,0,0
219.9,0,0
219.933333,0,0
219.966667,0,0
220,0,0
220.033333,0,0
220.066667,0,0
220.1,0,0
220.133333,0,0
220.166667,0,0
220.2,0,0
220.233333,0,0
220.266667,0,0
220.3,0,0
220.333333,0,0
220.366667,0,0
220.4,0,0
220.433333,0,0
220.466667,0,0
220.5,0,0
220.533333,0,0
220.566667,0,0
220.6,0,0
220.633333,0,0
220.666667,0,0
220.7,0,0
220.733333,0,0
220.766667,0,0
220.8,0,0
220.833333,0,0
220.866667,0,0
220.9,0,0
220.933333,0,0
220.966667,0,0
221,0,0
221.033333,0,0
221.066667,0,0
221.1,0,0
221.133333,0,0
221.166667,0,0
221.2,0,0
221.233333,0,0
221.266667,0,0
221.3,0,0
221.333333,0,0
221.366667,0,0
221.4,0,0
221.433333,0,0
221.466667,0,0
221.5,0,0
221.533333,0,0
221.566667,0,0
221.6,0,0
221.633333,0,0
221.666667,0,0
221.7,0,0
221.733333,0,0
221.766667,0,0
221.8,0,0
221.833333,0,0
221.866667,0,0
221.9,0,0
221.933333,0,0
221.966667,0,0
222,0,0
222.033333,0,0
222.066667,0,0
222.1,0,0
222.133333,0,0
222.166667,0,0
222.2,0,0
222.233333,0,0
222.266667,0,0
222.3,0,0
222.333333,0,0
222.366667,0,0
222.4,0,0
222.433333,0,0
222.466667,0,0
222.5,0,0
222.533333,0,0
222.566667,0,0
222.6,0,0
222.633333,0,0
222.666667,0,0
222.7,0,0
222.733333,0,0
222.766667,0,0
222.8,0,0
222.833333,0,0
222.866667,0,0
222.9,0,0
222.933333,0,0
222.966667,0,0
223,0,0
223.033333,0,0
223.066667,0,0
223.1,0,0
223.133333,0,0
223.166667,0,0
223.2,0,0
223.233333,0,0
223.266667,0,0
223.3,0,0
223.333333,0,0
223.366667,0,0
223.4,0,0
223.433333,0,0
223.466667,0,0
223.5,0,0
223.533333,0,0
223.566667,0,0
223.6,0,0
223.633333,0,0
223.666667,0,0
223.7,0,0
223.733333,0,0
223.766667,0,0
223.8,0,0
223.833333,0,0
223.866667,0,0
223.9,0,0
223.933333,0,0
223.966667,0,0
224,0,0
224.033333,0,0
224.066667,0,0
224.1,0,0
224.133333,0,0
224.166667,0,0
224.2,0,0
224.233333,0,0
224.266667,0,0
224.3,0,0
224.333333,0,0
224.366667,0,0
224.4,0,0
224.433333,0,0
224.466667,0,0
224.5,0,0
224.533333,0,0
224.566667,0,0
224.6,0,0
224.633333,0,0
224.666667,0,0
224.7,0,0
224.733333,0,0
224.766667,0,0
224.8,0,0
224.833333,0,0
224.866667,0,0
224.9,0,0
224.933333,0,0
224.966667,0,0
225,0,0
225.033333,0,0
225.066667,0,0
225.1,0,0
225.133333,0,0
225.166667,0,0
225.2,0,0
225.233333,0,0
225.266667,0,0
225.3,0,0
225.333333,0,0
225.366667,0,0
225.4,0,0
225.433333,0,0
225.466667,0,0
225.5,0,0
225.533333,0,0
225.566667,0,0
225.6,0,0
225.633333,0,0
225.666667,0,0
225.7,0,0
225.733333,0,0
225.766667,0,0
225.8,0,0
225.833333,0,0
225.866667,0,0
225.9,0,0
225.933333,0,0
225.966667,0,0
226,0,0
226.033333,0,0
226.066667,0,0
226.1,0,0
226.133333,0,0
226.166667,0,0
226.2,0,0
226.233333,0,0
226.266667,0,0
226.3,0,0
226.333333,0,0
226.366667,0,0
226.4,0,0
226.433333,0,0
226.466667,0,0
226.5,0,0
226.533333,0,0
226.566667,0,0
226.6,0,0
226.633333,0,0
226.666667,0,0
226.7,0,0
226.733333,0,0
226.766667,0,0
226.8,0,0
226.833333,0,0
226.866667,0,0
226.9,0,0
226.933333,0,0
226.966667,0,0
227,0,0
227.033333,0,0
227.066667,0,0
227.1,0,0
227.133333,0,0
227.166667,0,0
227.2,0,0
227.233333,0,0
227.266667,0,0
227.3,0,0
227.333333,0,0
227.366667,0,0
227.4,0,0
227.433333,0,0
227.466667,0,0
227.5,0,0
227.533333,0,0
227.566667,0,0
227.6,0,0
227.633333,0,0
227.666667,0,0
227.7,0,0
227.733333,0,0
227.766667,0,0
227.8,0,0
227.833333,0,0
227.866667,0,0
227.9,0,0
227.933333,0,0
227.966667,0,0
228,0,0
228.033333,0,0
228.066667,0,0
228.1,0,0
228.133333,0,0
228.166667,0,0
228.2,0,0
228.233333,0,0
228.266667,0,0
228.3,0,0
228.333333,0,0
228.366667,0,0
228.4,0,0
228.433333,0,0
228.466667,0,0
228.5,0,0
228.533333,0,0
228.566667,0,0
228.6,0,0
228.633333,0,0
228.666667,0,0
228.7,0,0
228.733333,0,0
228.766667,0,0
228.8,0,0
228.833333,0,0
228.866667,0,0
228.9,0,0
228.933333,0,0
228.966667,0,0
229,0,0
229.033333,0,0
229.066667,0,0
229.1,0,0
229.133333,0,0
229.166667,0,0
229.2,0,0
229.233333,0,0
229.266667,0,0
229.3,0,0
229.333333,0,0
229.366667,0,0
229.4,0,0
229.433333,0,0
229.466667,0,0
229.5,0,0
229.533333,0,0
229.566667,0,0
229.6,0,0
229.633333,0,0
229.666667,0,0
229.7,0,0
229.733333,0,0
229.766667,0,0
229.8,0,0
229.833333,0,0
229.866667,0,0
229.9,0,0
229.933333,0,0
229.966667,0,0
230,0,0
230.033333,0,0
230.066667,0,0
230.1,0,0
230.133333,0,0
230.166667,0,0
230.2,0,0
230.233333,0,0
230.266667,0,0
230.3,0,0
230.333333,0,0
230.366667,0,0
230.4,0,0
230.433333,0,0
230.466667,0,0
230.5,0,0
230.533333,0,0
230.566667,0,0
230.6,0,0
230.633333,0,0
230.666667,0,0
230.7,0,0
230.733333,0,0
230.766667,0,0
230.8,0,0
230.833333,0,0
230.866667,0,0
230.9,0,0
230.933333,0,0
230.966667,0,0
231,0,0
231.033333,0,0
231.066667,0,0
231.1,0,0
231.133333,0,0
231.166667,0,0
231.2,0,0
231.233333,0,0
231.266667,0,0
231.3,0,0
231.333333,0,0
231.366667,0,0
231.4,0,0
231.433333,0,0
231.466667,0,0
231.5,0,0
231.533333,0,0
231.566667,0,0
231.6,0,0
231.633333,0,0
231.666667,0,0
231.7,0,0
231.733333,0,0
231.766667,0,0
231.8,0,0
231.833333,0,0
231.866667,0,0
231.9,0,0
231.933333,0,0
231.966667,0,0
232,0,0
232.033333,0,0
232.066667,0,0
232.1,0,0
232.133333,0,0
232.166667,0,0
232.2,0,0
232.233333,0,0
232.266667,0,0
232.3,0,0
232.333333,0,0
232.366667,0,0
232.4,0,0
232.433333,0,0
232.466667,0,0
232.5,0,0
232.533333,0,0
232.566667,0,0
232.6,0,0
232.633333,0,0
232.666667,0,0
232.7,0,0
232.733333,0,0
232.766667,0,0
232.8,0,0
232.833333,0,0
232.866667,0,0
232.9,0,0
232.933333,0,0
232.966667,0,0
233,0,0
233.033333,0,0
233.066667,0,0
233.1,0,0
233.133333,0,0
233.166667,0,0
233.2,0,0
233.233333,0,0
233.266667,0,0
233.3,0,0
233.333333,0,0
233.366667,0,0
233.4,0,0
233.433333,0,0
233.466667,0,0
233.5,0,0
233.533333,0,0
233.566667,0,0
233.6,0,0
233.633333,0,0
233.666667,0,0
233.7,0,0
233.733333,0,0
233.766667,0,0
233.8,0,0
233.833333,0,0
233.866667,0,0
233.9,0,0
233.933333,0,0
233.966667,0,0
234,0,0
234.033333,0,0
234.066667,0,0
234.1,0,0
234.133333,0,0
234.166667,0,0
234.2,0,0
234.233333,0,0
234.266667,0,0
234.3,0,0
234.333333,0,0
234.366667,0,0
234.4,0,0
234.433333,0,0
234.466667,0,0
234.5,0,0
234.533333,0,0
234.566667,0,0
234.6,0,0
234.633333,0,0
234.666667,0,0
234.7,0,0
234.733333,0,0
234.766667,0,0
234.8,0,0
234.833333,0,0
234.866667,0,0
234.9,0,0
234.933333,0,0
234.966667,0,0
235,0,0
235.033333,0,0
235.066667,0,0
235.1,0,0
235.133333,0,0
235.166667,0,0
235.2,0,0
235.233333,0,0
235.266667,0,0
235.3,0,0
235.333333,0,0
235.366667,0,0
235.4,0,0
235.433333,0,0
235.466667,0,0
235.5,0,0
235.533333,0,0
235.566667,0,0
235.6,0,0
235.633333,0,0
235.666667,0,0
235.7,0,0
235.733333,0,0
235.766667,0,0
235.8,0,0
235.833333,0,0
235.866667,0,0
235.9,0,0
235.933333,0,0
235.966667,0,0
236,0,0
236.033333,0,0
236.066667,0,0
236.1,0,0
236.133333,0,0
236.166667,0,0
236.2,0,0
236.233333,0,0
236.266667,0,0
236.3,0,0
236.333333,0,0
236.366667,0,0
236.4,0,0
236.433333,0,0
236.466667,0,0
236.5,0,0
236.533333,0,0
236.566667,0,0
236.6,0,0
236.633333,0,0
236.666667,0,0
236.7,0,0
236.733333,0,0
236.766667,0,0
236.8,0,0
236.833333,0,0
236.866667,0,0
236.9,0,0
236.933333,0,0
236.966667,0,0
237,0,0
237.033333,0,0
237.066667,0,0
237.1,0,0
237.133333,0,0
237.166667,0,0
237.2,0,0
237.233333,0,0
237.266667,0,0
237.3,0,0
237.333333,0,0
237.366667,0,0
237.4,0,0
237.433333,0,0
237.466667,0,0
237.5,0,0
237.533333,0,0
237.566667,0,0
237.6,0,0
237.633333,0,0
237.666667,0,0
237.7,0,0
237.733333,0,0
237.766667,0,0
237.8,0,0
237.833333,0,0
237.866667,0,0
237.9,0,0
237.933333,0,0
237.966667,0,0
238,0,0
238.033333,0,0
238.066667,0,0
238.1,0,0
238.133333,0,0
238.166667,0,0
238.2,0,0
238.233333,0,0
238.266667,0,0
238.3,0,0
238.333333,0,0
238.366667,0,0
238.4,0,0
238.433333,0,0
238.466667,0,0
238.5,0,0
238.533333,0,0
238.566667,0,0
238.6,0,0
238.633333,0,0
238.666667,0,0
238.7,0,0
238.733333,0,0
238.766667,0,0
238.8,0,0
238.833333,0,0
238.866667,0,0
238.9,0,0
238.933333,0,0
238.966667,0,0
239,0,0
239.033333,0,0
239.066667,0,0
239.1,0,0
239.133333,0,0
239.166667,0,0
239.2,0,0
239.233333,0,0
239.266667,0,0
239.3,0,0
239.333333,0,0
239.366667,0,0
239.4,0,0
239.433333,0,0
239.466667,0,0
239.5,0,0
239.533333,0,0
239.566667,0,0
239.6,0,0
239.633333,0,0
239.666667,0,0
239.7,0,0
239.733333,0,0
239.766667,0,0
239.8,0,0
239.833333,0,0
239.866667,0,0
239.9,0,0
239.933333,0,0
239.966667,0,0
240,0,0
240.033333,0,0
240.066667,0,0
240.1,0,0
240.133333,0,0
240.166667,0,0
240.2,0,0
240.233333,0,0
240.266667,0,0
240.3,0,0
240.333333,0,0
240.366667,0,0
240.4,0,0
240.433333,0,0
240.466667,0,0
240.5,0,0
240.533333,0,0
240.566667,0,0
240.6,0,0
240.633333,0,0
240.666667,0,0
240.7,0,0
240.733333,0,0
240.766667,0,0
240.8,0,0
240.833333,0,0
240.866667,0,0
240.9,0,0
240.933333,0,0
240.966667,0,0
241,0,0
241.033333,0,0
241.066667,0,0
241.1,0,0
241.133333,0,0
241.166667,0,0
241.2,0,0
241.233333,0,0
241.266667,0,0
241.3,0,0
241.333333,0,0
241.366667,0,0
241.4,0,0
241.433333,0,0
241.466667,0,0
241.5,0,0
241.533333,0,0
241.566667,0,0
241.6,0,0
241.633333,0,0
241.666667,0,0
241.7,0,0
241.733333,0,0
241.766667,0,0
241.8,0,0
241.833333,0,0
241.866667,0,0
241.9,0,0
241.933333,0,0
241.966667,0,0
242,0,0
242.033333,0,0
242.066667,0,0
242.1,0,0
242.133333,0,0
242.166667,0,0
242.2,0,0
242.233333,0,0
242.266667,0,0
242.3,0,0
242.333333,0,0
242.366667,0,0
242.4,0,0
242.433333,0,0
242.466667,0,0
242.5,0,0
242.533333,0,0
242.566667,0,0
242.6,0,0
242.633333,0,0
242.666667,0,0
242.7,0,0
242.733333,0,0
242.766667,0,0
242.8,0,0
242.833333,0,0
242.866667,0,0
242.9,0,0
242.933333,0,0
242.966667,0,0
243,0,0
243.033333,0,0
243.066667,0,0
243.1,0,0
243.133333,0,0
243.166667,0,0
243.2,0,0
243.233333,0,0
243.266667,0,0
243.3,0,0
243.333333,0,0
243.366667,0,0
243.4,0,0
243.433333,0,0
243.466667,0,0
243.5,0,0
243.533333,0,0
243.566667,0,0
243.6,0,0
243.633333,0,0
243.666667,0,0
243.7,0,0
243.733333,0,0
243.766667,0,0
243.8,0,0
243.833333,0,0
243.866667,0,0
243.9,0,0
243.933333,0,0
243.966667,0,0
244,0,0
244.033333,0,0
244.066667,0,0
244.1,0,0
244.133333,0,0
244.166667,0,0
244.2,0,0
244.233333,0,0
244.266667,0,0
244.3,0,0
244.333333,0,0
244.366667,0,0
244.4,0,0
244.433333,0,0
244.466667,0,0
244.5,0,0
244.533333,0,0
244.566667,0,0
244.6,0,0
244.633333,0,0
244.666667,0,0
244.7,0,0
244.733333,0,0
244.766667,0,0
244.8,0,0
244.833333,0,0
244.866667,0,0
244.9,0,0
244.933333,0,0
244.966667,0,0
245,0,0
245.033333,0,0
245.066667,0,0
245.1,0,0
245.133333,0,0
245.166667,0,0
245.2,0,0
245.233333,0,0
245.266667,0,0
245.3,0,0
245.333333,0,0
245.366667,0,0
245.4,0,0
245.433333,0,0
245.466667,0,0
245.5,0,0
245.533333,0,0
245.566667,0,0
245.6,0,0
245.633333,0,0
245.666667,0,0
245.7,0,0
245.733333,0,0
245.766667,0,0
245.8,0,0
245.833333,0,0
245.866667,0,0
245.9,0,0
245.933333,0,0
245.966667,0,0
246,0,0
246.033333,0,0
246.066667,0,0
246.1,0,0
246.133333,0,0
246.166667,0,0
246.2,0,0
246.233333,0,0
246.266667,0,0
246.3,0,0
246.333333,0,0
246.366667,0,0
246.4,0,0
246.433333,0,0
246.466667,0,0
246.5,0,0
246.533333,0,0
246.566667,0,0
246.6,0,0
246.633333,0,0
246.666667,0,0
246.7,0,0
246.733333,0,0
246.766667,0,0
246.8,0,0
246.833333,0,0
246.866667,0,0
246.9,0,0
246.933333,0,0
246.966667,0,0
247,0,0
247.033333,0,0
247.066667,0,0
247.1,0,0
247.133333,0,0
247.166667,0,0
247.2,0,0
247.233333,0,0
247.266667,0,0
247.3,0,0
247.333333,0,0
247.366667,0,0
247.4,0,0
247.433333,0,0
247.466667,0,0
247.5,0,0
247.533333,0,0
247.566667,0,0
247.6,0,0
247.633333,0,0
247.666667,0,0
247.7,0,0
247.733333,0,0
247.766667,0,0
247.8,0,0
247.833333,0,0
247.866667,0,0
247.9,0,0
247.933333,0,0
247.966667,0,0
248,0,0
248.033333,0,0
248.066667,0,0
248.1,0,0
248.133333,0,0
248.166667,0,0
248.2,0,0
248.233333,0,0
248.266667,0,0
248.3,0,0
248.333333,0,0
248.366667,0,0
248.4,0,0
248.433333,0,0
248.466667,0,0
248.5,0,0
248.533333,0,0
248.566667,0,0
248.6,0,0
248.633333,0,0
248.666667,0,0
248.7,0,0
248.733333,0,0
248.766667,0,0
248.8,0,0
248.833333,0,0
248.866667,0,0
248.9,0,0
248.933333,0,0
248.966667,0,0
249,0,0
249.033333,0,0
249.066667,0,0
249.1,0,0
249.133333,0,0
249.166667,0,0
249.2,0,0
249.233333,0,0
249.266667,0,0
249.3,0,0
249.333333,0,0
249.366667,0,0
249.4,0,0
249.433333,0,0
249.466667,0,0
249.5,0,0
249.533333,0,0
249.566667,0,0
249.6,0,0
249.633333,0,0
249.666667,0,0
249.7,0,0
249.733333,0,0
249.766667,0,0
249.8,0,0
249.833333,0,0
249.866667,0,0
249.9,0,0
249.933333,0,0
249.966667,0,0
250,0,0
250.033333,0,0
250.066667,0,0
250.1,0,0
250.133333,0,0
250.166667,0,0
250.2,0,0
250.233333,0,0
250.266667,0,0
250.3,0,0
250.333333,0,0
250.366667,0,0
250.4,0,0
250.433333,0,0
250.466667,0,0
250.5,0,0
250.533333,0,0
250.566667,0,0
250.6,0,0
250.633333,0,0
250.666667,0,0
250.7,0,0
250.733333,0,0
250.766667,0,0
250.8,0,0
250.833333,0,0
250.866667,0,0
250.9,0,0
250.933333,0,0
250.966667,0,0
251,0,0
251.033333,0,0
251.066667,0,0
251.1,0,0
251.133333,0,0.000330844541
251.166667,1.10281514e-005,0.00237593451
251.2,9.02259685e-005,0.00418939392
251.233333,0.000229872433,0.00569847185
251.266667,0.000419821494,0.00691211724
251.3,0.000650225402,0.00798700924
251.333333,0.000916459043,0.00870562466
251.366667,0.00120664653,0.00932545693
251.4,0.0015174951,0.00977090781
251.433333,0.00184319202,0.0101431623
251.466667,0.00218129743,0.0103564514
251.5,0.00252651248,0.0105282243
251.533333,0.00287745329,0.0106775862
251.566667,0.00323337283,0.0107879954
251.6,0.00359297268,0.0108529093
251.633333,0.00395473632,0.0109062985
251.666667,0.00431827961,0.0109520953
251.7,0.00468334945,0.0109739627
251.733333,0.00504914821,0.0109731677
251.766667,0.00541492046,0.0109511097
251.8,0.00577995745,0.0109110191
251.833333,0.00614365809,0.0108581425
251.866667,0.00650559617,0.0107992663
251.9,0.00686557172,0.0107411844
251.933333,0.0072236112,0.0106888878
251.966667,0.00757990746,0.0106452218
252,0.00793474819,0.010608932
252.033333,0.00828837925,0.0105843809
252.066667,0.00864119195,0.0105434337
252.1,0.00899263974,0.0105073893
252.133333,0.00934288605,0.0104652857
252.166667,0.00969172891,0.0104169381
252.2,0.0100389602,0.0103343122
252.233333,0.0103834372,0.0102671948
252.266667,0.0107256771,0.010205717
252.3,0.0110658676,0.0101464037
252.333333,0.0114040811,0.0100757386
252.366667,0.0117399391,0.0100278891
252.4,0.012074202,0.00998758582
252.433333,0.0124071215,0.00994832116
252.466667,0.0127387323,0.00989345011
252.5,0.0130685139,0.00983376958
252.533333,0.0133963062,0.00977427301
252.566667,0.0137221153,0.00970908154
252.6,0.0140457514,0.00961765228
252.633333,0.0143663398,0.00952571856
252.666667,0.0146838638,0.00945266575
252.7,0.0149989526,0.00938219564
252.733333,0.0153116925,0.00930241257
252.766667,0.0156217729,0.00922678641
252.8,0.0159293324,0.00916783139
252.833333,0.0162349268,0.00910740623
252.866667,0.016538507,0.00903306686
252.9,0.0168396093,0.00893555726
252.933333,0.0171374612,0.00885250942
252.966667,0.0174325448,0.00876524748
253,0.0177247197,0.00866363871
253.033333,0.0180135077,0.00853730069
253.066667,0.0182980844,0.00844882954
253.1,0.018579712,0.0083636247
253.133333,0.0188584995,0.0082775798
253.166667,0.0191344188,0.00816901103
253.2,0.0194067192,0.0080921169
253.233333,0.0196764564,0.00801261222
253.266667,0.0199435435,0.0079295347
253.3,0.0202078613,0.00779607888
253.333333,0.0204677306,0.00769755078
253.366667,0.0207243157,0.00759719857
253.4,0.0209775556,0.00749528985
253.433333,0.0212273986,0.00735222399
253.466667,0.0214724727,0.00725433174
253.5,0.0217142838,0.00716442141
253.533333,0.0219530978,0.00707788381
253.566667,0.0221890273,0.00696366682
253.6,0.0224211495,0.00687269344
253.633333,0.0226502393,0.00678667768
253.666667,0.0228764619,0.00669801506
253.7,0.0230997291,0.00657307131
253.733333,0.0233188314,0.00646056917
253.766667,0.0235341837,0.00636223832
253.8,0.0237462584,0.0062645806
253.833333,0.0239550777,0.00614330186
253.866667,0.0241598544,0.00604043853
253.9,0.0243612024,0.00595921669
253.933333,0.0245598429,0.00588077813
253.966667,0.0247558689,0.00578782794
254,0.0249487965,0.00569307487
254.033333,0.0251385656,0.00561438185
254.066667,0.0253257117,0.00553375247
254.1,0.0255101701,0.00543555647
254.133333,0.0256913553,0.00532545909
254.166667,0.0258688706,0.00524251021
254.2,0.026043621,0.00516205517
254.233333,0.0262156895,0.0050757426
254.266667,0.0263848809,0.00498262841
254.3,0.0265509685,0.0049189551
254.333333,0.0267149337,0.00485726009
254.366667,0.0268768424,0.00479276903
254.4,0.0270366013,0.00470817113
254.433333,0.0271935404,0.00464512864
254.466667,0.027348378,0.00458079859
254.5,0.0275010713,0.00451344299
254.533333,0.0276515194,0.00441857313
254.566667,0.0277988051,0.00435662333
254.6,0.0279440259,0.00429787868
254.633333,0.0280872885,0.00424241805
254.666667,0.0282287025,0.00417147018
254.7,0.0283677515,0.00412627528
254.733333,0.028505294,0.00408305459
254.766667,0.0286413958,0.00404045073
254.8,0.0287760775,0.00397904816
254.833333,0.0289087124,0.00392895277
254.866667,0.0290396775,0.00388130777
254.9,0.0291690545,0.00383306007
254.933333,0.0292968231,0.00376897294
254.966667,0.0294224556,0.00371964642
255,0.0295464438,0.00367937872
255.033333,0.0296690897,0.00364189866
255.066667,0.0297904864,0.00359867668
255.1,0.0299104422,0.00356283912
255.133333,0.0300292036,0.00353228205
255.166667,0.0301469463,0.00350111791
255.2,0.0302636502,0.00345986836
255.233333,0.0303789792,0.00341556125
255.266667,0.0304928312,0.00337819713
255.3,0.0306054378,0.00334062326
255.333333,0.0307167919,0.00329630979
255.366667,0.0308266689,0.00325287895
255.4,0.0309350982,0.00322213989
255.433333,0.0310425028,0.00319322986
255.466667,0.0311489438,0.00316253032
255.5,0.0312543615,0.00312806461
255.533333,0.0313586303,0.00310067469
255.566667,0.0314619862,0.00307173951
255.6,0.0315643775,0.00303773115
255.633333,0.0316656352,0.00299018201
255.666667,0.0317653079,0.00295417859
255.7,0.0318637805,0.00291827731
255.733333,0.0319610564,0.00288114657
255.766667,0.0320570947,0.00283372123
255.8,0.032151552,0.0028031829
255.833333,0.0322449915,0.00277348421
255.866667,0.0323374409,0.00274455576
255.9,0.0324289261,0.00270102589
255.933333,0.0325189603,0.00266837456
255.966667,0.0326079061,0.00263393567
256,0.032695704,0.00259756368
256.033333,0.0327822895,0.00254181006
256.066667,0.0328670165,0.00249884283
256.1,0.0329503112,0.00245862621
256.133333,0.0330322654,0.00241894114
256.166667,0.0331128968,0.00236718215
256.2,0.0331918029,0.00232739369
256.233333,0.0332693827,0.00229181354
256.266667,0.0333457764,0.00225620467
256.3,0.0334209833,0.00220774769
256.333333,0.0334945749,0.00216167221
256.366667,0.0335666306,0.00211963827
256.4,0.0336372852,0.00207608183
256.433333,0.0337064879,0.0020186649
256.466667,0.0337737768,0.00196328111
256.5,0.0338392195,0.00191844696
256.533333,0.0339031677,0.00187452943
256.566667,0.033965652,0.00182312623
256.6,0.0340264229,0.00177201102
256.633333,0.0340854899,0.00173166361
256.666667,0.034143212,0.00169095243
256.7,0.0341995771,0.00164245101
256.733333,0.0342543255,0.00158471735
256.766667,0.0343071494,0.00153877515
256.8,0.0343584419,0.00149211243
256.833333,0.034408179,0.00143946037
256.866667,0.034456161,0.00137692224
256.9,0.0345020584,0.00133154324
256.933333,0.0345464432,0.00128758384
256.966667,0.0345893626,0.00124290518
257,0.0346307928,0.0011860245
257.033333,0.034670327,0.00114604422
257.066667,0.0347085284,0.00110561681
257.1,0.0347453823,0.0010641459
257.133333,0.0347808539,0.00100203024
257.166667,0.0348142549,0.000958617881
257.2,0.0348462088,0.000915400539
257.233333,0.0348767222,0.000872453151
257.266667,0.0349058039,0.000813426017
257.3,0.0349329181,0.000773936615
257.333333,0.034958716,0.00073793274
257.366667,0.0349833138,0.000703780759
257.4,0.0350067731,0.000660537318
257.433333,0.035028791,0.000628817808
257.466667,0.0350497516,0.000600102604
257.5,0.0350697551,0.000571586134
257.533333,0.0350888079,0.00053305707
257.566667,0.0351065765,0.000499425226
257.6,0.035123224,0.000469936119
257.633333,0.0351388885,0.000440686628
257.666667,0.0351535781,0.000404390265
257.7,0.0351670578,0.000373498735
257.733333,0.0351795077,0.000349545453
257.766667,0.0351911592,0.00032696263
257.8,0.035202058,0.000301355287
257.833333,0.0352121032,0.000277299191
257.866667,0.0352213465,0.000258110437
257.9,0.0352299502,0.000238856276
257.933333,0.035237912,0.000215728393
257.966667,0.035245103,0.000190049904
258,0.035251438,0.000170569341
258.033333,0.0352571236,0.000151714753
258.066667,0.0352621808,0.000131538038
258.1,0.0352665654,0.000110803979
258.133333,0.0352702588,9.75427058e-005
258.166667,0.0352735103,8.53651019e-005
258.2,0.0352763558,7.34507023e-005
258.233333,0.0352788041,5.95289246e-005
258.266667,0.0352807884,4.9320717e-005
258.3,0.0352824325,3.88624905e-005
258.333333,0.0352837279,2.77854681e-005
258.366667,0.0352846541,1.19293696e-005
258.4,0.0352850517,1.5305632e-006
258.433333,0.0352851027,-8.09585687e-006
258.466667,0.0352848329,-1.69110179e-005
258.5,0.0352842692,-2.68105856e-005
258.533333,0.0352833755,-3.18119833e-005
258.566667,0.0352823151,-3.60921438e-005
258.6,0.035281112,-3.98431629e-005
258.633333,0.0352797839,-4.49309662e-005
258.666667,0.0352782862,-4.94945277e-005
258.7,0.0352766364,-5.4253715e-005
258.733333,0.0352748279,-5.93980236e-005
258.766667,0.035272848,-6.68329428e-005
258.8,0.0352706202,-7.25392747e-005
258.833333,0.0352682022,-7.68921875e-005
258.866667,0.0352656392,-8.06010349e-005
258.9,0.0352629525,-8.39143213e-005
258.933333,0.0352601553,-8.564827e-005
258.966667,0.0352573004,-8.69680308e-005
259,0.0352544014,-8.83308741e-005
259.033333,0.0352514571,-9.05277348e-005
259.066667,0.0352484395,-9.4287192e-005
259.1,0.0352452966,-9.79913325e-005
259.133333,0.0352420302,-0.000102103308
259.166667,0.0352386268,-0.000107667756
259.2,0.0352350378,-0.000113332318
259.233333,0.0352312601,-0.000117120644
259.266667,0.0352273561,-0.000120486512
259.3,0.0352233399,-0.000123744323
259.333333,0.035219215,-0.000126970325
259.366667,0.0352149827,-0.000129709193
259.4,0.0352106591,-0.000132890344
259.433333,0.0352062294,-0.000137102121
259.466667,0.0352016593,-0.000144184719
259.5,0.0351968532,-0.000150314923
259.533333,0.0351918427,-0.000156751923
259.566667,0.0351866176,-0.000163786177
259.6,0.0351811581,-0.000173028989
259.633333,0.0351753904,-0.00017891277
259.666667,0.0351694267,-0.000184493201
259.7,0.0351632769,-0.000189773934
259.733333,0.0351569511,-0.000197419986
259.766667,0.0351503704,-0.000203174041
259.8,0.035143598,-0.000209461773
259.833333,0.0351366159,-0.000216293594
259.866667,0.0351294061,-0.000227481935
259.9,0.0351218234,-0.000236500661
259.933333,0.03511394,-0.000245107784
259.966667,0.0351057698,-0.000253686744
260,0.0350973135,-0.000264803607
260.033333,0.0350884868,-0.000272865217
260.066667,0.0350793912,-0.00027977879
260.1,0.0350700653,-0.000286435198
260.133333,0.0350605174,-0.000295061898
260.166667,0.0350506821,-0.000303032521
260.2,0.035040581,-0.000310396547
260.233333,0.0350302344,-0.000318090228
260.266667,0.0350196314,-0.000328431559
260.3,0.0350086837,-0.000338350492
260.333333,0.0349974053,-0.000346215958
260.366667,0.0349858648,-0.000353696366
260.4,0.0349740749,-0.000361937738
260.433333,0.0349620103,-0.000369051318
260.466667,0.0349497086,-0.000374068834
260.5,0.0349372397,-0.000378791284
260.533333,0.0349246133,-0.000384014901
260.566667,0.0349118128,-0.000389917996
260.6,0.0348988155,-0.000394538268
260.633333,0.0348856643,-0.000399044765
260.666667,0.0348723628,-0.000403813936
260.7,0.0348589023,-0.000407927062
260.733333,0.0348453047,-0.000409218169
260.766667,0.0348316641,-0.000409380211
260.8,0.0348180181,-0.000408160556
260.833333,0.0348044128,-0.000404054969
260.866667,0.0347909443,-0.000400293613
260.9,0.0347776011,-0.000396465732
260.933333,0.0347643856,-0.000392566541
260.966667,0.0347513001,-0.000387668244
261,0.0347383778,-0.000384634509
261.033333,0.0347255566,-0.000381432097
261.066667,0.0347128422,-0.000378020768
261.1,0.0347002415,-0.000371439518
261.133333,0.0346878602,-0.000364862921
261.166667,0.0346756981,-0.000357472161
261.2,0.0346637824,-0.000349158912
261.233333,0.0346521438,-0.000335926131
261.266667,0.0346409462,-0.000325075843
261.3,0.0346301104,-0.000315216252
261.333333,0.0346196032,-0.000305520059
261.366667,0.0346094192,-0.000293131559
261.4,0.0345996481,-0.000282899489
261.433333,0.0345902181,-0.000273592197
261.466667,0.0345810984,-0.000263919447
261.5,0.0345723011,-0.000250239652
261.533333,0.0345639597,-0.000235835992
261.566667,0.0345560985,-0.000222707899
261.6,0.0345486749,-0.000208999713
261.633333,0.0345417083,-0.000191300986
261.666667,0.0345353316,-0.000173636965
261.7,0.0345295437,-0.000159793107
261.733333,0.0345242173,-0.000146285421
261.766667,0.0345193411,-0.000130828952
261.8,0.0345149801,-0.00011448128
261.833333,0.0345111641,-0.000101517832
261.866667,0.0345077801,-8.81951054e-005
261.9,0.0345048403,-7.23845434e-005
261.933333,0.0345024275,-5.23486706e-005
261.966667,0.0345006825,-3.67049341e-005
262,0.034499459,-2.09025451e-005
262.033333,0.0344987623,-3.64900176e-006
262.066667,0.0344986406,1.76572352e-005
262.1,0.0344992292,3.2139851e-005
262.133333,0.0345003005,4.61471346e-005
262.166667,0.0345018388,6.01296554e-005
262.2,0.0345038431,7.89064429e-005
262.233333,0.0345064733,9.20784328e-005
262.266667,0.0345095426,0.000105526459
262.3,0.0345130602,0.000119266115
262.333333,0.0345170357,0.000140168243
262.366667,0.034521708,0.000154931555
262.4,0.0345268723,0.000169265518
262.433333,0.0345325145,0.000183362111
262.466667,0.0345386266,0.000202002034
262.5,0.03454536,0.000214878498
262.533333,0.0345525226,0.000226385458
262.566667,0.0345600688,0.000237439688
262.6,0.0345679835,0.000251868227
262.633333,0.0345763791,0.000263779021
262.666667,0.0345851717,0.000274669045
262.7,0.0345943273,0.000285730573
262.733333,0.0346038517,0.000300497386
262.766667,0.0346138683,0.00031354302
262.8,0.0346243197,0.000324269721
262.833333,0.0346351287,0.000334570252
262.866667,0.034646281,0.000346491555
262.9,0.0346578308,0.0003566997
262.933333,0.0346697207,0.000364474266
262.966667,0.0346818699,0.000371953306
263,0.0346942683,0.000380690099
263.033333,0.034706958,0.000390053037
263.066667,0.0347199598,0.000397697879
263.1,0.0347332164,0.000405471989
263.133333,0.0347467321,0.000414602406
263.166667,0.0347605522,0.000424754973
263.2,0.0347747107,0.000431902749
263.233333,0.0347891074,0.00043861659
263.266667,0.034803728,0.000445405884
263.3,0.0348185748,0.000452681152
263.333333,0.0348336642,0.000457558847
263.366667,0.0348489162,0.000462381192
263.4,0.0348643289,0.000467456497
263.433333,0.0348799108,0.000474801544
263.466667,0.0348957375,0.000480399955
263.5,0.0349117508,0.000486189531
263.533333,0.0349279571,0.000492185325
263.566667,0.0349443633,0.000501488938
263.6,0.0349610796,0.000508316807
263.633333,0.0349780235,0.000515505716
263.666667,0.034995207,0.000523058737
263.7,0.0350126423,0.000534845377
263.733333,0.0350304705,0.000544119234
263.766667,0.0350486078,0.00055314262
263.8,0.0350670459,0.000562290206
263.833333,0.0350857889,0.000574851579
263.866667,0.0351049506,0.000584629983
263.9,0.0351244383,0.000593405259
263.933333,0.0351442185,0.000602102708
263.966667,0.0351642886,0.000613635245
264,0.0351847431,0.000623966535
264.033333,0.0352055419,0.000633314156
264.066667,0.0352266524,0.000642950183
264.1,0.0352480841,0.00065583567
264.133333,0.0352699453,0.000668500276
264.166667,0.0352922286,0.000679204923
264.2,0.0353148688,0.000689956824
264.233333,0.0353378673,0.000703091176
264.266667,0.0353613037,0.000716334866
264.3,0.0353851815,0.000726890818
264.333333,0.0354094112,0.000737489802
264.366667,0.0354339942,0.000750077224
264.4,0.0354589968,0.000764591296
264.433333,0.0354844832,0.000776235262
264.466667,0.0355103577,0.000788183496
264.5,0.0355366305,0.000802020365
264.533333,0.0355633645,0.000819212968
264.566667,0.0355906716,0.000832070988
264.6,0.0356184073,0.000844934918
264.633333,0.0356465718,0.000858708696
264.666667,0.0356751954,0.000876606878
264.7,0.0357044156,0.000889400643
264.733333,0.0357340623,0.00090230552
264.766667,0.0357641392,0.000915624689
264.8,0.03579466,0.000935193853
264.833333,0.0358258331,0.000949159491
264.866667,0.0358574718,0.000963351075
264.9,0.0358895835,0.000977761013
264.933333,0.0359221755,0.000998910025
264.966667,0.0359554725,0.00101396389
265,0.0359892713,0.00102851368
265.033333,0.0360235551,0.00104298727
265.066667,0.0360583213,0.00106298711
265.1,0.0360937542,0.00107844165
265.133333,0.0361297023,0.00109285071
265.166667,0.0361661307,0.00110735952
265.2,0.0362030426,0.00112720242
265.233333,0.0362406161,0.00114422718
265.266667,0.036278757,0.00115940478
265.3,0.0363174038,0.00117463865
265.333333,0.0363565584,0.00119431769
265.366667,0.036396369,0.00121202826
265.4,0.0364367699,0.00122680451
265.433333,0.0364776634,0.00124142595
265.466667,0.0365190443,0.00125933731
265.5,0.0365610222,0.00127691507
265.533333,0.036603586,0.00129119619
265.566667,0.0366466259,0.00130550871
265.6,0.0366901429,0.0013226578
265.633333,0.0367342315,0.00134119085
265.666667,0.0367789378,0.00135558505
265.7,0.036824124,0.00136988108
265.733333,0.0368697867,0.00138600775
265.766667,0.036915987,0.00140431338
265.8,0.0369627974,0.00141767237
265.833333,0.0370100531,0.00143083178
265.866667,0.0370577475,0.00144494503
265.9,0.0371059124,0.00146254534
265.933333,0.0371546639,0.00147518487
265.966667,0.0372038367,0.00148780112
266,0.0372534301,0.00150090357
266.033333,0.0373034602,0.0015188439
266.066667,0.0373540883,0.00153113602
266.1,0.0374051262,0.00154323975
266.133333,0.0374565675,0.0015551483
266.166667,0.0375084058,0.00157192208
266.2,0.0375608032,0.00158304999
266.233333,0.0376135715,0.00159388014
266.266667,0.0376667009,0.00160454043
266.3,0.0377201856,0.00161934583
266.333333,0.0377741637,0.00163036773
266.366667,0.0378285093,0.00164071775
266.4,0.0378831999,0.00165102793
266.433333,0.0379382342,0.00166492459
266.466667,0.0379937317,0.00167599016
266.5,0.038049598,0.00168571815
266.533333,0.0381057886,0.00169525514
266.566667,0.0381622971,0.00170734019
266.6,0.0382192085,0.00171765584
266.633333,0.0382764637,0.00172637957
266.666667,0.0383340097,0.00173501726
266.7,0.0383918436,0.00174582806
266.733333,0.0384500378,0.00175622408
266.766667,0.0385085786,0.00176479311
266.8,0.0385674051,0.00177334333
266.833333,0.0386265165,0.0017836315
266.866667,0.0386859709,0.00179415331
266.9,0.038745776,0.00180228408
266.933333,0.0388058521,0.00181028516
266.966667,0.038866195,0.00181936983
267,0.0389268406,0.00182943756
267.033333,0.0389878219,0.00183705009
267.066667,0.0390490569,0.00184467386
267.1,0.039110546,0.00185316972
267.133333,0.0391723183,0.00186377132
267.166667,0.0392344441,0.00187161058
267.2,0.0392968311,0.00187946082
267.233333,0.0393594798,0.00188777438
267.266667,0.0394224056,0.00189877539
267.3,0.0394856981,0.00190642009
267.333333,0.0395492454,0.00191400429
267.366667,0.0396130456,0.00192158824
267.4,0.0396770985,0.00193257436
267.433333,0.0397415177,0.00194013341
267.466667,0.0398061888,0.0019477688
267.5,0.0398711144,0.00195548187
267.533333,0.0399362971,0.00196675095
267.566667,0.0400018555,0.00197507799
267.6,0.0400676914,0.0019830817
267.633333,0.0401337942,0.00199109455
267.666667,0.040200164,0.00200210388
267.7,0.0402669008,0.00201073299
267.733333,0.0403339252,0.00201859445
267.766667,0.0404012117,0.00202644052
267.8,0.0404687597,0.00203690752
267.833333,0.0405366566,0.00204602511
267.866667,0.0406048575,0.00205409256
267.9,0.0406733272,0.00206223424
267.933333,0.0407420684,0.00207279113
267.966667,0.0408111614,0.00208272545
268,0.0408805856,0.00209102621
268.033333,0.0409502864,0.00209930035
268.066667,0.0410202631,0.00210939116
268.1,0.0410905762,0.00211948583
268.133333,0.0411612257,0.0021275371
268.166667,0.0412321436,0.00213557034
268.2,0.0413033293,0.00214503205
268.233333,0.0413748303,0.00215550141
268.266667,0.0414466804,0.00216363169
268.3,0.0415188014,0.00217178331
268.333333,0.0415911942,0.00218099786
268.366667,0.0416638941,0.00219194066
268.4,0.0417369588,0.00219995722
268.433333,0.0418102907,0.00220788855
268.466667,0.041883887,0.00221631849
268.5,0.0419577643,0.0022270077
268.533333,0.0420319979,0.00223452868
268.566667,0.0421064822,0.00224200159
268.6,0.0421812156,0.00224962496
268.633333,0.0422562031,0.00226031464
268.666667,0.0423315469,0.00226764903
268.7,0.0424071352,0.00227493518
268.733333,0.0424829664,0.00228217021
268.766667,0.0425590387,0.00229243213
268.8,0.0426354531,0.00229944635
268.833333,0.0427121013,0.00230615394
268.866667,0.0427889731,0.00231272806
268.9,0.0428660641,0.00232161675
268.933333,0.0429434513,0.00232823139
268.966667,0.043021059,0.00233429712
269,0.0430988689,0.00234028927
269.033333,0.0431768785,0.00234823191
269.066667,0.0432551529,0.00235471126
269.1,0.0433336433,0.0023603527
269.133333,0.0434123217,0.00236589131
269.166667,0.0434911848,0.0023728325
269.2,0.0435702792,0.00237879712
269.233333,0.0436495724,0.00238366997
269.266667,0.0437290281,0.00238840155
269.3,0.0438086415,0.00239406227
269.333333,0.0438884436,0.00239938288
269.366667,0.043968423,0.00240360326
269.4,0.0440485431,0.00240774809
269.433333,0.0441288014,0.00241259313
269.466667,0.0442092211,0.00241757388
269.5,0.0442898069,0.00242132074
269.533333,0.0443705176,0.00242495487
269.566667,0.0444513495,0.0024289435
269.6,0.0445323142,0.00243323232
269.633333,0.044613422,0.00243625758
269.666667,0.0446946306,0.00243917342
269.7,0.0447759364,0.00244223428
269.733333,0.0448573442,0.00244588805
269.766667,0.0449388738,0.00244844377
269.8,0.0450204886,0.00245095037
269.833333,0.0451021869,0.00245351526
269.866667,0.0451839707,0.00245686996
269.9,0.0452658664,0.0024590815
269.933333,0.0453478358,0.00246120539
269.966667,0.045429876,0.00246324036
270,0.045511984,0.00246597527
270.033333,0.0455941832,0.00246769728
270.066667,0.0456764397,0.00246935393
270.1,0.0457587515,0.00247095832
270.133333,0.0458411168,0.00247315708
270.166667,0.0459235554,0.0024747664
270.2,0.0460060476,0.00247627576
270.233333,0.0460885901,0.00247777028
270.266667,0.0461711825,0.00247975938
270.3,0.0462538411,0.00248128751
270.333333,0.0463365507,0.00248260863
270.366667,0.0464193043,0.00248388123
270.4,0.0465021004,0.00248545764
270.433333,0.0465849489,0.00248677238
270.466667,0.0466678414,0.00248789381
270.5,0.0467507711,0.00248901194
270.533333,0.0468337382,0.00249044323
270.566667,0.046916753,0.00249184795
270.6,0.0469998146,0.00249302762
270.633333,0.0470829155,0.00249421293
270.666667,0.0471660559,0.00249565145
270.7,0.0472492443,0.00249710297
270.733333,0.0473324811,0.00249822
270.766667,0.0474157551,0.00249931529
270.8,0.0474990656,0.00250056013
270.833333,0.0475824176,0.00250194334
270.866667,0.0476658157,0.00250301531
270.9,0.0477492496,0.0025041054
270.933333,0.0478327197,0.00250534942
270.966667,0.0479162314,0.00250692794
271,0.0479997956,0.00250811006
271.033333,0.0480833993,0.00250929271
271.066667,0.0481670424,0.00251054686
271.1,0.0482507273,0.00251216488
271.133333,0.0483344661,0.00251326963
271.166667,0.0484182418,0.00251435455
271.2,0.0485020536,0.00251543323
271.233333,0.0485859014,0.00251696774
271.266667,0.0486698003,0.00251802398
271.3,0.0487537344,0.00251908879
271.333333,0.0488377041,0.00252016196
271.366667,0.0489217095,0.00252171415
271.4,0.0490057666,0.00252281706
271.433333,0.0490898605,0.00252385214
271.466667,0.0491739889,0.00252485949
271.5,0.0492581509,0.00252616413
271.533333,0.0493423564,0.0025271018
271.566667,0.0494265931,0.00252791969
271.6,0.0495108571,0.00252870294
271.633333,0.0495951472,0.00252968838
271.666667,0.0496794701,0.0025304863
271.7,0.0497638197,0.00253116276
271.733333,0.0498481918,0.00253181754
271.766667,0.0499325857,0.00253260591
271.8,0.0500170059,0.00253324476
271.833333,0.0501014474,0.00253370746
271.866667,0.0501859043,0.00253411172
271.9,0.0502703747,0.00253449788
271.933333,0.0503548579,0.00253473587
271.966667,0.0504393491,0.00253484458
272,0.0505238439,0.00253489953
272.033333,0.0506083406,0.00253488296
272.066667,0.0506928367,0.00253470587
272.1,0.0507773269,0.00253441125
272.133333,0.0508618073,0.00253399131
272.166667,0.0509462736,0.0025333197
272.2,0.0510307176,0.00253213664
272.233333,0.0511151222,0.00253103857
272.266667,0.0511994901,0.00252984405
272.3,0.0512838183,0.00252844572
272.333333,0.0513680998,0.00252655622
272.366667,0.0514523183,0.00252519648
272.4,0.0515364916,0.00252383407
272.433333,0.0516206194,0.00252242606
272.466667,0.0517047002,0.00252036076
272.5,0.0517887122,0.00251878435
272.533333,0.0518726717,0.00251709669
272.566667,0.051956575,0.0025152955
272.6,0.0520404181,0.00251234878
272.633333,0.0521241631,0.00251009885
272.666667,0.0522078331,0.00250783732
272.7,0.0522914276,0.00250552856
272.733333,0.0523749453,0.00250225567
272.766667,0.0524583538,0.00249977522
272.8,0.0525416796,0.00249745245
272.833333,0.052624928,0.00249511764
272.866667,0.0527080986,0.00249187121
272.9,0.052791161,0.0024890224
272.933333,0.0528741284,0.00248636059
272.966667,0.0529570071,0.0024836027
273,0.0530397938,0.00247981822
273.033333,0.0531224545,0.00247627578
273.066667,0.053204997,0.00247322233
273.1,0.0532874377,0.00247015995
273.133333,0.0533697764,0.00246634189
273.166667,0.0534519878,0.002462658
273.2,0.0535340764,0.00245964572
273.233333,0.0536160646,0.00245661808
273.266667,0.0536979518,0.00245292847
273.3,0.0537797161,0.00244887406
273.333333,0.0538613453,0.00244557981
273.366667,0.0539428646,0.00244222192
273.4,0.054024272,0.00243826999
273.433333,0.0541055477,0.00243365827
273.466667,0.0541866696,0.00243018767
273.5,0.0542676759,0.00242674133
273.533333,0.0543485672,0.00242298923
273.566667,0.0544293335,0.00241838242
273.6,0.0545099463,0.00241504617
273.633333,0.0545904478,0.00241169525
273.666667,0.0546708377,0.00240815447
273.7,0.0547511095,0.00240323226
273.733333,0.0548312172,0.00239969517
273.766667,0.0549112071,0.00239612842
273.8,0.054991078,0.00239253376
273.833333,0.0550708291,0.00238724252
273.866667,0.0551504039,0.00238370562
273.9,0.0552298607,0.00238021478
273.933333,0.0553092012,0.00237676559
273.966667,0.0553884268,0.00237194552
274,0.0554674916,0.00236840441
274.033333,0.0555464384,0.00236501984
274.066667,0.0556252724,0.00236161626
274.1,0.055703993,0.0023568711
274.133333,0.0557825553,0.00235299825
274.166667,0.0558609886,0.00234947355
274.2,0.0559393044,0.00234594688
274.233333,0.0560175026,0.00234132141
274.266667,0.0560955467,0.00233736564
274.3,0.0561734588,0.00233398651
274.333333,0.0562512584,0.00233064185
274.366667,0.0563289465,0.0023264409
274.4,0.0564064945,0.00232246535
274.433333,0.05648391,0.00231913333
274.466667,0.0565612144,0.00231577533
274.5,0.056638407,0.00231162391
274.533333,0.0567154611,0.00230729831
274.566667,0.056792371,0.0023038429
274.6,0.0568691658,0.00230039513
274.633333,0.0569458456,0.00229638854
274.666667,0.0570223919,0.00229198931
274.7,0.0570987916,0.00228865896
274.733333,0.0571750802,0.00228534242
274.766667,0.0572512583,0.00228164293
274.8,0.057327313,0.00227712179
274.833333,0.0574032171,0.00227373269
274.866667,0.0574790082,0.00227030781
274.9,0.0575546851,0.00226660509
274.933333,0.0576302386,0.00226165853
274.966667,0.0577056272,0.0022581274
275,0.0577808981,0.00225460299
275.033333,0.0578560516,0.00225102634
275.066667,0.0579310858,0.00224594626
275.1,0.0580059507,0.00224247396
275.133333,0.0580806998,0.00223899167
275.166667,0.0581553329,0.00223549756
275.2,0.0582298494,0.00223038084
275.233333,0.0583041955,0.00222663057
275.266667,0.0583784165,0.00222295728
275.3,0.0584525151,0.00221924511
275.333333,0.0585264899,0.00221401409
275.366667,0.0586002904,0.00220991529
275.4,0.0586739542,0.00220613639
275.433333,0.0587474921,0.00220236032
275.466667,0.0588209041,0.00219730956
275.5,0.0588941478,0.00219302132
275.533333,0.0589672485,0.00218921383
275.566667,0.0590402223,0.00218537885
275.6,0.0591130682,0.00218035972
275.633333,0.0591857469,0.00217564871
275.666667,0.0592582685,0.00217162368
275.7,0.059330656,0.00216756794
275.733333,0.0594029082,0.00216250315
275.766667,0.0594749917,0.0021574337
275.8,0.0595469061,0.00215333609
275.833333,0.059618684,0.00214924073
275.866667,0.0596903253,0.00214437823
275.9,0.0597618046,0.00213909086
275.933333,0.0598331076,0.00213494626
275.966667,0.0599042725,0.00213077244
276,0.0599752983,0.0021259783
276.033333,0.0600461642,0.00212025581
276.066667,0.0601168394,0.0021159369
276.1,0.0601873706,0.00211160479
276.133333,0.0602577575,0.00210688554
276.166667,0.060327987,0.00210086922
276.2,0.060398016,0.00209655333
276.233333,0.0604679011,0.00209224536
276.266667,0.0605376426,0.0020877906
276.3,0.0606072356,0.00208159591
276.333333,0.0606766221,0.00207726395
276.366667,0.0607458643,0.00207291226
276.4,0.0608149613,0.00206854053
276.433333,0.0608839127,0.00206211139
276.466667,0.0609526497,0.0020576311
276.5,0.0610212374,0.00205322388
276.533333,0.0610896782,0.00204882583
276.566667,0.0611579724,0.00204267422
276.6,0.0612260616,0.00203806686
276.633333,0.0612939971,0.0020337603
276.666667,0.0613617891,0.00202946748
276.7,0.0614294381,0.00202364894
276.733333,0.061496893,0.00201886253
276.766667,0.0615641884,0.002014567
276.8,0.0616313407,0.0020102674
276.833333,0.0616983496,0.00200464304
276.866667,0.061765171,0.0019996487
276.9,0.061831826,0.00199539733
276.933333,0.0618983392,0.00199117091
276.966667,0.0619647116,0.00198591188
277,0.0620309086,0.00198088508
277.033333,0.0620969382,0.00197678633
277.066667,0.062162831,0.00197270397
277.1,0.0622285878,0.00196779818
277.133333,0.0622941811,0.00196265298
277.166667,0.0623596029,0.0019586018
277.2,0.0624248896,0.00195455832
277.233333,0.0624900415,0.0019498999
277.266667,0.0625550382,0.0019446342
277.3,0.0626198593,0.00194068717
277.333333,0.0626845489,0.00193677083
277.366667,0.0627491079,0.00193248477
277.4,0.0628135241,0.00192724676
277.433333,0.0628777657,0.0019234558
277.466667,0.0629418809,0.00191967743
277.5,0.0630058701,0.00191570592
277.533333,0.063069727,0.00191037171
277.566667,0.063133406,0.00190662722
277.6,0.0631969603,0.00190289459
277.633333,0.0632603901,0.00189916056
277.666667,0.0633236954,0.00189374625
277.7,0.0633868203,0.00189011487
277.733333,0.0634498241,0.0018865098
277.766667,0.0635127078,0.00188293056
277.8,0.0635754721,0.00187787426
277.833333,0.063638068,0.0018741908
277.866667,0.063700541,0.00187067725
277.9,0.0637628969,0.00186716746
277.933333,0.0638251358,0.00186233667
277.966667,0.0638872137,0.00185849265
278,0.0639491635,0.00185500131
278.033333,0.0640109968,0.00185152094
278.066667,0.0640727142,0.00184693824
278.1,0.0641342788,0.0018430119
278.133333,0.0641957125,0.00183961434
278.166667,0.064257033,0.00183623132
278.2,0.0643182407,0.00183193633
278.233333,0.0643793053,0.00182790576
278.266667,0.0644402355,0.00182453981
278.3,0.0645010534,0.00182117013
278.333333,0.0645617591,0.00181703457
278.366667,0.0646223269,0.00181281326
278.4,0.064682754,0.00180944267
278.433333,0.0647430688,0.00180608005
278.466667,0.0648032715,0.00180214731
278.5,0.064863343,0.00179782175
278.533333,0.0649232704,0.00179517138
278.566667,0.0649831095,0.00179030586
278.6,0.0650427863,0.00178715737
278.633333,0.0651023583,0.00178384877
278.666667,0.0651618199,0.00178000192
278.7,0.0652211533,0.00177562418
278.733333,0.0652803408,0.00177228784
278.766667,0.065339417,0.00176895143
278.8,0.0653983821,0.00176525261
278.833333,0.0654572238,0.0017607184
278.866667,0.0655159144,0.0017574138
278.9,0.0655744949,0.00175411759
278.933333,0.0656329655,0.00175063772
278.966667,0.0656913201,0.00174599237
279,0.0657495198,0.00174270909
279.033333,0.0658076101,0.00173942165
279.066667,0.0658655908,0.0017361036
279.1,0.065923461,0.00173126504
279.133333,0.0659811698,0.00172796755
279.166667,0.0660387687,0.00172467654
279.2,0.0660962579,0.00172139246
279.233333,0.0661536377,0.00171671934
279.266667,0.0662108617,0.00171334155
279.3,0.066267973,0.00171011402
279.333333,0.0663249768,0.00170689665
279.366667,0.0663818734,0.00170246919
279.4,0.0664386224,0.00169897087
279.433333,0.0664952547,0.00169577407
279.466667,0.0665517805,0.00169258007
279.5,0.0666081999,0.00168834006
279.533333,0.0666644779,0.00168471437
279.566667,0.066720635,0.0016815642
279.6,0.0667766872,0.00167843009
279.633333,0.0668326348,0.00167445485
279.666667,0.06688845,0.00167078639
279.7,0.0669441429,0.00166773863
279.733333,0.0669997342,0.00166470563
279.766667,0.0670552243,0.00166100039
279.8,0.067110591,0.00165727033
279.833333,0.0671658334,0.00165429082
279.866667,0.0672209764,0.00165132341
279.9,0.0672760205,0.00164784756
279.933333,0.0673309488,0.00164406889
279.966667,0.0673857511,0.00164118859
280,0.0674404573,0.00163833201
280.033333,0.0674950684,0.00163514473
280.066667,0.0675495732,0.00163139901
280.1,0.0676039532,0.00162865257
280.133333,0.0676582416,0.00162592445
280.166667,0.0677124391,0.00162300765
280.2,0.0677665394,0.00161926455
280.233333,0.0678205148,0.00161661484
280.266667,0.067874402,0.0016139839
280.3,0.0679282015,0.00161130417
280.333333,0.0679819116,0.00160758644
280.366667,0.0680354978,0.00160506732
280.4,0.0680890001,0.00160257461
280.433333,0.0681424192,0.00160010825
280.466667,0.0681957562,0.00159659724
280.5,0.0682489761,0.00159415899
280.533333,0.0683021147,0.00159179744
280.566667,0.0683551746,0.00158945372
280.6,0.0684081564,0.00158621416
280.633333,0.0684610302,0.00158376185
280.666667,0.0685138223,0.0015815034
280.7,0.0685665391,0.00157926559
280.733333,0.0686191812,0.00157629788
280.766667,0.0686717245,0.00157386552
280.8,0.0687241867,0.00157180604
280.833333,0.0687765802,0.00156970328
280.866667,0.0688289037,0.00156680297
280.9,0.0688811304,0.00156467836
280.933333,0.0689332864,0.00156273202
280.966667,0.0689853774,0.00156083248
281,0.0690374052,0.00155838082
281.033333,0.0690893512,0.00155650987
281.066667,0.0691412349,0.00155491497
281.1,0.0691930654,0.0015533858
281.133333,0.0692448449,0.00155151211
281.166667,0.069296562,0.00154995444
281.2,0.0693482271,0.00154867105
281.233333,0.0693998495,0.00154742548
281.266667,0.0694514303,0.00154592383
281.3,0.0695029611,0.00154455659
281.333333,0.0695544464,0.00154349481
281.366667,0.0696058962,0.00154248096
281.4,0.0696573122,0.00154134421
281.433333,0.0697086904,0.00154028563
281.466667,0.0697600332,0.00153953126
281.5,0.0698113509,0.00153883123
281.533333,0.0698626453,0.00153810387
281.566667,0.0699139154,0.00153749103
281.6,0.0699651651,0.00153725701
281.633333,0.070016407,0.00153719826
281.666667,0.070067647,0.00153738392
281.7,0.0701188931,0.00153810214
281.733333,0.0701701632,0.00153885398
281.766667,0.0702214583,0.00153967108
281.8,0.0702727807,0.00154058935
281.833333,0.0703241337,0.00154174218
281.866667,0.0703755251,0.00154243377
281.9,0.0704269395,0.00154307577
281.933333,0.0704783754,0.00154367256
281.966667,0.0705298311,0.00154458724
282,0.0705813174,0.00154537269
282.033333,0.0706328298,0.00154628757
282.066667,0.0706843727,0.00154733177
282.1,0.0707359504,0.00154914539
282.133333,0.0707875886,0.00155061861
282.166667,0.0708392759,0.00155202965
282.2,0.0708910102,0.00155343333
282.233333,0.0709427913,0.0015552458
282.266667,0.0709946329,0.00155655828
282.3,0.0710465181,0.00155772385
282.333333,0.0710984423,0.00155888128
282.366667,0.071150405,0.00156049957
282.4,0.0712024216,0.00156211339
282.433333,0.0712544921,0.00156367938
282.466667,0.0713066147,0.00156536277
282.5,0.0713587935,0.0015677171
282.533333,0.0714110507,0.00157004585
282.566667,0.0714633856,0.00157197885
282.6,0.0715157849,0.00157388721
282.633333,0.0715682478,0.00157615028
282.666667,0.0716207861,0.00157836625
282.7,0.0716733983,0.00158014927
282.733333,0.07172607,0.00158197186
282.766667,0.0717788024,0.0015842154
282.8,0.0718316095,0.00158696908
282.833333,0.0718845085,0.00158927581
282.866667,0.0719374844,0.00159168237
282.9,0.0719905405,0.0015945134
282.933333,0.0720436909,0.0015980088
282.966667,0.0720969579,0.0016005785
283,0.0721503105,0.00160312125
283.033333,0.0722037479,0.00160581252
283.066667,0.0722572749,0.00160928533
283.1,0.0723109178,0.00161181875
283.133333,0.0723646451,0.00161442614
283.166667,0.0724184593,0.0016171801
283.2,0.0724723653,0.00162139362
283.233333,0.0725264117,0.0016244927
283.266667,0.0725805615,0.00162766255
283.3,0.0726348169,0.001630899
283.333333,0.0726891802,0.00163563589
283.366667,0.0727437014,0.0016389663
283.4,0.0727983336,0.00164218098
283.433333,0.072853073,0.0016453745
283.466667,0.0729079188,0.00164983313
283.5,0.0729629132,0.0016533646
283.533333,0.0730180254,0.00165673401
283.566667,0.0730732499,0.00166018942
283.6,0.0731285895,0.00166505684
283.633333,0.0731840914,0.00166931574
283.666667,0.0732397353,0.00167314035
283.7,0.0732955066,0.0016769923
283.733333,0.0733514063,0.0016819784
283.766667,0.0734074723,0.00168646028
283.8,0.0734636876,0.00169022705
283.833333,0.0735200285,0.00169398223
283.866667,0.0735764946,0.00169866279
283.9,0.0736331167,0.00170339206
283.933333,0.0736898964,0.00170733847
283.966667,0.0737468077,0.00171135811
284,0.073803853,0.00171627808
284.033333,0.0738610623,0.00172168434
284.066667,0.0739184517,0.00172592431
284.1,0.0739759826,0.00173015512
284.133333,0.0740336544,0.00173495841
284.166667,0.0740914863,0.0017404616
284.2,0.0741495017,0.00174455154
284.233333,0.0742076534,0.00174863749
284.266667,0.0742659414,0.0017531056
284.3,0.0743243782,0.0017588587
284.333333,0.0743830068,0.00176311616
284.366667,0.0744417774,0.00176742463
284.4,0.0745006915,0.00177196821
284.433333,0.0745597571,0.00177828391
284.466667,0.0746190333,0.00178267016
284.5,0.0746784556,0.00178702133
284.533333,0.074738023,0.0017913353
284.566667,0.0747977342,0.00179754126
284.6,0.0748576522,0.00180176736
284.633333,0.0749177111,0.00180596025
284.666667,0.0749779098,0.00181016129
284.7,0.0750382485,0.00181618543
284.733333,0.075098788,0.0018207826
284.766667,0.0751594808,0.00182515393
284.8,0.0752203192,0.0018295499
284.833333,0.0752813042,0.00183555428
284.866667,0.0753424894,0.00184038871
284.9,0.0754038357,0.00184469118
284.933333,0.0754653254,0.00184895285
284.966667,0.0755269571,0.00185446992
285,0.0755887728,0.00185930989
285.033333,0.0756507498,0.00186349181
285.066667,0.0757128662,0.00186769261
285.1,0.0757751226,0.00187305582
285.133333,0.0758375578,0.00187828164
285.166667,0.0759001672,0.00188262012
285.2,0.0759629212,0.00188696488
285.233333,0.07602582,0.0018922202
285.266667,0.076088894,0.00189762608
285.3,0.0761521482,0.0019018527
285.333333,0.0762155433,0.0019060486
285.366667,0.0762790783,0.00191088102
285.4,0.0763427743,0.00191633551
285.433333,0.0764066522,0.00192052091
285.466667,0.0764706695,0.00192473599
285.5,0.0765348274,0.00192946322
285.533333,0.0765991428,0.00193534936
285.566667,0.0766636545,0.00193968842
285.6,0.0767283107,0.00194402384
285.633333,0.0767931115,0.00194860951
285.666667,0.0768580652,0.00195466425
285.7,0.0769232207,0.00195889842
285.733333,0.0769885173,0.0019631191
285.766667,0.0770539546,0.00196736684
285.8,0.0771195335,0.00197356154
285.833333,0.0771853189,0.001977844
285.866667,0.077251247,0.00198216288
285.9,0.0773173191,0.00198651772
285.933333,0.0773835364,0.00199283539
285.966667,0.0774499642,0.00199744747
286,0.0775165458,0.00200186769
286.033333,0.0775832747,0.00200627811
286.066667,0.0776501506,0.00201233212
286.1,0.0777172284,0.00201708288
286.133333,0.0777844645,0.00202143343
286.166667,0.0778518456,0.00202578945
286.2,0.0779193719,0.00203163355
286.233333,0.077987093,0.00203671961
286.266667,0.0780549837,0.00204121428
286.3,0.0781230242,0.00204573942
286.333333,0.0781912155,0.0020515833
286.366667,0.0782596016,0.00205703963
286.4,0.0783281696,0.00206159809
286.433333,0.0783968895,0.00206614401
286.466667,0.078465761,0.0020717103
286.5,0.078534818,0.00207731645
286.533333,0.0786040619,0.00208183115
286.566667,0.0786734562,0.00208636043
286.6,0.0787430016,0.00209173819
286.633333,0.0788127262,0.00209771265
286.666667,0.0788826499,0.00210236755
286.7,0.0789527289,0.00210703984
286.733333,0.0790229635,0.00211233369
286.766667,0.0790933746,0.0021186323
286.8,0.0791639957,0.00212328777
286.833333,0.079234772,0.00212792626
286.866667,0.0793057029,0.00213290719
286.9,0.0793767998,0.00213933145
286.933333,0.0794481108,0.00214394109
286.966667,0.0795195755,0.00214856538
287,0.0795911944,0.00215333593
287.033333,0.0796629722,0.00216010604
287.066667,0.0797349758,0.00216480909
287.1,0.0798071361,0.00216951194
287.133333,0.0798794531,0.00217421324
287.166667,0.0799519269,0.00218099744
287.2,0.0800246268,0.00218573234
287.233333,0.0800974846,0.00219033861
287.266667,0.0801704958,0.00219492453
287.3,0.08024366,0.0022013197
287.333333,0.0803170373,0.00220621994
287.366667,0.080390578,0.00221079358
287.4,0.0804642711,0.00221537525
287.433333,0.0805381169,0.00222158001
287.466667,0.0806121696,0.00222674404
287.5,0.0806863944,0.00223132018
287.533333,0.0807607718,0.00223587881
287.566667,0.080835301,0.00224175275
287.6,0.0809100261,0.00224699782
287.633333,0.0809849261,0.00225142888
287.666667,0.0810599737,0.00225583952
287.7,0.0811351683,0.00226132149
287.733333,0.0812105457,0.00226669082
287.766667,0.0812861021,0.00227107295
287.8,0.0813618045,0.00227545459
287.833333,0.081437653,0.00228070236
287.866667,0.0815136764,0.00228626518
287.9,0.0815898853,0.00229059002
287.933333,0.0816662383,0.00229488805
287.966667,0.0817427345,0.00229977702
288,0.0818193938,0.00230535361
288.033333,0.0818962389,0.00230951737
288.066667,0.0819732228,0.00231366457
288.1,0.0820503449,0.002318196
288.133333,0.0821276181,0.00232387342
288.166667,0.0822050806,0.00232799012
288.2,0.0822826803,0.00233210096
288.233333,0.082360417,0.00233639447
288.266667,0.0824382968,0.00234221422
288.3,0.0825163706,0.00234624471
288.333333,0.0825945787,0.00235024706
288.366667,0.0826729203,0.00235422092
288.4,0.0827513943,0.00235999031
288.433333,0.0828300607,0.00236389626
288.466667,0.0829088572,0.00236777575
288.5,0.0829877831,0.00237164668
288.533333,0.083066838,0.00237713459
288.566667,0.0831460758,0.00238120925
288.6,0.0832254494,0.00238506313
288.633333,0.0833049515,0.00238890817
288.666667,0.0833845818,0.00239413621
288.7,0.0834643864,0.00239831387
288.733333,0.0835443301,0.00240206386
288.766667,0.0836243989,0.00240579177
288.8,0.083704592,0.00241066522
288.833333,0.0837849475,0.00241491597
288.866667,0.0838654447,0.00241858719
288.9,0.0839460643,0.00242225668
288.933333,0.0840268062,0.00242690926
288.966667,0.0841077031,0.00243133927
289,0.0841887478,0.00243500039
289.033333,0.0842699145,0.00243865187
289.066667,0.0843512029,0.00244307232
289.1,0.0844326386,0.00244759933
289.133333,0.0845142253,0.00245117226
289.166667,0.084595931,0.00245473061
289.2,0.0846777553,0.00245886089
289.233333,0.0847597174,0.00246348238
289.266667,0.0848418335,0.00246701527
289.3,0.0849240673,0.0024705501
289.333333,0.085006419,0.00247449644
289.366667,0.0850889022,0.00247930421
289.4,0.0851715457,0.00248283046
289.433333,0.0852543067,0.00248634524
289.466667,0.0853371848,0.00249007223
289.5,0.0854201873,0.00249494598
289.533333,0.0855033521,0.00249832047
289.566667,0.0855866295,0.00250162364
289.6,0.0856700169,0.00250489536
289.633333,0.0857535134,0.00250936036
289.666667,0.0858371588,0.00251227283
289.7,0.0859209012,0.00251514274
289.733333,0.0860047393,0.00251797404
289.766667,0.0860886718,0.00252205036
289.8,0.0861727401,0.0025250552
289.833333,0.0862569086,0.00252799652
289.866667,0.0863411752,0.00253097425
289.9,0.086425541,0.00253515152
289.933333,0.086510046,0.00253839069
289.966667,0.0865946591,0.0025413125
290,0.0866793695,0.00254418189
290.033333,0.0867641755,0.00254788193
290.066667,0.0868491049,0.00255092621
290.1,0.0869341358,0.00255357905
290.133333,0.0870192551,0.00255622618
290.166667,0.0871044626,0.00255966137
290.2,0.0871897847,0.00256291402
290.233333,0.0872752152,0.00256568971
290.266667,0.0873607381,0.00256848245
290.3,0.0874463542,0.00257193739
290.333333,0.0875320855,0.00257533092
290.366667,0.0876179298,0.00257798818
290.4,0.0877038628,0.00258058766
290.433333,0.0877898824,0.00258357162
290.466667,0.0878760014,0.00258671823
290.5,0.0879622254,0.00258913818
290.533333,0.08804853,0.00259156267
290.566667,0.0881349154,0.00259433134
290.6,0.0882213931,0.00259766377
290.633333,0.0883079819,0.0026001676
290.666667,0.0883946541,0.00260266246
290.7,0.0884814096,0.0026053451
290.733333,0.0885682544,0.00260867359
290.766667,0.0886552102,0.00261096034
290.8,0.0887422422,0.0026131898
290.833333,0.0888293485,0.00261542964
290.866667,0.0889165295,0.00261845942
290.9,0.0890038115,0.00262054379
290.933333,0.089091163,0.00262263721
290.966667,0.0891785842,0.00262474094
291,0.0892660756,0.00262783859
291.033333,0.0893536702,0.0026299973
291.066667,0.0894413368,0.00263208786
291.1,0.089529073,0.00263414682
291.133333,0.0896168779,0.00263691489
291.166667,0.0897047751,0.00263889995
291.2,0.0897927384,0.00264070177
291.233333,0.0898807618,0.00264245961
291.266667,0.0899688438,0.00264478063
291.3,0.0900570031,0.00264669021
291.333333,0.0901452261,0.00264840718
291.366667,0.0902335064,0.00265013221
291.4,0.0903218441,0.00265239426
291.433333,0.0904102573,0.00265439754
291.466667,0.0904987372,0.00265606477
291.5,0.0905872727,0.00265769177
291.533333,0.0906758624,0.00265964018
291.566667,0.0907645171,0.0026614207
291.6,0.0908532311,0.00266282718
291.633333,0.090941992,0.00266420826
291.666667,0.0910307989,0.0026658448
291.7,0.0911196604,0.00266758353
291.733333,0.0912085799,0.00266896722
291.766667,0.0912975455,0.00267035705
291.8,0.0913865574,0.00267196349
291.833333,0.0914756228,0.0026737707
291.866667,0.0915647485,0.00267508499
291.9,0.091653918,0.00267636007
291.933333,0.09174313,0.00267770966
291.966667,0.091832387,0.00267929269
292,0.0919216968,0.00268040776
292.033333,0.0920110437,0.00268151627
292.066667,0.0921004276,0.00268267809
292.1,0.0921898502,0.00268428135
292.133333,0.0922793262,0.00268543042
292.166667,0.0923688406,0.00268658277
292.2,0.0924583933,0.00268773778
292.233333,0.0925479846,0.0026893995
292.266667,0.0926376312,0.00269047204
292.3,0.0927273136,0.00269151145
292.333333,0.0928170307,0.00269251846
292.366667,0.0929067813,0.00269388689
292.4,0.0929965775,0.00269487624
292.433333,0.0930864067,0.0026958249
292.466667,0.0931762676,0.00269678136
292.5,0.0932661603,0.00269812984
292.533333,0.0933560979,0.00269923595
292.566667,0.0934460725,0.0027002404
292.6,0.0935360805,0.00270124033
292.633333,0.0936261218,0.00270253042
292.666667,0.0937162062,0.00270359705
292.7,0.0938063261,0.00270448925
292.733333,0.0938964757,0.00270535874
292.766667,0.0939866543,0.00270643226
292.8,0.0940768687,0.00270744109
292.833333,0.0941671168,0.00270829343
292.866667,0.0942573932,0.00270915726
292.9,0.0943476985,0.00271023592
292.933333,0.0944380397,0.00271136004
292.966667,0.0945284183,0.00271224903
293,0.0946188266,0.00271312503
293.033333,0.0947092641,0.00271412199
293.066667,0.0947997349,0.00271516908
293.1,0.0948902405,0.00271593594
293.133333,0.0949807717,0.00271668664
293.166667,0.0950713279,0.00271750987
293.2,0.0951619116,0.00271850406
293.233333,0.0952525284,0.00271925118
293.266667,0.0953431701,0.00272000611
293.3,0.095433837,0.00272082298
293.333333,0.0955245311,0.00272189505
293.366667,0.0956152609,0.00272263534
293.4,0.0957060154,0.00272335381
293.433333,0.0957967939,0.00272406133
293.466667,0.0958875959,0.00272499822
293.5,0.0959784292,0.00272560055
293.533333,0.0960692825,0.00272619056
293.566667,0.0961601556,0.00272676924
293.6,0.0962510479,0.00272759936
293.633333,0.0963419678,0.00272819921
293.666667,0.0964329078,0.00272878091
293.7,0.0965238672,0.00272936154
293.733333,0.0966148459,0.00273014855
293.766667,0.0967058508,0.00273072008
293.8,0.0967968749,0.00273121674
293.833333,0.0968879154,0.00273168625
293.866667,0.0969789716,0.00273225517
293.9,0.0970700468,0.00273269011
293.933333,0.0971611365,0.00273305945
293.966667,0.0972522384,0.00273342006
294,0.0973433524,0.00273387836
294.033333,0.0974344817,0.0027342958
294.066667,0.0975256249,0.00273464059
294.1,0.0976167796,0.00273497563
294.133333,0.0977079455,0.00273536462
294.166667,0.0977991243,0.00273569689
294.2,0.0978903142,0.0027359259
294.233333,0.0979815117,0.00273612833
294.266667,0.098072716,0.00273632767
294.3,0.0981639269,0.00273649847
294.333333,0.0982551435,0.00273661683
294.366667,0.0983463641,0.00273672954
294.4,0.0984375884,0.00273685281
294.433333,0.0985288168,0.00273698904
294.466667,0.0986200498,0.00273707687
294.5,0.0987112857,0.00273715023
294.533333,0.098802524,0.00273720901
294.566667,0.0988937643,0.00273722336
294.6,0.0989850051,0.00273719115
294.633333,0.0990762448,0.00273713782
294.666667,0.0991674827,0.00273705979
294.7,0.0992587181,0.00273691683
294.733333,0.0993499486,0.00273680793
294.766667,0.0994411756,0.00273669752
294.8,0.0995323988,0.00273658585
294.833333,0.0996236183,0.0027364155
294.866667,0.0997148322,0.00273628151
294.9,0.0998060416,0.00273613399
294.933333,0.099897246,0.00273597105
294.966667,0.0999884451,0.00273569326
295,0.100079635,0.00273544627
295.033333,0.100170816,0.00273519923
295.066667,0.10026199,0.00273494049
295.1,0.100353154,0.00273457493
295.133333,0.100444307,0.00273427529
295.166667,0.100535449,0.00273400893
295.2,0.100626583,0.00273374373
295.233333,0.100717708,0.00273339515
295.266667,0.100808821,0.002733071
295.3,0.100899923,0.0027327775
295.333333,0.100991016,0.00273247137
295.366667,0.101082098,0.00273205977
295.4,0.101173167,0.00273163431
295.433333,0.101264221,0.00273127532
295.466667,0.101355264,0.00273091307
295.5,0.101446294,0.00273047525
295.533333,0.10153731,0.0027300257
295.566667,0.101628311,0.00272967711
295.6,0.1017193,0.0027293305
295.633333,0.101810278,0.00272893021
295.666667,0.101901242,0.00272846235
295.7,0.101992191,0.00272809266
295.733333,0.102083128,0.00272771322
295.766667,0.102174051,0.00272728005
295.8,0.102264961,0.00272672571
295.833333,0.102355851,0.00272631716
295.866667,0.102446729,0.00272591057
295.9,0.102537592,0.00272548476
295.933333,0.102628442,0.00272492676
295.966667,0.102719273,0.00272454052
296,0.102810091,0.0027241544
296.033333,0.102900896,0.00272376598
296.066667,0.102991688,0.00272318337
296.1,0.103082461,0.00272277103
296.133333,0.10317322,0.00272235044
296.166667,0.103263965,0.00272192186
296.2,0.103354696,0.00272129625
296.233333,0.103445406,0.00272083749
296.266667,0.1035361,0.002720402
296.3,0.10362678,0.00271996966
296.333333,0.103717446,0.00271938257
296.366667,0.103808092,0.0027189183
296.4,0.103898723,0.0027184911
296.433333,0.103989339,0.00271805962
296.466667,0.104079941,0.00271747096
296.5,0.104170523,0.00271694206
296.533333,0.104261088,0.00271647026
296.566667,0.104351637,0.00271599138
296.6,0.10444217,0.00271537007
296.633333,0.104532682,0.00271478463
296.666667,0.104623175,0.00271429679
296.7,0.104713652,0.00271380417
296.733333,0.104804112,0.0027131809
296.766667,0.104894551,0.00271239919
296.8,0.104984965,0.00271156568
296.833333,0.10507535,0.00271055962
296.866667,0.105165702,0.00270906849
296.9,0.105256004,0.00270694966
296.933333,0.105346236,0.00270513335
296.966667,0.105436407,0.00270327099
297,0.105526516,0.00270116214
297.033333,0.105616555,0.00269884845
297.066667,0.105706517,0.00269733715
297.1,0.105796428,0.00269592224
297.133333,0.105886292,0.0026945107
297.166667,0.105976109,0.0026926832
297.2,0.106065865,0.00269122855
297.233333,0.106155573,0.00268964611
297.266667,0.106245228,0.00268788217
297.3,0.106334824,0.00268504807
297.333333,0.106424325,0.00268300005
297.366667,0.106513759,0.00268098605
297.4,0.106603125,0.00267901336
297.433333,0.106692425,0.00267643054
297.466667,0.10678164,0.00267481112
297.5,0.1068708,0.00267329525
297.533333,0.10695991,0.00267182493
297.566667,0.107048971,0.00266970974
297.6,0.107137961,0.00266787751
297.633333,0.10722689,0.00266603484
297.666667,0.107315758,0.00266407542
297.7,0.10740456,0.00266122905
297.733333,0.107493268,0.00265879517
297.766667,0.107581895,0.00265670371
297.8,0.107670451,0.00265467863
297.833333,0.107758941,0.00265224393
297.866667,0.107847349,0.00265020867
297.9,0.107935689,0.00264851227
297.933333,0.108023973,0.00264680553
297.966667,0.1081122,0.00264458609
298,0.108200353,0.00264214865
298.033333,0.108288424,0.00264000857
298.066667,0.108376424,0.00263778127
298.1,0.108464351,0.00263501157
298.133333,0.108552184,0.00263204399
298.166667,0.108639919,0.00262981904
298.2,0.10872758,0.00262766758
298.233333,0.108815169,0.00262532576
298.266667,0.108902679,0.00262273763
298.3,0.108990104,0.00262078546
298.333333,0.109077464,0.00261878351
298.366667,0.109164756,0.00261651023
298.4,0.109251973,0.00261337323
298.433333,0.109339086,0.00261095089
298.466667,0.109426117,0.00260848084
298.5,0.109513067,0.00260586302
298.533333,0.109599929,0.00260232572
298.566667,0.109686673,0.00259997681
298.6,0.109773339,0.00259769779
298.633333,0.109859929,0.00259548843
298.666667,0.109946445,0.0025923458
298.7,0.110032857,0.00259014289
298.733333,0.110119195,0.00258788861
298.766667,0.110205458,0.00258556348
298.8,0.110291643,0.00258205771
298.833333,0.110377712,0.0025793106
298.866667,0.110463689,0.00257670569
298.9,0.110549579,0.00257410119
298.933333,0.110635382,0.00257064302
298.966667,0.110721071,0.0025679769
299,0.11080667,0.00256564816
299.033333,0.110892191,0.00256336771
299.066667,0.110977637,0.00256041451
299.1,0.111062984,0.00255774153
299.133333,0.111148242,0.00255535614
299.166667,0.111233421,0.00255290698
299.2,0.111318518,0.00254969033
299.233333,0.111403507,0.00254652867
299.266667,0.111488392,0.00254393897
299.3,0.11157319,0.00254138401
299.333333,0.111657902,0.00253837977
299.366667,0.111742515,0.00253541848
299.4,0.111827029,0.00253314707
299.433333,0.111911467,0.00253090135
299.466667,0.111995831,0.00252830595
299.5,0.112080107,0.00252529246
299.533333,0.112164284,0.00252291102
299.566667,0.112248381,0.00252048208
299.6,0.112332397,0.00251772287
299.633333,0.112416321,0.00251431111
299.666667,0.112500131,0.00251186299
299.7,0.11258386,0.00250946961
299.733333,0.112667509,0.00250700331
299.766667,0.112751076,0.00250388292
299.8,0.112834539,0.00250174254
299.833333,0.11291793,0.00249960468
299.866667,0.11300125,0.00249744371
299.9,0.113084498,0.00249421242
299.933333,0.113167639,0.00249192164
299.966667,0.113250703,0.00248960216
300,0.11333369,0.00248725696
300.033333,0.113416598,0.00248391033
300.066667,0.113499395,0.00248156167
300.1,0.113582114,0.00247936796
300.133333,0.11366476,0.00247723113
300.166667,0.113747334,0.00247439603
300.2,0.113829814,0.00247220341
300.233333,0.113912221,0.00247017897
300.266667,0.11399456,0.00246813478
300.3,0.114076831,0.00246533063
300.333333,0.114159009,0.00246284425
300.366667,0.114241103,0.00246064612
300.4,0.114323125,0.00245844301
300.433333,0.114405073,0.00245564932
300.466667,0.114486928,0.00245314434
300.5,0.1145687,0.00245111217
300.533333,0.114650403,0.00244912277
300.566667,0.114732041,0.00244673559
300.6,0.114813599,0.00244433767
300.633333,0.114895077,0.00244237519
300.666667,0.114976489,0.00244038106
300.7,0.115057835,0.00243796676
300.733333,0.115139101,0.00243524132
300.766667,0.115220275,0.00243312265
300.8,0.115301379,0.00243101426
300.833333,0.115382413,0.00242866054
300.866667,0.115463369,0.00242595718
300.9,0.115544234,0.00242401086
300.933333,0.115625034,0.00242208905
300.966667,0.11570577,0.00242004017
301,0.115786438,0.00241737065
301.033333,0.115867018,0.00241540592
301.066667,0.115947531,0.00241340593
301.1,0.116027978,0.00241131
301.133333,0.116108355,0.00240829508
301.166667,0.116188631,0.00240620962
301.2,0.116268838,0.00240414593
301.233333,0.116348977,0.00240210577
301.266667,0.116429047,0.00239923614
301.3,0.116509021,0.00239727159
301.333333,0.11658893,0.00239535895
301.366667,0.116668776,0.00239345162
301.4,0.116748557,0.0023907411
301.433333,0.116828249,0.00238860389
301.466667,0.116907869,0.0023865779
301.5,0.116987421,0.00238452546
301.533333,0.117066906,0.00238171989
301.566667,0.117146296,0.0023794033
301.6,0.11722561,0.00237737442
301.633333,0.117304856,0.00237537371
301.666667,0.117384035,0.00237283708
301.7,0.117463129,0.00237059455
301.733333,0.117542149,0.00236868791
301.766667,0.117621105,0.00236677523
301.8,0.117699998,0.00236435397
301.833333,0.11777881,0.00236191981
301.866667,0.11785754,0.00235990405
301.9,0.117936204,0.00235787711
301.933333,0.1180148,0.00235544205
301.966667,0.118093314,0.00235289209
302,0.118171744,0.00235093929
302.033333,0.118250109,0.00234901667
302.066667,0.118328409,0.0023468536
302.1,0.118406638,0.00234439962
302.133333,0.118484784,0.0023425492
302.166667,0.118562869,0.00234068818
302.2,0.118640892,0.00233862666
302.233333,0.118718847,0.00233599254
302.266667,0.118796713,0.00233406466
302.3,0.118874515,0.00233214189
302.333333,0.118952253,0.00233013858
302.366667,0.119029925,0.00232747345
302.4,0.119107507,0.00232566631
302.433333,0.119185029,0.00232388815
302.466667,0.119262492,0.00232213849
302.5,0.119339897,0.00231960702
302.533333,0.119417217,0.00231787766
302.566667,0.11949448,0.00231614417
302.6,0.119571684,0.00231440004
302.633333,0.119648831,0.00231189807
302.666667,0.119725894,0.00231004268
302.7,0.119802896,0.00230830201
302.733333,0.119879839,0.00230658079
302.766667,0.119956725,0.00230429229
302.8,0.120033535,0.00230251382
302.833333,0.120110285,0.00230093511
302.866667,0.120186983,0.00229937767
302.9,0.120263629,0.00229734841
302.933333,0.120340207,0.0022955663
302.966667,0.120416726,0.00229401487
303,0.120493193,0.00229245751
303.033333,0.120569609,0.002290476
303.066667,0.120645958,0.00228860922
303.1,0.120722245,0.00228709208
303.133333,0.120798481,0.00228560053
303.166667,0.120874668,0.00228383611
303.2,0.120950796,0.00228208331
303.233333,0.121026865,0.00228071873
303.266667,0.121102889,0.00227936637
303.3,0.121178868,0.00227779916
303.333333,0.121254795,0.00227603381
303.366667,0.121330663,0.00227467485
303.4,0.121406485,0.00227331418
303.433333,0.121482262,0.002271796
303.466667,0.121557989,0.00226997739
303.5,0.121633655,0.00226867611
303.533333,0.121709277,0.00226740052
303.566667,0.121784857,0.00226607361
303.6,0.121860393,0.00226437972
303.633333,0.121935872,0.00226320077
303.666667,0.122011312,0.00226202475
303.7,0.122086713,0.00226083314
303.733333,0.122162074,0.00225910278
303.766667,0.122237378,0.00225790787
303.8,0.122312641,0.00225671489
303.833333,0.122387865,0.00225552478
303.866667,0.122463049,0.00225384557
303.9,0.122538177,0.00225267634
303.933333,0.122613267,0.00225157117
303.966667,0.122688319,0.00225048693
304,0.122763335,0.00224902129
304.033333,0.122838303,0.00224788681
304.066667,0.122913232,0.00224683961
304.1,0.122988127,0.00224578849
304.133333,0.123062986,0.00224436768
304.166667,0.123137799,0.00224315007
304.2,0.12321257,0.00224208442
304.233333,0.123287307,0.00224102581
304.266667,0.123362007,0.00223968934
304.3,0.123436664,0.00223849624
304.333333,0.12351128,0.00223751566
304.366667,0.123585864,0.00223654948
304.4,0.123660416,0.00223537487
304.433333,0.123734928,0.00223420207
304.466667,0.123809402,0.00223324841
304.5,0.123883843,0.00223228922
304.533333,0.123958253,0.00223114257
304.566667,0.124032624,0.002229891
304.6,0.124106954,0.00222893037
304.633333,0.124181252,0.00222798097
304.666667,0.124255518,0.00222692366
304.7,0.124329749,0.00222571806
304.733333,0.124403939,0.00222484248
304.766667,0.124478101,0.00222397647
304.8,0.124552233,0.00222304778
304.833333,0.124626335,0.00222185706
304.866667,0.124700397,0.00222099416
304.9,0.12477443,0.00222012808
304.933333,0.124848434,0.00221923002
304.966667,0.124922408,0.00221798391
305,0.124996341,0.00221713804
305.033333,0.125070246,0.00221630761
305.066667,0.125144123,0.002215493
305.1,0.125217972,0.00221435251
305.133333,0.125291784,0.00221358201
305.166667,0.12536557,0.00221283211
305.2,0.125439331,0.00221208847
305.233333,0.125513068,0.00221104564
305.266667,0.125586769,0.00221025139
305.3,0.125660444,0.00220950955
305.333333,0.125734094,0.0022087705
305.366667,0.12580772,0.00220778542
305.4,0.125881313,0.00220700192
305.433333,0.12595488,0.00220632355
305.466667,0.126028424,0.00220566283
305.5,0.126101946,0.00220483639
305.533333,0.12617544,0.00220412466
305.566667,0.126248911,0.00220352569
305.6,0.126322362,0.00220293211
305.633333,0.126395793,0.00220219297
305.666667,0.1264692,0.00220147922
305.7,0.126542582,0.0022009025
305.733333,0.126615946,0.00220033446
305.766667,0.12668929,0.00219966985
305.8,0.126762613,0.00219900808
305.833333,0.126835913,0.00219851572
305.866667,0.126909197,0.0021980409
305.9,0.126982465,0.00219751854
305.933333,0.127055715,0.00219695025
305.966667,0.127128947,0.00219653166
306,0.127202165,0.00219611802
306.033333,0.127275369,0.0021956675
306.066667,0.127348558,0.00219511898
306.1,0.127421728,0.00219473394
306.133333,0.127494886,0.00219436147
306.166667,0.127568031,0.00219398545
306.2,0.127641164,0.00219352312
306.233333,0.127714282,0.00219323014
306.266667,0.127787389,0.00219295228
306.3,0.127860488,0.00219268903
306.333333,0.127933577,0.00219232979
306.366667,0.128006655,0.00219209724
306.4,0.128079725,0.00219186885
306.433333,0.128152787,0.00219164476
306.466667,0.128225842,0.00219134008
306.5,0.128298887,0.00219113453
306.533333,0.128371925,0.00219095357
306.566667,0.128444956,0.00219078659
306.6,0.128517983,0.00219059422
306.633333,0.128591002,0.00219047125
306.666667,0.128664018,0.00219036732
306.7,0.12873703,0.00219026234
306.733333,0.128810039,0.00219008095
306.766667,0.128883042,0.00218979511
306.8,0.128956035,0.00218943757
306.833333,0.129029016,0.00218899678
306.866667,0.129101983,0.00218827961
306.9,0.129174925,0.00218750008
306.933333,0.129247842,0.00218686215
306.966667,0.129320737,0.00218625343
307,0.129393613,0.00218560064
307.033333,0.129466466,0.00218509633
307.066667,0.129539302,0.00218476992
307.1,0.129612128,0.00218447115
307.133333,0.129684944,0.00218413696
307.166667,0.129757748,0.0021836832
307.2,0.129830538,0.00218324631
307.233333,0.129903313,0.00218275858
307.266667,0.129976071,0.00218214548
307.3,0.13004881,0.00218136919
307.333333,0.130121522,0.0021808446
307.366667,0.130194217,0.00218037212
307.4,0.130266896,0.00217993806
307.433333,0.13033956,0.00217953163
307.466667,0.130412211,0.0021793044
307.5,0.130484855,0.00217907712
307.533333,0.130557491,0.00217883968
307.566667,0.130630119,0.00217838949
307.6,0.130702732,0.00217798292
307.633333,0.130775331,0.00217753961
307.666667,0.130847916,0.00217706223
307.7,0.130920485,0.0021763698
307.733333,0.13099303,0.00217594271
307.766667,0.131065562,0.00217558489
307.8,0.131138081,0.00217527904
307.833333,0.13121059,0.00217496432
307.866667,0.131283089,0.00217475377
307.9,0.131355581,0.00217453665
307.933333,0.131428066,0.00217429378
307.966667,0.131500542,0.00217386974
308,0.131573004,0.0021734127
308.033333,0.131645451,0.00217297854
308.066667,0.131717884,0.00217253153
308.1,0.131790302,0.00217197198
308.133333,0.131862701,0.00217154229
308.166667,0.131935086,0.00217124117
308.2,0.13200746,0.00217097978
308.233333,0.132079826,0.00217071335
308.266667,0.132152183,0.00217045445
308.3,0.132224532,0.00217020546
308.333333,0.132296872,0.00216992111
308.366667,0.132369203,0.00216951418
308.4,0.13244152,0.00216898715
308.433333,0.13251382,0.00216855934
308.466667,0.132586105,0.00216813915
308.5,0.132658376,0.00216768696
308.533333,0.132730632,0.00216725523
308.566667,0.132802874,0.00216699712
308.6,0.132875107,0.00216676557
308.633333,0.132947333,0.00216654123
308.666667,0.133019551,0.00216624072
308.7,0.133091759,0.00216597463
308.733333,0.133163958,0.00216567448
308.766667,0.133236147,0.00216532382
308.8,0.133308325,0.00216477577
308.833333,0.133380484,0.00216439808
308.866667,0.133452631,0.0021640456
308.9,0.133524765,0.00216372043
308.933333,0.133596889,0.00216335435
308.966667,0.133669001,0.00216316728
309,0.133741107,0.00216299755
309.033333,0.133813207,0.00216283951
309.066667,0.133885301,0.0021625926
309.1,0.133957388,0.00216235493
309.133333,0.134029466,0.00216210296
309.166667,0.134101536,0.00216182901
309.2,0.134173597,0.0021614342
309.233333,0.134245645,0.00216113999
309.266667,0.134317683,0.00216091615
309.3,0.134389714,0.00216072721
309.333333,0.134461738,0.00216056076
309.366667,0.134533757,0.00216047701
309.4,0.134605773,0.00216041664
309.433333,0.134677786,0.00216035682
309.466667,0.134749798,0.00216026031
309.5,0.134821807,0.00216011842
309.533333,0.134893811,0.00215997927
309.566667,0.13496581,0.0021598329
309.6,0.135037805,0.00215965814
309.633333,0.135109793,0.00215952713
309.666667,0.135181778,0.00215947645
309.7,0.13525376,0.00215946078
309.733333,0.135325742,0.00215949534
309.766667,0.135397725,0.00215958984
309.8,0.135469712,0.00215966615
309.833333,0.135541701,0.00215973438
309.866667,0.135613692,0.00215979288
309.9,0.135685685,0.00215982031
309.933333,0.135757679,0.00215982571
309.966667,0.135829673,0.00215983595
310,0.135901667,0.00215985648
310.033333,0.135973663,0.00215995105
310.066667,0.136045661,0.00216007639
310.1,0.136117664,0.00216023028
310.133333,0.136189671,0.00216041355
310.166667,0.136261685,0.00216071915
310.2,0.136333709,0.0021609206
310.233333,0.13640574,0.00216110755
310.266667,0.136477777,0.00216127989
310.3,0.136549819,0.00216148827
310.333333,0.136621869,0.00216163274
310.366667,0.136693923,0.00216178361
310.4,0.136765983,0.00216194836
310.433333,0.136838048,0.00216223268
310.466667,0.136910122,0.00216251516
310.5,0.136982206,0.00216279585
310.533333,0.137054299,0.00216309184
310.566667,0.137126402,0.00216349535
310.6,0.137198519,0.00216382335
310.633333,0.137270646,0.00216408891
310.666667,0.137342783,0.00216433972
310.7,0.137414927,0.00216463565
310.733333,0.137487082,0.00216491087
310.766667,0.137559245,0.00216515819
310.8,0.137631417,0.00216542219
310.833333,0.137703598,0.00216578334
310.866667,0.137775791,0.00216619931
310.9,0.137847997,0.00216654884
310.933333,0.137920216,0.00216690171
310.966667,0.137992446,0.0021673129
311,0.13806469,0.00216773439
311.033333,0.138136947,0.002168034
311.066667,0.138209215,0.00216832175
311.1,0.138281493,0.00216863196
311.133333,0.13835378,0.00216900874
311.166667,0.138426081,0.00216930984
311.2,0.138498391,0.00216962791
311.233333,0.138570712,0.00216999212
311.266667,0.138643045,0.00217050575
311.3,0.138715395,0.00217088092
311.333333,0.138787758,0.00217125091
311.366667,0.138860133,0.00217162252
311.4,0.13893252,0.00217211018
311.433333,0.139004924,0.0021724214
311.466667,0.139077338,0.00217272663
311.5,0.139149762,0.0021730268
311.533333,0.139222196,0.00217347595
311.566667,0.139294646,0.00217382181
311.6,0.139367106,0.00217417568
311.633333,0.139439579,0.00217454493
311.666667,0.139512064,0.00217508766
311.7,0.139584567,0.00217550695
311.733333,0.139657084,0.00217586916
311.766667,0.139729613,0.00217619433
311.8,0.139802152,0.00217645564
311.833333,0.139874701,0.00217636398
311.866667,0.139947246,0.00217606348
311.9,0.140019782,0.00217559601
311.933333,0.140092302,0.00217468854
311.966667,0.140164791,0.00217370799
312,0.140237248,0.00217291328
312.033333,0.140309679,0.00217217705
312.066667,0.140382085,0.00217143938
312.1,0.140454466,0.00217097074
312.133333,0.140526832,0.00217068153
312.166667,0.140599188,0.00217041387
312.2,0.140671535,0.00217006846
312.233333,0.14074387,0.00216948798
312.266667,0.140816187,0.00216886257
312.3,0.140888482,0.00216814468
312.333333,0.140960754,0.00216720554
312.366667,0.141032994,0.00216608939
312.4,0.141105197,0.0021653581
312.433333,0.141177375,0.00216472298
312.466667,0.141249533,0.00216416712
312.5,0.141321672,0.00216371652
312.533333,0.141393796,0.00216345547
312.566667,0.141465911,0.00216317118
312.6,0.141538016,0.00216283375
312.633333,0.141610111,0.00216212613
312.666667,0.141682182,0.00216145681
312.7,0.14175423,0.00216072968
312.733333,0.141826255,0.00215994918
312.766667,0.141898253,0.002158841
312.8,0.141970214,0.00215821741
312.833333,0.142042155,0.00215769299
312.866667,0.142114078,0.00215725831
312.9,0.142185987,0.00215680996
312.933333,0.14225788,0.00215648638
312.966667,0.142329763,0.00215611745
313,0.142401634,0.00215568442
313.033333,0.14247349,0.00215488187
313.066667,0.142545319,0.00215405778
313.1,0.142617121,0.00215327452
313.133333,0.142688897,0.00215247623
313.166667,0.142760646,0.00215148392
313.2,0.142832362,0.00215076234
313.233333,0.142904054,0.00215023643
313.266667,0.142975729,0.00214976969
313.3,0.143047388,0.00214925117
313.333333,0.14311903,0.00214870968
313.366667,0.143190653,0.00214816649
313.4,0.143262259,0.00214754629
313.433333,0.143333844,0.00214664792
313.466667,0.143405399,0.00214556192
313.5,0.143476917,0.00214468071
313.533333,0.143548407,0.00214381644
313.566667,0.143619867,0.00214286927
313.6,0.143691296,0.00214196319
313.633333,0.143762695,0.00214136201
313.666667,0.143834074,0.00214078897
313.7,0.143905433,0.00214017299
313.733333,0.143976773,0.00213932775
313.766667,0.144048083,0.00213858975
313.8,0.14411937,0.00213778016
313.833333,0.144190629,0.00213683573
313.866667,0.144261857,0.00213546579
313.9,0.144333039,0.00213450751
313.933333,0.144404189,0.00213359126
313.966667,0.144475309,0.00213271366
314,0.1445464,0.00213161103
314.033333,0.144617453,0.0021309371
314.066667,0.144688485,0.00213026509
314.1,0.144759493,0.00212959097
314.133333,0.14483048,0.00212851738
314.166667,0.14490143,0.00212761527
314.2,0.144972351,0.0021266907
314.233333,0.14504324,0.00212571881
314.266667,0.145114098,0.00212432928
314.3,0.145184909,0.00212328328
314.333333,0.145255685,0.00212238709
314.366667,0.145326431,0.00212154486
314.4,0.145397149,0.00212054338
314.433333,0.145467834,0.00211975253
314.466667,0.145538492,0.00211904987
314.5,0.145609127,0.00211832747
314.533333,0.145679738,0.00211732164
314.566667,0.145750316,0.00211627197
314.6,0.145820858,0.00211534599
314.633333,0.14589137,0.00211440282
314.666667,0.14596185,0.00211324417
314.7,0.146032291,0.00211216266
314.733333,0.146102697,0.0021113739
314.766667,0.146173076,0.00211063677
314.8,0.14624343,0.00210984328
314.833333,0.146313758,0.00210902412
314.866667,0.146384059,0.002108369
314.9,0.146454338,0.00210768455
314.933333,0.146524594,0.00210685827
314.966667,0.146594823,0.00210577807
315,0.146665016,0.00210494753
315.033333,0.146735181,0.00210412527
315.066667,0.146805318,0.00210325799
315.1,0.146875427,0.00210225321
315.133333,0.146945502,0.0021016243
315.166667,0.147015556,0.00210103561
315.2,0.14708559,0.00210047127
315.233333,0.147155606,0.00209970355
315.266667,0.147225596,0.00209913602
315.3,0.147295567,0.00209853487
315.333333,0.147365519,0.00209789955
315.366667,0.147435449,0.0020969009
315.4,0.147505345,0.00209619022
315.433333,0.147575218,0.00209552004
315.466667,0.147645069,0.00209487678
315.5,0.147714898,0.00209408196
315.533333,0.147784701,0.00209356252
315.566667,0.147854486,0.00209310655
315.6,0.147924257,0.00209266905
315.633333,0.147994012,0.00209207207
315.666667,0.148063748,0.002091522
315.7,0.148133465,0.00209099253
315.733333,0.148203165,0.00209043471
315.766667,0.148272846,0.00208966697
315.8,0.148342502,0.002088981
315.833333,0.148412134,0.0020884319
315.866667,0.148481749,0.00208791415
315.9,0.148551346,0.00208733674
315.933333,0.148620924,0.00208684475
315.966667,0.148690485,0.00208645892
316,0.148760034,0.00208607154
316.033333,0.14882957,0.00208558527
316.066667,0.148899089,0.00208499741
316.1,0.148968589,0.00208449142
316.133333,0.149038072,0.00208396515
316.166667,0.149107538,0.00208333909
316.2,0.149176982,0.00208263554
316.233333,0.149246404,0.00208214638
316.266667,0.149315808,0.0020816863
316.3,0.149385198,0.00208122077
316.333333,0.149454572,0.00208068942
316.366667,0.149523928,0.00208030282
316.4,0.149593272,0.00207989969
316.433333,0.149662602,0.00207945437
316.466667,0.149731917,0.00207876623
316.5,0.149801209,0.0020782389
316.533333,0.149870484,0.0020777018
316.566667,0.14993974,0.00207715654
316.6,0.150008979,0.00207638608
316.633333,0.150078192,0.0020759068
316.666667,0.150147389,0.00207545311
316.7,0.150216571,0.00207502194
316.733333,0.150285738,0.00207443749
316.766667,0.150354886,0.00207398847
316.8,0.150424019,0.0020735375
316.833333,0.150493137,0.00207306311
316.866667,0.150562239,0.00207235125
316.9,0.150631317,0.00207174002
316.933333,0.150700375,0.00207118581
316.966667,0.150769415,0.00207063569
317,0.150838436,0.00206994316
317.033333,0.150907434,0.00206938842
317.066667,0.150976414,0.00206893333
317.1,0.151045378,0.00206849216
317.133333,0.151114328,0.00206794316
317.166667,0.151183259,0.00206739712
317.2,0.151252172,0.00206691569
317.233333,0.15132107,0.00206641404
317.266667,0.15138995,0.00206576897
317.3,0.151458809,0.00206508272
317.333333,0.151527645,0.00206454753
317.366667,0.151596463,0.00206402708
317.4,0.151665264,0.0020634504
317.433333,0.151734046,0.00206286291
317.466667,0.151802808,0.00206243966
317.5,0.151871556,0.0020620236
317.533333,0.15194029,0.00206156298
317.566667,0.152009009,0.00206097644
317.6,0.152077708,0.00206051775
317.633333,0.152146392,0.00206004642
317.666667,0.15221506,0.00205953005
317.7,0.152283711,0.00205884857
317.733333,0.15235234,0.00205839016
317.766667,0.152420953,0.00205795371
317.8,0.152489551,0.00205753473
317.833333,0.152558136,0.00205699553
317.866667,0.152626702,0.00205665209
317.9,0.152695257,0.00205631022
317.933333,0.152763801,0.00205596887
317.966667,0.152832333,0.00205545458
318,0.152900848,0.00205506293
318.033333,0.15296935,0.00205467994
318.066667,0.15303784,0.0020542944
318.1,0.153106316,0.0020537767
318.133333,0.153174775,0.00205340977
318.166667,0.153243222,0.00205309927
318.2,0.153311659,0.00205281136
318.233333,0.153380086,0.00205247038
318.266667,0.153448502,0.00205220285
318.3,0.153516909,0.00205196639
318.333333,0.153585307,0.00205172655
318.366667,0.153653698,0.00205140221
318.4,0.153722078,0.00205108649
318.433333,0.153790448,0.00205082111
318.466667,0.153858809,0.0020505609
318.5,0.153927161,0.00205025882
318.533333,0.153995503,0.00205000142
318.566667,0.154063836,0.00204982387
318.6,0.154132163,0.00204966413
318.633333,0.154200486,0.00204949934
318.666667,0.154268802,0.00204933356
318.7,0.154337113,0.00204919901
318.733333,0.15440542,0.0020490579
318.766667,0.154473722,0.00204888628
318.8,0.154542018,0.00204867019
318.833333,0.154610307,0.00204851331
318.866667,0.154678591,0.0020483658
318.9,0.15474687,0.00204822057
318.933333,0.154815144,0.00204807953
318.966667,0.154883413,0.00204800621
319,0.15495168,0.00204794336
319.033333,0.155019945,0.00204788873
319.066667,0.155088208,0.00204781315
319.1,0.155156468,0.00204774807
319.133333,0.155224726,0.00204767455
319.166667,0.155292982,0.00204759261
319.2,0.155361235,0.00204746155
319.233333,0.155429484,0.00204737699
319.266667,0.15549773,0.00204730499
319.3,0.155565973,0.00204724417
319.333333,0.155634215,0.00204719292
319.366667,0.155702455,0.0020471763
319.4,0.155770694,0.00204716508
319.433333,0.155838933,0.00204715596
319.466667,0.155907171,0.00204713449
319.5,0.155975409,0.00204709814
319.533333,0.156043646,0.00204705553
319.566667,0.156111881,0.00204700638
319.6,0.156180114,0.00204693614
319.633333,0.156248346,0.00204688286
319.666667,0.156316575,0.00204685026
319.7,0.156384803,0.00204682788
319.733333,0.156453031,0.00204681994
319.766667,0.156521258,0.00204682821
319.8,0.156589486,0.00204683516
319.833333,0.156657714,0.00204683905
319.866667,0.156725942,0.00204683361
319.9,0.15679417,0.00204680706
319.933333,0.156862396,0.00204677654
319.966667,0.156930622,0.00204674322
320,0.156998847,0.00204670398
320.033333,0.157067071,0.00204667375
320.066667,0.157135293,0.00204666645
320.1,0.157203515,0.00204666843
320.133333,0.157271738,0.00204668265
320.166667,0.15733996,0.0020467125
320.2,0.157408184,0.00204673197
320.233333,0.157476408,0.00204674655
320.266667,0.157544633,0.00204675521
320.3,0.157612858,0.00204674955
320.333333,0.157681083,0.00204674023
320.366667,0.157749308,0.00204673314
320.4,0.157817533,0.00204672887
320.433333,0.157885757,0.00204674523
320.466667,0.157953982,0.00204677592
320.5,0.158022208,0.0020468152
320.533333,0.158090435,0.00204686263
320.566667,0.158158664,0.00204694045
320.6,0.158226895,0.0020469956
320.633333,0.158295128,0.00204704389
320.666667,0.158363363,0.00204708842
320.7,0.158431599,0.00204714237
320.733333,0.158499837,0.00204718753
320.766667,0.158568077,0.00204723601
320.8,0.158636318,0.00204729185
320.833333,0.158704561,0.00204738753
320.866667,0.158772807,0.00204749462
320.9,0.158841057,0.0020475984
320.933333,0.15890931,0.00204770876
320.966667,0.158977567,0.00204785667
321,0.159045829,0.0020479957
321.033333,0.159114096,0.00204810905
321.066667,0.159182366,0.00204822153
321.1,0.15925064,0.00204835915
321.133333,0.159318919,0.00204851007
321.166667,0.159387202,0.00204864334
321.2,0.159455491,0.00204878667
321.233333,0.159523783,0.00204897198
321.266667,0.159592082,0.00204920429
321.3,0.159660389,0.00204939431
321.333333,0.159728702,0.00204958893
321.366667,0.159797022,0.0020498116
321.4,0.159865349,0.00205008078
321.433333,0.159933685,0.00205027921
321.466667,0.160002028,0.00205047916
321.5,0.160070377,0.0020506957
321.533333,0.160138734,0.00205099542
321.566667,0.1602071,0.00205122528
321.6,0.160275474,0.00205146546
321.633333,0.160343857,0.00205172151
321.666667,0.160412247,0.00205211156
321.7,0.160480651,0.00205238993
321.733333,0.160549064,0.00205267023
321.766667,0.160617486,0.00205295222
321.8,0.160685918,0.00205335851
321.833333,0.160754363,0.00205364869
321.866667,0.160822818,0.00205393301
321.9,0.160891283,0.00205422049
321.933333,0.160959757,0.00205463556
321.966667,0.161028245,0.00205497492
322,0.161096744,0.00205529847
322.033333,0.161165254,0.00205562994
322.066667,0.161233775,0.00205608889
322.1,0.161302311,0.00205648215
322.133333,0.16137086,0.00205682933
322.166667,0.161439421,0.00205717597
322.2,0.161507994,0.00205762107
322.233333,0.161576581,0.00205802798
322.266667,0.161645182,0.00205837516
322.3,0.161713795,0.00205872591
322.333333,0.161782419,0.00205917051
322.366667,0.161851058,0.00205962781
322.4,0.161919712,0.00206000707
322.433333,0.161988379,0.00206039093
322.466667,0.162057059,0.00206085349
322.5,0.162125754,0.00206135351
322.533333,0.162194466,0.00206174011
322.566667,0.16226319,0.0020621247
322.6,0.162331928,0.00206255996
322.633333,0.16240068,0.00206306829
322.666667,0.162469449,0.00206345236
322.7,0.162538231,0.00206384006
322.733333,0.162607025,0.00206426767
322.766667,0.162675834,0.00206482472
322.8,0.162744662,0.00206523333
322.833333,0.162813503,0.00206564373
322.866667,0.162882357,0.00206607141
322.9,0.162951227,0.00206665992
322.933333,0.163020115,0.00206706514
322.966667,0.163089017,0.00206746827
323,0.163157933,0.00206786937
323.033333,0.163226862,0.00206845549
323.066667,0.16329581,0.00206886554
323.1,0.163364773,0.0020692746
323.133333,0.163433748,0.00206968761
323.166667,0.163502738,0.00207028087
323.2,0.163571747,0.00207073301
323.233333,0.163640772,0.00207115889
323.266667,0.16370981,0.00207158485
323.3,0.163778863,0.00207216138
323.333333,0.163847935,0.00207262898
323.366667,0.163917023,0.00207304765
323.4,0.163986125,0.00207346597
323.433333,0.16405524,0.00207401629
323.466667,0.164124374,0.0020745123
323.5,0.164193524,0.00207494392
323.533333,0.164262689,0.00207537972
323.566667,0.164331869,0.00207593617
323.6,0.164401066,0.00207647867
323.633333,0.164470282,0.00207692599
323.666667,0.164539513,0.00207737327
323.7,0.164608759,0.00207791286
323.733333,0.164678023,0.00207847625
323.766667,0.164747305,0.00207892238
323.8,0.164816603,0.00207937035
323.833333,0.164885915,0.00207989318
323.866667,0.164955245,0.00208049821
323.9,0.165024595,0.00208096569
323.933333,0.16509396,0.00208143761
323.966667,0.165163342,0.00208196592
324,0.16523274,0.00208262503
324.033333,0.165302161,0.00208310905
324.066667,0.165371598,0.00208359357
324.1,0.165441051,0.00208410604
324.133333,0.165510522,0.00208479563
324.166667,0.165580015,0.00208528596
324.2,0.165649524,0.00208578001
324.233333,0.16571905,0.00208628109
324.266667,0.165788593,0.00208702658
324.3,0.165858161,0.00208754401
324.333333,0.165927745,0.00208806562
324.366667,0.165997348,0.00208859127
324.4,0.166066967,0.00208934992
324.433333,0.166136612,0.00208990676
324.466667,0.166206276,0.00209044093
324.5,0.166275957,0.00209097622
324.533333,0.166345656,0.00209171855
324.566667,0.16641538,0.00209231419
324.6,0.166485124,0.0020928632
324.633333,0.166554886,0.00209341673
324.666667,0.166624667,0.00209416306
324.7,0.166694472,0.00209481679
324.733333,0.166764299,0.00209539171
324.766667,0.166834146,0.00209596955
324.8,0.166904011,0.00209671204
324.833333,0.166973902,0.00209740957
324.866667,0.167043816,0.00209799383
324.9,0.167113749,0.00209857932
324.933333,0.167183701,0.00209930064
324.966667,0.167253678,0.00210002735
325,0.167323679,0.00210057602
325.033333,0.167393698,0.00210108367
325.066667,0.167463734,0.00210159503
325.1,0.167533787,0.00210196952
325.133333,0.167603853,0.00210214256
325.166667,0.167673924,0.00210226166
325.2,0.167744,0.00210233445
325.233333,0.167814078,0.00210242148
325.266667,0.167884158,0.00210254888
325.3,0.167954243,0.00210272528
325.333333,0.168024334,0.00210297957
325.366667,0.168094433,0.00210341331
325.4,0.168164547,0.00210373125
325.433333,0.168234672,0.00210402273
325.466667,0.168304806,0.00210428745
325.5,0.168374949,0.00210451998
325.533333,0.168445099,0.00210459607
325.566667,0.168515253,0.00210465381
325.6,0.168585408,0.00210469632
325.633333,0.168655564,0.00210480866
325.666667,0.168725724,0.00210497465
325.7,0.16879589,0.00210518539
325.733333,0.168866063,0.00210543967
325.766667,0.168936244,0.00210585757
325.8,0.16900644,0.00210616238
325.833333,0.169076645,0.0021064024
325.866667,0.169146859,0.00210660227
325.9,0.169217079,0.0021067639
325.933333,0.169287304,0.00210682331
325.966667,0.169357532,0.00210686797
326,0.16942776,0.00210691632
326.033333,0.169497991,0.00210702669
326.066667,0.169568225,0.00210721556
326.1,0.169638466,0.0021074211
326.133333,0.169708713,0.00210764991
326.166667,0.169778968,0.00210795266
326.2,0.169849233,0.00210820341
326.233333,0.169919507,0.00210834781
326.266667,0.169989785,0.00210844962
326.3,0.170060067,0.0021085
326.333333,0.17013035,0.00210849071
326.366667,0.170200633,0.00210848603
326.4,0.170270916,0.00210849793
326.433333,0.170341199,0.00210854853
326.466667,0.170411484,0.00210869168
326.5,0.170481774,0.00210883513
326.533333,0.170552068,0.0021089829
326.566667,0.170622368,0.00210914144
326.6,0.170692672,0.00210926959
326.633333,0.170762981,0.00210929253
326.666667,0.170833291,0.00210927904
326.7,0.1709036,0.00210922487
326.733333,0.170973908,0.00210910857
326.766667,0.171044212,0.00210904463
326.8,0.171114513,0.00210900598
326.833333,0.171184813,0.00210899408
326.866667,0.171255113,0.0021090542
326.9,0.171325415,0.00210912093
326.933333,0.171395719,0.00210917742
326.966667,0.171466025,0.00210922219
327,0.171536332,0.0021092124
327.033333,0.171606639,0.00210913489
327.066667,0.171676944,0.00210903401
327.1,0.171747245,0.00210891256
327.133333,0.171817542,0.00210873701
327.166667,0.171887833,0.00210862996
327.2,0.171958121,0.00210856699
327.233333,0.172028406,0.0021085306
327.266667,0.172098691,0.00210853279
327.3,0.172168975,0.00210855096
327.333333,0.17223926,0.00210854999
327.366667,0.172309545,0.00210853083
327.4,0.17237983,0.0021084566
327.433333,0.172450112,0.00210832444
327.466667,0.172520389,0.00210819631
327.5,0.172590662,0.00210806438
327.533333,0.172660931,0.00210791455
327.566667,0.172731195,0.00210781262
327.6,0.172801455,0.00210777318
327.633333,0.172871714,0.00210775665
327.666667,0.172941973,0.00210776743
327.7,0.173012232,0.00210778698
327.733333,0.173082491,0.00210777989
327.766667,0.173152751,0.00210775325
327.8,0.173223009,0.00210769372
327.833333,0.173293266,0.00210757405
327.866667,0.173363518,0.00210747985
327.9,0.173433767,0.00210739537
327.933333,0.173504014,0.00210732155
327.966667,0.173574258,0.00210729013
328,0.173644501,0.00210731286
328.033333,0.173714745,0.00210735141
328.066667,0.17378499,0.00210740543
328.1,0.173855237,0.00210747994
328.133333,0.173925486,0.00210750364
328.166667,0.173995736,0.00210750912
328.2,0.174065986,0.00210749683
328.233333,0.174136236,0.00210744967
328.266667,0.174206485,0.00210742122
328.3,0.174276732,0.00210741199
328.333333,0.174346979,0.00210742078
328.366667,0.174417226,0.00210748969
328.4,0.174487476,0.0021075845
328.433333,0.174557729,0.00210766501
328.466667,0.174627984,0.00210772328
328.5,0.174698242,0.00210765319
328.533333,0.174768497,0.00210727924
328.566667,0.17483874,0.00210671454
328.6,0.174908963,0.0021059712
328.633333,0.174979162,0.00210469311
328.666667,0.175049319,0.00210331911
328.7,0.17511943,0.00210219796
328.733333,0.175189503,0.002101137
328.766667,0.175259541,0.00210001329
328.8,0.175329541,0.00209916895
328.833333,0.175399513,0.00209859803
328.866667,0.175469467,0.00209805281
328.9,0.175539402,0.00209738832
328.933333,0.175609315,0.00209643039
328.966667,0.175679196,0.00209549088
329,0.175749045,0.00209444283
329.033333,0.17581886,0.00209311858
329.066667,0.175888631,0.00209148707
329.1,0.175958347,0.00209037433
329.133333,0.176028026,0.00208936007
329.166667,0.176097672,0.00208840254
329.2,0.176167285,0.00208743798
329.233333,0.176236866,0.0020868189
329.266667,0.176306427,0.00208617186
329.3,0.176375966,0.00208546182
329.333333,0.176445481,0.0020841834
329.366667,0.176514954,0.00208308762
329.4,0.17658439,0.00208191724
329.433333,0.176653788,0.00208067759
329.466667,0.176723143,0.00207887893
329.5,0.176792439,0.00207774718
329.533333,0.176861698,0.00207673785
329.566667,0.176930922,0.00207581999
329.6,0.177000116,0.00207470461
329.633333,0.177069273,0.00207386302
329.666667,0.177138402,0.00207300429
329.7,0.177207502,0.00207207118
329.733333,0.177276571,0.00207057039
329.766667,0.17734559,0.00206911301
329.8,0.177414561,0.00206775508
329.833333,0.177483486,0.00206637085
329.866667,0.177552365,0.0020646078
329.9,0.177621185,0.00206317149
329.933333,0.177689957,0.00206204976
329.966667,0.177758692,0.00206099041
330,0.177827392,0.00205974451
330.033333,0.17789605,0.00205857108
330.066667,0.177964669,0.0020577369
330.1,0.17803326,0.002057058
330.133333,0.178101829,0.00205660342
330.166667,0.178170382,0.00205689315
330.2,0.178238946,0.00205760743
330.233333,0.178307532,0.00205857137
330.266667,0.178376152,0.00205998405
330.3,0.178444818,0.00206167836
330.333333,0.17851354,0.00206273004
330.366667,0.178582298,0.00206358778
330.4,0.178651084,0.00206424906
330.433333,0.178719893,0.00206463123
330.466667,0.178788714,0.00206485056
330.5,0.178857542,0.00206516166
330.533333,0.178926381,0.0020656258
330.566667,0.178995235,0.00206684199
330.6,0.17906413,0.00206806191
330.633333,0.179133065,0.00206938436
330.666667,0.179202044,0.0020707985
330.7,0.179271071,0.00207271725
330.733333,0.179340162,0.00207369415
330.766667,0.179409285,0.00207447166
330.8,0.179478434,0.00207506159
330.833333,0.179547603,0.00207560106
330.866667,0.179616789,0.00207604514
330.9,0.179685991,0.00207663266
330.933333,0.179755212,0.00207738183
330.966667,0.179824458,0.00207889023
331,0.179893754,0.00208044951
331.033333,0.179963103,0.00208191909
331.066667,0.1800325,0.00208339868
331.1,0.180101946,0.00208518003
331.133333,0.180171452,0.00208639324
331.166667,0.180240999,0.00208725707
331.2,0.180310574,0.0020880135
331.233333,0.180380175,0.00208887733
331.266667,0.180449804,0.00208987369
331.3,0.180519466,0.00209094021
331.333333,0.180589164,0.00209218847
331.366667,0.180658904,0.0020940395
331.4,0.180728705,0.00209625011
331.433333,0.18079858,0.00209802855
331.466667,0.180868515,0.00209975869
331.5,0.180938506,0.00210163786
331.533333,0.181008561,0.00210340645
331.566667,0.181078675,0.00210460728
331.6,0.181148828,0.00210577872
331.633333,0.181219021,0.00210708994
331.666667,0.181289257,0.00210896654
331.7,0.181359556,0.00211063899
331.733333,0.181429911,0.00211247511
331.766667,0.181500327,0.00211462657
331.8,0.181570814,0.00211768915
331.833333,0.181641404,0.00211982416
331.866667,0.181712065,0.00212186822
331.9,0.181782793,0.00212383882
331.933333,0.181853588,0.00212634959
331.966667,0.181924466,0.00212795731
332,0.181995398,0.00212959598
332.033333,0.182066385,0.00213127407
332.066667,0.182137427,0.00213400408
332.1,0.182208561,0.00213626634
332.133333,0.18227977,0.00213857772
332.166667,0.182351056,0.0021409933
332.2,0.182422422,0.0021444314
332.233333,0.182493903,0.00214700267
332.266667,0.18256547,0.0021492439
332.3,0.182637111,0.00215137819
332.333333,0.182708824,0.00215401376
332.366667,0.182780624,0.00215617313
332.4,0.182852497,0.00215813443
332.433333,0.182924435,0.00216016633
332.466667,0.18299644,0.00216300292
332.5,0.18306854,0.0021658867
332.533333,0.183140736,0.00216841099
332.566667,0.183213017,0.00217096869
332.6,0.183285382,0.00217411282
332.633333,0.183357853,0.00217706264
332.666667,0.183430422,0.00217928252
332.7,0.183503064,0.00218140476
332.733333,0.183575778,0.00218378481
332.766667,0.183648571,0.00218632522
332.8,0.183721448,0.00218838073
332.833333,0.183794394,0.00219051661
332.866667,0.183867411,0.0021930774
332.9,0.183940514,0.00219631133
332.933333,0.184013724,0.00219877224
332.966667,0.184087017,0.00220120725
333,0.18416039,0.00220379266
333.033333,0.18423385,0.00220684703
333.066667,0.184307412,0.00220886132
333.1,0.18438104,0.00221080351
333.133333,0.184454734,0.00221273967
333.166667,0.184528492,0.00221543652
333.2,0.18460234,0.00221741565
333.233333,0.184676254,0.00221947342
333.266667,0.184750236,0.00222161049
333.3,0.18482429,0.00222487866
333.333333,0.184898452,0.0022271542
333.366667,0.184972691,0.00222932875
333.4,0.185047002,0.00223143698
333.433333,0.185121383,0.00223416519
333.466667,0.185195855,0.00223605882
333.5,0.185270391,0.00223778878
333.533333,0.185344983,0.00223949285
333.566667,0.185419633,0.00224185201
333.6,0.185494362,0.0022439322
333.633333,0.185569159,0.00224587871
333.666667,0.185644022,0.00224788462
333.7,0.185718951,0.00225058088
333.733333,0.185793971,0.00225295533
333.766667,0.185869069,0.00225490242
333.8,0.185944233,0.00225677842
333.833333,0.186019459,0.00225898298
333.866667,0.186094758,0.00226098781
333.9,0.186170124,0.00226261816
333.933333,0.186245545,0.00226426502
333.966667,0.186321021,0.00226631836
334,0.186396564,0.0022686522
334.033333,0.186472186,0.00227058509
334.066667,0.186547872,0.00227255779
334.1,0.186623624,0.00227487172
334.133333,0.186699453,0.00227746153
334.166667,0.186775369,0.00227933065
334.2,0.186851346,0.00228114086
334.233333,0.186927384,0.00228305934
334.266667,0.187003486,0.00228536526
334.3,0.187079665,0.00228707491
334.333333,0.187155901,0.00228883343
334.366667,0.187232196,0.00229075031
334.4,0.187308554,0.00229353319
334.433333,0.187385005,0.00229558781
334.466667,0.187461525,0.00229766115
334.5,0.187538113,0.0022997534
334.533333,0.187614772,0.00230275534
334.566667,0.18769153,0.00230470253
334.6,0.187768354,0.00230660946
334.633333,0.187845241,0.00230847921
334.666667,0.18792219,0.00231112625
334.7,0.187999228,0.00231314019
334.733333,0.188076332,0.00231512853
334.766667,0.188153503,0.00231717952
334.8,0.188230742,0.00232015232
334.833333,0.188308081,0.00232261311
334.866667,0.188385501,0.0023248538
334.9,0.188462996,0.00232708717
334.933333,0.188540566,0.00232997952
334.966667,0.188618232,0.00233239883
335,0.188695979,0.00233446749
335.033333,0.188773794,0.00233652157
335.066667,0.188851678,0.00233914919
335.1,0.18892965,0.00234171591
335.133333,0.189007707,0.00234393174
335.166667,0.189085838,0.00234620069
335.2,0.189164045,0.00234906187
335.233333,0.189242347,0.00235203961
335.266667,0.189320748,0.00235439902
335.3,0.189399228,0.00235673101
335.333333,0.189477786,0.00235940655
335.366667,0.189556433,0.00236227866
335.4,0.189635175,0.0023644519
335.433333,0.18971399,0.00236662515
335.466667,0.189792878,0.002369077
335.5,0.189871847,0.00237212595
335.533333,0.189950918,0.00237445229
335.566667,0.190030066,0.00237681121
335.6,0.190109294,0.0023793735
335.633333,0.190188606,0.00238273228
335.666667,0.19026803,0.0023850746
335.7,0.190347533,0.0023873748
335.733333,0.190427112,0.00238967513
335.766667,0.190506768,0.00239284484
335.8,0.190586529,0.0023949925
335.833333,0.190666362,0.0023971491
335.866667,0.190746267,0.00239931674
335.9,0.190826245,0.00240252292
335.933333,0.190906329,0.00240486527
335.966667,0.190986491,0.00240714974
336,0.191066729,0.0024094404
336.033333,0.191147044,0.00241259254
336.066667,0.191227464,0.0024149569
336.1,0.191307962,0.00241709068
336.133333,0.191388532,0.00241918079
336.166667,0.191469171,0.00242190889
336.2,0.191549902,0.00242418011
336.233333,0.191630708,0.00242619994
336.266667,0.191711581,0.002428234
336.3,0.191792522,0.00243090646
336.333333,0.191873552,0.00243338811
336.366667,0.191954665,0.00243548308
336.4,0.192035848,0.00243756478
336.433333,0.1921171,0.00244010209
336.466667,0.192198437,0.00244252397
336.5,0.192279854,0.00244442776
336.533333,0.192361335,0.00244629765
336.566667,0.192442878,0.00244848061
336.6,0.192524495,0.00245082113
336.633333,0.192606189,0.00245266481
336.666667,0.192687944,0.00245452535
336.7,0.192769762,0.00245667427
336.733333,0.192851651,0.00245921373
336.766667,0.192933624,0.00246110189
336.8,0.193015661,0.00246296723
336.833333,0.19309776,0.00246496424
336.866667,0.193179926,0.00246740587
336.9,0.193262172,0.00246911412
336.933333,0.193344476,0.00247080472
336.966667,0.193426836,0.00247254459
337,0.193509255,0.00247496273
337.033333,0.193591753,0.00247668047
337.066667,0.193674309,0.00247841715
337.1,0.193756923,0.00248017254
337.133333,0.193839596,0.00248276077
337.166667,0.193922354,0.00248453149
337.2,0.194005172,0.00248625689
337.233333,0.194088047,0.00248795772
337.266667,0.194170979,0.00249028986
337.3,0.194253989,0.00249200632
337.333333,0.194337056,0.00249361953
337.366667,0.194420176,0.00249523417
337.4,0.194503351,0.00249746541
337.433333,0.1945866,0.00249933731
337.466667,0.194669911,0.00250104196
337.5,0.194753279,0.00250276148
337.533333,0.194836704,0.00250502788
337.566667,0.194920205,0.00250701915
337.6,0.195003773,0.00250870468
337.633333,0.195087396,0.00251037107
337.666667,0.195171075,0.00251243552
337.7,0.195254823,0.00251440641
337.733333,0.195338637,0.00251603922
337.766667,0.195422505,0.00251768539
337.8,0.195506427,0.00251970922
337.833333,0.195590418,0.00252188133
337.866667,0.19567448,0.00252362212
337.9,0.195758601,0.00252537078
337.933333,0.19584278,0.00252740089
337.966667,0.195927027,0.00252967994
338,0.19601135,0.00253138509
338.033333,0.196095729,0.00253307594
338.066667,0.196180165,0.00253493181
338.1,0.196264663,0.00253721501
338.133333,0.196349236,0.00253890399
338.166667,0.196433867,0.00254061017
338.2,0.196518554,0.00254243639
338.233333,0.196603302,0.00254493316
338.266667,0.196688133,0.00254671117
338.3,0.196773023,0.00254848682
338.333333,0.196857973,0.00255027054
338.366667,0.196942982,0.00255283205
338.4,0.197028076,0.00255454469
338.433333,0.197113227,0.00255624563
338.466667,0.197198436,0.00255793583
338.5,0.1972837,0.0025603515
338.533333,0.197369045,0.00256213263
338.566667,0.19745445,0.00256385351
338.6,0.197539911,0.00256558738
338.633333,0.197625431,0.00256800377
338.666667,0.197711031,0.00256992045
338.7,0.197796695,0.00257165786
338.733333,0.197882417,0.00257338176
338.766667,0.197968196,0.00257563258
338.8,0.198054051,0.00257753066
338.833333,0.198139969,0.00257917235
338.866667,0.198225941,0.00258080558
338.9,0.198311968,0.00258288931
338.933333,0.198398064,0.00258485053
338.966667,0.198484226,0.00258649955
339,0.198570442,0.00258815272
339.033333,0.198656714,0.00259018486
339.066667,0.198743054,0.00259222785
339.1,0.198829461,0.0025938404
339.133333,0.198915923,0.00259543273
339.166667,0.199002437,0.00259727249
339.2,0.199089013,0.00259925138
339.233333,0.199175655,0.00260075768
339.266667,0.199262346,0.00260225766
339.3,0.199349088,0.00260394273
339.333333,0.199435886,0.00260596418
339.366667,0.199522752,0.00260746575
339.4,0.199609667,0.00260896379
339.433333,0.199696633,0.00261056928
339.466667,0.199783652,0.00261262012
339.5,0.199870739,0.00261405037
339.533333,0.199957874,0.00261545895
339.566667,0.200045056,0.00261687948
339.6,0.200132286,0.0026188395
339.633333,0.20021958,0.00262017374
339.666667,0.200306919,0.00262150532
339.7,0.200394303,0.00262283477
339.733333,0.200481731,0.00262476415
339.766667,0.200569223,0.00262612726
339.8,0.20065676,0.00262744862
339.833333,0.200744342,0.00262876144
339.866667,0.200831967,0.00263056138
339.9,0.200919653,0.00263190788
339.933333,0.201007383,0.00263313848
339.966667,0.201095154,0.00263435242
340,0.201182966,0.0026359607
340.033333,0.201270831,0.00263729475
340.066667,0.201358741,0.00263847971
340.1,0.201446691,0.00263966609
340.133333,0.201534679,0.00264120985
340.166667,0.20162272,0.00264260952
340.2,0.201710807,0.00264378897
340.233333,0.201798933,0.00264495917
340.266667,0.201887098,0.002646395
340.3,0.201975312,0.00264777597
340.333333,0.202063571,0.00264888307
340.366667,0.202151867,0.00264998132
340.4,0.2022402,0.00265128455
340.433333,0.202328576,0.00265267959
340.466667,0.202416998,0.00265377732
340.5,0.202505458,0.0026548795
340.533333,0.202593954,0.00265614793
340.566667,0.202682492,0.00265762182
340.6,0.202771079,0.00265872193
340.633333,0.202859703,0.00265981389
340.666667,0.202948364,0.0026609969
340.7,0.203037064,0.00266246322
340.733333,0.203125812,0.00266351444
340.766667,0.203214596,0.00266456384
340.8,0.203303415,0.00266565815
340.833333,0.20339227,0.00266717041
340.866667,0.203481176,0.00266823917
340.9,0.203570117,0.00266931301
340.933333,0.203659094,0.00267039174
340.966667,0.203748107,0.00267197622
341,0.203837173,0.0026730548
341.033333,0.203926275,0.00267411838
341.066667,0.204015412,0.00267517462
341.1,0.204104585,0.00267665391
341.133333,0.204193807,0.0026777518
341.166667,0.204283065,0.00267879169
341.2,0.204372358,0.00267983403
341.233333,0.204461686,0.00268127043
341.266667,0.204551062,0.00268244805
341.3,0.204640477,0.00268351423
341.333333,0.204729927,0.00268458212
341.366667,0.204819413,0.00268598379
341.4,0.204908946,0.00268720606
341.433333,0.204998519,0.00268825073
341.466667,0.205088128,0.00268928839
341.5,0.205177771,0.00269058908
341.533333,0.205267457,0.00269182709
341.566667,0.205357185,0.00269285229
341.6,0.205446946,0.00269387988
341.633333,0.205536742,0.00269513351
341.666667,0.20562658,0.00269644134
341.7,0.205716462,0.0026974779
341.733333,0.205806377,0.00269851119
341.766667,0.205896328,0.00269970576
341.8,0.205986318,0.0027010311
341.833333,0.206076352,0.00270202747
341.866667,0.20616642,0.00270301608
341.9,0.206256521,0.00270410654
341.933333,0.206346657,0.0027054313
341.966667,0.206436838,0.00270640273
342,0.206527052,0.00270737051
342.033333,0.206617298,0.00270839319
342.066667,0.206707577,0.00270967467
342.1,0.2067979,0.00271045365
342.133333,0.206888248,0.00271113108
342.166667,0.206978619,0.00271170721
342.2,0.20706901,0.00271224095
342.233333,0.207159418,0.00271246828
342.266667,0.207249833,0.00271267803
342.3,0.207340256,0.00271287537
342.333333,0.207430685,0.00271325413
342.366667,0.207521127,0.00271364901
342.4,0.207611582,0.00271408003
342.433333,0.207702051,0.00271455124
342.466667,0.207792536,0.00271521508
342.5,0.207883043,0.00271564524
342.533333,0.207973565,0.00271595204
342.566667,0.208064097,0.00271618466
342.6,0.208154636,0.00271633817
342.633333,0.208245181,0.00271638831
342.666667,0.208335727,0.00271644563
342.7,0.208426275,0.00271652699
342.733333,0.208516826,0.00271672552
342.766667,0.208607383,0.00271703629
342.8,0.208697951,0.00271734041
342.833333,0.208788529,0.0027176562
342.866667,0.208879118,0.00271802455
342.9,0.208969719,0.00271827148
342.933333,0.209060328,0.00271836738
342.966667,0.20915094,0.00271840009
343,0.209241553,0.00271834741
343.033333,0.209332165,0.00271823866
343.066667,0.209422773,0.0027181791
343.1,0.209513379,0.00271812778
343.133333,0.209603983,0.00271807568
343.166667,0.209694586,0.00271780598
343.2,0.209785179,0.00271729022
343.233333,0.209875756,0.00271653695
343.266667,0.209966307,0.00271540735
343.3,0.21005682,0.00271334655
343.333333,0.210147265,0.0027116595
343.366667,0.210237654,0.00270997295
343.4,0.210327986,0.00270826008
343.433333,0.210418262,0.00270621713
343.466667,0.210508469,0.0027050933
343.5,0.210598639,0.00270406646
343.533333,0.210688774,0.00270312832
343.566667,0.210778878,0.00270169813
343.6,0.210868935,0.00270043251
343.633333,0.21095895,0.00269900386
343.666667,0.211048916,0.00269739884
343.7,0.21113883,0.00269479158
343.733333,0.211228656,0.0026927184
343.766667,0.211318413,0.00269086747
343.8,0.211408109,0.00268910655
343.833333,0.211497746,0.00268704779
343.866667,0.211587314,0.00268562464
343.9,0.211676835,0.00268442086
343.933333,0.211766316,0.00268323312
343.966667,0.211855757,0.00268156798
344,0.211945142,0.00267975085
344.033333,0.212034467,0.00267799032
344.066667,0.212123734,0.00267609502
344.1,0.212212937,0.00267353459
344.133333,0.212302055,0.00267102484
344.166667,0.212391089,0.00266910069
344.2,0.212480059,0.00266728571
344.233333,0.212568968,0.00266531827
344.266667,0.212657812,0.00266345935
344.3,0.212746594,0.00266201371
344.333333,0.212835328,0.00266051824
344.366667,0.212924012,0.00265867176
344.4,0.213012634,0.00265618547
344.433333,0.213101174,0.00265409315
344.466667,0.213189644,0.00265191602
344.5,0.213278041,0.0026494376
344.533333,0.213366355,0.00264640331
344.566667,0.213454569,0.00264435933
344.6,0.213542714,0.00264241992
344.633333,0.213630795,0.00264050908
344.666667,0.213718812,0.0026380693
344.7,0.213806747,0.00263631473
344.733333,0.213894625,0.0026344673
344.766667,0.21398244,0.00263251991
344.8,0.214070191,0.00262928791
344.833333,0.214157834,0.00262689346
344.866667,0.214245397,0.00262447432
344.9,0.214332879,0.00262203313
344.933333,0.21442028,0.002618687
344.966667,0.21450757,0.00261639863
345,0.214594783,0.00261432076
345.033333,0.214681927,0.00261231845
345.066667,0.214769005,0.00260964409
345.1,0.214855993,0.00260739724
345.133333,0.214942906,0.00260524131
345.166667,0.215029747,0.00260298256
345.2,0.215116513,0.00259976882
345.233333,0.215203172,0.00259681128
345.266667,0.215289733,0.0025942527
345.3,0.215376208,0.00259172151
345.333333,0.215462599,0.00258863449
345.366667,0.215548886,0.0025859143
345.4,0.215635084,0.00258375135
345.433333,0.215721209,0.00258162763
345.466667,0.215807263,0.00257905437
345.5,0.215893231,0.00257627252
345.533333,0.215979107,0.00257392163
345.566667,0.216064904,0.00257148469
345.6,0.216150621,0.0025685106
345.633333,0.216236238,0.00256510085
345.666667,0.216321741,0.00256253772
345.7,0.216407159,0.00256003597
345.733333,0.216492493,0.00255734445
345.766667,0.216577738,0.00255429272
345.8,0.216662881,0.00255212767
345.833333,0.216747952,0.00254996814
345.866667,0.216832951,0.0025476554
345.9,0.216917873,0.00254444804
345.933333,0.217002688,0.00254203227
345.966667,0.217087422,0.00253955772
346,0.217172074,0.00253698431
346.033333,0.21725664,0.00253327504
346.066667,0.217341083,0.00253082149
346.1,0.217425444,0.00252844537
346.133333,0.217509725,0.00252614715
346.166667,0.21759393,0.00252302584
346.2,0.217678031,0.00252084543
346.233333,0.217762059,0.00251871576
346.266667,0.217846016,0.00251655943
346.3,0.217929902,0.0025134226
346.333333,0.218013682,0.00251084272
346.366667,0.218097377,0.00250842615
346.4,0.218180991,0.00250598831
346.433333,0.218264524,0.00250275602
346.466667,0.21834795,0.00250013606
346.5,0.218431287,0.00249792036
346.533333,0.218514551,0.00249577048
346.566667,0.218597744,0.00249310932
346.6,0.218680847,0.00249068605
346.633333,0.21876387,0.0024886006
346.666667,0.218846824,0.0024864722
346.7,0.218929706,0.00248373694
346.733333,0.219012497,0.00248088457
346.766667,0.219095193,0.00247855518
346.8,0.219177812,0.00247623282
346.833333,0.219260353,0.0024735192
346.866667,0.219342804,0.00247071388
346.9,0.219425161,0.00246862883
346.933333,0.219507448,0.00246658779
346.966667,0.219589668,0.00246431927
347,0.219671812,0.00246163334
347.033333,0.219753866,0.00245956065
347.066667,0.219835852,0.00245743823
347.1,0.219917766,0.00245506765
347.133333,0.219999602,0.00245193285
347.166667,0.220081333,0.00244967032
347.2,0.220162989,0.00244743451
347.233333,0.22024457,0.00244515709
347.266667,0.220326075,0.00244213058
347.3,0.220407479,0.00244011286
347.333333,0.220488817,0.00243811425
347.366667,0.220570087,0.00243613178
347.4,0.220651291,0.00243318882
347.433333,0.220732398,0.00243105361
347.466667,0.220813433,0.00242890384
347.5,0.220894396,0.00242670997
347.533333,0.220975287,0.00242355609
347.566667,0.221056072,0.00242118123
347.6,0.221136778,0.00241899503
347.633333,0.221217411,0.00241684674
347.666667,0.221297973,0.00241403482
347.7,0.22137844,0.00241178894
347.733333,0.221458833,0.00240978312
347.766667,0.22153916,0.00240777111
347.8,0.221619419,0.00240508721
347.833333,0.221699588,0.00240259334
347.866667,0.221779675,0.00240040958
347.9,0.221859688,0.00239819887
347.933333,0.221939628,0.00239539812
347.966667,0.222019475,0.00239271935
348,0.222099232,0.00239057474
348.033333,0.222178918,0.00238846877
348.066667,0.222258534,0.00238599687
348.1,0.222338067,0.00238344689
348.133333,0.222417515,0.00238143037
348.166667,0.222496896,0.00237939458
348.2,0.222576209,0.00237700185
348.233333,0.222655443,0.00237417596
348.266667,0.222734582,0.00237199636
348.3,0.222813648,0.00236980997
348.333333,0.222892642,0.00236739707
348.366667,0.222971555,0.00236446765
348.4,0.223050371,0.00236239728
348.433333,0.223129117,0.00236036238
348.466667,0.223207796,0.00235825936
348.5,0.223286405,0.00235546176
348.533333,0.22336492,0.00235347743
348.566667,0.223443369,0.00235146932
348.6,0.223521752,0.00234943059
348.633333,0.223600066,0.00234636387
348.666667,0.223678278,0.00234426052
348.7,0.22375642,0.00234216978
348.733333,0.223834493,0.00234009359
348.766667,0.223912496,0.00233721592
348.8,0.223990403,0.00233517934
348.833333,0.224068242,0.00233326899
348.866667,0.224146018,0.00233138474
348.9,0.224223731,0.00232881598
348.933333,0.224301358,0.00232674298
348.966667,0.224378916,0.00232483235
349,0.22445641,0.00232290272
349.033333,0.22453384,0.00232031222
349.066667,0.224611184,0.00231806774
349.1,0.224688453,0.00231614345
349.133333,0.224765658,0.00231424641
349.166667,0.224842799,0.00231189849
349.2,0.224919863,0.00230977092
349.233333,0.224996855,0.00230803181
349.266667,0.225073789,0.00230630789
349.3,0.225150666,0.00230420758
349.333333,0.225227473,0.00230203562
349.366667,0.225304208,0.0023002768
349.4,0.225380884,0.00229850748
349.433333,0.225457501,0.00229642114
349.466667,0.225534048,0.0022941307
349.5,0.225610519,0.00229241328
349.533333,0.225686933,0.0022907284
349.566667,0.22576329,0.00228888625
349.6,0.225839587,0.00228674744
349.633333,0.225915812,0.0022851948
349.666667,0.225991985,0.0022836465
349.7,0.226068106,0.00228198773
349.733333,0.226144173,0.00227978679
349.766667,0.226220165,0.00227819807
349.8,0.226296105,0.00227660707
349.833333,0.226371992,0.00227498181
349.866667,0.226447825,0.00227270875
349.9,0.226523582,0.0022711967
349.933333,0.226599289,0.00226971584
349.966667,0.226674946,0.00226826591
350,0.226750555,0.00226623514
350.033333,0.226826096,0.00226480714
350.066667,0.226901589,0.00226341572
350.1,0.226977037,0.00226201884
350.133333,0.227052437,0.00226004324
350.166667,0.227127772,0.00225849533
350.2,0.227203055,0.00225706631
350.233333,0.227278291,0.00225564391
350.266667,0.227353479,0.00225377041
350.3,0.227428604,0.00225224888
350.333333,0.227503679,0.00225093569
350.366667,0.227578711,0.00224964493
350.4,0.227653699,0.00224800924
350.433333,0.227728632,0.00224652101
350.466667,0.227803516,0.00224525113
350.5,0.227878358,0.002243972
350.533333,0.227953157,0.00224236304
350.566667,0.228027903,0.00224075447
350.6,0.228102594,0.0022394585
350.633333,0.228177243,0.00223817504
350.666667,0.228251849,0.00223667463
350.7,0.228326405,0.00223511539
350.733333,0.228400909,0.00223393109
350.766667,0.228475373,0.00223276054
350.8,0.228549798,0.00223143985
350.833333,0.22862418,0.00222989205
350.866667,0.228698509,0.00222871697
350.9,0.2287728,0.00222753305
350.933333,0.228847051,0.00222623118
350.966667,0.228921259,0.00222457446
351,0.228995411,0.00222339467
351.033333,0.229069524,0.00222223192
351.066667,0.229143599,0.00222104403
351.1,0.229217634,0.00221946109
351.133333,0.229291616,0.00221838727
351.166667,0.229365562,0.00221732042
351.2,0.229439473,0.00221625959
351.233333,0.229513348,0.00221469854
351.266667,0.229587171,0.00221360549
351.3,0.229660958,0.0022125198
351.333333,0.229734709,0.00221143042
351.366667,0.229808423,0.00220990075
351.4,0.229882086,0.00220877805
351.433333,0.229955712,0.00220774284
351.466667,0.230029304,0.00220672731
351.5,0.230102861,0.0022053892
351.533333,0.230176374,0.00220432461
351.566667,0.230249852,0.00220337331
351.6,0.230323298,0.00220242439
351.633333,0.230396712,0.00220117489
351.666667,0.230470084,0.0022000575
351.7,0.230543419,0.00219909763
351.733333,0.230616723,0.00219814166
351.766667,0.230689994,0.00219695323
351.8,0.230763226,0.00219584787
351.833333,0.230836421,0.00219496645
351.866667,0.230909586,0.00219410466
351.9,0.230982723,0.00219309339
351.933333,0.231055826,0.00219206507
351.966667,0.231128895,0.00219125825
352,0.231201937,0.00219045274
352.033333,0.231274952,0.002189518
352.066667,0.231347936,0.00218845721
352.1,0.231420885,0.00218765942
352.133333,0.231493807,0.0021868724
352.166667,0.231566702,0.00218601742
352.2,0.23163957,0.00218501369
352.233333,0.231712403,0.00218431397
352.266667,0.231785214,0.00218363205
352.3,0.231858002,0.00218293066
352.333333,0.231930766,0.00218201929
352.366667,0.2320035,0.00218138311
352.4,0.232076213,0.00218074837
352.433333,0.232148904,0.00218011019
352.466667,0.232221575,0.00217918926
352.5,0.232294214,0.00217857855
352.533333,0.232366834,0.00217798319
352.566667,0.232439433,0.00217740363
352.6,0.232512013,0.00217662489
352.633333,0.232584567,0.00217609498
352.666667,0.232657104,0.00217560281
352.7,0.232729624,0.002175124
352.733333,0.232802128,0.00217448239
352.766667,0.232874611,0.00217398058
352.8,0.232947077,0.00217352434
352.833333,0.233019528,0.00217307097
352.866667,0.233091963,0.00217247899
352.9,0.233164379,0.00217199245
352.933333,0.233236779,0.00217158754
352.966667,0.233309165,0.00217119918
353,0.233381539,0.00217073749
353.033333,0.233453896,0.00217034243
353.066667,0.233526241,0.00217002711
353.1,0.233598575,0.00216972019
353.133333,0.233670899,0.00216935276
353.166667,0.233743211,0.0021689847
353.2,0.233815511,0.00216869256
353.233333,0.2338878,0.00216840463
353.266667,0.233960081,0.00216807462
353.3,0.23403235,0.00216773785
353.333333,0.234104608,0.00216750097
353.366667,0.234176858,0.00216727907
353.4,0.2342491,0.00216705024
353.433333,0.234321335,0.0021668083
353.466667,0.234393562,0.00216664113
353.5,0.234465784,0.00216647795
353.533333,0.234538,0.00216630586
353.566667,0.23461021,0.0021660846
353.6,0.234682413,0.0021659302
353.633333,0.23475461,0.0021657813
353.666667,0.234826803,0.00216563508
353.7,0.234898991,0.00216545711
353.733333,0.234971173,0.0021653582
353.766667,0.235043351,0.00216527169
353.8,0.235115527,0.00216519739
353.833333,0.2351877,0.00216511404
353.866667,0.235259871,0.00216506416
353.9,0.23533204,0.00216501682
353.933333,0.235404207,0.00216497065
353.966667,0.235476373,0.00216490743
354,0.235548536,0.00216486443
354.033333,0.235620698,0.002164832
354.066667,0.235692859,0.00216480701
354.1,0.23576502,0.00216479605
354.133333,0.235837179,0.00216481172
354.166667,0.23590934,0.00216483836
354.2,0.235981501,0.0021648741
354.233333,0.236053664,0.00216493445
354.266667,0.236125828,0.00216499629
354.3,0.236197995,0.00216505015
354.333333,0.236270163,0.00216510518
354.366667,0.236342333,0.00216517634
354.4,0.236414506,0.00216525596
354.433333,0.236486681,0.00216533185
354.466667,0.236558859,0.00216541687
354.5,0.236631039,0.00216553569
354.533333,0.236703224,0.00216568927
354.566667,0.236775413,0.00216582329
354.6,0.236847607,0.00216596438
354.633333,0.236919806,0.0021661346
354.666667,0.236992011,0.00216633964
354.7,0.237064222,0.00216649694
354.733333,0.237136439,0.00216665698
354.766667,0.23720866,0.00216683616
354.8,0.237280888,0.00216707761
354.833333,0.237353124,0.00216726827
354.866667,0.237425367,0.00216746954
354.9,0.237497616,0.0021676921
354.933333,0.237569872,0.00216802604
354.966667,0.237642139,0.00216827496
355,0.237714415,0.00216852974
355.033333,0.2377867,0.0021687901
355.066667,0.237858993,0.00216918208
355.1,0.237931299,0.00216945696
355.133333,0.238003614,0.00216973504
355.166667,0.238075938,0.00217001833
355.2,0.238148272,0.00217043944
355.233333,0.23822062,0.00217077398
355.266667,0.23829298,0.00217110281
355.3,0.23836535,0.00217144263
355.333333,0.238437731,0.00217193086
355.366667,0.238510129,0.0021723433
355.4,0.23858254,0.00217272211
355.433333,0.238654964,0.0021731059
355.466667,0.238727401,0.00217361941
355.5,0.238799855,0.00217408096
355.533333,0.238872324,0.00217448742
355.566667,0.238944807,0.00217490104
355.6,0.239017304,0.00217544089
355.633333,0.239089819,0.0021759807
355.666667,0.239162351,0.00217644195
355.7,0.2392349,0.00217691312
355.733333,0.239307463,0.00217750119
355.766667,0.239380047,0.0021781276
355.8,0.239452651,0.00217863195
355.833333,0.239525272,0.00217914059
355.866667,0.23959791,0.00217973871
355.9,0.239670568,0.00218042384
355.933333,0.239743249,0.00218095704
355.966667,0.239815947,0.00218149817
356,0.239888664,0.00218211222
356.033333,0.239961401,0.00218288788
356.066667,0.240034164,0.00218347317
356.1,0.240106946,0.0021840663
356.133333,0.240179749,0.0021847055
356.166667,0.240252572,0.00218556902
356.2,0.240325424,0.00218618717
356.233333,0.240398297,0.00218680873
356.266667,0.240471191,0.00218744124
356.3,0.240544106,0.00218836761
356.333333,0.240617051,0.00218901247
356.366667,0.240690018,0.00218966493
356.4,0.240763007,0.00219032504
356.433333,0.240836018,0.00219129419
356.466667,0.240909061,0.00219200948
356.5,0.240982128,0.00219270395
356.533333,0.241055218,0.00219340354
356.566667,0.241128332,0.00219438118
356.6,0.241201478,0.00219515508
356.633333,0.24127465,0.00219586852
356.666667,0.241347845,0.00219658486
356.7,0.241421065,0.00219754913
356.733333,0.241494316,0.00219838443
356.766667,0.241567596,0.00219912521
356.8,0.2416409,0.0021998724
356.833333,0.241714229,0.00220084439
356.866667,0.241787591,0.00220175786
356.9,0.241860982,0.00220252992
356.933333,0.2419344,0.00220330492
356.966667,0.242007844,0.00220426447
357,0.242081319,0.00220523409
357.033333,0.242154827,0.00220601816
357.066667,0.242228361,0.00220680501
357.1,0.242301921,0.00220774084
357.133333,0.242375512,0.00220877494
357.166667,0.242449138,0.00220958366
357.2,0.242522791,0.00221039756
357.233333,0.242596471,0.00221132598
357.266667,0.242670182,0.0022124374
357.3,0.24274393,0.00221326912
357.333333,0.242817705,0.00221410252
357.366667,0.242891509,0.00221500532
357.4,0.242965342,0.00221617235
357.433333,0.243039215,0.0022170135
357.466667,0.243113115,0.00221785783
357.5,0.243187044,0.00221873157
357.533333,0.243261001,0.00221996842
357.566667,0.243335,0.00222083383
357.6,0.243409028,0.00222170359
357.633333,0.243483085,0.00222257763
357.666667,0.243557171,0.0022238575
357.7,0.243631299,0.00222475914
357.733333,0.243705458,0.00222564436
357.766667,0.243779646,0.00222653101
357.8,0.243853864,0.00222777969
357.833333,0.243928123,0.00222873755
357.866667,0.244002414,0.00222963628
357.9,0.244076736,0.00223053898
357.933333,0.244151087,0.00223177081
357.966667,0.244225479,0.00223280188
358,0.244299906,0.00223372466
358.033333,0.244374364,0.00223464205
358.066667,0.244448852,0.00223579121
358.1,0.244523378,0.00223658711
358.133333,0.244597931,0.00223697291
358.166667,0.244672497,0.00223710901
358.2,0.244747067,0.00223674435
358.233333,0.244821625,0.00223577899
358.266667,0.244896151,0.00223478835
358.3,0.244970644,0.0022337404
358.333333,0.245045102,0.00223251492
358.366667,0.245119519,0.00223157512
358.4,0.245193905,0.00223112122
358.433333,0.245268276,0.00223081438
358.466667,0.245342636,0.00223064263
358.5,0.245416991,0.00223042847
358.533333,0.245491339,0.00223005291
358.566667,0.245565674,0.00222950333
358.6,0.24563999,0.00222864941
358.633333,0.245714279,0.00222717848
358.666667,0.245788518,0.00222603601
358.7,0.245862719,0.00222495572
358.733333,0.245936884,0.00222392194
358.766667,0.246011015,0.00222297443
358.8,0.246085114,0.00222260641
358.833333,0.246159201,0.00222232339
358.866667,0.246233279,0.00222211686
358.9,0.246307349,0.00222168128
358.933333,0.246381405,0.00222110768
358.966667,0.246455442,0.00222036369
359,0.246529454,0.00221945465
359.033333,0.246603436,0.00221787194
359.066667,0.246677365,0.00221669372
359.1,0.246751255,0.00221568538
359.133333,0.246825111,0.00221478744
359.166667,0.246898937,0.00221390363
359.2,0.246972734,0.00221343689
359.233333,0.247046515,0.00221304024
359.266667,0.247120283,0.00221263412
359.3,0.247194038,0.00221191524
359.333333,0.247267768,0.00221094962
359.366667,0.247341467,0.00220991935
359.4,0.247415131,0.00220876748
359.433333,0.247488756,0.00220715497
359.466667,0.247562328,0.00220568068
359.5,0.247635851,0.00220460055
359.533333,0.247709338,0.00220363297
359.566667,0.247782792,0.00220266406
359.6,0.247856214,0.00220183824
359.633333,0.247929609,0.00220114975
359.666667,0.24800298,0.0022003899
359.7,0.248076327,0.00219933524
359.733333,0.248149638,0.00219779193
359.766667,0.248222898,0.00219642097
359.8,0.248296112,0.00219498356
359.833333,0.248369278,0.0021933198
359.866667,0.248442388,0.00219142422
359.9,0.248515436,0.00219019948
359.933333,0.248588443,0.00218907389
359.966667,0.248661412,0.0021879905
360,0.248734345,0.00218666304
360.033333,0.248807233,0.00218563706
360.066667,0.248880088,0.00218450779
360.1,0.248952905,0.0021832425
360.133333,0.24902568,0.00218108032
360.166667,0.249098382,0.00217944381
360.2,0.249171031,0.00217780057
360.233333,0.249243624,0.00217615779
360.266667,0.249316162,0.00217397291
360.3,0.249388628,0.00217260394
360.333333,0.249461048,0.0021713636
360.366667,0.249533427,0.00217019153
360.4,0.249605767,0.00216859729
360.433333,0.249678053,0.00216723402
360.466667,0.249750295,0.00216585943
360.5,0.24982249,0.00216438515
360.533333,0.249894636,0.00216220147
360.566667,0.249966709,0.00216025886
360.6,0.250038718,0.0021585845
360.633333,0.250110671,0.00215695886
360.666667,0.250182569,0.00215503232
360.7,0.250254404,0.00215347719
360.733333,0.250326186,0.00215224921
360.766667,0.250397928,0.00215105434
360.8,0.25046963,0.00214957239
360.833333,0.250541282,0.002147951
360.866667,0.250612881,0.00214651767
360.9,0.250684431,0.00214501167
360.933333,0.250755932,0.00214312203
360.966667,0.250827369,0.00214105426
361,0.250898738,0.0021395311
361.033333,0.250970055,0.00213808547
361.066667,0.251041325,0.00213657228
361.1,0.251112544,0.00213500989
361.133333,0.251183711,0.00213391331
361.166667,0.251254841,0.00213281695
361.2,0.251325935,0.00213160757
361.233333,0.251396989,0.00212990515
361.266667,0.251467986,0.00212856236
361.3,0.251538938,0.00212717807
361.333333,0.251609844,0.0021257047
361.366667,0.2516807,0.00212370238
361.4,0.251751491,0.00212243211
361.433333,0.251822238,0.00212124644
361.466667,0.251892946,0.00212014621
361.5,0.251963618,0.00211872716
361.533333,0.252034242,0.00211778265
361.566667,0.252104835,0.00211682338
361.6,0.252175396,0.00211583202
361.633333,0.252245924,0.00211428961
361.666667,0.2523164,0.00211301313
361.7,0.252386834,0.00211179569
361.733333,0.252457227,0.00211057105
361.766667,0.252527579,0.00210897704
361.8,0.252597878,0.00210780613
361.833333,0.252668139,0.00210684536
361.866667,0.252738367,0.00210594783
361.9,0.252808565,0.00210486812
361.933333,0.252878727,0.00210390381
361.966667,0.252948857,0.00210302381
362,0.253018958,0.00210209579
362.033333,0.253089028,0.00210082138
362.066667,0.253159055,0.00209948491
362.1,0.253229038,0.00209837929
362.133333,0.253298984,0.00209728853
362.166667,0.253368894,0.00209603171
362.2,0.253438762,0.00209484974
362.233333,0.25350859,0.00209399797
362.266667,0.25357839,0.00209317996
362.3,0.253648163,0.00209226734
362.333333,0.253717905,0.00209117594
362.366667,0.253787611,0.00209026863
362.4,0.253857286,0.00208930767
362.433333,0.25392693,0.00208817328
362.466667,0.253996536,0.0020866776
362.5,0.254066092,0.00208559063
362.533333,0.254135611,0.0020845326
362.566667,0.254205096,0.00208345892
362.6,0.254274544,0.00208214107
362.633333,0.254343949,0.00208127606
362.666667,0.254413325,0.00208041678
362.7,0.254482672,0.00207955737
362.733333,0.254551991,0.00207820642
362.766667,0.254621264,0.00207718986
362.8,0.254690504,0.00207612569
362.833333,0.254759708,0.00207501624
362.866667,0.254828875,0.00207337618
362.9,0.254897988,0.00207219506
362.933333,0.254967061,0.00207110699
362.966667,0.255036098,0.00207005566
363,0.2551051,0.0020687025
363.033333,0.255174057,0.00206766725
363.066667,0.255242979,0.00206671378
363.1,0.255311869,0.00206574343
363.133333,0.255380727,0.00206437932
363.166667,0.25544954,0.00206309572
363.2,0.25551831,0.00206193419
363.233333,0.255587041,0.00206074838
363.266667,0.255655733,0.00205922207
363.3,0.255724373,0.00205783485
363.333333,0.255792968,0.00205673099
363.366667,0.255861526,0.00205566344
363.4,0.255930048,0.00205441671
363.433333,0.255998528,0.00205317558
363.466667,0.256066967,0.00205216291
363.5,0.256135373,0.00205112552
363.533333,0.256203744,0.00204985656
363.566667,0.256272072,0.00204836332
363.6,0.256340351,0.00204718653
363.633333,0.256408591,0.00204600886
363.666667,0.256476791,0.0020446973
363.7,0.256544947,0.00204319817
363.733333,0.256613054,0.00204215589
363.766667,0.256681126,0.00204114667
363.8,0.256749164,0.00204010235
363.833333,0.256817168,0.00203876115
363.866667,0.256885126,0.00203778082
363.9,0.256953052,0.00203677621
363.933333,0.257020945,0.00203572238
363.966667,0.257088802,0.00203416321
364,0.257156608,0.00203308448
364.033333,0.257224377,0.00203202523
364.066667,0.257292111,0.00203098735
364.1,0.257359811,0.00202958677
364.133333,0.257427464,0.00202866697
364.166667,0.257495086,0.00202780132
364.2,0.257562679,0.00202695909
364.233333,0.257630245,0.00202579798
364.266667,0.257697771,0.00202487297
364.3,0.257765267,0.0020239944
364.333333,0.257832734,0.00202309888
364.366667,0.25790017,0.00202187162
364.4,0.257967566,0.00202085693
364.433333,0.258034928,0.00201999397
364.466667,0.258102261,0.00201916232
364.5,0.258169566,0.00201816373
364.533333,0.258236838,0.00201733018
364.566667,0.258304083,0.00201665093
364.6,0.258371304,0.00201598284
364.633333,0.258438504,0.00201515336
364.666667,0.258505676,0.00201430022
364.7,0.258572819,0.00201358665
364.733333,0.258639939,0.0020128644
364.766667,0.258707034,0.00201199758
364.8,0.258774101,0.0020110988
364.833333,0.258841137,0.00201044242
364.866667,0.258908152,0.002009818
364.9,0.258975146,0.00200915419
364.933333,0.259042118,0.00200844548
364.966667,0.259109066,0.00200793081
365,0.259175997,0.00200741443
365.033333,0.259242911,0.00200684337
365.066667,0.259309806,0.00200607889
365.1,0.259376675,0.00200550474
365.133333,0.259443525,0.00200492817
365.166667,0.259510356,0.00200432819
365.2,0.259577167,0.00200354166
365.233333,0.259643952,0.00200304018
365.266667,0.25971072,0.0020025646
365.3,0.259777472,0.00200211473
365.333333,0.259844209,0.00200150016
365.366667,0.259910926,0.00200107726
365.4,0.259977628,0.0020006463
365.433333,0.260044316,0.00200020251
365.466667,0.26011099,0.00199953265
365.5,0.260177641,0.00199900686
365.533333,0.260244274,0.00199851299
365.566667,0.260310892,0.00199802323
365.6,0.260377492,0.00199738869
365.633333,0.260444072,0.00199691489
365.666667,0.260510636,0.00199651048
365.7,0.260577186,0.0019961205
365.733333,0.260643723,0.00199562325
365.766667,0.260710244,0.00199516809
365.8,0.26077675,0.00199475602
365.833333,0.260843242,0.00199432795
365.866667,0.260909719,0.00199375705
365.9,0.260976178,0.00199318802
365.933333,0.261042617,0.0019927242
365.966667,0.261109042,0.00199226916
366,0.261175451,0.0019917419
366.033333,0.261241842,0.00199123259
366.066667,0.261308216,0.0019908477
366.1,0.261374578,0.00199046831
366.133333,0.261440927,0.00199003006
366.166667,0.261507261,0.00198950895
366.2,0.261573578,0.0019890883
366.233333,0.261639881,0.00198865419
366.266667,0.26170617,0.0019881557
366.3,0.261772442,0.00198753276
366.333333,0.261838693,0.00198708935
366.366667,0.261904929,0.00198665949
366.4,0.261971151,0.0019862223
366.433333,0.262037358,0.00198567958
366.466667,0.262103548,0.00198531281
366.5,0.262169725,0.00198494641
366.533333,0.26223589,0.0019845764
366.566667,0.262302042,0.00198401294
366.6,0.262368176,0.0019836077
366.633333,0.262434296,0.00198319598
366.666667,0.262500403,0.00198277864
366.7,0.262566495,0.00198218896
366.733333,0.262632568,0.00198178412
366.766667,0.262698628,0.00198141469
366.8,0.262764675,0.0019810623
366.833333,0.26283071,0.00198061284
366.866667,0.262896731,0.0019802746
366.9,0.26296274,0.0019799651
366.933333,0.263028739,0.00197965386
366.966667,0.263094727,0.00197922714
367,0.263160701,0.00197884793
367.033333,0.263226663,0.00197851712
367.066667,0.263292614,0.00197819002
367.1,0.263358553,0.00197778961
367.133333,0.26342448,0.00197745339
367.166667,0.263490395,0.00197719793
367.2,0.263556301,0.0019769597
367.233333,0.2636222,0.00197669405
367.266667,0.26368809,0.00197644388
367.3,0.263753971,0.00197624419
367.333333,0.263819846,0.00197604331
367.366667,0.263885714,0.00197580234
367.4,0.263951574,0.00197553547
367.433333,0.264017425,0.00197533854
367.466667,0.26408327,0.00197515232
367.5,0.264149108,0.00197496094
367.533333,0.26421494,0.00197477918
367.566667,0.264280766,0.00197467459
367.6,0.264346589,0.00197458465
367.633333,0.264412408,0.00197450443
367.666667,0.264478225,0.00197441729
367.7,0.264544039,0.00197435595
367.733333,0.264609851,0.00197429375
367.766667,0.264675661,0.00197422873
367.8,0.264741468,0.00197414246
367.833333,0.264807273,0.00197409805
367.866667,0.264873076,0.00197406751
367.9,0.264938879,0.00197405128
367.933333,0.26500468,0.00197407342
367.966667,0.265070483,0.00197411857
368,0.265136287,0.00197417273
368.033333,0.265202093,0.00197423559
368.066667,0.2652679,0.00197433142
368.1,0.265333711,0.0019744028
368.133333,0.265399525,0.00197446773
368.166667,0.26546534,0.00197453231
368.2,0.265531158,0.00197462501
368.233333,0.265596979,0.00197471969
368.266667,0.265662803,0.00197481928
368.3,0.26572863,0.00197493168
368.333333,0.265794461,0.00197510495
368.366667,0.265860298,0.00197528522
368.4,0.265926141,0.00197544485
368.433333,0.265991989,0.00197560695
368.466667,0.266057843,0.00197580804
368.5,0.266123703,0.00197599811
368.533333,0.26618957,0.00197614983
368.566667,0.266255441,0.00197630153
368.6,0.266321318,0.00197648624
368.633333,0.266387201,0.00197669993
368.666667,0.266453091,0.00197688209
368.7,0.266518987,0.00197707376
368.733333,0.266584889,0.00197730714
368.766667,0.2666508,0.00197759206
368.8,0.266716719,0.00197780744
368.833333,0.266782646,0.00197802044
368.866667,0.26684858,0.0019782492
368.9,0.266914522,0.00197852491
368.933333,0.266980473,0.00197872046
368.966667,0.26704643,0.00197891696
369,0.267112394,0.00197912419
369.033333,0.267178365,0.00197942359
369.066667,0.267244346,0.00197964683
369.1,0.267310334,0.00197987648
369.133333,0.26737633,0.00198011238
369.166667,0.267442334,0.00198046588
369.2,0.267508349,0.00198070463
369.233333,0.267574373,0.00198093746
369.266667,0.267640404,0.00198116586
369.3,0.267706443,0.00198147891
369.333333,0.267772492,0.00198170947
369.366667,0.267838549,0.00198193074
369.4,0.267904613,0.00198215545
369.433333,0.267970685,0.00198247671
369.466667,0.268036768,0.00198275136
369.5,0.268102859,0.00198300539
369.533333,0.26816896,0.00198326335
369.566667,0.268235068,0.00198360605
369.6,0.268301189,0.00198390329
369.633333,0.268367319,0.0019841557
369.666667,0.268433457,0.00198440531
369.7,0.268499604,0.0019847174
369.733333,0.268565761,0.0019850182
369.766667,0.268631929,0.00198527396
369.8,0.268698104,0.00198553583
369.833333,0.268764289,0.0019858666
369.866667,0.268830484,0.00198622684
369.9,0.268896692,0.00198652045
369.933333,0.268962909,0.00198681725
369.966667,0.269029137,0.00198716577
370,0.269095375,0.00198755648
370.033333,0.269161627,0.00198785325
370.066667,0.269227889,0.0019881504
370.1,0.269294161,0.0019884827
370.133333,0.269360444,0.00198889953
370.166667,0.26942674,0.0019892181
370.2,0.269493047,0.00198954503
370.233333,0.269559366,0.00198990296
370.266667,0.269625696,0.00199039933
370.3,0.269692042,0.00199076072
370.333333,0.269758401,0.00199112512
370.366667,0.269824772,0.00199149684
370.4,0.269891155,0.00199203644
370.433333,0.269957556,0.00199240802
370.466667,0.27002397,0.00199278303
370.5,0.270090396,0.00199316174
370.533333,0.270156835,0.00199372251
370.566667,0.270223292,0.00199414473
370.6,0.270289764,0.00199456117
370.633333,0.270356249,0.00199498644
370.666667,0.270422749,0.00199559418
370.7,0.270489268,0.00199608228
370.733333,0.270555805,0.00199653376
370.766667,0.270622356,0.00199698772
370.8,0.270688922,0.00199759758
370.833333,0.270755508,0.00199812349
370.866667,0.270822113,0.00199859085
370.9,0.270888732,0.00199906366
370.933333,0.270955368,0.00199968473
370.966667,0.271022024,0.00200027904
371,0.2710887,0.00200078924
371.033333,0.271155393,0.00200130657
371.066667,0.271222103,0.00200195576
371.1,0.271288835,0.00200261734
371.133333,0.271355589,0.00200315304
371.166667,0.271422361,0.00200369022
371.2,0.27148915,0.00200432774
371.233333,0.271555961,0.00200502941
371.266667,0.271622796,0.00200557929
371.3,0.271689648,0.00200613458
371.333333,0.271756519,0.0020067719
371.366667,0.271823412,0.00200754425
371.4,0.27189033,0.00200812909
371.433333,0.271957267,0.00200871812
371.466667,0.272024225,0.00200935987
371.5,0.272091203,0.00201019019
371.533333,0.27215821,0.00201078644
371.566667,0.272225236,0.00201138278
371.6,0.272292282,0.00201199772
371.633333,0.272359349,0.00201286247
371.666667,0.272426444,0.00201346716
371.7,0.27249356,0.00201407611
371.733333,0.272560696,0.00201468938
371.766667,0.272627852,0.00201559358
371.8,0.272695038,0.00201623337
371.833333,0.272762246,0.00201686206
371.866667,0.272829475,0.00201749172
371.9,0.272896725,0.00201837454
371.933333,0.272964004,0.00201904464
371.966667,0.273031305,0.00201966968
372,0.273098627,0.00202029415
372.033333,0.273165971,0.00202114056
372.066667,0.273233342,0.00202184587
372.1,0.273300737,0.00202247855
372.133333,0.273368153,0.00202311399
372.166667,0.27343559,0.0020239472
372.2,0.273503055,0.00202469931
372.233333,0.273570545,0.00202534062
372.266667,0.273638056,0.00202598098
372.3,0.273705589,0.00202677979
372.333333,0.273773148,0.00202755518
372.366667,0.273840733,0.00202818802
372.4,0.27390834,0.0020288206
372.433333,0.273975967,0.00202958139
372.466667,0.27404362,0.00203039171
372.5,0.274111299,0.00203103164
372.533333,0.274179,0.00203167351
372.566667,0.274246723,0.00203241481
372.6,0.27431447,0.00203326875
372.633333,0.274382246,0.00203391249
372.666667,0.274450043,0.0020345549
372.7,0.274517861,0.00203525966
372.733333,0.274585703,0.00203613678
372.766667,0.274653574,0.00203677462
372.8,0.274721467,0.00203741343
372.833333,0.274789381,0.00203808528
372.866667,0.274857317,0.00203900383
372.9,0.274925284,0.00203965289
372.933333,0.274993272,0.00204030386
372.966667,0.275061282,0.00204095669
373,0.275129314,0.00204192064
373.033333,0.275197378,0.00204257515
373.066667,0.275265464,0.00204322834
373.1,0.275333572,0.00204388104
373.133333,0.275401701,0.00204480977
373.166667,0.275469861,0.00204549879
373.2,0.275538045,0.00204615651
373.233333,0.27560625,0.00204681682
373.266667,0.275674477,0.00204773023
373.3,0.275742735,0.00204847068
373.333333,0.275811017,0.00204914502
373.366667,0.275879322,0.00204982138
373.4,0.275947649,0.00205071789
373.433333,0.276016007,0.00205150162
373.466667,0.27608439,0.00205218197
373.5,0.276152796,0.00205286318
373.533333,0.276221225,0.00205373132
373.566667,0.276289683,0.00205455929
373.6,0.276358168,0.00205525163
373.633333,0.276426676,0.00205594746
373.666667,0.276495208,0.00205680278
373.7,0.276563768,0.00205769026
373.733333,0.276632358,0.00205840127
373.766667,0.276700971,0.0020591142
373.8,0.276769608,0.00205995023
373.833333,0.276838273,0.00206088604
373.866667,0.276906969,0.00206160486
373.9,0.276975689,0.00206232536
373.933333,0.277044434,0.00206313396
373.966667,0.277113205,0.00206412133
374,0.277182009,0.00206485518
374.033333,0.277250837,0.00206559242
374.066667,0.27731969,0.00206638389
374.1,0.27738857,0.00206743388
374.133333,0.277457484,0.00206818366
374.166667,0.277526424,0.00206893463
374.2,0.277595388,0.00206969974
374.233333,0.277664378,0.00207079792
374.266667,0.277733405,0.00207155336
374.3,0.277802457,0.00207231044
374.333333,0.277871534,0.00207306923
374.366667,0.277940636,0.00207416898
374.4,0.278009775,0.00207496266
374.433333,0.27807894,0.00207573319
374.466667,0.278148131,0.00207650596
374.5,0.278217348,0.00207758447
374.533333,0.278286601,0.00207842681
374.566667,0.278355882,0.00207920394
374.6,0.278425189,0.00207998113
374.633333,0.278494522,0.00208102235
374.666667,0.278563889,0.00208190477
374.7,0.278633286,0.00208268346
374.733333,0.278702709,0.00208346316
374.766667,0.278772157,0.002084471
374.8,0.27884164,0.00208540087
374.833333,0.278911153,0.00208618657
374.866667,0.278980693,0.00208697292
374.9,0.279050258,0.00208794723
374.933333,0.279119857,0.00208891847
374.966667,0.279189487,0.00208970199
375,0.279259144,0.00209047675
375.033333,0.279328827,0.00209137317
375.066667,0.279398539,0.00209218542
375.1,0.279468278,0.00209260547
375.133333,0.279538032,0.00209285928
375.166667,0.279607794,0.00209288586
375.2,0.279677557,0.0020924842
375.233333,0.279747306,0.00209202357
375.266667,0.27981704,0.00209154004
375.3,0.279886758,0.00209101915
375.333333,0.279956459,0.00209058392
375.366667,0.280026145,0.00209047186
375.4,0.280095828,0.00209044526
375.433333,0.280165509,0.00209050564
375.466667,0.280235193,0.0020905891
375.5,0.280304879,0.00209049865
375.533333,0.280374562,0.00209028932
375.566667,0.280444239,0.00208995889
375.6,0.280513904,0.00208919539
375.633333,0.280583544,0.00208859724
375.666667,0.280653164,0.00208805619
375.7,0.280722765,0.00208756895
375.733333,0.280792351,0.00208713729
375.766667,0.280861922,0.00208701935
375.8,0.28093149,0.00208696612
375.833333,0.281001055,0.00208694682
375.866667,0.28107062,0.0020868602
375.9,0.281140182,0.00208659611
375.933333,0.281209735,0.00208621874
375.966667,0.281279276,0.00208572892
376,0.2813488,0.00208486781
376.033333,0.281418296,0.00208392195
376.066667,0.28148776,0.00208305312
376.1,0.281557195,0.00208215373
376.133333,0.2816266,0.00208100224
376.166667,0.281695967,0.00207990519
376.2,0.281765297,0.00207901541
376.233333,0.281834598,0.00207812537
376.266667,0.281903868,0.00207703819
376.3,0.281973103,0.00207582395
376.333333,0.282042297,0.0020747999
376.366667,0.282111457,0.00207373182
376.4,0.282180581,0.00207243167
376.433333,0.282249663,0.00207087554
376.466667,0.282318692,0.00206968621
376.5,0.282387681,0.0020685043
376.533333,0.282456631,0.00206721571
376.566667,0.282525539,0.00206566846
376.6,0.282594394,0.00206455573
376.633333,0.282663213,0.00206343715
376.666667,0.282731994,0.0020622465
376.7,0.282800736,0.00206056195
376.733333,0.282869421,0.00205930396
376.766667,0.282938064,0.00205800975
376.8,0.283006665,0.00205667476
376.833333,0.283075221,0.00205466297
376.866667,0.283143709,0.00205329579
376.9,0.283212152,0.00205194214
376.933333,0.283280551,0.00205060218
376.966667,0.283348904,0.00204872624
377,0.283417195,0.0020473545
377.033333,0.28348544,0.00204602682
377.066667,0.283553641,0.00204468009
377.1,0.283621797,0.00204275148
377.133333,0.283689889,0.0020411386
377.166667,0.283757927,0.00203963663
377.2,0.283825914,0.00203811176
377.233333,0.283893852,0.00203606622
377.266667,0.28396172,0.00203430784
377.3,0.284029531,0.00203279574
377.333333,0.28409729,0.00203129715
377.366667,0.284165,0.00202940807
377.4,0.284232647,0.00202762838
377.433333,0.284300235,0.00202612027
377.466667,0.284367772,0.00202458981
377.5,0.284435259,0.00202266672
377.533333,0.284502681,0.00202063906
377.566667,0.284570035,0.00201899248
377.6,0.284637335,0.00201733865
377.633333,0.28470458,0.00201539632
377.666667,0.28477176,0.00201327704
377.7,0.284838869,0.00201167499
377.733333,0.284905925,0.00201008631
377.766667,0.284972928,0.00200831729
377.8,0.285039872,0.00200618517
377.833333,0.285106744,0.0020045829
377.866667,0.285173564,0.00200296139
377.9,0.285240329,0.00200119672
377.933333,0.285307036,0.00199884594
377.966667,0.285373664,0.00199716087
378,0.285440236,0.00199548337
378.033333,0.285506752,0.00199377905
378.066667,0.285573211,0.00199140954
378.1,0.285639592,0.00198981495
378.133333,0.285705919,0.00198823221
378.166667,0.285772193,0.00198666032
378.2,0.285838415,0.00198438513
378.233333,0.285904562,0.00198274543
378.266667,0.285970653,0.00198113729
378.3,0.286036691,0.00197951672
378.333333,0.286102675,0.00197723794
378.366667,0.286168583,0.00197548471
378.4,0.286234432,0.00197387891
378.433333,0.286300228,0.00197229065
378.466667,0.286365971,0.00197020365
378.5,0.286431645,0.00196849098
378.533333,0.286497261,0.00196698756
378.566667,0.286562827,0.0019654901
378.6,0.286628344,0.00196354971
378.633333,0.286693795,0.00196175983
378.666667,0.286759187,0.00196023257
378.7,0.286824528,0.00195870012
378.733333,0.286889818,0.0019567929
378.766667,0.286955045,0.00195492628
378.8,0.287020209,0.00195343647
378.833333,0.287085324,0.00195196592
378.866667,0.287150389,0.00195024524
378.9,0.287215397,0.00194843256
378.933333,0.287280345,0.00194702711
378.966667,0.287345246,0.00194562114
379,0.2874101,0.00194400985
379.033333,0.2874749,0.00194210734
379.066667,0.287539637,0.00194066945
379.1,0.287604326,0.00193923082
379.133333,0.287668967,0.00193766271
379.166667,0.287733556,0.00193570199
379.2,0.287798079,0.0019343125
379.233333,0.287862556,0.0019329386
379.266667,0.287926988,0.0019315264
379.3,0.287991372,0.00192960451
379.333333,0.288055692,0.00192826399
379.366667,0.288119968,0.0019269164
379.4,0.288184198,0.00192556112
379.433333,0.288248383,0.00192354927
379.466667,0.288312502,0.00192215016
379.5,0.288376573,0.00192076685
379.533333,0.288440599,0.0019193861
379.566667,0.288504579,0.00191745684
379.6,0.288568494,0.00191603406
379.633333,0.288632362,0.00191470382
379.666667,0.288696185,0.00191338192
379.7,0.288759964,0.00191158657
379.733333,0.288823684,0.00191011173
379.766667,0.288887354,0.00190877248
379.8,0.28895098,0.00190742303
379.833333,0.289014561,0.00190563079
379.866667,0.289078082,0.00190403244
379.9,0.28914155,0.00190266001
379.933333,0.289204972,0.00190129207
379.966667,0.289268348,0.00189958096
380,0.289331667,0.00189795738
380.033333,0.289394933,0.00189662669
380.066667,0.289458154,0.00189529828
380.1,0.28952133,0.00189368775
380.133333,0.289584453,0.00189198976
380.166667,0.289647519,0.0018906308
380.2,0.28971054,0.00188926292
380.233333,0.289773516,0.00188766338
380.266667,0.289836438,0.00188584577
380.3,0.2898993,0.00188446948
380.333333,0.289962115,0.00188310028
380.366667,0.290024885,0.00188159211
380.4,0.290087605,0.0018797584
380.433333,0.290150264,0.00187842194
380.466667,0.290212878,0.00187708495
380.5,0.290275447,0.00187566699
380.533333,0.290337969,0.00187375464
380.566667,0.290400428,0.00187239118
380.6,0.290462841,0.00187102366
380.633333,0.290525208,0.00186964099
380.666667,0.29058753,0.00186763637
380.7,0.290649784,0.00186628393
380.733333,0.290711994,0.00186494188
380.766667,0.290774158,0.00186361016
380.8,0.290836279,0.00186172662
380.833333,0.290898336,0.00186036545
380.866667,0.290960349,0.00185905951
380.9,0.291022317,0.00185775299
380.933333,0.291084242,0.00185594085
380.966667,0.291146107,0.00185450257
381,0.291207924,0.00185318891
381.033333,0.291269697,0.00185187858
381.066667,0.291331426,0.0018501505
381.1,0.291393098,0.0018486907
381.133333,0.291454721,0.00184743065
381.166667,0.291516302,0.00184618257
381.2,0.291577841,0.00184460546
381.233333,0.291639328,0.00184314833
381.266667,0.291700766,0.00184193151
381.3,0.291762164,0.00184071625
381.333333,0.291823521,0.0018392233
381.366667,0.291884829,0.00183771719
381.4,0.291946086,0.00183651724
381.433333,0.292007303,0.00183532647
381.466667,0.292068481,0.00183394041
381.5,0.292129612,0.00183245152
381.533333,0.292190694,0.00183132418
381.566667,0.292251738,0.00183020876
381.6,0.292312745,0.00182896571
381.633333,0.29237371,0.00182749956
381.666667,0.292434627,0.00182641679
381.7,0.292495508,0.00182533727
381.733333,0.292556352,0.00182417792
381.766667,0.292617158,0.00182268872
381.8,0.292677914,0.00182163893
381.833333,0.292738636,0.0018206013
381.866667,0.292799322,0.00181954954
381.9,0.292859974,0.00181810543
381.933333,0.292920577,0.00181713175
381.966667,0.292981149,0.0018161677
382,0.293041687,0.00181521291
382.033333,0.293102195,0.0018138431
382.066667,0.293162656,0.00181288298
382.1,0.293223085,0.00181194899
382.133333,0.293283484,0.00181101894
382.166667,0.293343851,0.00180973159
382.2,0.293404175,0.00180876261
382.233333,0.293464468,0.00180787432
382.266667,0.29352473,0.00180699785
382.3,0.293584963,0.00180584219
382.333333,0.293645158,0.00180489985
382.366667,0.293705321,0.0018040705
382.4,0.293765457,0.00180324664
382.433333,0.293825565,0.00180218357
382.466667,0.293885638,0.00180122534
382.5,0.293945679,0.00180041416
382.533333,0.294005693,0.00179960683
382.566667,0.29406568,0.00179860892
382.6,0.294125633,0.00179764684
382.633333,0.294185555,0.00179687618
382.666667,0.294245451,0.00179611478
382.7,0.294305321,0.00179521794
382.733333,0.294365162,0.0017942772
382.766667,0.294424971,0.00179354601
382.8,0.294484756,0.00179281679
382.833333,0.294544516,0.00179198224
382.866667,0.294604249,0.00179101703
382.9,0.29466395,0.00179029332
382.933333,0.294723626,0.00178957333
382.966667,0.294783279,0.00178878994
383,0.294842905,0.00178782197
383.033333,0.294902499,0.00178713278
383.066667,0.29496207,0.00178645025
383.1,0.295021618,0.00178574416
383.133333,0.295081143,0.00178478974
383.166667,0.295140636,0.0017841248
383.2,0.295200107,0.00178346004
383.233333,0.295259556,0.00178279531
383.266667,0.295318982,0.0017818195
383.3,0.295378376,0.0017811558
383.333333,0.295437748,0.00178050025
383.366667,0.295497098,0.00177984943
383.4,0.295556426,0.00177894234
383.433333,0.295615724,0.00177828042
383.466667,0.295675,0.00177765963
383.5,0.295734256,0.0017770438
383.533333,0.295793491,0.00177620904
383.566667,0.295852698,0.00177553651
383.6,0.295911882,0.00177492973
383.633333,0.295971046,0.00177432395
383.666667,0.296030191,0.00177352945
383.7,0.296089308,0.0017728394
383.733333,0.296148403,0.00177225088
383.766667,0.296207478,0.00177166877
383.8,0.296266534,0.00177094531
383.833333,0.296325565,0.00177027155
383.866667,0.296384574,0.00176972193
383.9,0.296443565,0.00176917718
383.933333,0.296502537,0.00176852164
383.966667,0.296561488,0.00176784932
384,0.296620416,0.00176731922
384.033333,0.296679327,0.00176679256
384.066667,0.29673822,0.00176618501
384.1,0.296797093,0.00176551714
384.133333,0.296855944,0.00176501959
384.166667,0.296914778,0.00176453043
384.2,0.296973595,0.00176399703
384.233333,0.297032395,0.00176336713
384.266667,0.297091174,0.0017629154
384.3,0.297149938,0.00176246923
384.333333,0.297208687,0.00176200083
384.366667,0.29726742,0.00176139147
384.4,0.297326133,0.00176096815
384.433333,0.297384832,0.00176055092
384.466667,0.297443517,0.00176013471
384.5,0.297502188,0.00175955661
384.533333,0.29756084,0.00175917865
384.566667,0.29761948,0.00175881029
384.6,0.297678107,0.00175845148
384.633333,0.297736722,0.00175795891
384.666667,0.29779532,0.00175761767
384.7,0.297853907,0.00175729524
384.733333,0.297912484,0.00175697874
384.766667,0.29797105,0.0017565533
384.8,0.298029602,0.00175623206
384.833333,0.298088143,0.00175594563
384.866667,0.298146674,0.00175566705
384.9,0.298205197,0.00175531441
384.933333,0.298263707,0.00175503459
384.966667,0.298322208,0.00175480078
385,0.298380702,0.00175457593
385.033333,0.298439187,0.00175430336
385.066667,0.298497664,0.00175406639
385.1,0.298556133,0.001753875
385.133333,0.298614596,0.00175368922
385.166667,0.298673052,0.00175346976
385.2,0.298731501,0.00175326383
385.233333,0.298789943,0.00175310851
385.266667,0.29884838,0.00175296107
385.3,0.298906812,0.00175279983
385.333333,0.298965239,0.00175264503
385.366667,0.29902366,0.00175253745
385.4,0.299082078,0.00175243696
385.433333,0.299140493,0.00175233257
385.466667,0.299198904,0.00175222251
385.5,0.299257311,0.00175214792
385.533333,0.299315716,0.00175207785
385.566667,0.299374119,0.00175200766
385.6,0.299432519,0.00175193126
385.633333,0.299490917,0.00175188722
385.666667,0.299549313,0.00175184991
385.7,0.299607708,0.00175181888
385.733333,0.299666102,0.00175179395
385.766667,0.299724495,0.0017517875
385.8,0.299782888,0.00175178577
385.833333,0.299841281,0.00175178863
385.866667,0.299899674,0.0017518024
385.9,0.299958067,0.00175181796
385.933333,0.300016461,0.00175183664
385.966667,0.300074856,0.00175185872
386,0.300133251,0.00175189987
386.033333,0.300191648,0.00175194116
386.066667,0.300250046,0.00175198573
386.1,0.300308445,0.00175203551
386.133333,0.300366846,0.00175211418
386.166667,0.30042525,0.001752188
386.2,0.300483656,0.00175225762
386.233333,0.300542065,0.00175233001
386.266667,0.300600476,0.00175242905
386.3,0.30065889,0.00175252276
386.333333,0.300717308,0.00175260625
386.366667,0.300775728,0.00175269269
386.4,0.300834151,0.00175280736
386.433333,0.300892578,0.00175292886
386.466667,0.300951009,0.00175303451
386.5,0.301009443,0.00175314433
386.533333,0.301067881,0.00175328299
386.566667,0.301126324,0.00175343753
386.6,0.301184772,0.0017535626
386.633333,0.301243224,0.00175368982
386.666667,0.301301681,0.00175383923
386.7,0.301360142,0.00175401635
386.733333,0.301418609,0.00175415475
386.766667,0.301477081,0.00175429655
386.8,0.301535557,0.00175445742
386.833333,0.301594039,0.00175466932
386.866667,0.301652528,0.00175483097
386.9,0.301711023,0.00175499664
386.933333,0.301769523,0.0017551751
386.966667,0.301828028,0.00175542606
387,0.301886543,0.0017556071
387.033333,0.301945063,0.00175579073
387.066667,0.302003589,0.00175597692
387.1,0.302062122,0.00175625967
387.133333,0.302120664,0.00175645865
387.166667,0.302179212,0.00175666195
387.2,0.302237768,0.00175686974
387.233333,0.30229633,0.00175717804
387.266667,0.302354903,0.00175741545
387.3,0.302413483,0.00175764608
387.333333,0.302472071,0.00175788099
387.366667,0.302530667,0.00175821237
387.4,0.302589275,0.00175848563
387.433333,0.302647891,0.00175873776
387.466667,0.302706515,0.00175899353
387.5,0.302765148,0.00175934008
387.533333,0.302823793,0.00175965248
387.566667,0.302882448,0.00175993025
387.6,0.302941113,0.00176021334
387.633333,0.302999786,0.00176058375
387.666667,0.303058472,0.0017609464
387.7,0.303117171,0.00176125432
387.733333,0.303175879,0.00176156673
387.766667,0.303234598,0.00176195535
387.8,0.30329333,0.00176236409
387.833333,0.303352075,0.00176269607
387.866667,0.303410832,0.0017630324
387.9,0.3034696,0.0017634329
387.933333,0.303528381,0.00176389221
387.966667,0.303587177,0.00176425283
388,0.303645986,0.0017646189
388.033333,0.303704806,0.00176503607
388.066667,0.303763641,0.00176555435
388.1,0.303822493,0.00176594427
388.133333,0.303881357,0.0017663383
388.166667,0.303940235,0.00176676418
388.2,0.303999127,0.00176733485
388.233333,0.304058039,0.00176774773
388.266667,0.304116964,0.00176816491
388.3,0.304175902,0.00176859411
388.333333,0.304234855,0.00176922154
388.366667,0.30429383,0.00176966131
388.4,0.304352818,0.00177010575
388.433333,0.304411822,0.00177055481
388.466667,0.30447084,0.00177121334
388.5,0.304529881,0.00177169216
388.533333,0.304588937,0.00177215912
388.566667,0.304648009,0.00177262923
388.6,0.304707097,0.00177329059
388.633333,0.304766206,0.00177381235
388.666667,0.304825334,0.00177429795
388.7,0.304884477,0.00177478713
388.733333,0.304943636,0.00177545111
388.766667,0.305002818,0.00177602099
388.8,0.305062019,0.00177652768
388.833333,0.305121236,0.00177703759
388.866667,0.305180471,0.00177770098
388.9,0.305239728,0.00177831579
388.933333,0.305299005,0.00177883742
388.966667,0.305358299,0.00177936108
389,0.305417611,0.00178001356
389.033333,0.305476945,0.00178066942
389.066667,0.305536301,0.00178120382
389.1,0.305595674,0.00178174077
389.133333,0.305655066,0.00178238309
389.166667,0.305714478,0.00178308447
389.2,0.305773915,0.00178363306
389.233333,0.305833369,0.00178418351
389.266667,0.305892842,0.00178481216
389.3,0.305952336,0.00178555425
389.333333,0.306011854,0.00178611115
389.366667,0.306071391,0.00178666924
389.4,0.306130947,0.00178727743
389.433333,0.306190523,0.00178805773
389.466667,0.306250125,0.00178862303
389.5,0.306309745,0.00178919014
389.533333,0.306369385,0.00178977986
389.566667,0.306429044,0.00179060296
389.6,0.306488731,0.00179117771
389.633333,0.306548437,0.0017917535
389.666667,0.306608162,0.00179233029
389.7,0.306667906,0.00179317468
389.733333,0.306727679,0.00179376269
389.766667,0.306787471,0.00179434336
389.8,0.306847282,0.00179492502
389.833333,0.306907113,0.00179574807
389.866667,0.306966972,0.001796373
389.9,0.307026851,0.00179696152
389.933333,0.307086749,0.00179755157
389.966667,0.307146668,0.00179835668
390,0.307206613,0.00179902021
390.033333,0.30726658,0.00179961604
390.066667,0.307326568,0.00180021277
390.1,0.307386575,0.00180099516
390.133333,0.307446608,0.00180169483
390.166667,0.307506664,0.00180229627
390.2,0.307566741,0.00180289903
390.233333,0.307626837,0.00180365986
390.266667,0.307686959,0.00180440021
390.3,0.307747106,0.00180501095
390.333333,0.307807273,0.00180562337
390.366667,0.307867461,0.00180636514
390.4,0.307927673,0.00180714772
390.433333,0.307987911,0.00180776684
390.466667,0.30804817,0.00180838717
390.5,0.30810845,0.0018091062
390.533333,0.308168753,0.00180992966
390.566667,0.308229084,0.00181055686
390.6,0.308289436,0.00181118589
390.633333,0.308349809,0.00181188379
390.666667,0.308410205,0.00181275348
390.7,0.30847063,0.00181339206
390.733333,0.308531076,0.00181403248
390.766667,0.308591544,0.00181471012
390.8,0.308652035,0.00181562665
390.833333,0.308712555,0.00181627486
390.866667,0.308773098,0.00181692458
390.9,0.308833662,0.00181757852
390.933333,0.308894248,0.00181854097
390.966667,0.308954866,0.00181919908
391,0.309015506,0.00181985925
391.033333,0.309076168,0.00182052149
391.066667,0.309136852,0.00182147265
391.1,0.309197568,0.00182217364
391.133333,0.309258307,0.00182284534
391.166667,0.309319068,0.00182351875
391.2,0.309379852,0.00182444996
391.233333,0.309440667,0.00182519481
391.266667,0.309501507,0.00182587538
391.3,0.30956237,0.00182655746
391.333333,0.309623255,0.00182746583
391.366667,0.309684171,0.00182825562
391.4,0.309745112,0.00182894592
391.433333,0.309806077,0.00182963799
391.466667,0.309867065,0.00183052444
391.5,0.309928083,0.00183136062
391.533333,0.309989128,0.00183206
391.566667,0.310050197,0.00183276058
391.6,0.310111289,0.00183362091
391.633333,0.310172409,0.00183450046
391.666667,0.310233559,0.00183520599
391.7,0.310294733,0.00183591259
391.733333,0.31035593,0.00183674432
391.766667,0.310417155,0.00183766775
391.8,0.31047841,0.00183837988
391.833333,0.31053969,0.00183909306
391.866667,0.310600993,0.00183989606
391.9,0.310662323,0.00184086309
391.933333,0.310723685,0.00184157995
391.966667,0.310785071,0.00184229724
392,0.310846481,0.00184306756
392.033333,0.310907916,0.00184407426
392.066667,0.310969385,0.00184479326
392.1,0.311030879,0.00184551268
392.133333,0.311092396,0.00184624881
392.166667,0.311153937,0.00184729539
392.2,0.311215514,0.00184801688
392.233333,0.311277114,0.00184873861
392.266667,0.311338739,0.00184946056
392.3,0.311400388,0.00185050499
392.333333,0.311462071,0.00185124699
392.366667,0.311523779,0.00185196843
392.4,0.311585512,0.00185268961
392.433333,0.311647268,0.00185369563
392.466667,0.311709058,0.00185447272
392.5,0.311770874,0.00185519291
392.533333,0.311832713,0.00185591297
392.566667,0.311894577,0.00185688133
392.6,0.311956473,0.00185769403
392.633333,0.312018396,0.00185841316
392.666667,0.312080343,0.00185913193
392.7,0.312142315,0.00186006142
392.733333,0.312204317,0.0018609075
392.766667,0.312266347,0.0018616236
392.8,0.312328401,0.00186233911
392.833333,0.312390479,0.00186322805
392.866667,0.312452586,0.00186410664
392.9,0.312514723,0.00186481991
392.933333,0.312576884,0.00186553281
392.966667,0.312639068,0.00186638281
393,0.312701281,0.00186729479
393.033333,0.312763524,0.00186800565
393.066667,0.312825791,0.00186871593
393.1,0.312888082,0.00186952651
393.133333,0.312950399,0.00187047012
393.166667,0.313012748,0.00187117742
393.2,0.313075121,0.00187188418
393.233333,0.313137517,0.00187265513
393.266667,0.313199939,0.00187363065
393.3,0.313262393,0.00187433551
393.333333,0.313324871,0.00187504008
393.366667,0.313387372,0.00187577325
393.4,0.313449898,0.00187678195
393.433333,0.313512458,0.00187748483
393.466667,0.31357504,0.00187818726
393.5,0.313637647,0.00187888923
393.533333,0.313700276,0.00187991642
393.566667,0.31376294,0.00188062358
393.6,0.313825628,0.00188132372
393.633333,0.313888338,0.00188202361
393.666667,0.313951073,0.00188301307
393.7,0.31401384,0.00188375464
393.733333,0.314076631,0.00188445381
393.766667,0.314139447,0.0018851512
393.8,0.314202285,0.00188608447
393.833333,0.314265154,0.00188674464
393.866667,0.314328046,0.00188719798
393.9,0.314390953,0.00188751838
393.933333,0.31445387,0.00188758211
393.966667,0.314516789,0.00188725819
394,0.314579698,0.00188683175
394.033333,0.314642592,0.00188633108
394.066667,0.31470547,0.00188566642
394.1,0.314768325,0.00188519263
394.133333,0.314831165,0.00188496022
394.166667,0.314893997,0.00188482944
394.2,0.314956825,0.00188482489
394.233333,0.315019652,0.00188486683
394.266667,0.315082481,0.00188480634
394.3,0.315145308,0.00188465315
394.333333,0.31520813,0.00188430381
394.366667,0.31527094,0.00188363944
394.4,0.315333728,0.00188305407
394.433333,0.315396497,0.00188247427
394.466667,0.315459246,0.00188187092
394.5,0.315521975,0.00188136807
394.533333,0.315584687,0.00188117789
394.566667,0.315647393,0.00188106109
394.6,0.315710095,0.00188101387
394.633333,0.315772795,0.00188092934
394.666667,0.315835493,0.00188073292
394.7,0.315898184,0.00188043327
394.733333,0.315960865,0.00188002154
394.766667,0.316023533,0.00187918561
394.8,0.316086172,0.00187856932
394.833333,0.316148791,0.00187799599
394.866667,0.316211391,0.00187747008
394.9,0.316273973,0.00187694054
394.933333,0.316336538,0.00187671453
394.966667,0.316399095,0.00187653143
395,0.316461646,0.00187636788
395.033333,0.316524192,0.00187605685
395.066667,0.316586727,0.00187562993
395.1,0.316649248,0.00187512374
395.133333,0.316711752,0.00187452852
395.166667,0.316774236,0.00187359557
395.2,0.31683669,0.00187278425
395.233333,0.316899116,0.00187213945
395.266667,0.31696152,0.0018715544
395.3,0.317023906,0.00187095201
395.333333,0.317086271,0.00187051676
395.366667,0.317148621,0.00187015783
395.4,0.31721096,0.00186977637
395.433333,0.317273286,0.00186921315
395.466667,0.317335593,0.00186843587
395.5,0.317397874,0.0018676871
395.533333,0.31746013,0.00186686692
395.566667,0.317522359,0.00186580305
395.6,0.317584553,0.00186452593
395.633333,0.317646703,0.00186347813
395.666667,0.317708819,0.00186238912
395.7,0.317770899,0.00186110086
395.733333,0.317832936,0.00185945116
395.766667,0.317894917,0.00185815812
395.8,0.317956856,0.00185683288
395.833333,0.31801875,0.00185536773
395.866667,0.318080596,0.00185343226
395.9,0.318142377,0.0018520464
395.933333,0.318204112,0.00185066663
395.966667,0.318265801,0.00184925687
396,0.318327443,0.00184728549
396.033333,0.318389019,0.00184591713
396.066667,0.318450549,0.00184453556
396.1,0.318512034,0.00184313999
396.133333,0.318573472,0.0018410608
396.166667,0.318634841,0.00183955863
396.2,0.318696159,0.00183808026
396.233333,0.318757429,0.00183659347
396.266667,0.318818648,0.00183451459
396.3,0.318879799,0.00183294169
396.333333,0.318940897,0.00183149168
396.366667,0.319001947,0.00183005313
396.4,0.319062948,0.00182812816
396.433333,0.319123886,0.00182651995
396.466667,0.31918477,0.0018250764
396.5,0.319245606,0.00182362052
396.533333,0.319306393,0.00182169862
396.566667,0.319367117,0.00181993389
396.6,0.319427781,0.00181842849
396.633333,0.319488395,0.00181692422
396.666667,0.319548959,0.00181505824
396.7,0.319609461,0.00181325516
396.733333,0.319669903,0.00181180176
396.766667,0.319730297,0.00181035695
396.8,0.319790642,0.00180863533
396.833333,0.31985093,0.00180679184
396.866667,0.319911156,0.00180533211
396.9,0.319971334,0.00180386112
396.933333,0.320031463,0.0018021563
396.966667,0.320091534,0.00180016563
397,0.32015154,0.00179866797
397.033333,0.320211496,0.00179717704
397.066667,0.320271401,0.00179555375
397.1,0.320331253,0.00179354545
397.133333,0.320391038,0.00179210466
397.166667,0.320450775,0.00179066768
397.2,0.320510464,0.00178916772
397.233333,0.320570103,0.00178710389
397.266667,0.320629673,0.00178564115
397.3,0.320689194,0.00178416889
397.333333,0.320748667,0.00178268722
397.366667,0.320808089,0.00178049852
397.4,0.320867439,0.001779009
397.433333,0.32092674,0.00177753607
397.466667,0.320985991,0.00177607254
397.5,0.321045193,0.00177402209
397.533333,0.321104327,0.00177250977
397.566667,0.321163411,0.00177107648
397.6,0.321222447,0.00176964138
397.633333,0.321281435,0.00176766153
397.666667,0.321340357,0.00176604086
397.7,0.321399225,0.001764567
397.733333,0.321458044,0.00176308755
397.766667,0.321516814,0.00176113488
397.8,0.321575518,0.00175943149
397.833333,0.321634166,0.00175797063
397.866667,0.321692765,0.00175651836
397.9,0.321751315,0.00175469397
397.933333,0.321809805,0.00175296329
397.966667,0.321868237,0.00175152637
398,0.321926622,0.00175008443
398.033333,0.321984958,0.0017483178
398.066667,0.322043235,0.00174647053
398.1,0.322101451,0.00174499522
398.133333,0.322159617,0.00174351844
398.166667,0.322217734,0.00174179844
398.2,0.322275794,0.00173988244
398.233333,0.32233379,0.00173843211
398.266667,0.322391738,0.00173698893
398.3,0.322449638,0.00173538877
398.333333,0.322507484,0.00173344202
398.366667,0.322565266,0.00173200434
398.4,0.322622999,0.0017305608
398.433333,0.322680684,0.00172901665
398.466667,0.322738318,0.00172695481
398.5,0.322795883,0.00172548976
398.533333,0.3228534,0.00172402767
398.566667,0.322910867,0.00172254944
398.6,0.322968286,0.00172043994
398.633333,0.323025634,0.001719012
398.666667,0.323082934,0.00171758995
398.7,0.323140187,0.0017161734
398.733333,0.323197393,0.00171414025
398.766667,0.323254531,0.00171266781
398.8,0.32331162,0.00171124327
398.833333,0.323368661,0.00170981462
398.866667,0.323425655,0.00170782702
398.9,0.323482583,0.00170627168
398.933333,0.323539458,0.00170484927
398.966667,0.323596287,0.00170343395
399,0.323653068,0.0017015628
399.033333,0.323709786,0.00169998763
399.066667,0.323766453,0.00169861121
399.1,0.323823073,0.00169723899
399.133333,0.323879648,0.00169547805
399.166667,0.323936164,0.00169384588
399.2,0.323992625,0.00169247092
399.233333,0.324049041,0.00169109536
399.266667,0.324105411,0.0016893982
399.3,0.324161724,0.00168770583
399.333333,0.324217981,0.00168635343
399.366667,0.324274193,0.00168501054
399.4,0.32433036,0.00168343666
399.433333,0.324386474,0.00168174335
399.466667,0.324442532,0.00168043998
399.5,0.324498547,0.00167913993
399.533333,0.324554518,0.00167766934
399.566667,0.324610441,0.0016759295
399.6,0.324666305,0.00167463344
399.633333,0.324722126,0.00167334023
399.666667,0.324777904,0.00167194443
399.7,0.324833636,0.00167016941
399.733333,0.324889308,0.00166891152
399.766667,0.324944938,0.00166766396
399.8,0.325000527,0.00166638774
399.833333,0.325056073,0.00166462718
399.866667,0.325111561,0.00166341631
399.9,0.325167008,0.00166220793
399.933333,0.325222415,0.0016610018
399.966667,0.325277782,0.00165924893
400,0.32533309,0.00165802746
400.033333,0.325388358,0.0016568338
400.066667,0.325443585,0.00165564587
400.1,0.325498774,0.00165399726
400.133333,0.325553907,0.00165276344
400.166667,0.325608999,0.00165162046
400.2,0.325664053,0.00165048658
400.233333,0.325719069,0.00164896707
400.266667,0.325774035,0.00164771997
400.3,0.325828959,0.00164660901
400.333333,0.325883846,0.00164550004
400.366667,0.325938696,0.00164405759
400.4,0.325993498,0.00164277025
400.433333,0.326048257,0.00164167868
400.466667,0.326102979,0.00164059422
400.5,0.326157666,0.0016392508
400.533333,0.326212307,0.00163796331
400.566667,0.326266906,0.00163692084
400.6,0.32632147,0.00163588531
400.633333,0.326376,0.00163464956
400.666667,0.326430488,0.00163335018
400.7,0.326484933,0.00163233127
400.733333,0.326539344,0.00163131428
400.766667,0.326593721,0.00163014579
400.8,0.32664806,0.00162881396
400.833333,0.326702353,0.0016278173
400.866667,0.326756614,0.00162682819
400.9,0.326810841,0.00162574952
400.933333,0.326865033,0.00162442572
400.966667,0.326919181,0.00162347335
401,0.326973296,0.00162252582
401.033333,0.327027381,0.00162153543
401.066667,0.327081432,0.0016201993
401.1,0.327135438,0.00161926395
401.133333,0.327189414,0.00161833096
401.166667,0.327243358,0.00161740044
401.2,0.327297272,0.00161604077
401.233333,0.32735114,0.00161513097
401.266667,0.327404977,0.00161422891
401.3,0.327458785,0.00161333445
401.333333,0.327512563,0.00161207963
401.366667,0.327566299,0.0016111649
401.4,0.327620004,0.00161029836
401.433333,0.327673681,0.00160943516
401.466667,0.327727329,0.00160825495
401.5,0.327780937,0.00160731254
401.533333,0.327834514,0.00160646088
401.566667,0.327888063,0.00160561308
401.6,0.327941583,0.00160450302
401.633333,0.327995067,0.0016035511
401.666667,0.328048519,0.00160273464
401.7,0.328101943,0.00160192546
401.733333,0.328155341,0.00160090955
401.766667,0.328208704,0.00159996069
401.8,0.328262036,0.00159917677
401.833333,0.328315342,0.00159839598
401.866667,0.328368622,0.00159744722
401.9,0.32842187,0.00159648055
401.933333,0.328475086,0.00159571608
401.966667,0.328528277,0.00159495713
402,0.328581442,0.00159407858
402.033333,0.328634578,0.00159311833
402.066667,0.328687682,0.00159239428
402.1,0.328740762,0.00159167733
402.133333,0.328793818,0.00159088387
402.166667,0.328846847,0.00158993736
402.2,0.328899845,0.00158924546
402.233333,0.32895282,0.00158855724
402.266667,0.329005772,0.00158782585
402.3,0.329058699,0.00158687572
402.333333,0.329111595,0.00158621
402.366667,0.329164469,0.00158555136
402.4,0.329217321,0.00158488831
402.433333,0.32927015,0.0015839626
402.466667,0.329322949,0.00158334169
402.5,0.329375727,0.00158272762
402.533333,0.329428485,0.00158212028
402.566667,0.329481222,0.00158125873
402.6,0.329533931,0.00158065092
402.633333,0.329586619,0.00158006689
402.666667,0.329639288,0.00157948746
402.7,0.329691937,0.00157869413
402.733333,0.329744561,0.00157809059
402.766667,0.329797164,0.00157754242
402.8,0.329849748,0.00157700223
402.833333,0.329902315,0.00157629612
402.866667,0.329954858,0.00157571584
402.9,0.330007382,0.00157521222
402.933333,0.330059889,0.00157471474
402.966667,0.33011238,0.0015740836
403,0.330164849,0.00157351494
403.033333,0.3302173,0.00157304152
403.066667,0.330269734,0.00157257348
403.1,0.330322153,0.00157200398
403.133333,0.330374554,0.00157145316
403.166667,0.330426935,0.00157101854
403.2,0.330479303,0.00157059177
403.233333,0.330531656,0.00157009708
403.266667,0.330583992,0.00156957943
403.3,0.330636312,0.00156918599
403.333333,0.330688618,0.00156879784
403.366667,0.330740911,0.00156836314
403.4,0.33079319,0.00156786442
403.433333,0.330845452,0.00156749944
403.466667,0.330897702,0.00156714012
403.5,0.33094994,0.00156675685
403.533333,0.331002165,0.00156628604
403.566667,0.331054375,0.00156595926
403.6,0.331106573,0.0015656395
403.633333,0.331158761,0.00156531571
403.666667,0.331210939,0.0015648834
403.7,0.331263101,0.00156459194
403.733333,0.331315254,0.00156430483
403.766667,0.331367398,0.00156402201
403.8,0.331419532,0.00156362033
403.833333,0.331471653,0.00156335066
403.866667,0.331523764,0.00156309039
403.9,0.331575867,0.00156283577
403.933333,0.331627962,0.00156249245
403.966667,0.331680045,0.00156224629
404,0.33173212,0.00156202174
404.033333,0.331784187,0.00156180294
404.066667,0.331836247,0.00156151706
404.1,0.331888298,0.00156129138
404.133333,0.331940341,0.0015610935
404.166667,0.331992377,0.00156089934
404.2,0.332044407,0.00156065313
404.233333,0.332096429,0.00156044363
404.266667,0.332148444,0.00156027076
404.3,0.332200453,0.00156010329
404.333333,0.332252456,0.00155990327
404.366667,0.332304453,0.00155972293
404.4,0.332356444,0.00155958186
404.433333,0.33240843,0.00155944545
404.466667,0.332460411,0.00155928794
404.5,0.332512388,0.00155913126
404.533333,0.332564359,0.0015590127
404.566667,0.332616326,0.0015588977
404.6,0.332668289,0.0015587702
404.633333,0.332720248,0.00155863581
404.666667,0.332772203,0.00155854189
404.7,0.332824154,0.00155845319
404.733333,0.332876103,0.00155836216
404.766667,0.332928048,0.00155826292
404.8,0.33297999,0.00155819816
404.833333,0.33303193,0.0015581374
404.866667,0.333083868,0.00155807779
404.9,0.333135804,0.00155800683
404.933333,0.333187737,0.00155796296
404.966667,0.333239669,0.00155792291
405,0.3332916,0.00155788657
405.033333,0.33334353,0.00155784602
405.066667,0.333395458,0.00155782799
405.1,0.333447386,0.00155781515
405.133333,0.333499313,0.00155780749
405.166667,0.33355124,0.00155780928
405.2,0.333603167,0.00155781924
405.233333,0.333655094,0.00155783288
405.266667,0.333707022,0.00155785026
405.3,0.33375895,0.00155788257
405.333333,0.333810879,0.00155791599
405.366667,0.33386281,0.00155795143
405.4,0.333914742,0.00155799121
405.433333,0.333966675,0.0015580543
405.466667,0.33401861,0.00155812009
405.5,0.334070547,0.00155818403
405.533333,0.334122487,0.00155825298
405.566667,0.334174428,0.00155835031
405.6,0.334226373,0.00155845135
405.633333,0.334278322,0.00155854094
405.666667,0.334330273,0.00155863429
405.7,0.334382228,0.00155875522
405.733333,0.334434186,0.00155888782
405.766667,0.334486149,0.00155900056
405.8,0.334538116,0.001559118
405.833333,0.334590086,0.00155926371
405.866667,0.334642062,0.00155943748
405.9,0.334694043,0.00155957901
405.933333,0.334746029,0.00155972522
405.966667,0.33479802,0.00155989595
406,0.334850016,0.00156011134
406.033333,0.33490202,0.00156027707
406.066667,0.334954029,0.00156044653
406.1,0.335006044,0.00156063303
406.133333,0.335058065,0.00156088702
406.166667,0.335110095,0.00156107613
406.2,0.335162131,0.00156126993
406.233333,0.335214173,0.00156147329
406.266667,0.335266222,0.00156177502
406.3,0.335318281,0.00156199129
406.333333,0.335370348,0.00156221166
406.366667,0.335422422,0.00156243606
406.4,0.335474503,0.00156277051
406.433333,0.335526595,0.00156301464
406.466667,0.335578696,0.00156325586
406.5,0.335630804,0.00156350059
406.533333,0.335682921,0.00156385152
406.566667,0.335735049,0.00156413087
406.6,0.335787187,0.00156439485
406.633333,0.335839333,0.00156466307
406.666667,0.335891489,0.00156503333
406.7,0.335943657,0.00156535218
406.733333,0.335995835,0.00156563883
406.766667,0.336048023,0.00156592874
406.8,0.336100221,0.00156631031
406.833333,0.336152431,0.00156666436
406.866667,0.336204653,0.00156696855
406.9,0.336256885,0.00156727586
406.933333,0.336309128,0.00156766426
406.966667,0.336361383,0.00156805655
407,0.336413652,0.00156838058
407.033333,0.336465931,0.00156870812
407.066667,0.336518222,0.00156910468
407.1,0.336570525,0.00156953772
407.133333,0.336622843,0.00156987986
407.166667,0.336675172,0.0015702245
407.2,0.336727513,0.0015706219
407.233333,0.336779867,0.00157109092
407.266667,0.336832237,0.00157144725
407.3,0.336884618,0.00157180631
407.333333,0.336937012,0.00157220208
407.366667,0.336989419,0.00157271076
407.4,0.337041842,0.00157308384
407.433333,0.337094279,0.0015734597
407.466667,0.337146727,0.00157385426
407.5,0.337199189,0.00157440364
407.533333,0.337251669,0.00157479081
407.566667,0.337304162,0.00157517991
407.6,0.337356668,0.00157557095
407.633333,0.337409187,0.00157614952
407.666667,0.337461725,0.00157655208
407.7,0.337514277,0.00157695349
407.733333,0.337566842,0.00157735732
407.766667,0.337619421,0.00157793513
407.8,0.337672019,0.00157837291
407.833333,0.337724631,0.0015787885
407.866667,0.337777257,0.00157920628
407.9,0.337829898,0.00157978075
407.933333,0.337882557,0.00158025204
407.966667,0.337935232,0.0015806785
408,0.337987921,0.00158110668
408.033333,0.338040625,0.00158167291
408.066667,0.338093347,0.00158217795
408.1,0.338146087,0.00158261581
408.133333,0.33819884,0.00158305592
408.166667,0.338251609,0.00158361606
408.2,0.338304396,0.00158415866
408.233333,0.338357202,0.00158460918
408.266667,0.338410022,0.00158506157
408.3,0.338462857,0.0015856129
408.333333,0.338515711,0.00158619103
408.366667,0.338568584,0.0015866514
408.4,0.338621472,0.00158711352
408.433333,0.338674376,0.00158765297
408.466667,0.338727298,0.00158826793
408.5,0.33878024,0.00158873966
408.533333,0.338833198,0.00158921354
408.566667,0.338886172,0.00158974284
408.6,0.338939163,0.00159039803
408.633333,0.338992177,0.00159088152
408.666667,0.339045206,0.0015913667
408.7,0.339098252,0.00159188298
408.733333,0.339151314,0.00159257616
408.766667,0.3392044,0.00159306914
408.8,0.339257503,0.00159356392
408.833333,0.339310621,0.0015940652
408.866667,0.339363757,0.00159479839
408.9,0.339416917,0.00159530266
408.933333,0.339470094,0.00159580895
408.966667,0.339523287,0.00159631725
409,0.339576498,0.00159705068
409.033333,0.339629733,0.0015975868
409.066667,0.339682986,0.00159810331
409.1,0.339736256,0.00159862133
409.133333,0.339789543,0.00159934117
409.166667,0.339842855,0.00159991294
409.2,0.339896185,0.00160043857
409.233333,0.339949533,0.00160096594
409.266667,0.340002898,0.00160167235
409.3,0.340056288,0.00160228237
409.333333,0.340109697,0.00160281844
409.366667,0.340163124,0.00160335619
409.4,0.340216569,0.0016040483
409.433333,0.340270038,0.00160469605
409.466667,0.340323528,0.00160524061
409.5,0.340377036,0.00160578644
409.533333,0.340430562,0.0016064604
409.566667,0.34048411,0.00160714491
409.6,0.340537682,0.00160769726
409.633333,0.340591272,0.0016082511
409.666667,0.34064488,0.00160890697
409.7,0.34069851,0.00160963025
409.733333,0.340752165,0.00161019097
409.766667,0.340805838,0.00161075291
409.8,0.34085953,0.0016113891
409.833333,0.340913243,0.00161214962
409.866667,0.340966981,0.00161271641
409.9,0.341020738,0.00161328413
409.933333,0.341074514,0.0016138976
409.966667,0.341128311,0.00161469432
410,0.341182134,0.00161526686
410.033333,0.341235976,0.00161584047
410.066667,0.341289838,0.00161643124
410.1,0.341343719,0.0016172655
410.133333,0.341397627,0.00161784372
410.166667,0.341451556,0.00161842263
410.2,0.341505503,0.00161900223
410.233333,0.34155947,0.00161984525
410.266667,0.341613465,0.00162044017
410.3,0.341667479,0.0016210224
410.333333,0.341721513,0.00162160518
410.366667,0.341775567,0.00162242327
410.4,0.341829648,0.00162305139
410.433333,0.341883749,0.00162363723
410.466667,0.341937871,0.00162422369
410.5,0.341992011,0.00162501693
410.533333,0.342046179,0.00162567814
410.566667,0.342100368,0.00162626667
410.6,0.342154577,0.00162685547
410.633333,0.342208805,0.0016276212
410.666667,0.342263059,0.00162831379
410.7,0.342317336,0.00162890363
410.733333,0.342371633,0.00162949373
410.766667,0.34242595,0.00163023139
410.8,0.342480291,0.00163095593
410.833333,0.342534656,0.00163154756
410.866667,0.342589041,0.00163213946
410.9,0.342643446,0.00163284916
410.933333,0.342697874,0.00163360524
410.966667,0.342752327,0.00163419771
411,0.342806801,0.00163479019
411.033333,0.342861294,0.00163547018
411.066667,0.342915809,0.00163625637
411.1,0.342970351,0.00163684897
411.133333,0.343024913,0.00163744169
411.166667,0.343079494,0.00163809208
411.2,0.343134097,0.00163890921
411.233333,0.343188728,0.00163950257
411.266667,0.343243378,0.00164009598
411.3,0.343298047,0.00164071695
411.333333,0.343352738,0.0016415645
411.366667,0.343407457,0.00164215774
411.4,0.343462195,0.00164275089
411.433333,0.343516954,0.00164334395
411.466667,0.343571732,0.0016442158
411.5,0.343626539,0.00164481135
411.533333,0.343681366,0.00164540439
411.566667,0.343736213,0.00164599749
411.6,0.34379108,0.00164683965
411.633333,0.343845974,0.00164746558
411.666667,0.34390089,0.00164805884
411.7,0.343955825,0.00164865206
411.733333,0.34401078,0.00164946395
411.766667,0.344065762,0.00165011947
411.8,0.344120766,0.00165071221
411.833333,0.34417579,0.00165130485
411.866667,0.344230833,0.00165208598
411.9,0.344285903,0.00165277117
411.933333,0.344340995,0.00165336373
411.966667,0.344396107,0.0016539563
412,0.344451239,0.00165470748
412.033333,0.344506396,0.00165542275
412.066667,0.344561577,0.0016560152
412.1,0.344616778,0.00165660755
412.133333,0.344671998,0.00165732817
412.166667,0.344727242,0.00165807263
412.2,0.344782511,0.00165866432
412.233333,0.3448378,0.0016592559
412.266667,0.344893109,0.00165994566
412.3,0.34494844,0.00166071938
412.333333,0.345003797,0.00166131063
412.366667,0.345059174,0.0016619018
412.4,0.345114571,0.00166256116
412.433333,0.34516999,0.0016633642
412.466667,0.345225435,0.00166395474
412.5,0.3452809,0.00166454506
412.533333,0.345336385,0.00166517339
412.566667,0.345391891,0.00166600462
412.6,0.345447425,0.00166659381
412.633333,0.345502978,0.00166718277
412.666667,0.34555855,0.00166777984
412.7,0.345614143,0.00166863915
412.733333,0.345669764,0.00166922711
412.766667,0.345725405,0.00166981484
412.8,0.345781066,0.00167040231
412.833333,0.345836746,0.00167124638
412.866667,0.345892454,0.00167185405
412.9,0.345948183,0.00167243987
412.933333,0.346003931,0.00167302529
412.966667,0.346059698,0.00167383652
413,0.346115493,0.00167447137
413.033333,0.346171308,0.0016750548
413.066667,0.346227143,0.00167563784
413.1,0.346282998,0.00167641633
413.133333,0.346338879,0.0016770781
413.166667,0.346394781,0.00167765909
413.2,0.346450703,0.00167823959
413.233333,0.346506644,0.00167898512
413.266667,0.346562611,0.00167967288
413.3,0.3466186,0.00168025068
413.333333,0.346674608,0.00168082787
413.366667,0.346730636,0.00168153981
413.4,0.346786687,0.00168225255
413.433333,0.346842762,0.00168282679
413.466667,0.346898856,0.00168340041
413.5,0.34695497,0.001684079
413.533333,0.347011106,0.00168481633
413.566667,0.347067266,0.00168538689
413.6,0.347123446,0.00168595674
413.633333,0.347179644,0.00168660193
413.666667,0.347235864,0.00168736277
413.7,0.34729211,0.001687929
413.733333,0.347348374,0.00168849444
413.766667,0.347404657,0.001689106
413.8,0.347460961,0.00168988939
413.833333,0.34751729,0.0016904511
413.866667,0.347573639,0.00169101204
413.9,0.347630006,0.00169159045
413.933333,0.347686392,0.00169239603
413.966667,0.347742805,0.00169295318
414,0.347799237,0.00169350949
414.033333,0.347855688,0.00169406496
414.066667,0.347912156,0.00169487168
414.1,0.347968652,0.00169543382
414.133333,0.348025167,0.00169598507
414.166667,0.348081699,0.00169653546
414.2,0.348138251,0.00169730712
414.233333,0.348194827,0.00169789202
414.266667,0.348251424,0.00169843835
414.3,0.348308038,0.00169898385
414.333333,0.348364671,0.00169972122
414.366667,0.348421329,0.00170032847
414.4,0.348478006,0.00170086985
414.433333,0.348534702,0.00170141034
414.466667,0.348591416,0.00170211359
414.5,0.348648153,0.00170274238
414.533333,0.348704911,0.0017032786
414.566667,0.348761687,0.00170381394
414.6,0.348818481,0.0017044836
414.633333,0.348875297,0.00170513368
414.666667,0.348932134,0.00170566502
414.7,0.34898899,0.00170619536
414.733333,0.349045863,0.00170683147
414.766667,0.349102758,0.00170747569
414.8,0.349159673,0.00170789853
414.833333,0.349216603,0.00170822497
414.866667,0.349273544,0.00170841923
414.9,0.349330491,0.00170821627
414.933333,0.349387432,0.00170780055
414.966667,0.349444359,0.00170726756
415,0.349501268,0.00170655044
415.033333,0.349558153,0.00170564461
415.066667,0.349615007,0.00170511602
415.1,0.349671845,0.00170469015
415.133333,0.349728668,0.00170436819
415.166667,0.34978548,0.00170414855
415.2,0.349842285,0.00170400779
415.233333,0.349899085,0.00170380489
415.266667,0.349955879,0.00170353216
415.3,0.350012663,0.00170281547
415.333333,0.350069424,0.00170214033
415.366667,0.350126162,0.00170142644
415.4,0.350182876,0.00170068122
415.433333,0.350239565,0.00169971864
415.466667,0.350296222,0.00169919527
415.5,0.350352862,0.00169880553
415.533333,0.350409489,0.00169850629
415.566667,0.350466106,0.00169822297
415.6,0.350522713,0.00169795914
415.633333,0.350579312,0.00169762383
415.666667,0.3506359,0.00169720164
415.7,0.350692473,0.00169642273
415.733333,0.35074902,0.00169557771
415.766667,0.35080554,0.00169482531
415.8,0.350862034,0.0016940833
415.833333,0.350918503,0.00169323595
415.866667,0.350974944,0.00169262977
415.9,0.351031365,0.00169222746
415.933333,0.351087773,0.00169187407
415.966667,0.351144169,0.00169148131
416,0.351200552,0.00169097824
416.033333,0.351256917,0.00169044695
416.066667,0.351313266,0.0016898253
416.1,0.351369593,0.00168895399
416.133333,0.351425892,0.00168784671
416.166667,0.351482153,0.00168700353
416.2,0.351538387,0.00168619874
416.233333,0.351594593,0.0016853729
416.266667,0.351650772,0.00168456219
416.3,0.351706924,0.0016840461
416.333333,0.351763059,0.00168353918
416.366667,0.351819177,0.00168299366
416.4,0.351875277,0.00168212574
416.433333,0.351931348,0.0016813568
416.466667,0.351987393,0.00168051105
416.5,0.35204341,0.00167956962
416.533333,0.352099396,0.0016781335
416.566667,0.352155334,0.00167718538
416.6,0.35221124,0.00167629388
416.633333,0.352267116,0.00167546058
416.666667,0.352322965,0.00167442162
416.7,0.352378779,0.0016737383
416.733333,0.35243457,0.00167305626
416.766667,0.352490339,0.00167234902
416.8,0.352546084,0.00167121739
416.833333,0.352601791,0.00167018452
416.866667,0.352657464,0.0016691682
416.9,0.352713103,0.00166810935
416.933333,0.352768706,0.00166666744
416.966667,0.352824262,0.00166552608
417,0.35287978,0.0016645937
417.033333,0.352935266,0.00166371827
417.066667,0.352990723,0.00166269211
417.1,0.353046146,0.0016617891
417.133333,0.353101539,0.00166099053
417.166667,0.353156906,0.00166015187
417.2,0.353212244,0.0016590089
417.233333,0.353267544,0.00165770637
417.266667,0.353322801,0.00165653691
417.3,0.353378019,0.00165528765
417.333333,0.353433195,0.00165367164
417.366667,0.353488318,0.00165176467
417.4,0.353543377,0.00165022461
417.433333,0.353598384,0.00164866992
417.466667,0.35365334,0.00164689616
417.5,0.353708236,0.00164487511
417.533333,0.353763066,0.00164341369
417.566667,0.353817846,0.00164197538
417.6,0.353872578,0.00164043596
417.633333,0.35392726,0.00163846773
417.666667,0.353981875,0.00163700739
417.7,0.354036442,0.00163551665
417.733333,0.354090959,0.00163393488
417.766667,0.354145424,0.00163168118
417.8,0.354199813,0.0016301115
417.833333,0.35425415,0.00162856296
417.866667,0.354308436,0.00162703761
417.9,0.35436267,0.00162490962
417.933333,0.354416834,0.00162350068
417.966667,0.354470951,0.00162212825
418,0.354525022,0.00162077061
418.033333,0.354579047,0.00161884229
418.066667,0.354633009,0.00161734243
418.1,0.35468692,0.00161590384
418.133333,0.354740784,0.00161444202
418.166667,0.354794598,0.00161242158
418.2,0.354848346,0.00161077854
418.233333,0.354902038,0.00160933431
418.266667,0.354955683,0.00160791675
418.3,0.35500928,0.0016061264
418.333333,0.355062818,0.00160458616
418.366667,0.355116304,0.00160327202
418.4,0.355169746,0.00160195542
418.433333,0.355223145,0.00160027172
418.466667,0.355276487,0.00159858475
418.5,0.355329773,0.00159716307
418.533333,0.355383012,0.00159572393
418.566667,0.355436203,0.00159396746
418.6,0.355489335,0.00159214365
418.633333,0.355542407,0.00159073555
418.666667,0.355595431,0.00158934955
418.7,0.355648409,0.00158777996
418.733333,0.355701335,0.00158602378
418.766667,0.355754203,0.00158468209
418.8,0.355807026,0.00158332387
418.833333,0.355859803,0.00158179259
418.866667,0.355912529,0.00157982706
418.9,0.35596519,0.00157835289
418.933333,0.356017802,0.00157686832
418.966667,0.356070364,0.00157529213
419,0.356122874,0.00157319689
419.033333,0.356175314,0.00157175157
419.066667,0.356227706,0.00157032191
419.1,0.35628005,0.00156890051
419.133333,0.356332346,0.00156683233
419.166667,0.356384574,0.00156540195
419.2,0.356436754,0.00156394814
419.233333,0.356488886,0.00156247064
419.266667,0.356540968,0.0015602937
419.3,0.356592978,0.00155866841
419.333333,0.356644934,0.0015571118
419.366667,0.356696837,0.00155555569
419.4,0.356748689,0.00155343717
419.433333,0.35680047,0.00155178674
419.466667,0.356852197,0.0015502949
419.5,0.356903873,0.00154881133
419.533333,0.3569555,0.0015468406
419.566667,0.357007062,0.00154510936
419.6,0.357058565,0.00154357376
419.633333,0.357110018,0.00154201863
419.666667,0.357161418,0.00153999725
419.7,0.357212752,0.00153808436
419.733333,0.357264021,0.00153649515
419.766667,0.357315238,0.00153491655
419.8,0.357366401,0.00153300842
419.833333,0.357417502,0.00153110849
419.866667,0.357468539,0.00152960277
419.9,0.357519525,0.0015281017
419.933333,0.357570462,0.00152633646
419.966667,0.35762134,0.00152436086
420,0.357672152,0.00152281853
420.033333,0.357722913,0.00152126587
420.066667,0.357773622,0.00151950703
420.1,0.357824272,0.00151740298
420.133333,0.357874852,0.00151586713
420.166667,0.357925381,0.00151435031
420.2,0.357975859,0.00151274602
420.233333,0.358026284,0.00151070711
420.266667,0.358076641,0.00150927171
420.3,0.35812695,0.00150783918
420.333333,0.358177211,0.00150637429
420.366667,0.358227424,0.00150428163
420.4,0.358277566,0.0015028275
420.433333,0.358327661,0.00150137318
420.466667,0.358377706,0.00149991949
420.5,0.358427704,0.00149784305
420.533333,0.358477632,0.00149640802
420.566667,0.358527512,0.00149503494
420.6,0.358577347,0.00149368435
420.633333,0.358627136,0.00149184546
420.666667,0.358676864,0.00149044944
420.7,0.358726546,0.00148915647
420.733333,0.358776185,0.00148786437
420.766667,0.35882578,0.00148611852
420.8,0.358875317,0.00148465234
420.833333,0.358924806,0.00148336012
420.866667,0.358974251,0.00148207668
420.9,0.359023654,0.00148044361
420.933333,0.359073002,0.00147900455
420.966667,0.359122302,0.00147781309
421,0.359171562,0.00147664098
421.033333,0.359220784,0.00147521171
421.066667,0.359269957,0.00147381833
421.1,0.359319085,0.00147268601
421.133333,0.359368174,0.0014715527
421.166667,0.359417226,0.00147019554
421.2,0.359466232,0.00146874192
421.233333,0.359515191,0.00146761837
421.266667,0.359564111,0.00146650699
421.3,0.359612995,0.00146525778
421.333333,0.359661837,0.00146385088
421.366667,0.359710632,0.00146282177
421.4,0.359759392,0.00146180517
421.433333,0.359808119,0.00146070811
421.466667,0.359856809,0.0014593288
421.5,0.359905454,0.00145832609
421.533333,0.359954065,0.00145732002
421.566667,0.360002642,0.00145626761
421.6,0.360051184,0.00145482219
421.633333,0.360099678,0.00145382593
421.666667,0.360148139,0.00145284179
421.7,0.360196567,0.00145187025
421.733333,0.360244963,0.00145048539
421.766667,0.360293312,0.00144955423
421.8,0.360341631,0.00144863583
421.833333,0.360389919,0.0014477215
421.866667,0.360438176,0.00144642279
421.9,0.36048639,0.00144543987
421.933333,0.360534572,0.00144450678
421.966667,0.360582722,0.00144357004
422,0.360630841,0.00144229175
422.033333,0.360678917,0.00144126479
422.066667,0.360726959,0.00144035173
422.1,0.360774971,0.0014394488
422.133333,0.360822953,0.00143828386
422.166667,0.360870895,0.00143726914
422.2,0.360918804,0.00143639555
422.233333,0.360966684,0.00143552048
422.266667,0.361014535,0.00143440644
422.3,0.361062349,0.00143332398
422.333333,0.361110126,0.00143242482
422.366667,0.361157874,0.00143152425
422.4,0.361205591,0.00143043406
422.433333,0.361253272,0.00142931476
422.466667,0.361300916,0.00142844151
422.5,0.361348531,0.00142757685
422.533333,0.361396117,0.00142658462
422.566667,0.361443669,0.00142547419
422.6,0.361491185,0.00142462697
422.633333,0.361538673,0.00142377661
422.666667,0.361586132,0.00142282595
422.7,0.36163356,0.00142164869
422.733333,0.361680948,0.0014207836
422.766667,0.361728307,0.00141992155
422.8,0.361775638,0.0014190121
422.833333,0.361822938,0.00141782227
422.866667,0.361870199,0.00141699876
422.9,0.361917432,0.00141618378
422.933333,0.361964639,0.00141536927
422.966667,0.362011818,0.00141420024
423,0.362058958,0.00141340287
423.033333,0.362106071,0.00141260402
423.066667,0.362153158,0.00141180374
423.1,0.362200218,0.00141065536
423.133333,0.36224724,0.00140982872
423.166667,0.362294234,0.00140904312
423.2,0.362341202,0.00140826615
423.233333,0.362388144,0.00140721842
423.266667,0.362435052,0.00140641612
423.3,0.362481932,0.00140569211
423.333333,0.362528789,0.00140497655
423.366667,0.362575621,0.00140403552
423.4,0.362622422,0.00140323472
423.433333,0.362669197,0.00140253594
423.466667,0.362715948,0.00140183972
423.5,0.362762676,0.00140095475
423.533333,0.362809374,0.00140014841
423.566667,0.362856046,0.0013994879
423.6,0.362902696,0.00139883967
423.633333,0.362949324,0.00139806526
423.666667,0.362995926,0.00139731325
423.7,0.363042503,0.0013967231
423.733333,0.36308906,0.001396141
423.766667,0.363135598,0.00139546424
423.8,0.363182114,0.00139473276
423.833333,0.363228605,0.00139417417
423.866667,0.363275077,0.00139362128
423.9,0.363321531,0.00139300578
423.933333,0.363367965,0.00139229828
423.966667,0.363414375,0.0013917931
424,0.363460768,0.00139130113
424.033333,0.363507145,0.00139078692
424.066667,0.363553504,0.00139015359
424.1,0.363599843,0.00138971538
424.133333,0.363646167,0.00138928346
424.166667,0.363692476,0.0013888456
424.2,0.363738771,0.0013882415
424.233333,0.363785046,0.0013878326
424.266667,0.363831307,0.00138743063
424.3,0.363877554,0.00138703582
424.333333,0.363923789,0.00138648891
424.366667,0.363970005,0.00138612649
424.4,0.364016209,0.00138578383
424.433333,0.364062402,0.00138545227
424.466667,0.364108584,0.00138501052
424.5,0.364154751,0.0013846852
424.533333,0.364200907,0.00138438626
424.566667,0.364247053,0.00138409083
424.6,0.36429319,0.00138369801
424.633333,0.364339313,0.00138337934
424.666667,0.364385426,0.00138310309
424.7,0.364431529,0.00138283352
424.733333,0.364477624,0.00138249959
424.766667,0.364523707,0.00138221827
424.8,0.364569781,0.00138198961
424.833333,0.364615847,0.00138176814
424.866667,0.364661906,0.00138150219
424.9,0.364707956,0.00138124881
424.933333,0.364753998,0.0013810438
424.966667,0.364800033,0.00138083993
425,0.364846061,0.0013805972
425.033333,0.36489208,0.00138034466
425.066667,0.364938092,0.00138015347
425.1,0.364984097,0.00137996776
425.133333,0.365030096,0.00137976352
425.166667,0.365076088,0.00137954389
425.2,0.365122073,0.00137938676
425.233333,0.365168052,0.00137923325
425.266667,0.365214027,0.00137906865
425.3,0.365259996,0.00137886427
425.333333,0.365305958,0.00137871533
425.366667,0.365351915,0.00137856643
425.4,0.365397867,0.00137841068
425.433333,0.365443814,0.001378203
425.466667,0.365489755,0.00137806426
425.5,0.36553569,0.00137793037
425.533333,0.365581621,0.00137780145
425.566667,0.365627548,0.0013776255
425.6,0.365673469,0.00137751223
425.633333,0.365719386,0.00137740103
425.666667,0.365765299,0.00137729131
425.7,0.365811209,0.00137713575
425.733333,0.365857113,0.00137701967
425.766667,0.365903014,0.00137691032
425.8,0.365948911,0.001376802
425.833333,0.365994804,0.0013766594
425.866667,0.366040693,0.00137655319
425.9,0.366086578,0.00137646322
425.933333,0.36613246,0.00137637826
425.966667,0.366178339,0.00137627629
426,0.366224215,0.00137619447
426.033333,0.366270088,0.00137612613
426.066667,0.366315959,0.00137605929
426.1,0.366361828,0.00137597632
426.133333,0.366407694,0.00137589996
426.166667,0.366453557,0.00137584003
426.2,0.366499419,0.00137578335
426.233333,0.366545278,0.00137572152
426.266667,0.366591135,0.00137567107
426.3,0.366636991,0.00137564
426.333333,0.366682846,0.00137561468
426.366667,0.3667287,0.00137559355
426.4,0.366774553,0.00137558034
426.433333,0.366820405,0.00137557494
426.466667,0.366866258,0.00137557219
426.5,0.36691211,0.0013755725
426.533333,0.366957963,0.0013755807
426.566667,0.367003815,0.00137559411
426.6,0.367049668,0.00137561309
426.633333,0.367095522,0.00137564038
426.666667,0.367141377,0.00137569502
426.7,0.367187233,0.00137574616
426.733333,0.367233092,0.00137580352
426.766667,0.367278952,0.00137586809
426.8,0.367324814,0.00137597449
426.833333,0.36737068,0.00137605463
426.866667,0.367416548,0.00137613845
426.9,0.36746242,0.001376226
426.933333,0.367508294,0.00137636347
426.966667,0.367554173,0.00137647351
427,0.367600055,0.00137658694
427.033333,0.367645941,0.00137670721
427.066667,0.367691832,0.00137689165
427.1,0.367737728,0.00137705031
427.133333,0.36778363,0.00137720311
427.166667,0.367829536,0.00137736143
427.2,0.367875448,0.0013775833
427.233333,0.367921368,0.00137778033
427.266667,0.367967294,0.00137795839
427.3,0.368013226,0.00137814053
427.333333,0.368059164,0.00137838389
427.366667,0.36810511,0.00137862114
427.4,0.368151064,0.00137882936
427.433333,0.368197025,0.00137904389
427.466667,0.368242993,0.0013793204
427.5,0.36828897,0.00137961087
427.533333,0.368334957,0.00137985189
427.566667,0.368380953,0.0013800968
427.6,0.368426956,0.00138039253
427.633333,0.368472969,0.00138072116
427.666667,0.368518993,0.00138098061
427.7,0.368565026,0.00138124344
427.733333,0.368611067,0.0013815468
427.766667,0.368657119,0.00138191636
427.8,0.368703182,0.00138220003
427.833333,0.368749256,0.00138248831
427.866667,0.368795339,0.00138280646
427.9,0.368841432,0.00138322447
427.933333,0.36888754,0.0013835295
427.966667,0.368933657,0.00138383636
428,0.368979785,0.00138415523
428.033333,0.369025924,0.00138460383
428.066667,0.369072077,0.00138491805
428.1,0.369118241,0.00138523454
428.133333,0.369164416,0.00138555334
428.166667,0.369210601,0.0013860258
428.2,0.369256802,0.00138636166
428.233333,0.369303014,0.00138669448
428.266667,0.369349237,0.00138702984
428.3,0.369395471,0.00138750596
428.333333,0.369441721,0.00138786932
428.366667,0.369487984,0.00138820977
428.4,0.369534257,0.00138855048
428.433333,0.369580542,0.00138901287
428.466667,0.369626843,0.0013893959
428.5,0.369673156,0.00138973988
428.533333,0.369719481,0.00139008535
428.566667,0.369765817,0.00139053999
428.6,0.369812168,0.00139095159
428.633333,0.369858533,0.00139130537
428.666667,0.36990491,0.00139166026
428.7,0.369951299,0.00139210666
428.733333,0.369997702,0.00139254091
428.766667,0.37004412,0.00139289636
428.8,0.37009055,0.00139325164
428.833333,0.370136992,0.00139367917
428.866667,0.370183448,0.00139413186
428.9,0.370229919,0.00139448983
428.933333,0.370276402,0.00139484924
428.966667,0.370322897,0.00139526601
429,0.370369406,0.00139574762
429.033333,0.370415931,0.00139611382
429.066667,0.370462468,0.00139648073
429.1,0.370509017,0.00139688588
429.133333,0.37055558,0.00139739056
429.166667,0.37060216,0.00139775848
429.2,0.370648752,0.00139812683
429.233333,0.370695356,0.00139851479
429.266667,0.370741973,0.00139904286
429.3,0.370788608,0.00139941711
429.333333,0.370835255,0.00139979338
429.366667,0.370881915,0.00140017204
429.4,0.370928587,0.00140073493
429.433333,0.370975278,0.00140111977
429.466667,0.371021982,0.00140150566
429.5,0.371068699,0.00140189259
429.533333,0.371115429,0.00140244609
429.566667,0.371162177,0.00140285581
429.6,0.371208939,0.00140324773
429.633333,0.371255714,0.00140364122
429.666667,0.371302502,0.00140418682
429.7,0.371349308,0.00140462897
429.733333,0.371396129,0.00140503393
429.766667,0.371442964,0.00140544147
429.8,0.371489812,0.00140598607
429.833333,0.371536678,0.00140646412
429.866667,0.37158356,0.00140688152
429.9,0.371630456,0.00140730052
429.933333,0.371677366,0.0014078368
429.966667,0.371724294,0.00140834708
430,0.371771239,0.0014087747
430.033333,0.371818198,0.0014092047
430.066667,0.371865172,0.00140973484
430.1,0.371912163,0.00141028501
430.133333,0.371959172,0.0014107285
430.166667,0.372006197,0.00141117464
430.2,0.372053236,0.0014117012
430.233333,0.372100292,0.00141229208
430.266667,0.372147369,0.00141274824
430.3,0.37219446,0.0014132061
430.333333,0.372241567,0.00141372158
430.366667,0.372288691,0.00141434905
430.4,0.372335836,0.00141481622
430.433333,0.372382997,0.00141528583
430.466667,0.372430173,0.00141579141
430.5,0.372477366,0.00141646185
430.533333,0.372524582,0.00141694337
430.566667,0.372571813,0.00141742688
430.6,0.372619061,0.00141792184
430.633333,0.372666325,0.00141863251
430.666667,0.372713612,0.00141912312
430.7,0.372760916,0.00141961489
430.733333,0.372808237,0.00142010783
430.766667,0.372855574,0.00142082288
430.8,0.372902935,0.00142133684
430.833333,0.372950313,0.00142183704
430.866667,0.372997707,0.00142233895
430.9,0.373045118,0.00142304195
430.933333,0.373092553,0.0014235908
430.966667,0.373140006,0.00142409911
431,0.373187476,0.00142460821
431.033333,0.373234963,0.00142529251
431.066667,0.373282473,0.00142587061
431.1,0.373330002,0.00142638135
431.133333,0.373377548,0.00142689242
431.166667,0.373425111,0.00142755326
431.2,0.373472696,0.0014281602
431.233333,0.373520301,0.00142867402
431.266667,0.373567924,0.00142918844
431.3,0.373615563,0.00142982759
431.333333,0.373663224,0.00143046375
431.366667,0.373710907,0.001430979
431.4,0.373758606,0.0014314939
431.433333,0.373806322,0.00143210581
431.466667,0.373854059,0.00143276493
431.5,0.373901818,0.00143327718
431.533333,0.373949594,0.00143378902
431.566667,0.373997387,0.00143437167
431.6,0.374045199,0.00143505415
431.633333,0.374093034,0.00143556497
431.666667,0.374140887,0.00143607553
431.7,0.374188756,0.00143663093
431.733333,0.374236643,0.00143733654
431.766667,0.374284555,0.00143784412
431.8,0.374332483,0.00143835068
431.833333,0.374380428,0.00143887531
431.866667,0.37442839,0.00143959871
431.9,0.374476377,0.00144010064
431.933333,0.37452438,0.00144060192
431.966667,0.3745724,0.00144110256
432,0.374620437,0.00144183315
432.033333,0.374668498,0.00144233841
432.066667,0.374716576,0.00144283671
432.1,0.374764671,0.00144333441
432.133333,0.374812782,0.00144403481
432.166667,0.374860916,0.00144456069
432.2,0.374909068,0.00144505409
432.233333,0.374957237,0.00144554652
432.266667,0.375005422,0.00144621445
432.3,0.375053629,0.00144676004
432.333333,0.375101854,0.00144724921
432.366667,0.375150096,0.00144773802
432.4,0.375198354,0.00144837771
432.433333,0.375246633,0.00144894603
432.466667,0.375294931,0.00144943347
432.5,0.375343246,0.00144992049
432.533333,0.375391576,0.00145053281
432.566667,0.375439927,0.00145112256
432.6,0.375488298,0.00145160698
432.633333,0.375536685,0.00145209094
432.666667,0.375585088,0.00145267515
432.7,0.375633511,0.00145328689
432.733333,0.375681954,0.00145377012
432.766667,0.375730413,0.00145425347
432.8,0.375778888,0.00145481333
432.833333,0.375827381,0.00145545053
432.866667,0.375875896,0.00145593447
432.9,0.375924428,0.00145641838
432.933333,0.375972975,0.00145695403
432.966667,0.37602154,0.00145761539
433,0.376070127,0.00145809891
433.033333,0.376118731,0.00145858249
433.066667,0.37616735,0.00145909346
433.1,0.376215986,0.00145978024
433.133333,0.376264646,0.00146026526
433.166667,0.376313321,0.00146075074
433.2,0.376362013,0.00146123948
433.233333,0.376410721,0.00146195446
433.266667,0.376459453,0.00146244169
433.3,0.376508201,0.00146292907
433.333333,0.376556965,0.00146341659
433.366667,0.376605746,0.00146411384
433.4,0.376654549,0.00146462374
433.433333,0.37670337,0.00146511198
433.466667,0.376752207,0.0014656005
433.5,0.376801061,0.00146627507
433.533333,0.376849936,0.00146681195
433.566667,0.37689883,0.00146730243
433.6,0.37694774,0.00146779327
433.633333,0.376996667,0.00146844584
433.666667,0.377045615,0.00146900924
433.7,0.377094582,0.00146950068
433.733333,0.377143565,0.00146999207
433.766667,0.377192565,0.0014706197
433.8,0.377241586,0.00147120759
433.833333,0.377290626,0.00147169872
433.866667,0.377339683,0.00147218988
433.9,0.377388756,0.00147279261
433.933333,0.377437849,0.00147340567
433.966667,0.377486962,0.00147389695
434,0.377536092,0.0014743881
434.033333,0.377585238,0.00147496549
434.066667,0.377634404,0.00147560189
434.1,0.377683591,0.00147609122
434.133333,0.377732794,0.00147658001
434.166667,0.377782013,0.00147712938
434.2,0.377831251,0.00147778645
434.233333,0.37788051,0.00147827266
434.266667,0.377929786,0.00147875838
434.3,0.377979078,0.00147927989
434.333333,0.378028387,0.00147995763
434.366667,0.378077719,0.00148044069
434.4,0.378127067,0.00148092296
434.433333,0.378176431,0.00148141605
434.466667,0.378225812,0.00148211174
434.5,0.378275215,0.00148258943
434.533333,0.378324635,0.00148306606
434.566667,0.378374071,0.00148354163
434.6,0.378423522,0.00148422756
434.633333,0.378472996,0.00148471187
434.666667,0.378522487,0.00148518266
434.7,0.378571993,0.0014856525
434.733333,0.378621515,0.00148630662
434.766667,0.378671058,0.00148680857
434.8,0.378720618,0.00148727315
434.833333,0.378770194,0.00148773648
434.866667,0.378819785,0.00148835753
434.9,0.378869397,0.0014888747
434.933333,0.378919026,0.00148933159
434.966667,0.378968671,0.00148978717
435,0.37901833,0.0014903751
435.033333,0.37906801,0.00149090704
435.066667,0.379117706,0.00149135686
435.1,0.379167418,0.00149180552
435.133333,0.379217145,0.00149236214
435.166667,0.379266891,0.00149290863
435.2,0.379316654,0.00149335131
435.233333,0.379366433,0.00149379265
435.266667,0.379416226,0.00149431772
435.3,0.379466036,0.00149487697
435.333333,0.379515865,0.00149531199
435.366667,0.379565709,0.0014957458
435.4,0.379615567,0.00149624042
435.433333,0.379665442,0.00149681301
435.466667,0.379715336,0.00149724167
435.5,0.379765244,0.0014976693
435.533333,0.379815166,0.00149813555
435.566667,0.379865104,0.00149872177
435.6,0.379915061,0.00149914427
435.633333,0.379965033,0.00149956566
435.666667,0.380015018,0.00150000381
435.7,0.380065019,0.0015006027
435.733333,0.380115039,0.00150101922
435.766667,0.380165073,0.0015014349
435.8,0.38021512,0.00150184976
435.833333,0.380265182,0.00150245616
435.866667,0.380315264,0.00150287159
435.9,0.38036536,0.00150328299
435.933333,0.380415469,0.00150369368
435.966667,0.380465592,0.00150427331
436,0.380515735,0.00150470515
436.033333,0.380565892,0.00150511222
436.066667,0.380616062,0.00150551856
436.1,0.380666246,0.00150607176
436.133333,0.380716448,0.00150652004
436.166667,0.380766666,0.00150692354
436.2,0.380816896,0.00150732657
436.233333,0.380867141,0.00150785549
436.266667,0.380917403,0.00150832132
436.3,0.38096768,0.00150872228
436.333333,0.381017971,0.00150912276
436.366667,0.381068275,0.00150962799
436.4,0.381118596,0.00151011077
436.433333,0.381168933,0.0015105088
436.466667,0.381219283,0.00151090635
436.5,0.381269647,0.00151138788
436.533333,0.381320026,0.00151188764
436.566667,0.381370422,0.00151228334
436.6,0.381420832,0.00151267871
436.633333,0.381471254,0.00151313788
436.666667,0.381521692,0.00151365528
436.7,0.381572148,0.00151404895
436.733333,0.381622616,0.00151444218
436.766667,0.381673097,0.00151487875
436.8,0.381723593,0.00151541255
436.833333,0.381774107,0.00151580339
436.866667,0.381824634,0.00151619375
436.9,0.381875174,0.00151660743
436.933333,0.381925727,0.00151715732
436.966667,0.381976299,0.00151754561
437,0.382026884,0.00151793348
437.033333,0.382077482,0.00151832496
437.066667,0.382128093,0.00151889082
437.1,0.382178722,0.0015192762
437.133333,0.382229365,0.00151966092
437.166667,0.38228002,0.00152004498
437.2,0.382330688,0.00152059409
437.233333,0.382381375,0.00152099091
437.266667,0.382432074,0.00152137167
437.3,0.382482787,0.00152175176
437.333333,0.382533512,0.00152227616
437.366667,0.382584254,0.00152268822
437.4,0.382635011,0.00152306511
437.433333,0.38268578,0.00152344129
437.466667,0.382736561,0.00152394105
437.5,0.382787359,0.00152436716
437.533333,0.382838171,0.00152473924
437.566667,0.382888996,0.0015251104
437.6,0.382939833,0.0015255845
437.633333,0.382990686,0.00152602318
437.666667,0.383041553,0.00152638987
437.7,0.383092433,0.00152675566
437.733333,0.383143325,0.00152720464
437.766667,0.383194231,0.00152765558
437.8,0.383245153,0.00152801699
437.833333,0.383296087,0.00152837741
437.866667,0.383347033,0.00152880146
437.9,0.383397993,0.00152926331
437.933333,0.383448969,0.0015296186
437.966667,0.383499956,0.00152997278
438,0.383550955,0.00153037158
438.033333,0.383601967,0.00153084317
438.066667,0.383652995,0.00153119228
438.1,0.383704035,0.00153154039
438.133333,0.383755087,0.00153191498
438.166667,0.38380615,0.00153239634
438.2,0.38385723,0.00153273958
438.233333,0.383908322,0.00153308148
438.266667,0.383959424,0.00153343176
438.3,0.384010539,0.00153389302
438.333333,0.384061668,0.00153411337
438.366667,0.384112806,0.00153421825
438.4,0.384163946,0.00153420211
438.433333,0.384215086,0.00153373068
438.466667,0.384266211,0.00153308808
438.5,0.384317314,0.00153235702
438.533333,0.384368392,0.00153154058
438.566667,0.384419443,0.00153038097
438.6,0.384470456,0.00152964618
438.633333,0.384521444,0.00152908287
438.666667,0.384572414,0.0015286202
438.7,0.384623368,0.00152817429
438.733333,0.384674307,0.00152782305
438.766667,0.384725234,0.00152742779
438.8,0.384776149,0.00152695163
438.833333,0.384827047,0.00152610853
438.866667,0.384877917,0.00152512962
438.9,0.384928755,0.00152424411
438.933333,0.384979563,0.00152335221
438.966667,0.385030342,0.00152230544
439,0.385081085,0.00152149335
439.033333,0.385131801,0.00152097031
439.066667,0.3851825,0.00152052289
439.1,0.385233185,0.00152007739
439.133333,0.385283854,0.00151956694
439.166667,0.385334506,0.00151904912
439.2,0.385385141,0.00151843974
439.233333,0.385435756,0.0015175917
439.266667,0.385486342,0.00151642433
439.3,0.38553689,0.00151552033
439.333333,0.385587407,0.00151464739
439.366667,0.385637895,0.00151375277
439.4,0.385688354,0.00151285184
439.433333,0.385738782,0.00151232411
439.466667,0.385789193,0.00151182992
439.5,0.385839587,0.00151134003
439.533333,0.385889965,0.00151056675
439.566667,0.385940317,0.00150987224
439.6,0.385990646,0.0015090885
439.633333,0.386040949,0.00150821526
439.666667,0.386091223,0.00150677968
439.7,0.386141449,0.00150580843
439.733333,0.386191643,0.00150489526
439.766667,0.386241806,0.00150403855
439.8,0.386291941,0.00150300784
439.833333,0.386342041,0.00150234466
439.866667,0.386392119,0.00150171533
439.9,0.386442176,0.00150107533
439.933333,0.386492212,0.00150007447
439.966667,0.386542215,0.00149909491
440,0.386592184,0.00149812039
440.033333,0.386642122,0.00149708493
440.066667,0.386692025,0.00149565133
440.1,0.38674188,0.00149444135
440.133333,0.386791694,0.00149346909
440.166667,0.386841477,0.00149255642
440.2,0.386891228,0.00149151766
440.233333,0.386940946,0.0014906042
440.266667,0.386990633,0.00148982489
440.3,0.387040293,0.00148900961
440.333333,0.387089927,0.00148791813
440.366667,0.387139524,0.00148662104
440.4,0.387189078,0.0014855115
440.433333,0.387238595,0.00148437506
440.466667,0.387288075,0.00148303447
440.5,0.387337509,0.00148162119
440.533333,0.387386896,0.00148063498
440.566667,0.387436251,0.00147970375
440.6,0.387485574,0.00147873589
440.633333,0.387534866,0.00147760761
440.666667,0.387584119,0.00147673682
440.7,0.387633344,0.00147581909
440.733333,0.387682538,0.0014747766
440.766667,0.387731697,0.00147324947
440.8,0.387780805,0.00147211283
440.833333,0.387829876,0.00147098234
440.866667,0.387878908,0.00146984644
440.9,0.387927903,0.00146834266
440.933333,0.387976848,0.0014674228
440.966667,0.388025762,0.00146654681
441,0.388074647,0.0014657119
441.033333,0.388123504,0.00146453314
441.066667,0.388172322,0.00146363126
441.1,0.38822111,0.00146271088
441.133333,0.388269867,0.0014617454
441.166667,0.388318591,0.00146031037
441.2,0.388367268,0.00145916735
441.233333,0.388415907,0.0014581457
441.266667,0.388464512,0.00145715684
441.3,0.388513084,0.00145594594
441.333333,0.388561616,0.00145500415
441.366667,0.388610116,0.00145415013
441.4,0.388658587,0.00145324733
441.433333,0.388707029,0.001451886
441.466667,0.388755425,0.00145028924
441.5,0.388803768,0.00144875303
441.533333,0.38885206,0.00144710673
441.566667,0.388900297,0.00144494107
441.6,0.388948462,0.00144282728
441.633333,0.388996556,0.00144126685
441.666667,0.389044598,0.00143982023
441.7,0.389092592,0.00143830446
441.733333,0.389140535,0.00143686533
441.766667,0.389188431,0.00143575685
441.8,0.38923629,0.00143460275
441.833333,0.38928411,0.00143318802
441.866667,0.389331883,0.0014312344
441.9,0.38937959,0.00142962672
441.933333,0.389427245,0.00142797851
441.966667,0.389474844,0.00142616206
442,0.389522383,0.0014239823
442.033333,0.389569849,0.00142260232
442.066667,0.389617269,0.00142132891
442.1,0.389664646,0.00142012954
442.133333,0.389711984,0.00141860539
442.166667,0.389759271,0.00141750661
442.2,0.389806521,0.00141632779
442.233333,0.389853732,0.00141506443
442.266667,0.389900901,0.0014129468
442.3,0.389947999,0.00141133971
442.333333,0.389995044,0.00140975935
442.366667,0.390042036,0.00140818728
442.4,0.390088975,0.00140613757
442.433333,0.390135847,0.00140477638
442.466667,0.390182672,0.00140358855
442.5,0.390229459,0.001402465
442.533333,0.390276208,0.00140098657
442.566667,0.390322907,0.00139966791
442.6,0.390369563,0.00139837863
442.633333,0.390416175,0.00139699976
442.666667,0.390462742,0.00139501591
442.7,0.390509243,0.0013931379
442.733333,0.39055568,0.00139155371
442.766667,0.390602066,0.0013900073
442.8,0.390648399,0.00138819137
442.833333,0.390694672,0.00138661172
442.866667,0.390740893,0.0013853877
442.9,0.390787072,0.00138418472
442.933333,0.390833212,0.00138272542
442.966667,0.390879303,0.0013810389
443,0.390925337,0.00137958076
443.033333,0.390971323,0.00137804582
443.066667,0.391017258,0.00137616964
443.1,0.39106313,0.00137396244
443.133333,0.391108929,0.00137234309
443.166667,0.391154674,0.00137078061
443.2,0.391200367,0.00136914601
443.233333,0.391246005,0.00136728452
443.266667,0.391291581,0.00136597792
443.3,0.391337114,0.00136465912
443.333333,0.391382602,0.00136324562
443.366667,0.391428044,0.00136116298
443.4,0.391473416,0.00135956664
443.433333,0.391518735,0.00135792006
443.466667,0.391563999,0.00135622311
443.5,0.391609206,0.00135372679
443.533333,0.39165433,0.00135211898
443.566667,0.391699401,0.00135057814
443.6,0.39174442,0.00134910316
443.633333,0.39178939,0.0013471413
443.666667,0.391834295,0.00134572851
443.7,0.391879153,0.00134434996
443.733333,0.391923964,0.00134293683
443.766667,0.391968729,0.00134085921
443.8,0.392013424,0.00133908274
443.833333,0.39205806,0.00133744011
443.866667,0.392102642,0.00133578709
443.9,0.392147168,0.00133364366
443.933333,0.392191623,0.00133190414
443.966667,0.392236019,0.001330476
444,0.392280369,0.00132910511
444.033333,0.392324672,0.00132744576
444.066667,0.39236892,0.00132589423
444.1,0.392413117,0.00132456025
444.133333,0.392457269,0.00132318781
444.166667,0.392501375,0.00132142797
444.2,0.392545423,0.00131954257
444.233333,0.392589407,0.0013180345
444.266667,0.392633342,0.00131654707
444.3,0.392677227,0.00131486112
444.333333,0.392721056,0.00131313824
444.366667,0.392764827,0.00131190897
444.4,0.392808557,0.00131072173
444.433333,0.392852248,0.00130943689
444.466667,0.392895896,0.00130788032
444.5,0.392939492,0.00130667927
444.533333,0.392983048,0.00130544293
444.566667,0.393026562,0.00130407455
444.6,0.393070032,0.00130222989
444.633333,0.393113439,0.00130094065
444.666667,0.393156804,0.00129969201
444.7,0.393200127,0.0012984658
444.733333,0.393243409,0.00129687862
444.766667,0.393286639,0.00129587798
444.8,0.393329834,0.00129489897
444.833333,0.393372998,0.00129393868
444.866667,0.393416129,0.00129252262
444.9,0.393459213,0.0012914516
444.933333,0.393502262,0.00129038175
444.966667,0.393545274,0.00128928618
445,0.39358825,0.00128774108
445.033333,0.393631175,0.00128658727
445.066667,0.393674061,0.00128557226
445.1,0.393716914,0.00128460341
445.133333,0.393759734,0.00128341282
445.166667,0.393802514,0.00128248233
445.2,0.393845264,0.00128166832
445.233333,0.393887986,0.00128085159
445.266667,0.393930681,0.00127975687
445.3,0.39397334,0.00127868407
445.333333,0.394015962,0.0012777454
445.366667,0.394058554,0.00127679334
445.4,0.394101114,0.00127561022
445.433333,0.394143634,0.00127449261
445.466667,0.394186117,0.00127364451
445.5,0.394228572,0.00127283525
445.533333,0.394271,0.00127193307
445.566667,0.394313398,0.00127100647
445.6,0.394355764,0.00127027491
445.633333,0.394398107,0.00126952432
445.666667,0.394440424,0.00126863101
445.7,0.394482712,0.00126750717
445.733333,0.394524962,0.00126663542
445.766667,0.394567184,0.00126576189
445.8,0.394609376,0.00126481582
445.833333,0.394651536,0.00126367814
445.866667,0.394693659,0.00126291548
445.9,0.394735756,0.00126218033
445.933333,0.394777829,0.00126144618
445.966667,0.394819877,0.00126044899
446,0.394861892,0.0012597269
446.033333,0.394903883,0.00125897741
446.066667,0.394945849,0.00125819962
446.1,0.394987789,0.00125698882
446.133333,0.395029688,0.00125612875
446.166667,0.395071559,0.00125528868
446.2,0.395113402,0.00125445989
446.233333,0.395155217,0.00125335346
446.266667,0.395196996,0.00125257794
446.3,0.395238749,0.00125186818
446.333333,0.395280477,0.00125117207
446.366667,0.395322183,0.00125022208
446.4,0.395363857,0.00124940576
446.433333,0.395405504,0.00124864162
446.466667,0.395447126,0.00124785391
446.5,0.395488721,0.00124678176
446.533333,0.39553028,0.00124582316
446.566667,0.395571807,0.00124502022
446.6,0.395613308,0.0012442373
446.633333,0.395654783,0.00124330102
446.666667,0.395696226,0.00124245621
446.7,0.395737641,0.00124177876
446.733333,0.395779034,0.00124110542
446.766667,0.395820404,0.00124028413
446.8,0.395861747,0.00123938348
446.833333,0.39590306,0.00123864327
446.866667,0.395944348,0.00123788979
446.9,0.395985611,0.00123700273
446.933333,0.396026844,0.00123601153
446.966667,0.396068045,0.00123529313
447,0.396109221,0.00123460075
447.033333,0.396150374,0.00123387114
447.066667,0.396191503,0.00123303064
447.1,0.396232604,0.00123243258
447.133333,0.396273686,0.00123183284
447.166667,0.396314747,0.00123119353
447.2,0.396355786,0.0012303008
447.233333,0.396396796,0.00122965108
447.266667,0.396437785,0.0012290001
447.3,0.396478751,0.001228345
447.333333,0.396519696,0.00122742999
447.366667,0.396560611,0.00122685546
447.4,0.396601506,0.00122630872
447.433333,0.396642383,0.00122578916
447.466667,0.396683242,0.00122509893
447.5,0.396724079,0.00122460944
447.533333,0.396764899,0.00122413592
447.566667,0.396805704,0.00122365708
447.6,0.396846492,0.00122297471
447.633333,0.396887258,0.00122242351
447.666667,0.396928006,0.00122192826
447.7,0.396968737,0.00122144328
447.733333,0.397009451,0.0012208403
447.766667,0.397050146,0.00122037788
447.8,0.397090825,0.00122000614
447.833333,0.397131492,0.0012196559
447.866667,0.397172147,0.0012192391
447.9,0.397212789,0.00121885735
447.933333,0.397253417,0.00121853101
447.966667,0.397294035,0.00121819862
448,0.397334642,0.00121777847
448.033333,0.397375234,0.00121735019
448.066667,0.397415813,0.00121702178
448.1,0.39745638,0.00121670903
448.133333,0.397496937,0.00121637219
448.166667,0.397537483,0.00121605867
448.2,0.397578018,0.0012158474
448.233333,0.397618546,0.00121564896
448.266667,0.397659068,0.00121543883
448.3,0.397699583,0.00121518463
448.333333,0.397740089,0.00121498415
448.366667,0.397780588,0.00121477719
448.4,0.397821081,0.00121454693
448.433333,0.397861566,0.00121424999
448.466667,0.397902041,0.00121405645
448.5,0.397942509,0.00121387948
448.533333,0.397982972,0.00121371696
448.566667,0.398023429,0.00121353751
448.6,0.39806388,0.00121343684
448.633333,0.398104328,0.00121333956
448.666667,0.398144773,0.00121324479
448.7,0.398185214,0.00121309252
448.733333,0.398225651,0.00121296699
448.766667,0.398266083,0.00121283826
448.8,0.398306511,0.00121270456
448.833333,0.398346934,0.00121252143
448.866667,0.398387352,0.00121240033
448.9,0.398427765,0.00121230418
448.933333,0.398468175,0.00121222194
448.966667,0.398508583,0.00121213986
449,0.398548987,0.00121208452
449.033333,0.39858939,0.00121203261
449.066667,0.398629791,0.00121197631
449.1,0.39867019,0.0012118861
449.133333,0.398710587,0.00121178289
449.166667,0.398750979,0.0012116886
449.2,0.398791369,0.00121159259
449.233333,0.398831755,0.0012114776
449.266667,0.398872138,0.00121138566
449.3,0.398912518,0.00121132755
449.333333,0.398952895,0.00121127956
449.366667,0.398993271,0.00121123659
449.4,0.399033646,0.00121119578
449.433333,0.399074019,0.00121115638
449.466667,0.399114391,0.00121110964
449.5,0.399154761,0.00121104329
449.533333,0.399195129,0.00121094668
449.566667,0.399235494,0.00121087032
449.6,0.399275856,0.00121079673
449.633333,0.399316216,0.00121072227
449.666667,0.399356574,0.0012106539
449.7,0.399396929,0.00121062245
449.733333,0.399437283,0.0012105984
449.766667,0.399477636,0.00121058089
449.8,0.399517989,0.00121055827
449.833333,0.399558341,0.00121053358
449.866667,0.399598692,0.0012105023
449.9,0.399639042,0.00121046432
449.933333,0.399679391,0.00121039713
449.966667,0.399719737,0.00121035407
450,0.399760083,0.00121031908
450.033333,0.399800427,0.00121029211
450.066667,0.39984077,0.00121028199
450.1,0.399881112,0.00121029527
450.133333,0.399921456,0.00121031456
450.166667,0.399961799,0.00121033879
450.2,0.400002144,0.00121037321
450.233333,0.40004249,0.00121039422
450.266667,0.400082836,0.00121040892
450.3,0.400123183,0.00121042115
450.333333,0.400163531,0.00121043719
450.366667,0.400203878,0.00121046338
450.4,0.400244227,0.00121049931
450.433333,0.400284577,0.0012105462
450.466667,0.400324929,0.00121062839
450.5,0.400365283,0.00121073041
450.533333,0.400405641,0.00121082262
450.566667,0.400446001,0.00121091815
450.6,0.400486365,0.00121103573
450.633333,0.400526733,0.00121115412
450.666667,0.400567105,0.00121124703
450.7,0.40060748,0.00121134157
450.733333,0.400647858,0.00121145636
450.766667,0.40068824,0.00121160572
450.8,0.400728627,0.00121173765
450.833333,0.400769018,0.00121188115
450.866667,0.400809414,0.00121205653
450.9,0.400849816,0.00121229431
450.933333,0.400890226,0.00121247634
450.966667,0.400930642,0.00121262929
451,0.400971063,0.00121291277
451.033333,0.401011493,0.00121309434
451.066667,0.40105193,0.00121327832
451.1,0.401092372,0.00121346421
451.133333,0.401132821,0.00121374611
451.166667,0.401173279,0.00121396847
451.2,0.401213745,0.00121419426
451.233333,0.401254218,0.00121443068
451.266667,0.401294699,0.00121478085
451.3,0.401335192,0.00121506803
451.333333,0.401375694,0.00121533369
451.366667,0.401416205,0.00121560037
451.4,0.401456725,0.00121595454
451.433333,0.401497257,0.00121625549
451.466667,0.401537799,0.00121652191
451.5,0.401578349,0.0012167915
451.533333,0.401618909,0.00121714842
451.566667,0.401659481,0.00121749753
451.6,0.401700064,0.00121780215
451.633333,0.401740657,0.00121811411
451.666667,0.401781261,0.00121850987
451.7,0.401821878,0.001218914
451.733333,0.401862509,0.00121923833
451.766667,0.40190315,0.00121956095
451.8,0.401943802,0.0012199387
451.833333,0.401984467,0.00122034762
451.866667,0.402025145,0.00122066606
451.9,0.402065834,0.00122098768
451.933333,0.402106533,0.00122135778
451.966667,0.402147245,0.00122181184
452,0.402187972,0.00122215897
452.033333,0.402228711,0.00122250964
452.066667,0.402269461,0.00122289246
452.1,0.402310224,0.00122338458
452.133333,0.402351004,0.00122373272
452.166667,0.402391795,0.00122407747
452.2,0.402432597,0.00122442903
452.233333,0.402473412,0.00122491618
452.266667,0.402514242,0.00122525502
452.3,0.402555084,0.00122559698
452.333333,0.402595937,0.00122594225
452.366667,0.402636802,0.00122645601
452.4,0.402677684,0.0012268224
452.433333,0.402718578,0.00122718231
452.466667,0.402759484,0.00122754253
452.5,0.402800402,0.00122804318
452.533333,0.402841337,0.00122841755
452.566667,0.402882284,0.00122876342
452.6,0.402923243,0.00122910639
452.633333,0.402964213,0.0012295674
452.666667,0.403005199,0.00122995199
452.7,0.403046197,0.00123029888
452.733333,0.403087207,0.00123064906
452.766667,0.403128229,0.00123111246
452.8,0.403169266,0.00123153424
452.833333,0.403210317,0.00123189395
452.866667,0.40325138,0.00123225265
452.9,0.403292455,0.00123269765
452.933333,0.403333545,0.00123312538
452.966667,0.403374649,0.00123347232
453,0.403415765,0.00123381837
453.033333,0.403456892,0.00123423429
453.066667,0.403498034,0.00123468115
453.1,0.40353919,0.00123503791
453.133333,0.403580358,0.00123539842
453.166667,0.403621537,0.00123581868
453.2,0.403662731,0.00123630776
453.233333,0.403703942,0.00123667736
453.266667,0.403745164,0.00123704605
453.3,0.403786399,0.00123744985
453.333333,0.403827647,0.00123795082
453.366667,0.403868912,0.00123831503
453.4,0.40391019,0.00123868083
453.433333,0.403951479,0.00123906692
453.466667,0.403992781,0.00123960195
453.5,0.404034101,0.00123998572
453.533333,0.404075434,0.00124037359
453.566667,0.40411678,0.00124076551
453.6,0.404158139,0.00124134968
453.633333,0.404199517,0.00124174812
453.666667,0.404240909,0.0012421457
453.7,0.404282314,0.00124254305
453.733333,0.404323732,0.00124310844
453.766667,0.404365169,0.00124352965
453.8,0.40440662,0.00124393367
453.833333,0.404448084,0.00124434129
453.866667,0.404489562,0.00124491144
453.9,0.404531059,0.00124538006
453.933333,0.404572572,0.00124580964
453.966667,0.404614099,0.00124624264
454,0.40465564,0.00124681948
454.033333,0.404697201,0.00124732489
454.066667,0.404738778,0.00124776334
454.1,0.404780371,0.00124820225
454.133333,0.404821977,0.00124876145
454.166667,0.404863603,0.00124929657
454.2,0.404905246,0.00124974604
454.233333,0.404946904,0.00125019957
454.266667,0.404988577,0.00125076046
454.3,0.405030269,0.00125134744
454.333333,0.405071981,0.0012518195
454.366667,0.405113708,0.00125229356
454.4,0.405155451,0.00125284983
454.433333,0.405197213,0.00125347148
454.466667,0.405238995,0.00125394754
454.5,0.405280794,0.00125442403
454.533333,0.405322608,0.00125495785
454.566667,0.40536444,0.00125561017
454.6,0.405406293,0.00125609615
454.633333,0.405448163,0.00125658535
454.666667,0.405490049,0.00125711163
454.7,0.405531953,0.00125781217
454.733333,0.40557388,0.00125831237
454.766667,0.405615824,0.00125881266
454.8,0.405657784,0.00125932134
454.833333,0.405699762,0.00126004787
454.866667,0.405741763,0.00126054468
454.9,0.405783782,0.00126104143
454.933333,0.405825816,0.00126153822
454.966667,0.405867868,0.00126225687
455,0.405909943,0.00126277591
455.033333,0.405952035,0.00126327989
455.066667,0.405994145,0.00126378547
455.1,0.406036271,0.00126449056
455.133333,0.406078421,0.00126503973
455.166667,0.406120589,0.00126554448
455.2,0.406162773,0.00126604765
455.233333,0.406204975,0.00126671744
455.266667,0.406247199,0.00126728155
455.3,0.406289442,0.00126777767
455.333333,0.406331701,0.00126827345
455.366667,0.406373977,0.00126891297
455.4,0.406416274,0.00126950295
455.433333,0.40645859,0.00127000117
455.466667,0.406500924,0.00127049947
455.5,0.406543274,0.00127111576
455.533333,0.406585644,0.00127172772
455.566667,0.406628035,0.00127221944
455.6,0.406670443,0.0012727089
455.633333,0.406712866,0.00127328644
455.666667,0.406755309,0.00127390815
455.7,0.406797773,0.00127438993
455.733333,0.406840252,0.00127487142
455.766667,0.406882748,0.0012754188
455.8,0.406925262,0.00127606364
455.833333,0.406967797,0.0012765455
455.866667,0.407010349,0.00127702668
455.9,0.407052917,0.00127754819
455.933333,0.407095501,0.00127821032
455.966667,0.407138108,0.00127868349
456,0.407180731,0.00127915471
456.033333,0.40722337,0.00127964052
456.066667,0.407266024,0.00128031244
456.1,0.407308702,0.00128077877
456.133333,0.407351394,0.00128124539
456.166667,0.407394102,0.00128171235
456.2,0.407436826,0.00128239509
456.233333,0.407479573,0.00128287003
456.266667,0.407522335,0.00128333715
456.3,0.407565113,0.0012838035
456.333333,0.407607906,0.00128445727
456.366667,0.407650722,0.00128494905
456.4,0.407693553,0.00128540927
456.433333,0.4077364,0.00128586864
456.466667,0.407779262,0.00128649192
456.5,0.407822145,0.00128700546
456.533333,0.407865046,0.00128746657
456.566667,0.407907961,0.00128792862
456.6,0.407950892,0.00128853458
456.633333,0.407993843,0.00128907649
456.666667,0.408036813,0.00128954048
456.7,0.408079797,0.00129000409
456.733333,0.408122797,0.00129058557
456.766667,0.408165817,0.00129114777
456.8,0.408208855,0.00129160921
456.833333,0.408251909,0.00129207091
456.866667,0.408294978,0.00129262874
456.9,0.408338065,0.00129321838
456.933333,0.408381173,0.0012936853
456.966667,0.408424296,0.00129415347
457,0.408467434,0.00129469612
457.033333,0.408510591,0.00129531738
457.066667,0.408553768,0.0012957884
457.1,0.408596961,0.0012962593
457.133333,0.408640169,0.00129677921
457.166667,0.408683395,0.00129742381
457.2,0.408726643,0.00129789499
457.233333,0.408769906,0.00129836701
457.266667,0.408813185,0.00129886562
457.3,0.40885648,0.00129954131
457.333333,0.408899798,0.00130001931
457.366667,0.408943132,0.0013004983
457.4,0.408986482,0.00130097982
457.433333,0.409029848,0.0013016871
457.466667,0.409073238,0.00130216761
457.5,0.409116644,0.00130264784
457.533333,0.409160065,0.00130312779
457.566667,0.409203503,0.00130381252
457.6,0.409246963,0.00130431562
457.633333,0.40929044,0.00130479673
457.666667,0.409333934,0.0013052786
457.7,0.409377443,0.00130594403
457.733333,0.409420974,0.00130647636
457.766667,0.409464523,0.00130696145
457.8,0.409508089,0.00130744666
457.833333,0.40955167,0.0013080894
457.866667,0.409595273,0.00130864482
457.9,0.409638895,0.00130912733
457.933333,0.409682532,0.00130960915
457.966667,0.409726186,0.0013102225
458,0.40976986,0.00131079899
458.033333,0.409813554,0.00131127974
458.066667,0.409857263,0.00131176061
458.1,0.409900988,0.00131234967
458.133333,0.409944733,0.00131295076
458.166667,0.409988498,0.0013134307
458.2,0.410032279,0.00131390979
458.233333,0.410076076,0.0013144705
458.266667,0.410119892,0.00131508859
458.3,0.410163728,0.00131556169
458.333333,0.41020758,0.00131603365
458.366667,0.410251448,0.00131656226
458.4,0.410295333,0.00131719649
458.433333,0.41033924,0.0013176649
458.466667,0.410383162,0.00131813276
458.5,0.4104271,0.00131863383
458.533333,0.410471054,0.00131928673
458.566667,0.410515031,0.00131975015
458.6,0.410559022,0.00132021202
458.633333,0.410603029,0.00132068227
458.666667,0.410647052,0.0013213462
458.7,0.410691097,0.00132180022
458.733333,0.410735157,0.00132225295
458.766667,0.410779232,0.00132270442
458.8,0.410823322,0.00132335454
458.833333,0.410867434,0.00132381564
458.866667,0.410911561,0.00132426284
458.9,0.410955703,0.00132470912
458.933333,0.41099986,0.00132532892
458.966667,0.411044038,0.0013258056
459,0.411088231,0.00132624522
459.033333,0.41113244,0.00132668319
459.066667,0.411176662,0.00132726832
459.1,0.411220905,0.00132775722
459.133333,0.411265163,0.0013281884
459.166667,0.411309436,0.00132861859
459.2,0.411353723,0.00132917348
459.233333,0.411398029,0.00132967849
459.266667,0.411442352,0.00133010507
459.3,0.411486689,0.00133053078
459.333333,0.41153104,0.00133105812
459.366667,0.411575408,0.00133157782
459.4,0.411619794,0.00133199788
459.433333,0.411664194,0.00133241669
459.466667,0.411708608,0.0013329141
459.5,0.411753039,0.00133344681
459.533333,0.411797487,0.00133386129
459.566667,0.411841949,0.00133427532
459.6,0.411886425,0.00133474743
459.633333,0.411930916,0.00133529794
459.666667,0.411975426,0.00133571023
459.7,0.41201995,0.00133612196
459.733333,0.412064487,0.00133657035
459.766667,0.41210904,0.00133713706
459.8,0.412153611,0.00133754525
459.833333,0.412198196,0.00133795278
459.866667,0.412242794,0.00133837599
459.9,0.412287407,0.00133895857
459.933333,0.412332039,0.00133936453
459.966667,0.412376684,0.00133977053
460,0.412421343,0.00134017659
460.033333,0.412466016,0.00134077129
460.066667,0.412510708,0.00134118151
460.1,0.412555414,0.00134158719
460.133333,0.412600134,0.00134199257
460.166667,0.412644867,0.00134256454
460.2,0.412689619,0.00134299312
460.233333,0.412734385,0.00134339673
460.266667,0.412779165,0.00134380014
460.3,0.412823959,0.00134434988
460.333333,0.41286877,0.00134479871
460.366667,0.412913597,0.00134520268
460.4,0.412958437,0.00134560685
460.433333,0.41300329,0.00134613751
460.466667,0.413048162,0.00134660756
460.5,0.413093049,0.00134701161
460.533333,0.413137949,0.00134741538
460.566667,0.413182863,0.00134792408
460.6,0.413227794,0.00134841258
460.633333,0.413272741,0.00134881499
460.666667,0.413317701,0.00134921729
460.7,0.413362675,0.00134970436
460.733333,0.413407665,0.00135021301
460.766667,0.413452672,0.00135061556
460.8,0.413497693,0.00135101811
460.833333,0.413542727,0.00135148499
460.866667,0.413587776,0.00135201335
460.9,0.413632843,0.00135241455
460.933333,0.413677924,0.00135281521
460.966667,0.413723018,0.00135325898
461,0.413768126,0.00135380375
461.033333,0.413813253,0.00135420209
461.066667,0.413858393,0.00135460012
461.1,0.413903547,0.0013550212
461.133333,0.413948714,0.0013555837
461.166667,0.4139939,0.00135598042
461.2,0.414039099,0.00135637668
461.233333,0.414084312,0.00135677564
461.266667,0.414129538,0.00135735422
461.3,0.414174783,0.00135774716
461.333333,0.414220041,0.00135813923
461.366667,0.414265313,0.00135853043
461.4,0.414310597,0.00135908849
461.433333,0.4143559,0.00135949343
461.466667,0.414401216,0.00135988114
461.5,0.414446546,0.00136026824
461.533333,0.414491888,0.00136080152
461.566667,0.414537248,0.0013612222
461.6,0.414582622,0.00136160598
461.633333,0.414628009,0.00136198886
461.666667,0.414673409,0.00136249617
461.7,0.414718825,0.00136292994
461.733333,0.414764256,0.00136330771
461.766667,0.4148097,0.00136368442
461.8,0.414855156,0.00136416462
461.833333,0.414900628,0.00136461086
461.866667,0.414946115,0.00136498329
461.9,0.414991614,0.00136535493
461.933333,0.415037126,0.00136581039
461.966667,0.415082653,0.00136626977
462,0.415128196,0.00136663718
462.033333,0.41517375,0.00136700354
462.066667,0.415219317,0.00136743359
462.1,0.415264898,0.00136790374
462.133333,0.415310495,0.00136826482
462.166667,0.415356104,0.00136862492
462.2,0.415401725,0.00136902976
462.233333,0.415447359,0.0013695111
462.266667,0.415493009,0.00136986731
462.3,0.415538672,0.0013702228
462.333333,0.415584346,0.00137060485
462.366667,0.415630032,0.00137109839
462.4,0.415675736,0.00137145003
462.433333,0.415721451,0.00137180075
462.466667,0.415767177,0.00137215977
462.5,0.415812916,0.00137266377
462.533333,0.415858672,0.00137301032
462.566667,0.415904439,0.00137335621
462.6,0.415950217,0.00137370144
462.633333,0.415996007,0.00137420078
462.666667,0.416041814,0.00137455248
462.7,0.416087632,0.00137489538
462.733333,0.416133462,0.00137523781
462.766667,0.416179303,0.00137571585
462.8,0.416225161,0.00137608171
462.833333,0.41627103,0.0013764214
462.866667,0.416316911,0.0013767605
462.9,0.416362803,0.00137721674
462.933333,0.41640871,0.00137759644
462.966667,0.41645463,0.00137793342
463,0.416500561,0.00137827014
463.033333,0.416546503,0.00137870695
463.066667,0.41659246,0.00137910229
463.1,0.41663843,0.00137943815
463.133333,0.416684411,0.00137977378
463.166667,0.416730404,0.0013801921
463.2,0.41677641,0.0013806027
463.233333,0.41682243,0.00138093692
463.266667,0.416868462,0.00138127086
463.3,0.416914504,0.00138167018
463.333333,0.41696056,0.00138209603
463.366667,0.41700663,0.00138242928
463.4,0.417052711,0.00138276254
463.433333,0.417098803,0.0013831446
463.466667,0.417144907,0.00138358734
463.5,0.417191027,0.00138392057
463.533333,0.417237158,0.0013842537
463.566667,0.417283299,0.00138461854
463.6,0.417329453,0.00138507723
463.633333,0.417375623,0.00138540955
463.666667,0.417421803,0.00138574174
463.7,0.417467994,0.00138608873
463.733333,0.417514197,0.00138656334
463.766667,0.417560416,0.00138689535
463.8,0.417606646,0.0013872274
463.833333,0.417652887,0.00138755949
463.866667,0.417699139,0.00138804728
463.9,0.417745407,0.00138838105
463.933333,0.417791686,0.00138871274
463.966667,0.417837977,0.00138904425
464,0.417884278,0.00138951382
464.033333,0.417930596,0.0013898631
464.066667,0.417976924,0.00139019354
464.1,0.418023264,0.0013905238
464.133333,0.418069615,0.00139097518
464.166667,0.418115981,0.00139134037
464.2,0.418162359,0.00139167011
464.233333,0.418208748,0.0013919997
464.266667,0.418255148,0.00139243334
464.3,0.418301562,0.00139281396
464.333333,0.418347989,0.00139314224
464.366667,0.418394427,0.00139347014
464.4,0.418440876,0.00139388458
464.433333,0.418487339,0.00139427923
464.466667,0.418533815,0.00139460534
464.5,0.418580302,0.00139493113
464.533333,0.4186268,0.00139532665
464.566667,0.418673311,0.00139573567
464.6,0.418719835,0.00139606004
464.633333,0.41876637,0.00139638404
464.666667,0.418812917,0.00139676085
464.7,0.418859475,0.00139718165
464.733333,0.418906048,0.00139747829
464.766667,0.418952631,0.00139772532
464.8,0.418999221,0.00139791215
464.833333,0.419045819,0.00139779955
464.866667,0.419092412,0.0013974294
464.9,0.419138993,0.0013969023
464.933333,0.419185556,0.00139615914
464.966667,0.419232095,0.00139495297
465,0.419278593,0.00139412067
465.033333,0.419325064,0.00139336652
465.066667,0.41937151,0.00139269316
465.1,0.419417933,0.00139202358
465.133333,0.419464333,0.00139169765
465.166667,0.419510723,0.00139136813
465.2,0.419557102,0.0013910279
465.233333,0.41960347,0.0013903322
465.266667,0.419649814,0.00138960813
465.3,0.419696135,0.00138881418
465.333333,0.419742428,0.00138794147
465.366667,0.419788693,0.00138667391
465.4,0.419834916,0.00138578496
465.433333,0.419881108,0.00138508397
465.466667,0.419927278,0.00138448103
465.5,0.419973427,0.00138388504
465.533333,0.420019557,0.00138347281
465.566667,0.420065672,0.00138307543
465.6,0.420111775,0.00138262925
465.633333,0.420157863,0.00138188689
465.666667,0.420203926,0.00138097348
465.7,0.420249958,0.00138011694
465.733333,0.420295962,0.00137922455
465.766667,0.420341936,0.0013781216
465.8,0.420387873,0.00137715514
465.833333,0.420433779,0.00137650435
465.866667,0.420479662,0.00137593093
465.9,0.420525526,0.00137536235
465.933333,0.420571372,0.0013747757
465.966667,0.420617198,0.00137424485
466,0.420663006,0.00137363903
466.033333,0.420708794,0.00137282694
466.066667,0.420754555,0.00137164512
466.1,0.420800276,0.00137069258
466.133333,0.420845966,0.00136974112
466.166667,0.420891624,0.0013687319
466.2,0.420937248,0.00136759977
466.233333,0.420982835,0.00136691602
466.266667,0.421028399,0.00136628139
466.3,0.421073942,0.00136567558
466.333333,0.421119464,0.00136480175
466.366667,0.421164958,0.00136408489
466.4,0.421210427,0.00136328619
466.433333,0.42125587,0.0013624049
466.466667,0.421301283,0.00136094022
466.5,0.421346648,0.00135987324
466.533333,0.421391977,0.00135885892
466.566667,0.421437273,0.00135788014
466.6,0.421482535,0.00135666396
466.633333,0.421527757,0.00135586204
466.666667,0.421572953,0.00135514206
466.7,0.421618124,0.00135443668
466.733333,0.421663272,0.00135342875
466.766667,0.421708386,0.00135246294
466.8,0.421753468,0.00135151539
466.833333,0.421798519,0.00135050632
466.866667,0.421843536,0.00134909991
466.9,0.421888506,0.00134783811
466.933333,0.421933434,0.00134681939
466.966667,0.421978328,0.00134585285
467,0.422023189,0.00134475966
467.033333,0.422068015,0.0013438101
467.066667,0.422112808,0.00134305138
467.1,0.422157577,0.00134228338
467.133333,0.42220232,0.00134131102
467.166667,0.42224703,0.00134014653
467.2,0.422291702,0.00133915244
467.233333,0.42233634,0.001338125
467.266667,0.422380944,0.00133691022
467.3,0.422425508,0.00133556468
467.333333,0.422470027,0.00133463342
467.366667,0.422514514,0.00133376031
467.4,0.422558973,0.00133287854
467.433333,0.422603402,0.00133188187
467.466667,0.422647798,0.00133116164
467.5,0.42269217,0.00133041637
467.533333,0.422736518,0.00132959766
467.566667,0.422780838,0.00132836029
467.6,0.422825116,0.00132742942
467.633333,0.422869364,0.00132649317
467.666667,0.42291358,0.00132555463
467.7,0.422957766,0.00132426594
467.733333,0.423001908,0.00132349682
467.766667,0.423046024,0.00132278179
467.8,0.423090117,0.00132211758
467.833333,0.423134188,0.00132124527
467.866667,0.423178229,0.00132058879
467.9,0.423222249,0.00131992914
467.933333,0.423266246,0.00131923619
467.966667,0.423310221,0.00131819686
468,0.423354161,0.00131731954
468.033333,0.423398071,0.00131652972
468.066667,0.423441956,0.00131574472
468.1,0.423485814,0.00131471615
468.133333,0.423529638,0.00131374324
468.166667,0.423573429,0.00131279095
468.2,0.423617189,0.00131174396
468.233333,0.423660914,0.00131019834
468.266667,0.423704587,0.001308511
468.3,0.423748204,0.00130704643
468.333333,0.423791772,0.00130556917
468.366667,0.423835291,0.00130380455
468.4,0.423878751,0.00130216465
468.433333,0.423922157,0.00130098271
468.466667,0.423965523,0.00129986728
468.5,0.424008852,0.00129864545
468.533333,0.42405214,0.00129727562
468.566667,0.424095383,0.00129613954
468.6,0.424138587,0.00129493392
468.633333,0.424181752,0.00129347979
468.666667,0.424224868,0.00129156769
468.7,0.42426792,0.00129014104
468.733333,0.424310925,0.00128874612
468.766667,0.424353883,0.00128730894
468.8,0.424396793,0.00128561893
468.833333,0.424439647,0.00128454139
468.866667,0.424482465,0.00128349969
468.9,0.424525248,0.00128247202
468.933333,0.424567998,0.0012809393
468.966667,0.424610696,0.00127977139
469,0.424653355,0.00127853368
469.033333,0.424695972,0.00127722759
469.066667,0.424738547,0.00127522989
469.1,0.424781054,0.00127380521
469.133333,0.424823514,0.00127247573
469.166667,0.42486593,0.00127119559
469.2,0.424908303,0.00126957041
469.233333,0.424950623,0.00126840251
469.266667,0.424992903,0.00126733259
469.3,0.425035147,0.00126625771
469.333333,0.425077356,0.00126473208
469.366667,0.425119513,0.00126329949
469.4,0.425161623,0.00126196006
469.433333,0.425203689,0.00126057092
469.466667,0.425245708,0.00125872193
469.5,0.425287665,0.00125705479
469.533333,0.425329567,0.00125571143
469.566667,0.425371424,0.00125441744
469.6,0.425413238,0.00125290922
469.633333,0.425455002,0.00125147413
469.666667,0.425496717,0.00125029865
469.7,0.425538394,0.00124909376
469.733333,0.42558003,0.00124758852
469.766667,0.425621617,0.00124581137
469.8,0.425663144,0.00124435848
469.833333,0.425704622,0.00124288138
469.866667,0.425746052,0.00124118426
469.9,0.425787425,0.00123925436
469.933333,0.425828733,0.0012378899
469.966667,0.425869996,0.00123657076
470,0.425911215,0.00123519348
470.033333,0.425952388,0.00123348164
470.066667,0.425993504,0.00123221778
470.1,0.426034578,0.00123091454
470.133333,0.426075609,0.00122951597
470.166667,0.426116592,0.00122744374
470.2,0.426157507,0.00122595303
470.233333,0.426198372,0.00122446632
470.266667,0.426239188,0.0012229868
470.3,0.426279954,0.00122092775
470.333333,0.426320652,0.00121959248
470.366667,0.426361305,0.00121831648
470.4,0.426401915,0.00121707594
470.433333,0.426442485,0.00121535576
470.466667,0.426482996,0.00121401711
470.5,0.426523464,0.00121272008
470.533333,0.426563888,0.001211388
470.566667,0.426604267,0.00120950582
470.6,0.426644584,0.00120794213
470.633333,0.426684849,0.00120656831
470.666667,0.426725068,0.00120522407
470.7,0.426765242,0.00120355947
470.733333,0.426805361,0.00120218383
470.766667,0.426845433,0.00120104878
470.8,0.426885468,0.00119993594
470.833333,0.426925466,0.0011985488
470.866667,0.426965418,0.00119716424
470.9,0.427005323,0.00119598855
470.933333,0.42704519,0.00119479085
470.966667,0.427085016,0.00119331702
471,0.427124793,0.00119178479
471.033333,0.427164519,0.001190626
471.066667,0.427204207,0.00118950898
471.1,0.427243857,0.00118828923
471.133333,0.427283467,0.0011870093
471.166667,0.427323034,0.00118607981
471.2,0.42736257,0.00118515836
471.233333,0.427402075,0.00118414085
471.266667,0.427441546,0.001182834
471.3,0.427480974,0.00118184487
471.333333,0.427520369,0.00118084617
471.366667,0.427559731,0.00117978506
471.4,0.427599057,0.00117839892
471.433333,0.427638337,0.00117748779
471.466667,0.427677586,0.00117661955
471.5,0.427716807,0.00117579214
471.533333,0.427756,0.00117467803
471.566667,0.427795156,0.00117394882
471.6,0.427834288,0.00117321303
471.633333,0.427873395,0.00117246939
471.666667,0.427912477,0.00117135788
471.7,0.427951522,0.00117050943
471.733333,0.427990539,0.0011696975
471.766667,0.428029529,0.00116888798
471.8,0.428068492,0.00116781781
471.833333,0.428107419,0.00116703469
471.866667,0.428146321,0.00116636265
471.9,0.428185199,0.00116572214
471.933333,0.428224057,0.00116492173
471.966667,0.428262887,0.00116423586
472,0.428301695,0.00116362027
472.033333,0.428340483,0.00116298779
472.066667,0.428379249,0.0011621397
472.1,0.428417987,0.00116130907
472.133333,0.428456697,0.00116061809
472.166667,0.428495384,0.00115993655
472.2,0.428534049,0.00115913388
472.233333,0.428572687,0.00115838133
472.266667,0.4286113,0.00115781574
472.3,0.428649893,0.00115726712
472.333333,0.428688469,0.00115664015
472.366667,0.428727024,0.00115592969
472.4,0.428765555,0.00115535286
472.433333,0.428804066,0.00115475538
472.466667,0.428842558,0.00115405445
472.5,0.428881027,0.00115318121
472.533333,0.428919466,0.00115254115
472.566667,0.428957884,0.00115191544
472.6,0.428996281,0.00115126553
472.633333,0.429034657,0.00115047684
472.666667,0.429073006,0.00114994331
472.7,0.429111337,0.00114941432
472.733333,0.429149651,0.0011488763
472.766667,0.429187947,0.00114807862
472.8,0.429226216,0.00114749184
472.833333,0.429264466,0.00114688704
472.866667,0.429302696,0.00114626495
472.9,0.429340905,0.00114534742
472.933333,0.429379083,0.00114471022
472.966667,0.42941724,0.00114410979
473,0.429455377,0.00114352777
473.033333,0.429493494,0.00114276343
473.066667,0.429531587,0.00114219631
473.1,0.42956966,0.00114166918
473.133333,0.429607715,0.00114113788
473.166667,0.429645753,0.00114039509
473.2,0.429683766,0.00113973544
473.233333,0.429721758,0.00113913757
473.266667,0.429759729,0.00113853258
473.3,0.42979768,0.00113775099
473.333333,0.429835605,0.00113706771
473.366667,0.429873507,0.00113651604
473.4,0.429911391,0.00113598392
473.433333,0.429949257,0.00113535617
473.466667,0.429987102,0.00113475742
473.5,0.430024928,0.00113426848
473.533333,0.430062737,0.00113377342
473.566667,0.430100529,0.00113316683
473.6,0.430138301,0.00113248972
473.633333,0.430176051,0.00113195675
473.666667,0.430213783,0.00113142795
473.7,0.430251497,0.00113083611
473.733333,0.430289192,0.00113019212
473.766667,0.430326865,0.00112974495
473.8,0.430364523,0.00112931702
473.833333,0.430402167,0.00112887326
473.866667,0.430439796,0.00112833424
473.9,0.430477407,0.00112794302
473.933333,0.430515005,0.00112754663
473.966667,0.43055259,0.00112712728
474,0.430590161,0.00112653834
474.033333,0.430627712,0.00112613486
474.066667,0.43066525,0.00112574464
474.1,0.430702775,0.00112536862
474.133333,0.430740287,0.00112487638
474.166667,0.430777783,0.0011245793
474.2,0.430815269,0.00112430175
474.233333,0.430852746,0.00112403946
474.266667,0.430890214,0.00112368672
474.3,0.43092767,0.00112342068
474.333333,0.430965117,0.00112316592
474.366667,0.431002556,0.00112290842
474.4,0.431039987,0.00112255754
474.433333,0.431077405,0.0011222886
474.466667,0.431114815,0.00112206634
474.5,0.431152217,0.00112186172
474.533333,0.431189612,0.00112163634
474.566667,0.431227,0.00112147883
474.6,0.431264383,0.00112135926
474.633333,0.431301761,0.00112124848
474.666667,0.431339136,0.00112111579
474.7,0.431376507,0.00112098312
474.733333,0.431413873,0.0011208695
474.766667,0.431451235,0.00112075515
474.8,0.431488594,0.00112061932
474.833333,0.431525948,0.0011204991
474.866667,0.431563298,0.00112042669
474.9,0.431600645,0.00112037059
474.933333,0.431637991,0.00112033132
474.966667,0.431675335,0.00112032093
475,0.431712679,0.00112032346
475.033333,0.431750024,0.00112032747
475.066667,0.431787368,0.00112033091
475.1,0.431824712,0.00112032264
475.133333,0.431862056,0.00112031002
475.166667,0.4318994,0.00112029758
475.2,0.431936743,0.00112028587
475.233333,0.431974086,0.00112029102
475.266667,0.432011429,0.00112031634
475.3,0.432048773,0.00112035376
475.333333,0.432086118,0.00112040391
475.366667,0.432123465,0.00112049817
475.4,0.432160815,0.00112056425
475.433333,0.432198167,0.00112062562
475.466667,0.432235521,0.00112068201
475.5,0.432272877,0.00112074474
475.533333,0.432310235,0.00112078129
475.566667,0.432347595,0.00112081719
475.6,0.432384955,0.00112085485
475.633333,0.432422317,0.00112092188
475.666667,0.432459681,0.00112099377
475.7,0.432497048,0.00112106868
475.733333,0.432534417,0.00112115004
475.766667,0.432571788,0.00112126482
475.8,0.432609164,0.00112135724
475.833333,0.432646542,0.00112142932
475.866667,0.432683923,0.00112149442
475.9,0.432721306,0.00112156366
475.933333,0.432758692,0.00112161959
475.966667,0.432796079,0.00112166847
476,0.432833468,0.00112172092
476.033333,0.432870859,0.00112179599
476.066667,0.432908252,0.00112188965
476.1,0.432945648,0.00112197263
476.133333,0.432983048,0.0011220583
476.166667,0.433020449,0.00112216036
476.2,0.433057855,0.00112226262
476.233333,0.433095264,0.00112233161
476.266667,0.433132675,0.00112239498
476.3,0.433170088,0.00112245913
476.333333,0.433207503,0.00112253251
476.366667,0.433244921,0.00112259308
476.4,0.433282341,0.00112265989
476.433333,0.433319763,0.00112274064
476.466667,0.433357187,0.001122865
476.5,0.433394616,0.00112296232
476.533333,0.433432048,0.00112306076
476.566667,0.433469484,0.0011231624
476.6,0.433506922,0.00112329741
476.633333,0.433544366,0.00112338336
476.666667,0.433581812,0.00112346736
476.7,0.433619261,0.00112354971
476.733333,0.433656712,0.0011236754
476.766667,0.433694168,0.00112377668
476.8,0.433731627,0.00112388473
476.833333,0.43376909,0.0011240014
476.866667,0.433806557,0.00112418469
476.9,0.43384403,0.00112433564
476.933333,0.433881508,0.00112447765
476.966667,0.43391899,0.0011246204
477,0.433956477,0.00112481049
477.033333,0.433993971,0.00112496669
477.066667,0.43403147,0.00112510744
477.1,0.434068974,0.00112525103
477.133333,0.434106482,0.00112544853
477.166667,0.434143997,0.00112564652
477.2,0.434181518,0.00112582781
477.233333,0.434219046,0.00112601811
477.266667,0.43425658,0.00112627065
477.3,0.434294122,0.00112653037
477.333333,0.434331673,0.00112674467
477.366667,0.434369232,0.00112695988
477.4,0.434406797,0.00112721787
477.433333,0.434444371,0.00112749521
477.466667,0.434481954,0.00112771793
477.5,0.434519545,0.00112794629
477.533333,0.434557143,0.00112821828
477.566667,0.43459475,0.00112855592
477.6,0.434632369,0.00112882483
477.633333,0.434669996,0.00112910119
477.666667,0.434707633,0.00112941304
477.7,0.43474528,0.00112981485
477.733333,0.43478294,0.00113010812
477.766667,0.434820611,0.0011304017
477.8,0.434858291,0.00113070881
477.833333,0.434895981,0.00113113223
477.866667,0.434933685,0.0011314356
477.9,0.4349714,0.00113174517
477.933333,0.435009125,0.00113206119
477.966667,0.43504686,0.00113254667
478,0.435084612,0.00113289161
478.033333,0.435122375,0.00113323907
478.066667,0.435160149,0.00113359045
478.1,0.435197936,0.00113409235
478.133333,0.435235739,0.00113446442
478.166667,0.435273554,0.00113481574
478.2,0.435311381,0.0011351664
478.233333,0.43534922,0.00113564738
478.266667,0.435387075,0.00113604239
478.3,0.435424943,0.00113640502
478.333333,0.435462824,0.00113677245
478.366667,0.435500716,0.00113726723
478.4,0.435538625,0.00113770993
478.433333,0.435576549,0.00113809402
478.466667,0.435614485,0.00113847831
478.5,0.435652434,0.00113896264
478.533333,0.4356904,0.00113941846
478.566667,0.43572838,0.00113979268
478.6,0.435766373,0.00114016549
478.633333,0.435804379,0.00114061789
478.666667,0.435842399,0.00114108971
478.7,0.435880436,0.00114146877
478.733333,0.435918485,0.00114185052
478.766667,0.435956546,0.00114229944
478.8,0.435994623,0.00114280634
478.833333,0.436032717,0.00114319153
478.866667,0.436070823,0.00114357422
478.9,0.436108942,0.00114399662
478.933333,0.436147075,0.00114450247
478.966667,0.436185225,0.00114486973
479,0.436223388,0.00114523564
479.033333,0.436261562,0.00114562384
479.066667,0.43629975,0.00114614076
479.1,0.436337954,0.00114651022
479.133333,0.436376171,0.00114688094
479.166667,0.436414401,0.00114725783
479.2,0.436452643,0.00114780022
479.233333,0.436490903,0.00114816713
479.266667,0.436529175,0.00114853063
479.3,0.436567459,0.00114889069
479.333333,0.436605756,0.0011493993
479.366667,0.436644069,0.00114976224
479.4,0.436682394,0.00115011181
479.433333,0.436720732,0.00115046137
479.466667,0.43675908,0.00115094902
479.5,0.436797445,0.00115133519
479.533333,0.436835823,0.00115169126
479.566667,0.436874213,0.00115204791
479.6,0.436912614,0.00115252329
479.633333,0.436951032,0.00115292435
479.666667,0.436989463,0.00115327336
479.7,0.437027905,0.00115362007
479.733333,0.437066359,0.00115406177
479.766667,0.437104828,0.0011544694
479.8,0.43714331,0.00115481372
479.833333,0.437181804,0.00115515972
479.866667,0.437220309,0.001155591
479.9,0.437258829,0.00115602988
479.933333,0.437297363,0.001156386
479.966667,0.437335909,0.00115674291
480,0.437374468,0.00115716572
480.033333,0.43741304,0.00115762463
480.066667,0.437451627,0.00115797856
480.1,0.437490226,0.00115833199
480.133333,0.437528838,0.0011587322
480.166667,0.437567462,0.0011592091
480.2,0.437606102,0.0011595689
480.233333,0.437644755,0.0011599318
480.266667,0.437683419,0.00116032877
480.3,0.437722097,0.0011608473
480.333333,0.437760791,0.00116122324
480.366667,0.437799499,0.00116160016
480.4,0.437838219,0.00116198992
480.433333,0.437876952,0.00116253506
480.466667,0.437915703,0.00116291313
480.5,0.437954467,0.00116329217
480.533333,0.437993243,0.00116367228
480.566667,0.438032032,0.00116423181
480.6,0.43807084,0.00116462972
480.633333,0.438109661,0.00116502387
480.666667,0.438148495,0.00116542142
480.7,0.438187343,0.00116598721
480.733333,0.438226209,0.00116642149
480.766667,0.43826509,0.00116682831
480.8,0.438303984,0.00116723569
480.833333,0.438342892,0.00116778783
480.866667,0.438381818,0.00116824541
480.9,0.438420759,0.00116865543
480.933333,0.438459715,0.00116906703
480.966667,0.438498684,0.00116960828
481,0.43853767,0.00117010069
481.033333,0.438576674,0.00117052476
481.066667,0.438615691,0.00117095115
481.1,0.438654723,0.00117148888
481.133333,0.438693773,0.00117201481
481.166667,0.43873284,0.00117244507
481.2,0.438771921,0.00117287497
481.233333,0.438811017,0.00117339103
481.266667,0.43885013,0.00117393679
481.3,0.438889261,0.00117436671
481.333333,0.438928407,0.0011747977
481.366667,0.438967567,0.00117529607
481.4,0.439006743,0.00117587264
481.433333,0.439045939,0.00117631037
481.466667,0.43908515,0.00117674866
481.5,0.439124374,0.00117723158
481.533333,0.439163616,0.00117783223
481.566667,0.439202877,0.00117826708
481.6,0.439242152,0.00117870045
481.633333,0.439281442,0.0011791539
481.666667,0.439320747,0.00117976609
481.7,0.439360073,0.00118019531
481.733333,0.439399413,0.00118062469
481.766667,0.439438767,0.00118105429
481.8,0.439478135,0.00118168833
481.833333,0.439517525,0.00118211805
481.866667,0.439556929,0.00118254646
481.9,0.439596347,0.00118297367
481.933333,0.43963578,0.00118357687
481.966667,0.439675232,0.00118401758
482,0.439714699,0.00118443448
482.033333,0.439754181,0.00118484931
482.066667,0.439793675,0.00118541506
482.1,0.439833189,0.00118586711
482.133333,0.439872718,0.00118627676
482.166667,0.439912261,0.00118668584
482.2,0.439951817,0.0011872254
482.233333,0.439991391,0.00118769316
482.266667,0.440030981,0.00118809666
482.3,0.440070584,0.00118849809
482.333333,0.440110201,0.00118900388
482.366667,0.440149834,0.00118947674
482.4,0.440189483,0.00118986677
482.433333,0.440229146,0.00119025496
482.466667,0.440268821,0.00119072626
482.5,0.440308512,0.00119120818
482.533333,0.440348219,0.00119159166
482.566667,0.440387938,0.00119197447
482.6,0.440427671,0.00119242126
482.633333,0.440467418,0.00119291635
482.666667,0.440507182,0.00119329311
482.7,0.440546959,0.00119366793
482.733333,0.440586747,0.00119408472
482.766667,0.44062655,0.00119458431
482.8,0.44066637,0.00119495054
482.833333,0.440706201,0.00119531585
482.866667,0.440746045,0.00119570533
482.9,0.440785902,0.00119621699
482.933333,0.440825776,0.0011965808
482.966667,0.440865662,0.00119694436
483,0.44090556,0.0011973142
483.033333,0.440945471,0.0011978414
483.066667,0.440985399,0.00119820132
483.1,0.441025339,0.00119856002
483.133333,0.441065291,0.00119891754
483.166667,0.441105255,0.00119943055
483.2,0.441145236,0.00119979706
483.233333,0.441185229,0.00120015214
483.266667,0.441225234,0.00120050743
483.3,0.441265251,0.00120100305
483.333333,0.441305284,0.0012013901
483.366667,0.441345331,0.00120174773
483.4,0.441385389,0.00120210556
483.433333,0.441425459,0.00120258507
483.466667,0.441465545,0.00120298977
483.5,0.441505645,0.00120334612
483.533333,0.441545757,0.00120370215
483.566667,0.44158588,0.00120416116
483.6,0.441626019,0.00120458345
483.633333,0.441666171,0.00120494096
483.666667,0.441706336,0.00120529934
483.7,0.441746513,0.00120574523
483.733333,0.441786704,0.00120619173
483.766667,0.441826911,0.00120655392
483.8,0.441867129,0.0012069164
483.833333,0.44190736,0.00120734745
483.866667,0.441947605,0.00120781351
483.9,0.441987865,0.00120817575
483.933333,0.442028138,0.00120853805
483.966667,0.442068422,0.00120895056
484,0.442108721,0.0012094365
484.033333,0.442149035,0.00120980135
484.066667,0.442189362,0.00121016703
484.1,0.442229701,0.00121056567
484.133333,0.442270053,0.00121107593
484.166667,0.442310422,0.00121144405
484.2,0.442350804,0.00121181204
484.233333,0.442391197,0.00121219328
484.266667,0.442431604,0.00121272114
484.3,0.442472028,0.00121308757
484.333333,0.442512464,0.00121345389
484.366667,0.442552912,0.0012138201
484.4,0.442593373,0.00121435542
484.433333,0.442633852,0.00121472769
484.466667,0.442674343,0.00121509499
484.5,0.442714846,0.00121546244
484.533333,0.442755361,0.0012159802
484.566667,0.442795894,0.00121637021
484.6,0.44283644,0.00121673554
484.633333,0.442876997,0.00121709999
484.666667,0.442917567,0.00121759312
484.7,0.442958154,0.00121799597
484.733333,0.442998754,0.0012183563
484.766667,0.443039366,0.00121871602
484.8,0.443079989,0.00121918573
484.833333,0.443120629,0.00121960344
484.866667,0.443161282,0.00121996086
484.9,0.443201948,0.00122031757
484.933333,0.443242625,0.00122076457
484.966667,0.443283317,0.00122119416
485,0.443324024,0.00122154512
485.033333,0.443364742,0.0012218946
485.066667,0.443405472,0.00122231394
485.1,0.443446215,0.00122275102
485.133333,0.443486974,0.00122309415
485.166667,0.443527744,0.00122343625
485.2,0.443568525,0.00122383043
485.233333,0.443609319,0.00122427741
485.266667,0.443650128,0.0012246147
485.3,0.443690949,0.00122495071
485.333333,0.443731781,0.00122532043
485.366667,0.443772625,0.00122577396
485.4,0.443813484,0.00122610233
485.433333,0.443854354,0.00122642904
485.466667,0.443895235,0.00122677181
485.5,0.443936127,0.00122722914
485.533333,0.443977035,0.00122754914
485.566667,0.444017953,0.00122786809
485.6,0.444058882,0.00122818738
485.633333,0.444099822,0.00122865192
485.666667,0.444140777,0.00122896565
485.7,0.444181742,0.00122927803
485.733333,0.444222718,0.00122958903
485.766667,0.444263704,0.00123002935
485.8,0.444304705,0.00123034893
485.833333,0.444345717,0.0012306529
485.866667,0.444386739,0.00123095557
485.9,0.444427771,0.00123136995
485.933333,0.444468816,0.00123169816
485.966667,0.444509873,0.00123199649
486,0.444550939,0.00123229412
486.033333,0.444592016,0.00123268751
486.066667,0.444633106,0.00123302595
486.1,0.444674206,0.0012333196
486.133333,0.444715317,0.00123361225
486.166667,0.444756437,0.00123398376
486.2,0.44479757,0.00123433041
486.233333,0.444838715,0.00123461864
486.266667,0.444879869,0.00123490622
486.3,0.444921032,0.00123525779
486.333333,0.444962207,0.00123561537
486.366667,0.445003395,0.00123590134
486.4,0.445044591,0.00123618708
486.433333,0.445085797,0.00123652241
486.466667,0.445127015,0.00123689249
486.5,0.445168245,0.00123717647
486.533333,0.445209484,0.00123745997
486.566667,0.445250733,0.001237778
486.6,0.445291992,0.00123815902
486.633333,0.445333264,0.00123844081
486.666667,0.445374545,0.00123872256
486.7,0.445415836,0.00123902501
486.733333,0.445457137,0.00123942014
486.766667,0.445498451,0.00123970243
486.8,0.445539774,0.00123998481
486.833333,0.445581107,0.00124027372
486.866667,0.445622449,0.00124068364
486.9,0.445663806,0.00124096567
486.933333,0.445705171,0.00124124753
486.966667,0.445746546,0.00124152922
487,0.44578793,0.00124193651
487.033333,0.445829328,0.00124222598
487.066667,0.445870736,0.00124250781
487.1,0.445912153,0.00124278985
487.133333,0.445953579,0.00124318424
487.166667,0.445995018,0.00124348933
487.2,0.446036468,0.00124377229
487.233333,0.446077927,0.00124405528
487.266667,0.446119396,0.00124443584
487.3,0.446160877,0.00124475482
487.333333,0.446202369,0.00124503705
487.366667,0.44624387,0.00124531909
487.4,0.446285381,0.00124568397
487.433333,0.446326903,0.00124601643
487.466667,0.446368437,0.00124629824
487.5,0.446409981,0.0012465801
487.533333,0.446451533,0.0012469308
487.566667,0.446493098,0.00124727754
487.6,0.446534673,0.00124755897
487.633333,0.446576259,0.00124784008
487.666667,0.446617853,0.00124817492
487.7,0.446659459,0.00124853325
487.733333,0.446701077,0.00124881216
487.766667,0.446742704,0.00124909062
487.8,0.44678434,0.0012494082
487.833333,0.446825987,0.00124977751
487.866667,0.446867647,0.00125005426
487.9,0.446909315,0.00125033066
487.933333,0.446950993,0.00125063203
487.966667,0.446992681,0.00125101233
488,0.447034381,0.00125128628
488.033333,0.44707609,0.00125155949
488.066667,0.447117809,0.00125184312
488.1,0.447159537,0.0012522313
488.133333,0.447201278,0.00125250066
488.166667,0.447243028,0.00125276929
488.2,0.447284787,0.00125303721
488.233333,0.447326555,0.00125342798
488.266667,0.447368336,0.00125369596
488.3,0.447410126,0.00125396075
488.333333,0.447451925,0.00125422485
488.366667,0.447493732,0.00125459643
488.4,0.447535552,0.00125487304
488.433333,0.447577381,0.00125513288
488.466667,0.447619219,0.00125539173
488.5,0.447661065,0.0012557425
488.533333,0.447702923,0.00125602622
488.566667,0.447744791,0.00125628064
488.6,0.447786667,0.00125653427
488.633333,0.447828551,0.00125686579
488.666667,0.447870447,0.00125715738
488.7,0.447912352,0.00125740745
488.733333,0.447954266,0.00125765672
488.766667,0.447996188,0.00125796984
488.8,0.44803812,0.00125826834
488.833333,0.448080062,0.0012585133
488.866667,0.448122013,0.00125875736
488.9,0.448163971,0.00125905162
488.933333,0.44820594,0.00125935639
488.966667,0.448247918,0.00125959674
489,0.448289905,0.00125983648
489.033333,0.448331899,0.00126011399
489.066667,0.448373903,0.0012604265
489.1,0.448415917,0.00126066349
489.133333,0.448457939,0.00126089986
489.166667,0.448499969,0.00126116149
489.2,0.448542008,0.00126148117
489.233333,0.448584058,0.00126171442
489.266667,0.448626115,0.0012619471
489.3,0.44866818,0.00126219303
489.333333,0.448710253,0.00126252019
489.366667,0.448752337,0.00126275084
489.4,0.448794428,0.00126298123
489.433333,0.448836528,0.00126321345
489.466667,0.448878635,0.00126355003
489.5,0.448920753,0.00126377917
489.533333,0.448962879,0.00126400799
489.566667,0.449005013,0.00126423651
489.6,0.449047154,0.00126456314
489.633333,0.449089306,0.0012648
489.666667,0.449131466,0.00126502721
489.7,0.449173634,0.00126525425
489.733333,0.449215809,0.00126556792
489.766667,0.449257994,0.00126581577
489.8,0.449300188,0.00126604274
489.833333,0.44934239,0.00126626975
489.866667,0.449384599,0.00126657211
489.9,0.449426818,0.00126683157
489.933333,0.449469046,0.00126705851
489.966667,0.449511281,0.00126728539
490,0.449553524,0.00126757591
490.033333,0.449595776,0.00126784656
490.066667,0.449638038,0.00126807338
490.1,0.449680307,0.0012683003
490.133333,0.449722584,0.00126857971
490.166667,0.44976487,0.00126886271
490.2,0.449807165,0.00126909039
490.233333,0.449849468,0.0012693182
490.266667,0.449891779,0.00126958713
490.3,0.449934098,0.0012698825
490.333333,0.449976428,0.0012701106
490.366667,0.450018765,0.0012703387
490.4,0.450061109,0.00127059621
490.433333,0.450103462,0.00127090325
490.466667,0.450145826,0.00127113154
490.5,0.450188197,0.00127135995
490.533333,0.450230576,0.00127160638
490.566667,0.450272962,0.00127192583
490.6,0.45031536,0.00127215475
490.633333,0.450357765,0.00127238368
490.666667,0.450400178,0.00127261894
490.7,0.450442599,0.00127295007
490.733333,0.45048503,0.00127317869
490.766667,0.450527469,0.00127340719
490.8,0.450569916,0.00127363557
490.833333,0.450612371,0.00127396682
490.866667,0.450654836,0.00127420016
490.9,0.45069731,0.00127442819
490.933333,0.450739791,0.00127465615
490.966667,0.450782279,0.00127497531
491,0.450824778,0.00127521967
491.033333,0.450867286,0.001275447
491.066667,0.450909801,0.0012756741
491.1,0.450952323,0.0012759801
491.133333,0.450994856,0.00127623429
491.166667,0.451037397,0.00127645996
491.2,0.451079946,0.00127668533
491.233333,0.451122502,0.00127697763
491.266667,0.451165068,0.0012772414
491.3,0.451207642,0.0012774655
491.333333,0.451250225,0.00127768934
491.366667,0.451292814,0.00127796835
491.4,0.451335413,0.00127824143
491.433333,0.451378021,0.00127846362
491.466667,0.451420637,0.00127868539
491.5,0.45146326,0.00127895037
491.533333,0.451505891,0.00127923161
491.566667,0.451548532,0.00127945128
491.6,0.451591181,0.00127967055
491.633333,0.451633836,0.00127992159
491.666667,0.4516765,0.00128021105
491.7,0.451719174,0.00128042857
491.733333,0.451761855,0.00128064573
491.766667,0.451804543,0.0012808834
491.8,0.451847239,0.0012811809
491.833333,0.451889945,0.00128139604
491.866667,0.451932659,0.00128161072
491.9,0.451975379,0.00128183477
491.933333,0.452018107,0.00128213958
491.966667,0.452060845,0.00128235224
492,0.45210359,0.00128256456
492.033333,0.452146342,0.00128277654
492.066667,0.452189101,0.0012830873
492.1,0.452231871,0.00128329911
492.133333,0.452274647,0.00128350963
492.166667,0.452317431,0.00128371983
492.2,0.452360222,0.00128401734
492.233333,0.452403022,0.00128423788
492.266667,0.45244583,0.0012844465
492.3,0.452488645,0.00128465482
492.333333,0.452531467,0.00128493931
492.366667,0.452574298,0.00128516874
492.4,0.452617137,0.00128537599
492.433333,0.452659983,0.00128558308
492.466667,0.452702836,0.00128585574
492.5,0.452745698,0.00128609475
492.533333,0.452788568,0.00128630121
492.566667,0.452831444,0.00128650753
492.6,0.452874328,0.00128676873
492.633333,0.45291722,0.00128701728
492.666667,0.452960121,0.00128722301
492.7,0.453003028,0.00128742866
492.733333,0.453045942,0.00128767878
492.766667,0.453088865,0.00128793742
492.8,0.453131796,0.00128814307
492.833333,0.453174734,0.00128834877
492.866667,0.453217679,0.00128858869
492.9,0.453260632,0.00128885814
492.933333,0.453303594,0.0012890641
492.966667,0.453346563,0.0012892701
493,0.453389539,0.0012894999
493.033333,0.453432522,0.00128978016
493.066667,0.453475515,0.00128998646
493.1,0.453518514,0.00129019288
493.133333,0.453561521,0.00129041278
493.166667,0.453604534,0.00129070448
493.2,0.453647558,0.00129091165
493.233333,0.453690588,0.00129111899
493.266667,0.453733626,0.00129132939
493.3,0.45377667,0.00129163052
493.333333,0.453819724,0.00129180358
493.366667,0.453862784,0.0012919055
493.4,0.453905848,0.00129192999
493.433333,0.453948912,0.00129159168
493.466667,0.453991965,0.00129099564
493.5,0.454034999,0.00129025487
493.533333,0.454078007,0.00128937212
493.566667,0.454120986,0.001287963
493.6,0.454163918,0.00128690497
493.633333,0.454206815,0.00128604556
493.666667,0.454249683,0.00128528793
493.7,0.454292526,0.00128452635
493.733333,0.454335344,0.00128402871
493.766667,0.454378145,0.00128357717
493.8,0.454420931,0.00128308743
493.833333,0.4544637,0.00128228689
493.866667,0.454506443,0.00128128254
493.9,0.454549152,0.00128031712
493.933333,0.45459183,0.0012792955
493.966667,0.454634473,0.00127800268
494,0.454677073,0.00127684893
494.033333,0.454719635,0.00127607404
494.066667,0.45476217,0.00127540176
494.1,0.454804684,0.00127476388
494.133333,0.454847176,0.00127417236
494.166667,0.454889648,0.00127366086
494.2,0.454932104,0.00127307792
494.233333,0.45497454,0.00127228678
494.266667,0.455016949,0.00127108964
494.3,0.455059319,0.00127009331
494.333333,0.455101655,0.00126908536
494.366667,0.455143958,0.00126800108
494.4,0.455186225,0.00126678912
494.433333,0.455228451,0.00126608186
494.466667,0.455270654,0.0012654484
494.5,0.455312835,0.00126487121
494.533333,0.455354998,0.00126409297
494.566667,0.455397134,0.00126345189
494.6,0.455439249,0.00126271956
494.633333,0.45548134,0.00126189384
494.666667,0.455523403,0.0012604545
494.7,0.455565418,0.0012593704
494.733333,0.455607397,0.0012583294
494.766667,0.455649342,0.00125731733
494.8,0.455691252,0.00125606836
494.833333,0.455733121,0.00125527679
494.866667,0.455774964,0.00125458628
494.9,0.455816783,0.00125392679
494.933333,0.455858581,0.00125300279
494.966667,0.455900348,0.00125209949
495,0.455942084,0.00125118659
495.033333,0.45598379,0.00125019365
495.066667,0.456025464,0.00124876146
495.1,0.456067089,0.00124743881
495.133333,0.45610867,0.00124635834
495.166667,0.456150215,0.00124532872
495.2,0.456191726,0.00124416677
495.233333,0.456233199,0.00124318289
495.266667,0.456274638,0.00124241219
495.3,0.456316052,0.00124163932
495.333333,0.45635744,0.00124066431
495.366667,0.456398795,0.0012394748
495.4,0.456440111,0.00123843107
495.433333,0.456481392,0.0012373336
495.466667,0.456522637,0.00123600576
495.5,0.456563837,0.00123449664
495.533333,0.456604987,0.00123343593
495.566667,0.456646101,0.00123243777
495.6,0.456687182,0.00123142731
495.633333,0.45672823,0.00123030293
495.666667,0.45676924,0.0012295031
495.7,0.456810224,0.00122867879
495.733333,0.45685118,0.00122777455
495.766667,0.456892105,0.00122639141
495.8,0.456932985,0.00122532541
495.833333,0.456973829,0.00122423741
495.866667,0.457014637,0.00122313049
495.9,0.457055408,0.00122156964
495.933333,0.457096127,0.00122062153
495.966667,0.457136815,0.00121973708
496,0.457177472,0.00121891408
496.033333,0.457218103,0.00121784625
496.066667,0.457258698,0.00121706063
496.1,0.457299266,0.00121627515
496.133333,0.457339809,0.00121545266
496.166667,0.457380324,0.00121421011
496.2,0.457420798,0.00121314323
496.233333,0.457461236,0.00121217571
496.266667,0.457501642,0.00121122008
496.3,0.457542016,0.0012100382
496.333333,0.45758235,0.00120914055
496.366667,0.457622655,0.00120843293
496.4,0.457662936,0.0012077703
496.433333,0.457703195,0.00120698174
496.466667,0.457743428,0.00120621808
496.5,0.457783635,0.00120553536
496.533333,0.45782382,0.00120481626
496.566667,0.45786398,0.00120387119
496.6,0.457904109,0.0012028569
496.633333,0.457944204,0.00120206903
496.666667,0.457984273,0.00120131253
496.7,0.458024317,0.00120049464
496.733333,0.458064334,0.00119969686
496.766667,0.458104324,0.00119907826
496.8,0.458144293,0.00119839753
496.833333,0.458184239,0.00119751136
496.866667,0.458224156,0.00119602786
496.9,0.458264024,0.00119464704
496.933333,0.458303846,0.00119314084
496.966667,0.458343617,0.00119139469
497,0.45838333,0.00118907369
497.033333,0.458422966,0.00118757809
497.066667,0.458462552,0.00118621185
497.1,0.458502092,0.00118496325
497.133333,0.458541591,0.00118349136
497.166667,0.458581041,0.00118254473
497.2,0.458620459,0.00118154306
497.233333,0.458659844,0.0011804794
497.266667,0.458699193,0.0011786307
497.3,0.458738481,0.00117707995
497.333333,0.458777717,0.00117551942
497.366667,0.458816901,0.00117391822
497.4,0.458856031,0.00117177223
497.433333,0.45889509,0.00117031927
497.466667,0.458934101,0.00116912007
497.5,0.458973072,0.00116803343
497.533333,0.459012006,0.00116675536
497.566667,0.459050898,0.00116567684
497.6,0.459089754,0.00116462865
497.633333,0.459128575,0.00116349043
497.666667,0.459167358,0.00116179294
497.7,0.459206084,0.00116002509
497.733333,0.459244752,0.00115849558
497.766667,0.459283368,0.00115697353
497.8,0.459321934,0.00115517707
497.833333,0.45936044,0.00115362175
497.866667,0.459398894,0.00115250234
497.9,0.459437311,0.00115145151
497.933333,0.459475692,0.00115027436
497.966667,0.459514035,0.00114892928
498,0.459552333,0.00114774542
498.033333,0.459590591,0.00114646255
498.066667,0.459628806,0.0011448516
498.1,0.459666968,0.00114278347
498.133333,0.459705061,0.00114123003
498.166667,0.459743102,0.00113972024
498.2,0.459781092,0.00113815471
498.233333,0.459819031,0.00113639715
498.266667,0.459856911,0.0011352552
498.3,0.459894753,0.00113413903
498.333333,0.459932557,0.00113299973
498.366667,0.459970324,0.00113128911
498.4,0.460008034,0.00112993623
498.433333,0.460045698,0.00112849681
498.466667,0.460083315,0.00112697215
498.5,0.46012088,0.00112462726
498.533333,0.460158368,0.00112303791
498.566667,0.460195803,0.00112154046
498.6,0.460233187,0.00112011341
498.633333,0.460270524,0.00111830586
498.666667,0.460307801,0.00111704887
498.7,0.460345036,0.00111586562
498.733333,0.460382232,0.00111466896
498.766667,0.460419387,0.00111291739
498.8,0.460456485,0.00111131534
498.833333,0.460493528,0.00110980307
498.866667,0.460530522,0.00110824391
498.9,0.460567463,0.00110617292
498.933333,0.460604336,0.00110441771
498.966667,0.46064115,0.00110301037
499,0.460677917,0.0011016773
499.033333,0.460714639,0.00110013777
499.066667,0.460751311,0.00109873769
499.1,0.460787935,0.00109756896
499.133333,0.460824521,0.00109636752
499.166667,0.460861066,0.00109482854
499.2,0.460897561,0.0010930657
499.233333,0.460933996,0.00109162014
499.266667,0.460970383,0.00109016695
499.3,0.461006722,0.00108850206
499.333333,0.461043006,0.00108674522
499.366667,0.461079231,0.0010855343
499.4,0.461115415,0.00108439076
499.433333,0.461151561,0.0010832103
499.466667,0.461187668,0.00108181558
499.5,0.461223729,0.00108076386
499.533333,0.461259754,0.00107967099
499.566667,0.461295743,0.00107846284
499.6,0.461331692,0.00107671895
499.633333,0.461367583,0.00107546541
499.666667,0.461403432,0.00107423655
499.7,0.46143924,0.00107303131
499.733333,0.461475007,0.00107144457
499.766667,0.461510722,0.00107049947
499.8,0.461546405,0.00106960477
499.833333,0.461582059,0.00106875692
499.866667,0.461617684,0.00106757582
499.9,0.46165327,0.0010666618
499.933333,0.461688825,0.0010657427
499.966667,0.46172435,0.00106478413
500,0.461759843,0.00106339086
500.033333,0.461795289,0.00106228626
500.066667,0.461830699,0.00106132469
500.1,0.461866076,0.00106040821
500.133333,0.461901423,0.00105932416
500.166667,0.461936734,0.0010585166
500.2,0.461972018,0.00105785537
500.233333,0.46200728,0.00105721397
500.266667,0.46204252,0.00105638996
500.3,0.462077733,0.00105554658
500.333333,0.462112918,0.00105479052
500.366667,0.462148078,0.00105400474
500.4,0.462183211,0.00105300487
500.433333,0.462218312,0.0010520123
500.466667,0.462253379,0.00105127698
500.5,0.462288421,0.00105058952
500.533333,0.462323441,0.0010498652
500.566667,0.462358436,0.00104917169
500.6,0.462393409,0.00104866224
500.633333,0.462428364,0.00104814737
500.666667,0.462463302,0.00104754609
500.7,0.462498221,0.00104673296
500.733333,0.462533112,0.00104607337
500.766667,0.462567981,0.00104539521
500.8,0.462602827,0.00104465009
500.833333,0.462637649,0.0010437194
500.866667,0.46267244,0.00104312156
500.9,0.46270721,0.00104256552
500.933333,0.462741963,0.00104204188
500.966667,0.462776697,0.00104137454
501,0.46281141,0.00104091482
501.033333,0.462846107,0.00104043077
501.066667,0.462880788,0.00103992064
501.1,0.462915452,0.0010390834
501.133333,0.462950088,0.00103843215
501.166667,0.462984702,0.00103779114
501.2,0.463019295,0.00103714717
501.233333,0.463053867,0.00103629354
501.266667,0.46308841,0.00103570488
501.3,0.463122934,0.00103519599
501.333333,0.46315744,0.00103471509
501.366667,0.463191931,0.00103410012
501.4,0.463226401,0.00103356251
501.433333,0.463260853,0.00103304982
501.466667,0.463295288,0.00103250651
501.5,0.463329705,0.00103173536
501.533333,0.463364096,0.00103098643
501.566667,0.463398462,0.00103035351
501.6,0.463432807,0.00102973135
501.633333,0.463467132,0.00102899817
501.666667,0.463501431,0.00102834809
501.7,0.46353571,0.00102785581
501.733333,0.463569972,0.00102737873
501.766667,0.463604218,0.00102681975
501.8,0.463638445,0.00102618474
501.833333,0.463672651,0.00102564725
501.866667,0.463706839,0.00102508379
501.9,0.463741009,0.00102440285
501.933333,0.463775156,0.00102358446
501.966667,0.463809275,0.00102298749
502,0.463843375,0.00102241312
502.033333,0.463877455,0.00102182028
502.066667,0.463911516,0.00102115107
502.1,0.463945554,0.00102070263
502.133333,0.463979577,0.00102025993
502.166667,0.464013586,0.00101980156
502.2,0.46404758,0.00101913215
502.233333,0.464081551,0.00101862606
502.266667,0.464115505,0.0010181044
502.3,0.464149442,0.00101756794
502.333333,0.464183361,0.00101678483
502.366667,0.464217253,0.00101628284
502.4,0.464251129,0.00101581609
502.433333,0.46428499,0.00101537956
502.466667,0.464318836,0.00101483604
502.5,0.464352664,0.00101446372
502.533333,0.464386479,0.00101411281
502.566667,0.464420283,0.00101375967
502.6,0.464454075,0.00101324947
502.633333,0.46448785,0.00101280338
502.666667,0.46452161,0.00101239474
502.7,0.464555357,0.00101198524
502.733333,0.46458909,0.00101146832
502.766667,0.464622805,0.00101106574
502.8,0.464656507,0.00101075912
502.833333,0.464690199,0.00101048129
502.866667,0.464723882,0.00101017944
502.9,0.464757555,0.00100991926
502.933333,0.464791219,0.00100970181
502.966667,0.464824875,0.001009478
503,0.464858525,0.00100918832
503.033333,0.464892164,0.00100886377
503.066667,0.464925793,0.00100860786
503.1,0.464959413,0.00100836112
503.133333,0.464993025,0.00100809705
503.166667,0.465026629,0.00100786224
503.2,0.465060224,0.00100772709
503.233333,0.465093815,0.00100761407
503.266667,0.465127402,0.00100751516
503.3,0.465160986,0.001007411
503.333333,0.465194566,0.00100732532
503.366667,0.465228144,0.00100722997
503.4,0.465261718,0.00100711613
503.433333,0.465295289,0.00100694571
503.466667,0.465328853,0.00100683202
503.5,0.465362415,0.00100673261
503.533333,0.465395972,0.00100664833
503.566667,0.465429527,0.00100658889
503.6,0.46546308,0.00100658795
503.633333,0.465496633,0.00100659908
503.666667,0.465530186,0.00100662114
503.7,0.46556374,0.00100665199
503.733333,0.465597296,0.00100665537
503.766667,0.465630851,0.00100664603
503.8,0.465664406,0.00100662602
503.833333,0.46569796,0.00100658428
503.866667,0.465731513,0.00100656061
503.9,0.465765065,0.00100655528
503.933333,0.465798616,0.00100656488
503.966667,0.465832169,0.00100661596
504,0.465865722,0.00100668952
504.033333,0.465899279,0.00100675913
504.066667,0.465932837,0.00100682902
504.1,0.465966398,0.00100690607
504.133333,0.465999962,0.00100694905
504.166667,0.466033527,0.00100696873
504.2,0.466067093,0.00100697972
504.233333,0.466100658,0.00100698455
504.266667,0.466134225,0.00100700042
504.3,0.466167791,0.00100703041
504.333333,0.466201359,0.00100707279
504.366667,0.466234928,0.00100714325
504.4,0.4662685,0.00100723905
504.433333,0.466302074,0.00100731058
504.466667,0.466335651,0.00100737508
504.5,0.46636923,0.00100743405
504.533333,0.466402812,0.00100747027
504.566667,0.466436394,0.00100748009
504.6,0.466469977,0.00100748535
504.633333,0.466503559,0.00100748771
504.666667,0.466537142,0.001007506
504.7,0.466570726,0.00100753785
504.733333,0.46660431,0.00100757967
504.766667,0.466637896,0.00100763332
504.8,0.466671484,0.00100771927
504.833333,0.466705075,0.0010077708
504.866667,0.466738667,0.00100781243
504.9,0.466772261,0.00100784381
504.933333,0.466805856,0.00100785931
504.966667,0.466839451,0.0010078574
505,0.466873046,0.00100785663
505.033333,0.466906641,0.00100785787
505.066667,0.466940237,0.0010078794
505.1,0.466973833,0.00100791822
505.133333,0.46700743,0.0010079642
505.166667,0.467041029,0.00100801731
505.2,0.467074629,0.00100809449
505.233333,0.467108233,0.00100814946
505.266667,0.467141838,0.0010081883
505.3,0.467175444,0.00100821935
505.333333,0.467209051,0.0010082452
505.366667,0.467242659,0.00100826468
505.4,0.467276268,0.00100828832
505.433333,0.467309878,0.0010083195
505.466667,0.467343488,0.00100837793
505.5,0.467377101,0.00100846234
505.533333,0.467410716,0.00100854293
505.566667,0.467444334,0.00100862856
505.6,0.467477955,0.00100873484
505.633333,0.46751158,0.00100884021
505.666667,0.467545208,0.00100891483
505.7,0.467578838,0.0010089857
505.733333,0.467612471,0.00100906283
505.766667,0.467646107,0.00100915867
505.8,0.467679745,0.00100924484
505.833333,0.467713387,0.00100934211
505.866667,0.467747032,0.00100946453
505.9,0.46778068,0.00100964831
505.933333,0.467814335,0.00100979426
505.966667,0.467847995,0.00100994297
506,0.46788166,0.00101010058
506.033333,0.46791533,0.00101030917
506.066667,0.467949007,0.00101044979
506.1,0.467982689,0.00101059024
506.133333,0.468016375,0.0010107308
506.166667,0.468050066,0.00101095214
506.2,0.468083764,0.00101112207
506.233333,0.468117468,0.001011303
506.266667,0.468151178,0.00101149533
506.3,0.468184895,0.00101179315
506.333333,0.468218621,0.00101202465
506.366667,0.468252356,0.00101224435
506.4,0.468286097,0.00101246365
506.433333,0.468319846,0.00101275763
506.466667,0.468353604,0.00101299024
506.5,0.468387371,0.00101320206
506.533333,0.468421144,0.00101341638
506.566667,0.468454925,0.00101371093
506.6,0.468488715,0.00101398876
506.633333,0.468522515,0.00101424097
506.666667,0.468556323,0.00101450125
506.7,0.468590139,0.00101484342
506.733333,0.468623968,0.00101517334
506.766667,0.468657807,0.00101544357
506.8,0.468691655,0.0010157107
506.833333,0.468725512,0.00101602898
506.866667,0.468759379,0.0010163514
506.9,0.468793258,0.00101660897
506.933333,0.468827145,0.00101686952
506.966667,0.46886104,0.00101718039
507,0.468894946,0.00101754531
507.033333,0.468928865,0.00101783338
507.066667,0.468962792,0.00101812499
507.1,0.46899673,0.00101845378
507.133333,0.469030678,0.00101885005
507.166667,0.46906464,0.00101913379
507.2,0.469098611,0.00101941237
507.233333,0.469132592,0.00101970274
507.266667,0.469166582,0.00102007808
507.3,0.469200584,0.00102034445
507.333333,0.469234596,0.00102061349
507.366667,0.469268616,0.00102088958
507.4,0.469302646,0.00102129836
507.433333,0.469336689,0.0010215832
507.466667,0.469370742,0.00102186751
507.5,0.469404804,0.00102215096
507.533333,0.469438876,0.00102254795
507.566667,0.469472961,0.00102282208
507.6,0.469507055,0.00102308056
507.633333,0.469541158,0.0010233338
507.666667,0.469575269,0.00102367744
507.7,0.469609391,0.00102394652
507.733333,0.469643523,0.00102419671
507.766667,0.469677663,0.00102444923
507.8,0.469711811,0.00102479246
507.833333,0.469745971,0.00102508609
507.866667,0.46978014,0.00102534138
507.9,0.469814318,0.00102559351
507.933333,0.469848505,0.00102590821
507.966667,0.469882702,0.00102618589
508,0.469916908,0.0010264133
508.033333,0.469951122,0.00102663732
508.066667,0.469985343,0.00102691066
508.1,0.470019573,0.00102718685
508.133333,0.470053813,0.00102741344
508.166667,0.47008806,0.0010276424
508.2,0.470122315,0.00102791729
508.233333,0.470156579,0.00102821715
508.266667,0.470190853,0.00102844612
508.3,0.470225134,0.00102867164
508.333333,0.470259423,0.00102892165
508.366667,0.470293721,0.00102920645
508.4,0.470328027,0.00102941482
508.433333,0.470362341,0.00102962265
508.466667,0.470396662,0.00102984803
508.5,0.47043099,0.00103014393
508.533333,0.470465328,0.00103036264
508.566667,0.470499674,0.00103058414
508.6,0.470534027,0.00103081584
508.633333,0.470568387,0.00103114109
508.666667,0.470602759,0.001031364
508.7,0.470637137,0.00103158439
508.733333,0.470671523,0.00103180223
508.766667,0.470705917,0.00103211392
508.8,0.470740321,0.00103233128
508.833333,0.470774732,0.00103254706
508.866667,0.47080915,0.00103276521
508.9,0.470843575,0.00103308162
508.933333,0.470878012,0.00103333052
508.966667,0.470912456,0.00103356684
509,0.470946908,0.0010338057
509.033333,0.470981368,0.00103413177
509.066667,0.471015839,0.00103439946
509.1,0.471050319,0.00103463703
509.133333,0.471084807,0.00103487356
509.166667,0.471119303,0.00103518118
509.2,0.471153809,0.00103546001
509.233333,0.471188324,0.00103570268
509.266667,0.471222848,0.00103594905
509.3,0.471257379,0.00103626604
509.333333,0.471291922,0.00103658387
509.366667,0.471326474,0.00103684786
509.4,0.471361036,0.00103711342
509.433333,0.471395606,0.00103743408
509.466667,0.471430188,0.0010377711
509.5,0.47146478,0.00103803482
509.533333,0.471499381,0.00103829825
509.566667,0.471533991,0.00103860204
509.6,0.471568611,0.00103895477
509.633333,0.471603243,0.00103922666
509.666667,0.471637884,0.00103950198
509.7,0.471672534,0.00103981011
509.733333,0.471707194,0.00104020121
509.766667,0.471741868,0.00104048817
509.8,0.471776551,0.00104077496
509.833333,0.471811243,0.0010410759
509.866667,0.471845946,0.00104147928
509.9,0.471880662,0.00104176023
509.933333,0.471915387,0.00104204078
509.966667,0.471950122,0.00104232124
510,0.471984866,0.00104272965
510.033333,0.472019623,0.00104291363
510.066667,0.472054387,0.00104290566
510.1,0.472089151,0.00104268991
510.133333,0.472123907,0.00104146412
510.166667,0.472158622,0.00103970091
510.2,0.472193279,0.00103763177
510.233333,0.472227867,0.00103524483
510.266667,0.472262375,0.00103159692
510.3,0.472296762,0.00102884045
510.333333,0.472331056,0.00102662621
510.366667,0.472365277,0.00102466131
510.4,0.472399433,0.00102262544
510.433333,0.47243352,0.0010211612
510.466667,0.472467559,0.00101981413
510.5,0.472501553,0.00101834325
510.533333,0.472535497,0.00101603003
510.566667,0.472569365,0.00101319539
510.6,0.472603138,0.00101056116
510.633333,0.472636824,0.0010078139
510.666667,0.472670417,0.00100442242
510.7,0.472703898,0.00100133455
510.733333,0.472737276,0.000999253541
510.766667,0.472770584,0.000997410632
510.8,0.472803831,0.000995598009
510.833333,0.472837018,0.000993768088
510.866667,0.472870144,0.000992196333
510.9,0.472903217,0.000990433524
510.933333,0.472936231,0.000988138667
510.966667,0.472969169,0.000984744666
511,0.473001994,0.000982017051
511.033333,0.473034728,0.000979287155
511.066667,0.473067371,0.000976410696
511.1,0.473099918,0.000973112174
511.133333,0.473132355,0.000971162824
511.166667,0.473164727,0.00096937725
511.2,0.47319704,0.000967720532
511.233333,0.473229297,0.000965367568
511.266667,0.473261476,0.000963475555
511.3,0.473293592,0.000961359561
511.333333,0.473325637,0.000959018533
511.366667,0.473357604,0.000955118203
511.4,0.473389442,0.000952185118
511.433333,0.473421181,0.000949422777
511.466667,0.473452829,0.000946753053
511.5,0.473484387,0.000943472319
511.533333,0.473515836,0.000941304188
511.566667,0.473547213,0.000939409145
511.6,0.473578526,0.000937572237
511.633333,0.473609779,0.000935003691
511.666667,0.473640946,0.000932478744
511.7,0.473672028,0.00092999591
511.733333,0.473703028,0.000927331149
511.766667,0.473733939,0.00092360368
511.8,0.473764726,0.000920145591
511.833333,0.473795398,0.000917370227
511.866667,0.473825977,0.000914732593
511.9,0.473856468,0.000911775741
511.933333,0.47388686,0.000909182124
511.966667,0.473917166,0.000907148843
512,0.473947404,0.000905095334
512.033333,0.473977574,0.000902527625
512.066667,0.474007659,0.000899360578
512.1,0.474037637,0.000896643289
512.133333,0.474067525,0.000893812106
512.166667,0.474097319,0.000890463913
512.2,0.474127001,0.000886620838
512.233333,0.474156555,0.000883960063
512.266667,0.474186021,0.000881455038
512.3,0.474215402,0.000878937579
512.333333,0.4742447,0.000876035875
512.366667,0.474273902,0.000873965768
512.4,0.474303034,0.000871823052
512.433333,0.474332095,0.000869499667
512.466667,0.474361078,0.000865893328
512.5,0.474389941,0.000863167315
512.533333,0.474418713,0.000860403514
512.566667,0.474447393,0.000857610734
512.6,0.47447598,0.000853730203
512.633333,0.474504438,0.000851319281
512.666667,0.474532815,0.000849091127
512.7,0.474561118,0.000847003287
512.733333,0.474589352,0.000844269863
512.766667,0.474617494,0.000842184097
512.8,0.474645567,0.000840119141
512.833333,0.474673571,0.000837955963
512.866667,0.474701503,0.000834744456
512.9,0.474729328,0.000831954624
512.933333,0.474757059,0.00082946587
512.966667,0.474784708,0.000827016453
513,0.474812275,0.000824014775
513.033333,0.474839743,0.000821661372
513.066667,0.474867131,0.000819804032
513.1,0.474894458,0.000818041101
513.133333,0.474921726,0.000815920314
513.166667,0.474948924,0.000813793723
513.2,0.47497605,0.000811915031
513.233333,0.475003114,0.000809943645
513.266667,0.475030112,0.000807404085
513.3,0.475057025,0.000804646139
513.333333,0.475083847,0.000802530518
513.366667,0.475110598,0.000800496447
513.4,0.475137281,0.00079830462
513.433333,0.475163891,0.000796131309
513.466667,0.475190429,0.000794629052
513.5,0.475216917,0.00079316813
513.533333,0.475243356,0.000791577279
513.566667,0.475269742,0.000789473745
513.6,0.475296057,0.000787783926
513.633333,0.475322317,0.000786017497
513.666667,0.475348517,0.000784066207
513.7,0.475374653,0.00078140627
513.733333,0.4754007,0.000779632625
513.766667,0.475426688,0.000777957451
513.8,0.475452619,0.000776378314
513.833333,0.475478499,0.000774360229
513.866667,0.475504311,0.000773095438
513.9,0.475530081,0.000771820434
513.933333,0.475555808,0.000770529645
513.966667,0.475581492,0.000768509442
514,0.475607109,0.000766863576
514.033333,0.475632671,0.000765228438
514.066667,0.475658179,0.000763548376
514.1,0.475683631,0.000761240269
514.133333,0.475709005,0.000759535353
514.166667,0.475734323,0.000758087318
514.2,0.475759593,0.000756726094
514.233333,0.475784817,0.000755082279
514.266667,0.475809986,0.000753718708
514.3,0.47583511,0.000752485204
514.333333,0.475860193,0.000751202038
514.366667,0.475885233,0.000749417326
514.4,0.475910214,0.000747572479
514.433333,0.475935133,0.000745979398
514.466667,0.475959999,0.000744374673
514.5,0.475984811,0.000742437522
514.533333,0.476009559,0.000740617673
514.566667,0.476034246,0.000739272304
514.6,0.476058889,0.000737989209
514.633333,0.476083489,0.000736560962
514.666667,0.476108041,0.000734986727
514.7,0.47613254,0.000733698976
514.733333,0.476156997,0.000732346933
514.766667,0.476181408,0.000730724598
514.8,0.476205766,0.00072862481
514.833333,0.476230053,0.000727038097
514.866667,0.476254288,0.000725470823
514.9,0.47627847,0.000723825025
514.933333,0.476302598,0.0007218515
514.966667,0.476326659,0.000720555149
515,0.476350678,0.000719296152
515.033333,0.476374655,0.000718042268
515.066667,0.476398589,0.000716228493
515.1,0.476422464,0.000714883231
515.133333,0.476446293,0.000713476984
515.166667,0.476470076,0.000712010384
515.2,0.476493809,0.000709780156
515.233333,0.476517469,0.000708203273
515.266667,0.476541075,0.000706713659
515.3,0.476564632,0.000705270971
515.333333,0.476588141,0.000703413217
515.366667,0.476611589,0.000702092439
515.4,0.476634992,0.000700890049
515.433333,0.476658355,0.000699698209
515.466667,0.476681678,0.000698048608
515.5,0.476704946,0.000696567193
515.533333,0.476728165,0.000695197723
515.566667,0.476751338,0.00069379223
515.6,0.476774465,0.000691934351
515.633333,0.476797529,0.000690292289
515.666667,0.476820539,0.000688971136
515.7,0.476843505,0.000687707608
515.733333,0.476866428,0.000686249129
515.766667,0.476889303,0.000684915678
515.8,0.476912134,0.000683847528
515.833333,0.476934929,0.000682772935
515.866667,0.476957688,0.000681453298
515.9,0.476980403,0.000679946511
515.933333,0.477003068,0.000678725684
515.966667,0.477025692,0.000677494766
516,0.477048275,0.000676088026
516.033333,0.477070811,0.00067454035
516.066667,0.477093296,0.000673471391
516.1,0.477115745,0.000672459848
516.133333,0.47713816,0.000671427931
516.166667,0.477160541,0.000670216301
516.2,0.477182882,0.000669344462
516.233333,0.477205193,0.000668454185
516.266667,0.477227475,0.000667500202
516.3,0.477249725,0.000666107385
516.333333,0.477271929,0.000665107308
516.366667,0.477294099,0.000664118592
516.4,0.477316236,0.000663144004
516.433333,0.477338341,0.000661830261
516.466667,0.477360402,0.000661032184
516.5,0.477382437,0.000660288414
516.533333,0.477404446,0.000659588891
516.566667,0.477426433,0.00065865561
516.6,0.477448388,0.000657945007
516.633333,0.477470319,0.000657246386
516.666667,0.477492227,0.000656522994
516.7,0.477514112,0.000655478656
516.733333,0.477535961,0.000654616158
516.766667,0.477557781,0.000653863153
516.8,0.477579577,0.000653136652
516.833333,0.477601348,0.000652268269
516.866667,0.47762309,0.000651603916
516.9,0.47764481,0.000651074693
516.933333,0.477666513,0.000650568752
516.966667,0.477688199,0.000649945627
517,0.477709863,0.000649313053
517.033333,0.477731507,0.000648753049
517.066667,0.477753132,0.000648169125
517.1,0.477774738,0.000647425163
517.133333,0.477796319,0.000646648202
517.166667,0.477817874,0.000646064926
517.2,0.477839409,0.00064551198
517.233333,0.477860926,0.000644924408
517.266667,0.477882424,0.000644348375
517.3,0.477903902,0.000643939561
517.333333,0.477925367,0.000643533797
517.366667,0.477946818,0.00064307735
517.4,0.477968254,0.000642459615
517.433333,0.477989669,0.000641960134
517.466667,0.478011068,0.000641441296
517.5,0.478032449,0.000640870523
517.533333,0.478053811,0.00064011661
517.566667,0.478075149,0.00063962174
517.6,0.478096469,0.000639156002
517.633333,0.478117775,0.000638716554
517.666667,0.478139065,0.000638147263
517.7,0.478160337,0.00063777204
517.733333,0.478181596,0.000637384612
517.766667,0.478202842,0.000636983626
517.8,0.478224075,0.000636342611
517.833333,0.478245286,0.000635828775
517.866667,0.47826648,0.000635322404
517.9,0.478287658,0.000634807616
517.933333,0.478308818,0.000634112014
517.966667,0.478329955,0.000633608401
518,0.478351075,0.000633176665
518.033333,0.478372181,0.000632767918
518.066667,0.478393274,0.000632259113
518.1,0.478414349,0.000631822921
518.133333,0.47843541,0.000631420587
518.166667,0.478456457,0.0006309996
518.2,0.47847749,0.000630414111
518.233333,0.478498504,0.000629827943
518.266667,0.478519498,0.000629330978
518.3,0.478540476,0.000628837658
518.333333,0.478561437,0.000628252337
518.366667,0.478582379,0.000627715805
518.4,0.478603303,0.000627317317
518.433333,0.478624213,0.000626935479
518.466667,0.478645111,0.000626503618
518.5,0.478665995,0.000626022453
518.533333,0.478686862,0.00062562707
518.566667,0.478707716,0.000625214891
518.6,0.478728557,0.000624724166
518.633333,0.478749381,0.000624115064
518.666667,0.478770185,0.000623669447
518.7,0.478790974,0.000623238534
518.733333,0.478811749,0.000622795887
518.766667,0.478832508,0.000622288605
518.8,0.478853251,0.000621961457
518.833333,0.478873983,0.000621645367
518.866667,0.478894705,0.000621330339
518.9,0.478915416,0.000620876961
518.933333,0.478936112,0.000620541299
518.966667,0.478956797,0.000620194562
519,0.47897747,0.000619837194
519.033333,0.478998131,0.00061931375
519.066667,0.479018775,0.000618967892
519.1,0.479039407,0.000618652234
519.133333,0.479060029,0.000618358765
519.166667,0.479080641,0.000618007701
519.2,0.479101241,0.000617776333
519.233333,0.479121833,0.000617568343
519.266667,0.479142419,0.000617364553
519.3,0.479162998,0.000617079851
519.333333,0.479183567,0.000616823917
519.366667,0.479204128,0.000616589251
519.4,0.479224681,0.000616352304
519.433333,0.479245226,0.000616052932
519.466667,0.479265761,0.000615817254
519.5,0.479286288,0.000615646305
519.533333,0.47930681,0.000615497429
519.566667,0.479327327,0.00061535132
519.6,0.479347838,0.000615240537
519.633333,0.479368346,0.000615154434
519.666667,0.479388851,0.000615066916
519.7,0.479409354,0.000614952931
519.733333,0.479429852,0.000614813371
519.766667,0.479450346,0.000614700213
519.8,0.479470836,0.000614590463
519.833333,0.479491322,0.000614474708
519.866667,0.479511805,0.00061438105
519.9,0.479532284,0.000614342204
519.933333,0.479552762,0.000614320674
519.966667,0.479573239,0.000614318409
520,0.479593717,0.000614336262
520.033333,0.479614195,0.000614346285
520.066667,0.479634673,0.000614349663
520.1,0.479655151,0.000614344331
520.133333,0.479675629,0.00061431659
520.166667,0.479696107,0.000614294503
520.2,0.479716583,0.000614278736
520.233333,0.479737059,0.000614270103
520.266667,0.479757535,0.000614295433
520.3,0.479778011,0.00061434097
520.333333,0.479798489,0.000614396389
520.366667,0.479818969,0.000614460917
520.4,0.479839451,0.000614556588
520.433333,0.479859936,0.000614614909
520.466667,0.479880423,0.000614659249
520.5,0.479900912,0.000614694063
520.533333,0.479921402,0.000614723531
520.566667,0.479941893,0.000614744649
520.6,0.479962384,0.000614771149
520.633333,0.479982877,0.000614805123
520.666667,0.48000337,0.000614872412
520.7,0.480023866,0.000614952948
520.733333,0.480044364,0.000615028095
520.766667,0.480064865,0.000615104461
520.8,0.480085369,0.000615194796
520.833333,0.480105875,0.000615259375
520.866667,0.480126384,0.000615298056
520.9,0.480146894,0.000615327838
520.933333,0.480167405,0.000615351956
520.966667,0.480187916,0.00061537576
521,0.480208429,0.000615403197
521.033333,0.480228942,0.000615437884
521.066667,0.480249457,0.000615491194
521.1,0.480269973,0.000615566381
521.133333,0.480290492,0.000615624631
521.166667,0.480311013,0.000615678996
521.2,0.480331536,0.000615731617
521.233333,0.48035206,0.00061577039
521.266667,0.480372586,0.000615783412
521.3,0.480393112,0.000615790761
521.333333,0.480413638,0.000615793006
521.366667,0.480434165,0.000615800221
521.4,0.480454691,0.000615816728
521.433333,0.480475219,0.000615840591
521.466667,0.480495747,0.000615872631
521.5,0.480516276,0.000615931165
521.533333,0.480536807,0.000615969479
521.566667,0.480557339,0.000616001972
521.6,0.480577872,0.000616028363
521.633333,0.480598407,0.000616045229
521.666667,0.480618942,0.000616045486
521.7,0.480639476,0.000616044597
521.733333,0.480660011,0.000616043551
521.766667,0.480680546,0.000616052828
521.8,0.480701081,0.000616076308
521.833333,0.480721617,0.000616106778
521.866667,0.480742154,0.000616143925
521.9,0.480762692,0.000616202512
521.933333,0.480783232,0.000616250462
521.966667,0.480803774,0.000616286897
522,0.480824317,0.000616318581
522.033333,0.480844861,0.000616349172
522.066667,0.480865406,0.000616372258
522.1,0.480885951,0.000616395163
522.133333,0.480906498,0.000616422648
522.166667,0.480927045,0.000616469198
522.2,0.480947594,0.000616537008
522.233333,0.480968145,0.00061660284
522.266667,0.480988699,0.000616674178
522.3,0.481009255,0.000616764805
522.333333,0.481029814,0.000616862115
522.366667,0.481050376,0.000616932893
522.4,0.48107094,0.000617000952
522.433333,0.481091507,0.000617074551
522.466667,0.481112076,0.000617163148
522.5,0.481132648,0.000617237452
522.533333,0.481153223,0.000617319136
522.566667,0.4811738,0.000617418018
522.6,0.48119438,0.000617568239
522.633333,0.481214966,0.000617687784
522.666667,0.481235556,0.000617810663
522.7,0.481256149,0.000617940626
522.733333,0.481276747,0.000618119454
522.766667,0.481297351,0.00061823909
522.8,0.481317959,0.000618357435
522.833333,0.481338571,0.000618474671
522.866667,0.481359187,0.000618651013
522.9,0.481379809,0.000618784857
522.933333,0.481400435,0.000618924274
522.966667,0.481421066,0.000619071222
523,0.481441701,0.000619295656
523.033333,0.481462345,0.000619474827
523.066667,0.481482994,0.000619643307
523.1,0.481503649,0.000619811776
523.133333,0.481524309,0.000620035223
523.166667,0.481544977,0.000620213462
523.2,0.481565651,0.000620371348
523.233333,0.48158633,0.000620529028
523.266667,0.481607014,0.000620738664
523.3,0.481627705,0.000620936665
523.333333,0.481648403,0.00062111338
523.366667,0.481669107,0.00062129514
523.4,0.481689817,0.000621531189
523.433333,0.481710534,0.000621763794
523.466667,0.48173126,0.000621951739
523.5,0.481751992,0.000622136747
523.533333,0.481772729,0.000622352974
523.566667,0.481793475,0.000622572038
523.6,0.481814227,0.000622741737
523.633333,0.481834985,0.000622911331
523.666667,0.481855749,0.000623108353
523.7,0.481876519,0.000623341563
523.733333,0.481897297,0.000623523166
523.766667,0.481918081,0.000623706715
523.8,0.481938871,0.000623910989
523.833333,0.481959668,0.000624161532
523.866667,0.481980474,0.000624337334
523.9,0.482001285,0.000624508257
523.933333,0.482022102,0.000624682159
523.966667,0.482042925,0.000624905721
524,0.482063755,0.000625059057
524.033333,0.48208459,0.000625212469
524.066667,0.482105431,0.000625366382
524.1,0.482126276,0.000625597659
524.133333,0.482147129,0.000625757197
524.166667,0.482167988,0.000625916205
524.2,0.482188852,0.000626074445
524.233333,0.482209721,0.000626292213
524.266667,0.482230597,0.000626442909
524.3,0.482251479,0.000626580872
524.333333,0.482272365,0.000626713942
524.366667,0.482293255,0.000626887848
524.4,0.482314152,0.000627023763
524.433333,0.482335052,0.000627147879
524.466667,0.482355957,0.000627272723
524.5,0.482376866,0.000627440845
524.533333,0.482397781,0.000627588358
524.566667,0.482418701,0.00062771495
524.6,0.482439625,0.000627839543
524.633333,0.482460553,0.00062799191
524.666667,0.482481486,0.000628125769
524.7,0.482502423,0.000628231643
524.733333,0.482523364,0.000628334308
524.766667,0.482544309,0.000628455713
524.8,0.482565257,0.000628579565
524.833333,0.48258621,0.000628680545
524.866667,0.482607166,0.000628783134
524.9,0.482628125,0.000628906084
524.933333,0.482649089,0.000629044752
524.966667,0.482670057,0.000629149703
525,0.482691029,0.000629252683
525.033333,0.482712004,0.000629364718
525.066667,0.482732983,0.000629492271
525.1,0.482753966,0.000629582806
525.133333,0.482774952,0.000629672463
525.166667,0.482795941,0.00062976785
525.2,0.482816933,0.000629896671
525.233333,0.48283793,0.000629992812
525.266667,0.482858929,0.000630091356
525.3,0.482879932,0.000630194371
525.333333,0.482900939,0.000630344738
525.366667,0.48292195,0.000630447419
525.4,0.482942965,0.000630548648
525.433333,0.482963984,0.000630648377
525.466667,0.482985005,0.000630788116
525.5,0.483006032,0.000630886762
525.533333,0.483027061,0.000630983534
525.566667,0.483048094,0.000631081562
525.6,0.48306913,0.000631224136
525.633333,0.483090171,0.000631341149
525.666667,0.483111215,0.000631452271
525.7,0.483132264,0.000631565611
525.733333,0.483153316,0.0006317205
525.766667,0.483174373,0.000631850797
525.8,0.483195435,0.000631964636
525.833333,0.483216501,0.000632077561
525.866667,0.48323757,0.000632221822
525.9,0.483258644,0.000632354556
525.933333,0.483279722,0.000632468961
525.966667,0.483300805,0.000632585443
526,0.483321891,0.000632734736
526.033333,0.483342982,0.000632889566
526.066667,0.483364078,0.000633017801
526.1,0.483385179,0.000633147202
526.133333,0.483406284,0.000633302106
526.166667,0.483427394,0.000633467636
526.2,0.483448509,0.000633594684
526.233333,0.483469629,0.000633720791
526.266667,0.483490753,0.000633863336
526.3,0.483511882,0.000634030893
526.333333,0.483533016,0.000634158533
526.366667,0.483554155,0.000634287896
526.4,0.483575298,0.000634431139
526.433333,0.483596446,0.00063461767
526.466667,0.4836176,0.000634753305
526.5,0.483638758,0.000634888475
526.533333,0.483659921,0.00063502805
526.566667,0.483681089,0.000635216698
526.6,0.483702263,0.000635344607
526.633333,0.483723441,0.000635471145
526.666667,0.483744623,0.000635596373
526.7,0.48376581,0.000635778438
526.733333,0.483787002,0.000635905397
526.766667,0.483808199,0.000636031507
526.8,0.4838294,0.000636158261
526.833333,0.483850605,0.000636337679
526.866667,0.483871817,0.000636471154
526.9,0.483893032,0.000636594553
526.933333,0.483914252,0.000636715901
526.966667,0.483935476,0.000636875158
527,0.483956705,0.000637000219
527.033333,0.483977939,0.000637110265
527.066667,0.483999176,0.000637218757
527.1,0.484020416,0.000637358931
527.133333,0.484041661,0.00063748285
527.166667,0.484062911,0.000637588891
527.2,0.484084164,0.000637694412
527.233333,0.48410542,0.000637825663
527.266667,0.484126681,0.000637948143
527.3,0.484147946,0.000638045233
527.333333,0.484169214,0.000638139544
527.366667,0.484190486,0.000638248582
527.4,0.484211761,0.000638356475
527.433333,0.484233039,0.000638438915
527.466667,0.48425432,0.000638519999
527.5,0.484275604,0.000638612345
527.533333,0.484296892,0.000638715926
527.566667,0.484318182,0.000638793526
527.6,0.484339475,0.00063887004
527.633333,0.484360771,0.000638953077
527.666667,0.484382069,0.000639050317
527.7,0.484403371,0.000639117073
527.733333,0.484424675,0.000639181245
527.766667,0.484445981,0.000639246024
527.8,0.484467289,0.000639327353
527.833333,0.4844886,0.000639382422
527.866667,0.484509913,0.000639436856
527.9,0.484531227,0.000639491047
527.933333,0.484552544,0.000639569471
527.966667,0.484573863,0.000639622009
528,0.484595183,0.000639673533
528.033333,0.484616506,0.000639723986
528.066667,0.48463783,0.000639791922
528.1,0.484659156,0.000639837759
528.133333,0.484680484,0.000639879771
528.166667,0.484701814,0.000639920177
528.2,0.484723144,0.000639973272
528.233333,0.484744477,0.000640014697
528.266667,0.484765811,0.000640052756
528.3,0.484787146,0.000640091057
528.333333,0.484808482,0.000640142683
528.366667,0.48482982,0.000640187311
528.4,0.48485116,0.000640225618
528.433333,0.484872501,0.000640263257
528.466667,0.484893843,0.000640309488
528.5,0.484915186,0.000640350335
528.533333,0.484936531,0.000640383409
528.566667,0.484957877,0.000640415998
528.6,0.484979225,0.000640455702
528.633333,0.485000573,0.000640497151
528.666667,0.485021923,0.00064053159
528.7,0.485043274,0.000640566827
528.733333,0.485064626,0.000640609511
528.766667,0.48508598,0.000640657566
528.8,0.485107335,0.000640694384
528.833333,0.485128692,0.000640730832
528.866667,0.485150049,0.000640771184
528.9,0.485171408,0.000640818231
528.933333,0.485192769,0.000640852836
528.966667,0.485214131,0.000640887676
529,0.485235494,0.000640925576
529.033333,0.485256858,0.000640977077
529.066667,0.485278224,0.000641015583
529.1,0.485299591,0.000641054881
529.133333,0.48532096,0.000641095958
529.166667,0.485342329,0.000641154935
529.2,0.485363701,0.000641195255
529.233333,0.485385074,0.000641235121
529.266667,0.485406449,0.000641274524
529.3,0.485427825,0.000641330477
529.333333,0.485449202,0.00064136995
529.366667,0.485470581,0.000641408763
529.4,0.485491962,0.000641447949
529.433333,0.485513343,0.000641504225
529.466667,0.485534727,0.000641548803
529.5,0.485556112,0.000641590509
529.533333,0.485577498,0.000641632369
529.566667,0.485598886,0.000641688282
529.6,0.485620275,0.000641733713
529.633333,0.485641667,0.000641772973
529.666667,0.485663059,0.000641811439
529.7,0.485684453,0.000641859841
529.733333,0.485705848,0.000641902914
529.766667,0.485727245,0.000641939354
529.8,0.485748643,0.000641975772
529.833333,0.485770042,0.000642021245
529.866667,0.485791443,0.000642065936
529.9,0.485812845,0.000642101666
529.933333,0.485834248,0.000642136718
529.966667,0.485855653,0.000642177152
530,0.485877059,0.000642217495
530.033333,0.485898466,0.000642247039
530.066667,0.485919874,0.000642275397
530.1,0.485941283,0.000642306212
530.133333,0.485962694,0.000642339971
530.166667,0.485984105,0.00064236444
530.2,0.486005517,0.000642388395
530.233333,0.48602693,0.000642413954
530.266667,0.486048344,0.000642444445
530.3,0.486069759,0.00064246475
530.333333,0.486091174,0.000642483738
530.366667,0.48611259,0.000642501983
530.4,0.486134007,0.00064252273
530.433333,0.486155424,0.000642534416
530.466667,0.486176842,0.000642544783
530.5,0.48619826,0.000642553856
530.533333,0.486219679,0.000642564416
530.566667,0.486241098,0.000642570183
530.6,0.486262517,0.000642575134
530.633333,0.486283936,0.000642579305
530.666667,0.486305355,0.000642582811
530.7,0.486326775,0.000642582945
530.733333,0.486348194,0.000642581435
530.766667,0.486369613,0.000642578438
530.8,0.486391033,0.00064257078
530.833333,0.486412452,0.000642561616
530.866667,0.48643387,0.000642552018
530.9,0.486455289,0.000642541405
530.933333,0.486476707,0.000642525755
530.966667,0.486498124,0.00064251056
531,0.486519541,0.000642496619
531.033333,0.486540958,0.000642481966
531.066667,0.486562374,0.000642461894
531.1,0.486583789,0.000642440288
531.133333,0.486605204,0.0006424208
531.166667,0.486626618,0.000642400159
531.2,0.486648031,0.00064237318
531.233333,0.486669444,0.000642342926
531.266667,0.486690855,0.000642318008
531.3,0.486712266,0.000642292624
531.333333,0.486733676,0.000642262564
531.366667,0.486755084,0.000642228061
531.4,0.486776492,0.000642201308
531.433333,0.486797899,0.000642174159
531.466667,0.486819305,0.000642143362
531.5,0.486840709,0.000642104029
531.533333,0.486862113,0.000642074014
531.566667,0.486883515,0.000642043395
531.6,0.486904917,0.000642010204
531.633333,0.486926317,0.000641965056
531.666667,0.486947716,0.000641932954
531.7,0.486969114,0.000641900938
531.733333,0.48699051,0.00064186869
531.766667,0.487011906,0.000641822424
531.8,0.4870333,0.000641790941
531.833333,0.487054693,0.000641759354
531.866667,0.487076085,0.00064172765
531.9,0.487097476,0.000641681518
531.933333,0.487118865,0.000641647538
531.966667,0.487140254,0.000641614691
532,0.487161641,0.00064158172
532.033333,0.487183027,0.000641536194
532.066667,0.487204411,0.00064150083
532.1,0.487225795,0.000641468821
532.133333,0.487247177,0.000641437161
532.166667,0.487268558,0.000641395658
532.2,0.487289938,0.000641360529
532.233333,0.487311317,0.000641329753
532.266667,0.487332694,0.000641298933
532.3,0.487354071,0.000641259161
532.333333,0.487375446,0.000641221896
532.366667,0.48739682,0.000641190595
532.4,0.487418193,0.00064115934
532.433333,0.487439565,0.000641121069
532.466667,0.487460936,0.000641083076
532.5,0.487482306,0.00064105292
532.533333,0.487503674,0.000641022996
532.566667,0.487525041,0.00064098795
532.6,0.487546408,0.000640949611
532.633333,0.487567773,0.000640919711
532.666667,0.487589137,0.000640889576
532.7,0.4876105,0.000640855123
532.733333,0.487631862,0.000640813478
532.766667,0.487653222,0.000640782205
532.8,0.487674581,0.000640750846
532.833333,0.48769594,0.000640716911
532.866667,0.487717297,0.000640673109
532.9,0.487738653,0.000640641666
532.933333,0.487760007,0.000640610089
532.966667,0.487781361,0.000640577423
533,0.487802714,0.000640530631
533.033333,0.487824065,0.00064049736
533.066667,0.487845415,0.000640463534
533.1,0.487866763,0.000640429151
533.133333,0.487888111,0.000640377751
533.166667,0.487909457,0.000640340769
533.2,0.487930802,0.000640304206
533.233333,0.487952145,0.000640267304
533.266667,0.487973487,0.000640214775
533.3,0.487994828,0.00064017386
533.333333,0.488016167,0.000640135126
533.366667,0.488037505,0.000640095852
533.4,0.488058841,0.000640041284
533.433333,0.488080176,0.00063999433
533.466667,0.488101509,0.000639951547
533.5,0.488122841,0.000639908001
533.533333,0.488144171,0.000639849867
533.566667,0.4881655,0.000639796054
533.6,0.488186826,0.000639749493
533.633333,0.488208151,0.000639702407
533.666667,0.488229474,0.000639642585
533.7,0.488250796,0.000639582684
533.733333,0.488272115,0.000639532785
533.766667,0.488293433,0.000639482152
533.8,0.488314749,0.000639420106
533.833333,0.488336063,0.000639352151
533.866667,0.488357375,0.000639297629
533.9,0.488378685,0.000639242365
533.933333,0.488399993,0.000639177824
533.966667,0.488421299,0.00063910188
534,0.488442602,0.000639043771
534.033333,0.488463904,0.000638985166
534.066667,0.488485203,0.000638920159
534.1,0.488506501,0.000638837295
534.133333,0.488527795,0.000638776031
534.166667,0.488549088,0.000638714106
534.2,0.488570378,0.00063864846
534.233333,0.488591666,0.000638557231
534.266667,0.488612952,0.000638492216
534.3,0.488634235,0.000638426709
534.333333,0.488655516,0.000638360721
534.366667,0.488676794,0.000638262472
534.4,0.48869807,0.000638187103
534.433333,0.488719343,0.000638085257
534.466667,0.488740612,0.000637952888
534.5,0.488761877,0.000637597319
534.533333,0.48878313,0.000637140912
534.566667,0.488804368,0.000636600683
534.6,0.488825589,0.000635969951
534.633333,0.488846788,0.000634956868
534.666667,0.488867953,0.000634120779
534.7,0.48888909,0.000633413298
534.733333,0.488910204,0.000632754307
534.766667,0.488931296,0.000632023719
534.8,0.488952363,0.000631501732
534.833333,0.488973413,0.000631067147
534.866667,0.488994449,0.000630627701
534.9,0.48901547,0.000630006407
534.933333,0.48903647,0.00062927288
534.966667,0.489057446,0.00062858135
535,0.489078398,0.0006278459
535.033333,0.489099327,0.000626902886
535.066667,0.489120223,0.000625973844
535.1,0.489141089,0.000625314589
535.133333,0.489161933,0.000624714107
535.166667,0.489182757,0.000624108888
535.2,0.48920356,0.000623530617
535.233333,0.489224345,0.000623086189
535.266667,0.489245114,0.000622613806
535.3,0.489265868,0.000622031008
535.333333,0.489286602,0.000621171757
535.366667,0.489307308,0.000620460375
535.4,0.48932799,0.000619728952
535.433333,0.489348648,0.00061893424
535.466667,0.489369279,0.00061795633
535.5,0.489389878,0.000617353179
535.533333,0.489410456,0.000616799343
535.566667,0.489431016,0.000616288195
535.6,0.489451559,0.000615614429
535.633333,0.489472079,0.000615122395
535.666667,0.489492583,0.000614585273
535.7,0.48951307,0.000614001711
535.733333,0.489533536,0.000613021423
535.766667,0.48955397,0.000612248139
535.8,0.489574379,0.000611500464
535.833333,0.489594762,0.000610757409
535.866667,0.489615121,0.00060980179
535.9,0.489635447,0.000609149733
535.933333,0.489655752,0.000608591171
535.966667,0.489676039,0.000608061137
536,0.489696307,0.000607367716
536.033333,0.489716553,0.000606723265
536.066667,0.489736777,0.000606098304
536.1,0.48975698,0.000605428018
536.133333,0.489777161,0.000604477237
536.166667,0.489797311,0.000603551814
536.2,0.489817429,0.000602786081
536.233333,0.489837522,0.000602041666
536.266667,0.48985759,0.000601183562
536.3,0.489877629,0.000600420502
536.333333,0.489897643,0.000599841018
536.366667,0.489917638,0.00059927146
536.4,0.489937614,0.000598591517
536.433333,0.489957567,0.000597780807
536.466667,0.489977493,0.000597088145
536.5,0.489997396,0.000596360099
536.533333,0.490017274,0.000595487412
536.566667,0.490037124,0.00059443766
536.6,0.490056939,0.000593686256
536.633333,0.490076728,0.000592967322
536.666667,0.490096494,0.00059223402
536.7,0.490116235,0.000591388588
536.733333,0.490135948,0.000590810333
536.766667,0.490155641,0.000590227596
536.8,0.490175316,0.000589615553
536.833333,0.49019497,0.000588684084
536.866667,0.490214592,0.000587976928
536.9,0.490234192,0.00058724926
536.933333,0.490253767,0.000586502703
536.966667,0.490273317,0.000585426031
537,0.490292831,0.000584727182
537.033333,0.490312322,0.000584078028
537.066667,0.490331791,0.000583465013
537.1,0.49035124,0.000582677777
537.133333,0.490370662,0.000582101755
537.166667,0.490390066,0.000581548491
537.2,0.490409451,0.000580980055
537.233333,0.490428817,0.000580150053
537.266667,0.490448155,0.000579414305
537.3,0.490467469,0.000578745968
537.333333,0.49048676,0.000578076258
537.366667,0.49050603,0.000577229604
537.4,0.490525271,0.000576539691
537.433333,0.490544489,0.000575994799
537.466667,0.490563688,0.000575479742
537.5,0.490582871,0.000574877157
537.533333,0.490602034,0.000574300753
537.566667,0.490621177,0.000573807433
537.6,0.490640304,0.000573295361
537.633333,0.490659414,0.000572640583
537.666667,0.490678502,0.000571909591
537.7,0.490697566,0.000571333942
537.733333,0.49071661,0.000570769678
537.766667,0.490735636,0.000570146517
537.8,0.490754641,0.000569509043
537.833333,0.490773624,0.000569072862
537.866667,0.490792593,0.000568656163
537.9,0.490811548,0.000568217091
537.933333,0.490830489,0.000567664261
537.966667,0.490849411,0.000567232479
538,0.490868319,0.000566781283
538.033333,0.490887212,0.000566283223
538.066667,0.490906088,0.000565580008
538.1,0.49092494,0.000565094675
538.133333,0.490943777,0.000564628014
538.166667,0.490962598,0.000564180821
538.2,0.490981404,0.000563598039
538.233333,0.49100019,0.000563243032
538.266667,0.491018965,0.000562895297
538.3,0.491037728,0.000562553304
538.333333,0.49105648,0.000562043284
538.366667,0.491075215,0.000561631071
538.4,0.491093936,0.000561218774
538.433333,0.491112643,0.000560790834
538.466667,0.491131336,0.00056018595
538.5,0.491150009,0.000559718644
538.533333,0.491168666,0.000559316538
538.566667,0.49118731,0.000558934297
538.6,0.491205941,0.000558474075
538.633333,0.491224557,0.000558104194
538.666667,0.491243161,0.000557782358
538.7,0.491261754,0.000557455351
538.733333,0.491280335,0.000557013367
538.766667,0.491298902,0.000556553475
538.8,0.491317454,0.000556150089
538.833333,0.491335993,0.000555737395
538.866667,0.491354517,0.000555226872
538.9,0.491373025,0.00055472713
538.933333,0.491391516,0.000554353561
538.966667,0.491409994,0.000553996747
539,0.491428461,0.000553603843
539.033333,0.491446914,0.000553184936
539.066667,0.491465354,0.000552854623
539.1,0.491483782,0.000552512314
539.133333,0.491502199,0.000552107433
539.166667,0.491520603,0.000551574676
539.2,0.491538989,0.000551162805
539.233333,0.491557361,0.000550748835
539.266667,0.491575719,0.000550306159
539.3,0.491594062,0.000549755661
539.333333,0.491612388,0.000549391319
539.366667,0.491630701,0.000549039624
539.4,0.491649002,0.000548693705
539.433333,0.491667292,0.000548197447
539.466667,0.491685565,0.000547799133
539.5,0.491703825,0.000547333247
539.533333,0.49172207,0.000546796937
539.566667,0.491740296,0.000545775175
539.6,0.491758489,0.000544879109
539.633333,0.491776651,0.000543960197
539.666667,0.491794783,0.000543002803
539.7,0.491812883,0.000541683552
539.733333,0.491830939,0.000540760747
539.766667,0.491848965,0.000539979613
539.8,0.491866964,0.000539256198
539.833333,0.491884939,0.00053837973
539.866667,0.491902885,0.000537643141
539.9,0.491920807,0.000536941654
539.933333,0.491938705,0.000536192664
539.966667,0.491956578,0.000535102982
540,0.491974415,0.000533994345
540.033333,0.491992214,0.000533038968
540.066667,0.492009982,0.000532089371
540.1,0.492027719,0.000530964157
540.133333,0.492045418,0.00052998205
540.166667,0.492063084,0.000529269032
540.2,0.492080726,0.000528598952
540.233333,0.492098346,0.000527850305
540.266667,0.492115941,0.000527018643
540.3,0.492133508,0.00052630471
540.333333,0.492151052,0.000525541841
540.366667,0.49216857,0.000524596517
540.4,0.492186056,0.000523403007
540.433333,0.492203503,0.000522511374
540.466667,0.49222092,0.000521647195
540.5,0.492238308,0.00052075273
540.533333,0.492255667,0.000519757484
540.566667,0.492272992,0.000519116675
540.6,0.492290296,0.000518495687
540.633333,0.492307579,0.000517867054
540.666667,0.492324841,0.00051694086
540.7,0.492342073,0.000516214882
540.733333,0.49235928,0.000515444763
540.766667,0.492376461,0.000514631031
540.8,0.492393616,0.000513382172
540.833333,0.492410728,0.000512541628
540.866667,0.492427813,0.000511751354
540.9,0.492444872,0.000511001404
540.933333,0.492461905,0.000510060838
540.966667,0.492478907,0.000509416952
541,0.492495888,0.000508812832
541.033333,0.492512848,0.000508203973
541.066667,0.492529788,0.000507311257
541.1,0.492546698,0.000506492101
541.133333,0.492563582,0.000505714498
541.166667,0.492580439,0.000504910294
541.2,0.492597269,0.000503836712
541.233333,0.492614064,0.000502927895
541.266667,0.492630828,0.000502198923
541.3,0.492647568,0.0005015093
541.333333,0.492664285,0.000500714239
541.366667,0.492680975,0.000499994146
541.4,0.492697642,0.000499390297
541.433333,0.492714288,0.000498767192
541.466667,0.492730914,0.000497962241
541.5,0.492747512,0.000497031768
541.533333,0.49276408,0.000496260831
541.566667,0.492780622,0.000495481331
541.6,0.492797138,0.0004945804
541.633333,0.492813624,0.000493622018
541.666667,0.492830078,0.000492954383
541.7,0.49284651,0.000492320158
541.733333,0.492862921,0.000491659586
541.766667,0.492879309,0.000490872581
541.8,0.492895672,0.000490273489
541.833333,0.492912014,0.000489648113
541.866667,0.492928336,0.000488952349
541.9,0.492944634,0.000487941096
541.933333,0.492960899,0.000487204552
541.966667,0.492977139,0.000486476025
542,0.492993355,0.000485753529
542.033333,0.493009547,0.000484782166
542.066667,0.493025706,0.000484186297
542.1,0.493041846,0.000483614697
542.133333,0.493057966,0.000483065493
542.166667,0.493074068,0.000482288765
542.2,0.493090145,0.000481688471
542.233333,0.493106201,0.000481085025
542.266667,0.493122237,0.000480456244
542.3,0.493138252,0.000479539234
542.333333,0.493154237,0.000478804815
542.366667,0.493170197,0.000478154458
542.4,0.493186136,0.000477525091
542.433333,0.493202053,0.000476754769
542.466667,0.493217945,0.000476156929
542.5,0.493233817,0.000475656727
542.533333,0.493249672,0.000475166263
542.566667,0.493265511,0.000474534561
542.6,0.493281329,0.000473902521
542.633333,0.493297126,0.000473343772
542.666667,0.493312904,0.000472767148
542.7,0.493328663,0.000472036187
542.733333,0.493344397,0.000471304025
542.766667,0.493360107,0.000470747993
542.8,0.493375799,0.000470217672
542.833333,0.493391473,0.000469639373
542.866667,0.493407127,0.000469062485
542.9,0.493422763,0.000468633505
542.933333,0.493438384,0.000468203166
542.966667,0.493453991,0.000467708515
543,0.493469581,0.000467069873
543.033333,0.49348515,0.00046656658
543.066667,0.493500702,0.00046605393
543.1,0.493516237,0.000465494269
543.133333,0.493531754,0.000464791465
543.166667,0.493547247,0.000464328337
543.2,0.493562724,0.000463890355
543.233333,0.493578187,0.000463468943
543.266667,0.493593636,0.00046292246
543.3,0.493609067,0.000462551708
543.333333,0.493624486,0.000462170838
543.366667,0.493639891,0.000461778848
543.4,0.493655284,0.000461163799
543.433333,0.493670656,0.000460701558
543.466667,0.493686013,0.0004602491
543.5,0.493701354,0.000459796966
543.533333,0.493716681,0.00045919506
543.566667,0.493731987,0.00045877532
543.6,0.49374728,0.000458409184
543.633333,0.49376256,0.000458061543
543.666667,0.493777829,0.000457618363
543.7,0.493793083,0.000457242771
543.733333,0.493808324,0.000456893148
543.766667,0.493823554,0.000456529354
543.8,0.493838772,0.00045602488
543.833333,0.493853973,0.000455544647
543.866667,0.493869157,0.000455139734
543.9,0.493884329,0.000454741969
543.933333,0.493899487,0.000454271311
543.966667,0.493914629,0.000453851898
544,0.493929758,0.000453532975
544.033333,0.493944875,0.000453224295
544.066667,0.493959983,0.000452864196
544.1,0.493975078,0.000452463299
544.133333,0.49399016,0.00045212844
544.166667,0.494005231,0.00045177976
544.2,0.494020291,0.000451360556
544.233333,0.494035336,0.000450858624
544.266667,0.494050365,0.000450489741
544.3,0.494065381,0.000450132568
544.333333,0.494080385,0.000449760047
544.366667,0.494095377,0.000449333194
544.4,0.494110355,0.000449043109
544.433333,0.494125323,0.000448755834
544.466667,0.494140282,0.000448457204
544.5,0.49415523,0.000448023933
544.533333,0.494170165,0.000447697179
544.566667,0.494185088,0.000447359788
544.6,0.4942,0.000447012107
544.633333,0.4942149,0.000446496604
544.666667,0.494229783,0.000446157962
544.7,0.494244655,0.000445836137
544.733333,0.494259517,0.000445528474
544.766667,0.494274367,0.000445127913
544.8,0.494289205,0.000444843698
544.833333,0.494304033,0.000444572928
544.866667,0.494318852,0.000444298732
544.9,0.494333662,0.000443902672
544.933333,0.494348459,0.00044355788
544.966667,0.494363244,0.000443238952
545,0.494378019,0.000442916035
545.033333,0.494392783,0.000442495291
545.066667,0.494407533,0.000442146604
545.1,0.494422271,0.00044186383
545.133333,0.494437,0.000441593961
545.166667,0.494451719,0.00044127461
545.2,0.494466429,0.00044097952
545.233333,0.494481128,0.000440730649
545.266667,0.494495819,0.000440475683
545.3,0.494510501,0.000440151344
545.333333,0.494525173,0.000439794625
545.366667,0.494539833,0.000439507526
545.4,0.494554483,0.000439222308
545.433333,0.494569124,0.000438898249
545.466667,0.494583754,0.000438561125
545.5,0.494598373,0.000438324515
545.533333,0.494612983,0.000438098209
545.566667,0.494627587,0.00043785878
545.6,0.494642182,0.000437571348
545.633333,0.494656768,0.000437352745
545.666667,0.494671346,0.000437127263
545.7,0.494685917,0.000436878873
545.733333,0.49470048,0.000436533541
545.766667,0.494715031,0.000436289762
545.8,0.494729574,0.00043605235
545.833333,0.494744109,0.00043581967
545.866667,0.494758636,0.000435514843
545.9,0.494773153,0.000435327536
545.933333,0.494787664,0.000435146886
545.966667,0.494802169,0.000434972306
546,0.494816668,0.000434721882
546.033333,0.494831159,0.000434530445
546.066667,0.494845643,0.000434339423
546.1,0.494860121,0.000434142561
546.133333,0.494874593,0.000433862145
546.166667,0.494889055,0.000433646582
546.2,0.49490351,0.000433458246
546.233333,0.494917958,0.000433278603
546.266667,0.494932401,0.00043306191
546.3,0.494946836,0.000432895643
546.333333,0.494961266,0.000432754695
546.366667,0.494975691,0.000432615446
546.4,0.494990112,0.000432432941
546.433333,0.495004526,0.000432250866
546.466667,0.495018935,0.000432090712
546.5,0.495033338,0.000431926906
546.533333,0.495047735,0.000431722115
546.566667,0.495062126,0.000431524424
546.6,0.49507651,0.000431376734
546.633333,0.495090889,0.000431237406
546.666667,0.495105264,0.000431086705
546.7,0.495119633,0.000430936743
546.733333,0.495133998,0.000430822467
546.766667,0.495148359,0.00043070621
546.8,0.495162716,0.000430569606
546.833333,0.495177068,0.000430392532
546.866667,0.495191414,0.000430253342
546.9,0.495205756,0.000430112705
546.933333,0.495220093,0.000429960208
546.966667,0.495234425,0.000429774507
547,0.495248751,0.000429653637
547.033333,0.495263073,0.000429539546
547.066667,0.495277391,0.000429429386
547.1,0.495291705,0.000429284326
547.133333,0.495306015,0.000429181894
547.166667,0.495320321,0.000429074972
547.2,0.495334623,0.000428963325
547.233333,0.495348922,0.000428785909
547.266667,0.495363215,0.000428654649
547.3,0.495377503,0.000428526687
547.333333,0.495391788,0.000428399826
547.366667,0.495406068,0.000428232705
547.4,0.495420342,0.000428117449
547.433333,0.495434613,0.000428015415
547.466667,0.49544888,0.000427917432
547.5,0.495463144,0.000427788081
547.533333,0.495477403,0.000427675313
547.566667,0.495491659,0.000427568688
547.6,0.495505911,0.000427457141
547.633333,0.49552016,0.000427302134
547.666667,0.495534403,0.000427157716
547.7,0.495548642,0.000427036762
547.733333,0.495562876,0.000426918681
547.766667,0.495577107,0.000426779389
547.8,0.495591333,0.000426655339
547.833333,0.495605555,0.000426558822
547.866667,0.495619774,0.000426463953
547.9,0.495633989,0.000426350152
547.933333,0.495648201,0.000426221723
547.966667,0.495662408,0.000426114039
548,0.495676612,0.000426002455
548.033333,0.495690812,0.000425868997
548.066667,0.495705008,0.000425713623
548.1,0.495719198,0.000425600693
548.133333,0.495733385,0.000425491904
548.166667,0.495747568,0.000425378527
548.2,0.495761747,0.000425248566
548.233333,0.495775922,0.000425158176
548.266667,0.495790094,0.000425067659
548.3,0.495804263,0.00042497197
548.333333,0.495818429,0.000424833349
548.366667,0.49583259,0.000424729633
548.4,0.495846747,0.000424623751
548.433333,0.495860902,0.000424515861
548.466667,0.495875052,0.000424359364
548.5,0.495889197,0.000424259533
548.533333,0.495903339,0.00042416471
548.566667,0.495917478,0.000424074546
548.6,0.495931614,0.000423956443
548.633333,0.495945746,0.000423872086
548.666667,0.495959875,0.000423790763
548.7,0.495974001,0.000423708002
548.733333,0.495988125,0.000423588101
548.766667,0.496002245,0.00042348615
548.8,0.496016361,0.000423392973
548.833333,0.496030474,0.000423299882
548.866667,0.496044584,0.000423181091
548.9,0.49605869,0.000423085898
548.933333,0.496072793,0.000423009155
548.966667,0.496086893,0.000422936319
549,0.496100991,0.000422849844
549.033333,0.496115086,0.000422769501
549.066667,0.496129178,0.000422700824
549.1,0.496143268,0.000422630222
549.133333,0.496157356,0.000422539982
549.166667,0.496171441,0.000422442857
549.2,0.496185522,0.000422365892
549.233333,0.496199601,0.000422290478
549.266667,0.496213677,0.000422206215
549.3,0.496227751,0.000422121509
549.333333,0.496241821,0.000422062482
549.366667,0.49625589,0.000422006034
549.4,0.496269957,0.000421945789
549.433333,0.496284022,0.000421872272
549.466667,0.496298084,0.000421815015
549.5,0.496312145,0.000421755601
549.533333,0.496326203,0.000421689523
549.566667,0.49634026,0.000421599084
549.6,0.496354313,0.000421536116
549.633333,0.496368364,0.000421475421
549.666667,0.496382413,0.000421416372
549.7,0.496396461,0.000421340629
549.733333,0.496410505,0.000421293576
549.766667,0.496424548,0.000421247459
549.8,0.49643859,0.0004212021
549.833333,0.49645263,0.000421134026
549.866667,0.496466668,0.000421080699
549.9,0.496480704,0.000421026853
549.933333,0.496494738,0.000420971047
549.966667,0.49650877,0.000420891322
550,0.4965228,0.000420830779
550.033333,0.496536828,0.000420777533
550.066667,0.496550854,0.000420726532
550.1,0.496564878,0.000420663605
550.133333,0.4965789,0.000420613374
550.166667,0.496592921,0.00042056889
550.2,0.49660694,0.000420523636
550.233333,0.496620957,0.000420461799
550.266667,0.496634972,0.000420399205
550.3,0.496648986,0.000420343725
550.333333,0.496662997,0.000420286839
550.366667,0.496677007,0.000420215265
550.4,0.496691014,0.000420145711
550.433333,0.496705019,0.000420092087
550.466667,0.496719022,0.000420040165
550.5,0.496733023,0.00041998119
550.533333,0.496747023,0.000419918442
550.566667,0.49676102,0.000419868177
550.6,0.496775015,0.000419816156
550.633333,0.496789009,0.000419753961
550.666667,0.496803001,0.000419674472
550.7,0.49681699,0.000419612347
550.733333,0.496830977,0.000419549554
550.766667,0.496844962,0.000419481013
550.8,0.496858945,0.000419395755
550.833333,0.496872925,0.000419336992
550.866667,0.496886903,0.000419279364
550.9,0.496900879,0.000419220925
550.933333,0.496914853,0.000419139324
550.966667,0.496928824,0.000419080131
551,0.496942793,0.000419018837
551.033333,0.496956761,0.000418955393
551.066667,0.496970726,0.000418857302
551.1,0.496984688,0.000418786817
551.133333,0.496998647,0.000418717624
551.166667,0.497012605,0.000418648719
551.2,0.49702656,0.000418554567
551.233333,0.497040511,0.000418485972
551.266667,0.497054461,0.000418422512
551.3,0.497068408,0.000418359544
551.333333,0.497082354,0.000418273247
551.366667,0.497096296,0.000418199209
551.4,0.497110236,0.000418130735
551.433333,0.497124174,0.000418060566
551.466667,0.497138109,0.000417965939
551.5,0.497152041,0.000417880357
551.533333,0.497165971,0.00041780799
551.566667,0.497179898,0.000417736581
551.6,0.497193822,0.000417649436
551.633333,0.497207744,0.000417567838
551.666667,0.497221663,0.000417501678
551.7,0.497235579,0.00041743555
551.733333,0.497249494,0.000417355087
551.766667,0.497263406,0.000417267333
551.8,0.497277315,0.000417196147
551.833333,0.497291221,0.000417123934
551.866667,0.497305125,0.000417039371
551.9,0.497319027,0.000416943049
551.933333,0.497332925,0.000416871788
551.966667,0.497346821,0.000416801852
552,0.497360714,0.000416726565
552.033333,0.497374605,0.000416636032
552.066667,0.497388493,0.000416570592
552.1,0.497402378,0.000416504786
552.133333,0.497416262,0.000416434867
552.166667,0.497430143,0.000416337562
552.2,0.497444021,0.000416267334
552.233333,0.497457897,0.000416196692
552.266667,0.49747177,0.000416125536
552.3,0.497485641,0.000416022455
552.333333,0.497499508,0.000415954667
552.366667,0.497513373,0.000415888169
552.4,0.497527236,0.00041582292
552.433333,0.497541097,0.000415732007
552.466667,0.497554955,0.000415665241
552.5,0.49756881,0.000415600782
552.533333,0.497582663,0.000415535555
552.566667,0.497596515,0.000415443404
552.6,0.497610363,0.000415368124
552.633333,0.497624208,0.000415299473
552.666667,0.497638052,0.000415230897
552.7,0.497651893,0.000415141311
552.733333,0.497665731,0.000415065788
552.766667,0.497679566,0.000415001287
552.8,0.4976934,0.000414937494
552.833333,0.497707231,0.00041485691
552.866667,0.497721059,0.000414780106
552.9,0.497734885,0.000414714803
552.933333,0.497748709,0.000414648479
552.966667,0.497762531,0.000414565431
553,0.49777635,0.000414478747
553.033333,0.497790166,0.000414409301
553.066667,0.497803979,0.000414340076
553.1,0.497817791,0.000414259612
553.133333,0.497831599,0.000414171998
553.166667,0.497845405,0.000414105393
553.2,0.497859209,0.000414038831
553.233333,0.49787301,0.000413963933
553.266667,0.497886809,0.000413871604
553.3,0.497900604,0.00041380135
553.333333,0.497914398,0.000413729932
553.366667,0.497928189,0.000413652005
553.4,0.497941977,0.000413547995
553.433333,0.497955762,0.000413473601
553.466667,0.497969545,0.000413399425
553.5,0.497983325,0.000413324003
553.533333,0.497997102,0.000413217522
553.566667,0.498010876,0.000413144293
553.6,0.498024647,0.000413070529
553.633333,0.498038416,0.000412996178
553.666667,0.498052183,0.000412885902
553.7,0.498065946,0.000412804762
553.733333,0.498079706,0.000412724802
553.766667,0.498093463,0.000412643797
553.8,0.498107218,0.000412529282
553.833333,0.498120969,0.000412440225
553.866667,0.498134717,0.000412357994
553.9,0.498148463,0.000412275908
553.933333,0.498162205,0.00041216587
553.966667,0.498175944,0.000412072627
554,0.49818968,0.000411989251
554.033333,0.498203413,0.000411904983
554.066667,0.498217143,0.000411793773
554.1,0.498230869,0.000411689406
554.133333,0.498244592,0.000411599873
554.166667,0.498258312,0.00041150963
554.2,0.498272029,0.000411396734
554.233333,0.498285742,0.000411284634
554.266667,0.498299452,0.000411193925
554.3,0.498313158,0.0004111033
554.333333,0.498326862,0.000410995372
554.366667,0.498340562,0.000410878238
554.4,0.498354258,0.000410785788
554.433333,0.498367951,0.000410692426
554.466667,0.49838164,0.000410584493
554.5,0.498395326,0.000410455891
554.533333,0.498409008,0.000410358509
554.566667,0.498422687,0.000410260845
554.6,0.498436362,0.000410154189
554.633333,0.498450034,0.000410019123
554.666667,0.498463701,0.000409921996
554.7,0.498477365,0.000409824942
554.733333,0.498491026,0.000409724121
554.766667,0.498504684,0.000409583986
554.8,0.498518337,0.00040948518
554.833333,0.498531986,0.000409385618
554.866667,0.498545632,0.000409285295
554.9,0.498559275,0.000409136809
554.933333,0.498572913,0.00040903365
554.966667,0.498586547,0.000408931763
555,0.498600178,0.000408830007
555.033333,0.498613806,0.000408687097
555.066667,0.498627429,0.000408580248
555.1,0.498641048,0.000408479713
555.133333,0.498654664,0.000408379162
555.166667,0.498668277,0.000408241593
555.2,0.498681885,0.000408128079
555.233333,0.498695489,0.000408025402
555.266667,0.49870909,0.000407922234
555.3,0.498722688,0.000407786218
555.333333,0.49873628,0.000407665444
555.366667,0.498749869,0.000407561977
555.4,0.498763455,0.000407458815
555.433333,0.498777037,0.000407329487
555.466667,0.498790614,0.000407205524
555.5,0.498804188,0.000407103423
555.533333,0.498817758,0.000407001168
555.566667,0.498831325,0.000406876955
555.6,0.498844887,0.000406745947
555.633333,0.498858445,0.000406641709
555.666667,0.498872,0.000406537157
555.7,0.498885551,0.000406415623
555.733333,0.498899099,0.000406277808
555.766667,0.498912641,0.000406173456
555.8,0.49892618,0.000406069374
555.833333,0.498939716,0.00040595438
555.866667,0.498953248,0.000405812929
555.9,0.498966775,0.000405709123
555.933333,0.498980298,0.000405604958
555.966667,0.498993819,0.000405494299
556,0.499007335,0.000405344668
556.033333,0.499020847,0.00040523828
556.066667,0.499034355,0.000405131643
556.1,0.499047859,0.000405024024
556.133333,0.49906136,0.000404867194
556.166667,0.499074855,0.000404760576
556.2,0.499088347,0.000404654043
556.233333,0.499101836,0.000404547578
556.266667,0.499115321,0.000404394933
556.3,0.499128801,0.000404282883
556.333333,0.499142277,0.000404174917
556.366667,0.499155749,0.000404066389
556.4,0.499169218,0.000403915163
556.433333,0.499182682,0.000403794265
556.466667,0.499196142,0.000403683461
556.5,0.499209598,0.000403572428
556.533333,0.49922305,0.000403424586
556.566667,0.499236498,0.000403297201
556.6,0.499249941,0.000403185797
556.633333,0.49926338,0.000403074198
556.666667,0.499276816,0.000402930844
556.7,0.499290247,0.000402795611
556.733333,0.499303674,0.000402681611
556.766667,0.499317097,0.000402566963
556.8,0.499330515,0.000402425019
556.833333,0.49934393,0.000402279804
556.866667,0.499357339,0.00040216285
556.9,0.499370744,0.000402045672
556.933333,0.499384146,0.000401907428
556.966667,0.499397543,0.000401754802
557,0.499410935,0.000401636737
557.033333,0.499424322,0.000401518301
557.066667,0.499437706,0.000401384229
557.1,0.499451086,0.000401222355
557.133333,0.49946446,0.00040110116
557.166667,0.49947783,0.000400979362
557.2,0.499491196,0.000400847557
557.233333,0.499504558,0.00040067515
557.266667,0.499517913,0.00040055142
557.3,0.499531265,0.000400427526
557.333333,0.499544613,0.000400300308
557.366667,0.499557956,0.000400120092
557.4,0.499571293,0.000399995216
557.433333,0.499584627,0.000399869916
557.466667,0.499597956,0.00039974418
557.5,0.49961128,0.000399560474
557.533333,0.499624599,0.000399429478
557.566667,0.499637913,0.000399301232
557.6,0.499651223,0.000399172565
557.633333,0.499664529,0.000398991889
557.666667,0.499677829,0.000398852652
557.7,0.499691124,0.000398723153
557.733333,0.499704415,0.000398593577
557.766667,0.499717701,0.000398418654
557.8,0.499730982,0.000398272006
557.833333,0.499744258,0.0003981414
557.866667,0.499757529,0.000398010425
557.9,0.499770796,0.000397839656
557.933333,0.499784057,0.000397683857
557.966667,0.499797313,0.00039755116
558,0.499810565,0.000397418264
558.033333,0.499823812,0.000397252367
558.066667,0.499837054,0.000397088974
558.1,0.49985029,0.000396955947
558.133333,0.499863522,0.000396822915
558.166667,0.49987675,0.000396663745
558.2,0.499889972,0.000396493232
558.233333,0.499903188,0.000396359494
558.266667,0.4999164,0.000396225487
558.3,0.499929608,0.000396071588
558.333333,0.49994281,0.000395892401
558.366667,0.499956007,0.000395757417
558.4,0.499969199,0.00039562241
558.433333,0.499982386,0.000395474633
558.466667,0.499995568,0.000395288566
558.5,0.500008745,0.000395153861
558.533333,0.500021917,0.000395019167
558.566667,0.500035084,0.000394878539
558.6,0.500048246,0.000394685519
558.633333,0.500061403,0.000394550247
558.666667,0.500074554,0.000394414771
558.7,0.500087701,0.000394279089
558.733333,0.500100844,0.000394079512
558.766667,0.50011398,0.00039394257
558.8,0.500127111,0.000393806587
558.833333,0.500140238,0.000393670659
558.866667,0.500153361,0.000393478227
558.9,0.500166477,0.000393334755
558.933333,0.500179588,0.000393199015
558.966667,0.500192694,0.000393063208
559,0.500205797,0.000392877272
559.033333,0.500218892,0.000392726071
559.066667,0.500231983,0.00039258937
559.1,0.50024507,0.000392452485
559.133333,0.500258151,0.000392272061
559.166667,0.500271227,0.000392113069
559.2,0.500284298,0.00039197587
559.233333,0.500297363,0.000391838681
559.266667,0.500310425,0.000391665129
559.3,0.50032348,0.000391499122
559.333333,0.50033653,0.000391361664
559.366667,0.500349576,0.000391224022
559.4,0.500362616,0.000391056461
559.433333,0.500375652,0.00039088197
559.466667,0.500388681,0.000390743128
559.5,0.500401706,0.000390604078
559.533333,0.500414726,0.000390441965
559.566667,0.500427741,0.000390259108
559.6,0.500440749,0.000390119494
559.633333,0.500453753,0.000389979798
559.666667,0.500466753,0.000389824172
559.7,0.500479747,0.000389633428
559.733333,0.500492735,0.000389492922
559.766667,0.500505718,0.000389352126
559.8,0.500518696,0.000389202168
559.833333,0.500531669,0.00038900199
559.866667,0.500544636,0.000388859727
559.9,0.500557598,0.000388717237
559.933333,0.500570555,0.00038857284
559.966667,0.500583508,0.000388363627
560,0.500596453,0.000388220356
560.033333,0.500609394,0.000388076923
560.066667,0.50062233,0.000387933323
560.1,0.500635261,0.000387726552
560.133333,0.500648185,0.000387576353
560.166667,0.500661104,0.000387431417
560.2,0.500674019,0.000387286146
560.233333,0.500686928,0.000387084146
560.266667,0.500699831,0.000386924665
560.3,0.500712729,0.000386778047
560.333333,0.500725621,0.000386631232
560.366667,0.500738509,0.000386434975
560.4,0.50075139,0.00038626695
560.433333,0.500764266,0.000386119369
560.466667,0.500777136,0.000385971589
560.5,0.500790002,0.000385781423
560.533333,0.500802861,0.000385604356
560.566667,0.500815715,0.000385455271
560.6,0.500828563,0.000385305897
560.633333,0.500841407,0.00038512123
560.666667,0.500854244,0.000384934765
560.7,0.500867075,0.000384784368
560.733333,0.500879902,0.000384633844
560.766667,0.500892723,0.000384455701
560.8,0.500905538,0.000384260725
560.833333,0.500918347,0.000384109636
560.866667,0.50093115,0.00038395838
560.9,0.500943949,0.000383786949
560.933333,0.500956742,0.000383582942
560.966667,0.500969528,0.000383430682
561,0.500982309,0.000383278233
561.033333,0.500995085,0.000383113219
561.066667,0.501007855,0.000382900149
561.1,0.501020619,0.000382747156
561.133333,0.501033377,0.000382594125
561.166667,0.50104613,0.000382436422
561.2,0.501058878,0.000382215214
561.233333,0.501071618,0.000382061921
561.266667,0.501084354,0.000381908511
561.3,0.501097084,0.000381754984
561.333333,0.501109809,0.00038153134
561.366667,0.501122527,0.000381374167
561.4,0.501135239,0.000381220049
561.433333,0.501147947,0.000381065853
561.466667,0.501160649,0.000380849349
561.5,0.501173344,0.000380684148
561.533333,0.501186033,0.000380529937
561.566667,0.501198718,0.000380375742
561.6,0.501211397,0.000380167141
561.633333,0.501224069,0.000379994095
561.666667,0.501236736,0.000379839745
561.7,0.501249397,0.000379685318
561.733333,0.501262053,0.000379484048
561.766667,0.501274703,0.000379302672
561.8,0.501287346,0.000379147934
561.833333,0.501299984,0.000378993184
561.866667,0.501312617,0.000378799534
561.9,0.501325244,0.000378610353
561.933333,0.501337864,0.000378455733
561.966667,0.50135048,0.000378301129
562,0.50136309,0.000378115482
562.033333,0.501375693,0.000377918451
562.066667,0.501388291,0.000377763668
562.1,0.501400883,0.000377608809
562.133333,0.50141347,0.000377430583
562.166667,0.501426051,0.000377225177
562.2,0.501438625,0.000377070054
562.233333,0.501451194,0.000376914923
562.266667,0.501463758,0.000376744369
562.3,0.501476316,0.000376531066
562.333333,0.501488867,0.000376375953
562.366667,0.501501413,0.000376220806
562.4,0.501513954,0.000376058048
562.433333,0.501526489,0.00037583654
562.466667,0.501539017,0.000375681
562.5,0.501551539,0.000375525351
562.533333,0.501564057,0.000375369593
562.566667,0.501576569,0.000375139954
562.6,0.501589074,0.00037498361
562.633333,0.501601573,0.000374827526
562.666667,0.501614068,0.000374671401
562.7,0.501626557,0.000374449279
562.733333,0.501639038,0.000374284731
562.766667,0.501651514,0.000374128296
562.8,0.501663985,0.000373971753
562.833333,0.501676451,0.000373756759
562.866667,0.50168891,0.000373583468
562.9,0.501701362,0.000373426227
562.933333,0.50171381,0.000373268847
562.966667,0.501726252,0.000373060737
563,0.501738688,0.000372878677
563.033333,0.501751117,0.000372720803
563.066667,0.501763541,0.000372562842
563.1,0.50177596,0.000372362061
563.133333,0.501788372,0.000372171341
563.166667,0.501800778,0.000372012819
563.2,0.501813178,0.000371854139
563.233333,0.501825573,0.000371660364
563.266667,0.501837962,0.000371460437
563.3,0.501850344,0.000371300939
563.333333,0.50186272,0.000371141294
563.366667,0.501875092,0.000370954525
563.4,0.501887457,0.000370745515
563.433333,0.501899815,0.000370585323
563.466667,0.501912168,0.000370425025
563.5,0.501924516,0.000370245675
563.533333,0.501936857,0.000370027671
563.566667,0.501949191,0.000369866727
563.6,0.50196152,0.000369705617
563.633333,0.501973844,0.000369533473
563.666667,0.501986162,0.000369306024
563.7,0.501998472,0.000369144169
563.733333,0.502010777,0.000368982199
563.766667,0.502023076,0.000368817433
563.8,0.50203537,0.00036858085
563.833333,0.502047656,0.000368418442
563.866667,0.502059936,0.000368255941
563.9,0.502072212,0.000368093348
563.933333,0.502084481,0.000367858833
563.966667,0.502096743,0.000367690226
564,0.502109,0.000367527046
564.033333,0.502121251,0.00036736374
564.066667,0.502133496,0.000367136491
564.1,0.502145734,0.000366958929
564.133333,0.502157966,0.000366795178
564.166667,0.502170192,0.000366631369
564.2,0.502182414,0.000366411905
564.233333,0.502194627,0.00036622572
564.266667,0.502206835,0.000366061685
564.3,0.502219037,0.000365897588
564.333333,0.502231233,0.000365686012
564.366667,0.502243423,0.000365491045
564.4,0.502255606,0.000365326576
564.433333,0.502267784,0.000365162038
564.466667,0.502279956,0.000364958269
564.5,0.502292121,0.000364754564
564.533333,0.502304279,0.000364589853
564.566667,0.502316432,0.000364425133
564.6,0.50232858,0.000364229591
564.633333,0.502340721,0.000364017477
564.666667,0.502352855,0.000363852701
564.7,0.502364983,0.000363687892
564.733333,0.502377106,0.000363500549
564.766667,0.502389223,0.000363279815
564.8,0.502401332,0.000363114811
564.833333,0.502413436,0.000362949782
564.866667,0.502425534,0.000362770581
564.9,0.502437627,0.00036254133
564.933333,0.502449711,0.000362376298
564.966667,0.502461791,0.00036221128
565,0.502473864,0.000362040496
565.033333,0.502485932,0.000361802959
565.066667,0.502497992,0.000361637933
565.1,0.502510047,0.000361472879
565.133333,0.502522096,0.000361307795
565.166667,0.50253414,0.000361066846
565.2,0.502546175,0.000360899063
565.233333,0.502558205,0.000360733854
565.266667,0.50257023,0.000360568635
565.3,0.502582249,0.000360335959
565.333333,0.50259426,0.000360159795
565.366667,0.502606265,0.000359994592
565.4,0.502618265,0.000359829384
565.433333,0.502630259,0.000359605058
565.466667,0.502642246,0.000359420413
565.5,0.502654227,0.000359255056
565.533333,0.502666202,0.000359089652
565.566667,0.502678172,0.000358873377
565.6,0.502690134,0.00035868005
565.633333,0.50270209,0.00035851445
565.666667,0.502714041,0.000358348823
565.7,0.502725986,0.000358140712
565.733333,0.502737924,0.000357938816
565.766667,0.502749855,0.000357773061
565.8,0.502761781,0.000357607261
565.833333,0.502773701,0.00035740729
565.866667,0.502785614,0.000357196617
565.9,0.502797521,0.000357030498
565.933333,0.502809422,0.000356864302
565.966667,0.502821317,0.000356672253
566,0.502833207,0.000356452613
566.033333,0.502845088,0.000356286098
566.066667,0.502856964,0.000356119527
566.1,0.502868835,0.000355935529
566.133333,0.5028807,0.000355707008
566.166667,0.502892557,0.000355540139
566.2,0.502904408,0.000355373185
566.233333,0.502916254,0.000355197198
566.266667,0.502928094,0.000354959535
566.3,0.502939926,0.000354792121
566.333333,0.502951752,0.000354624612
566.366667,0.502963573,0.000354456535
566.4,0.502975388,0.000354209612
566.433333,0.502987195,0.000354041702
566.466667,0.502998996,0.000353873718
566.5,0.503010792,0.000353705659
566.533333,0.503022582,0.000353465667
566.566667,0.503034365,0.000353289232
566.6,0.503046141,0.000353120746
566.633333,0.503057912,0.000352952159
566.666667,0.503069677,0.000352719917
566.7,0.503081434,0.000352534305
566.733333,0.503093185,0.000352365234
566.766667,0.503104931,0.000352196073
566.8,0.50311667,0.000351971689
566.833333,0.503128403,0.00035177697
566.866667,0.503140129,0.000351607444
566.9,0.503151849,0.000351437842
566.933333,0.503163564,0.000351221494
566.966667,0.503175271,0.000351017649
567,0.503186972,0.000350847643
567.033333,0.503198666,0.000350677548
567.066667,0.503210356,0.000350469188
567.1,0.503222038,0.000350256112
567.133333,0.503233713,0.000350085631
567.166667,0.503245383,0.000349915086
567.2,0.503257047,0.000349714882
567.233333,0.503268704,0.000349492716
567.266667,0.503280354,0.000349321905
567.3,0.503291998,0.000349151037
567.333333,0.503303636,0.000348959128
567.366667,0.503315268,0.00034872786
567.4,0.503326892,0.000348556696
567.433333,0.503338511,0.000348385472
567.466667,0.503350124,0.000348201849
567.5,0.50336173,0.00034796145
567.533333,0.503373329,0.000347789993
567.566667,0.503384922,0.000347618503
567.6,0.503396509,0.000347443327
567.633333,0.503408091,0.000347193965
567.666667,0.503419664,0.000347022331
567.7,0.503431231,0.000346850662
567.733333,0.503442793,0.000346678958
567.766667,0.503454349,0.000346430698
567.8,0.503465897,0.000346253804
567.833333,0.503477438,0.000346081925
567.866667,0.503488975,0.000345910016
567.9,0.503500505,0.000345670215
567.933333,0.503512027,0.000345484461
567.966667,0.503523543,0.000345312463
568,0.503535054,0.000345140451
568.033333,0.503546558,0.000344909254
568.066667,0.503558055,0.000344714687
568.1,0.503569546,0.00034454259
568.133333,0.503581031,0.00034437047
568.166667,0.50359251,0.00034414783
568.2,0.503603981,0.000343944378
568.233333,0.503615446,0.000343772144
568.266667,0.503626905,0.000343599891
568.3,0.503638358,0.000343385834
568.333333,0.503649805,0.00034317354
568.366667,0.503661244,0.000343001223
568.4,0.503672677,0.00034282889
568.433333,0.503684105,0.00034262347
568.466667,0.503695526,0.000342402314
568.5,0.503706939,0.000342229872
568.533333,0.503718347,0.000342057401
568.566667,0.503729749,0.000341860541
568.6,0.503741144,0.000341630424
568.633333,0.503752532,0.000341457813
568.666667,0.503763914,0.000341285175
568.7,0.50377529,0.000341096886
568.733333,0.50378666,0.000340857813
568.766667,0.503798022,0.000340685044
568.8,0.503809378,0.00034051224
568.833333,0.503820728,0.000340332522
568.866667,0.503832073,0.000340084403
568.9,0.503843409,0.0003399114
568.933333,0.503854739,0.000339738349
568.966667,0.503866064,0.000339565251
569,0.503877382,0.000339311748
569.033333,0.503888693,0.000339136584
569.066667,0.503899997,0.000338963262
569.1,0.503911296,0.000338789894
569.133333,0.503922589,0.000338544789
569.166667,0.503933874,0.000338360543
569.2,0.503945153,0.000338186921
569.233333,0.503956426,0.00033801324
569.266667,0.503967693,0.000337776477
569.3,0.503978952,0.000337583041
569.333333,0.503990205,0.000337409053
569.366667,0.504001452,0.000337235
569.4,0.504012693,0.000337006561
569.433333,0.504023926,0.000336803884
569.466667,0.504035153,0.000336629522
569.5,0.504046374,0.000336455096
569.533333,0.504057589,0.000336235015
569.566667,0.504068797,0.000336023038
569.6,0.504079998,0.000335848275
569.633333,0.504091193,0.000335673438
569.666667,0.504102382,0.000335461703
569.7,0.504113564,0.00033524034
569.733333,0.504124739,0.000335065149
569.766667,0.504135908,0.000334889885
569.8,0.504147071,0.000334686536
569.833333,0.504158227,0.000334455763
569.866667,0.504169375,0.00033428016
569.9,0.504180518,0.000334104484
569.933333,0.504191655,0.000333909573
569.966667,0.504202785,0.000333669344
570,0.504213907,0.00033349332
570.033333,0.504225024,0.000333317224
570.066667,0.504236134,0.000333130783
570.1,0.504247239,0.000332881063
570.133333,0.504258335,0.000332704636
570.166667,0.504269425,0.000332528144
570.2,0.504280509,0.000332350248
570.233333,0.504291588,0.000332091045
570.266667,0.504302657,0.000331914245
570.3,0.504313721,0.000331737383
570.333333,0.504324779,0.000331560457
570.366667,0.504335831,0.000331307018
570.4,0.504346875,0.000331122229
570.433333,0.504357912,0.000330945015
570.466667,0.504368944,0.000330767745
570.5,0.504379969,0.000330522831
570.533333,0.504390987,0.000330328725
570.566667,0.504401998,0.000330151205
570.6,0.504413003,0.000329973634
570.633333,0.504424002,0.000329737327
570.666667,0.504434993,0.000329533902
570.7,0.504445977,0.000329356098
570.733333,0.504456956,0.000329178247
570.766667,0.504467929,0.0003289506
570.8,0.504478894,0.00032873786
570.833333,0.504489851,0.000328559806
570.866667,0.504500803,0.000328381713
570.9,0.50451175,0.000328162805
570.933333,0.504522688,0.000327940774
570.966667,0.50453362,0.000327762504
571,0.504544545,0.000327584197
571.033333,0.504555465,0.000327374072
571.066667,0.504566377,0.000327142737
571.1,0.504577282,0.000326964258
571.133333,0.504588181,0.000326785747
571.166667,0.504599073,0.000326584442
571.2,0.50460996,0.000326343815
571.233333,0.504620838,0.000326165158
571.266667,0.50463171,0.000325986471
571.3,0.504642576,0.000325794036
571.333333,0.504653436,0.000325544122
571.366667,0.504664287,0.000325365289
571.4,0.504675133,0.000325186423
571.433333,0.504685972,0.000325002861
571.466667,0.504696806,0.000324743617
571.5,0.504707631,0.000324564598
571.533333,0.504718449,0.000324385548
571.566667,0.504729262,0.000324206469
571.6,0.504740069,0.00032394672
571.633333,0.504750867,0.000323763116
571.666667,0.50476166,0.000323583891
571.7,0.504772446,0.000323404633
571.733333,0.504783226,0.000323153702
571.766667,0.504793998,0.000322960798
571.8,0.504804763,0.00032278136
571.833333,0.504815522,0.000322601883
571.866667,0.504826276,0.000322359742
571.9,0.504837021,0.000322157497
571.933333,0.50484776,0.000321977836
571.966667,0.504858492,0.000321798138
572,0.504869219,0.000321564816
572.033333,0.504879938,0.000321353203
572.066667,0.504890649,0.000321173305
572.1,0.504901355,0.000320993361
572.133333,0.504912055,0.000320768829
572.166667,0.504922747,0.000320547763
572.2,0.504933432,0.000320367576
572.233333,0.504944111,0.000320187338
572.266667,0.504954784,0.000319971583
572.3,0.50496545,0.000319741019
572.333333,0.504976108,0.000319560542
572.366667,0.50498676,0.000319380013
572.4,0.504997406,0.000319173067
572.433333,0.505008045,0.000318932962
572.466667,0.505018676,0.000318752165
572.5,0.505029301,0.000318571307
572.533333,0.50503992,0.000318373146
572.566667,0.505050533,0.000318123397
572.6,0.505061137,0.00031794224
572.633333,0.505071735,0.000317761022
572.666667,0.505082327,0.000317571665
572.7,0.505092913,0.00031731225
572.733333,0.50510349,0.000317130748
572.766667,0.505114061,0.000316949185
572.8,0.505124626,0.00031676756
572.833333,0.505135185,0.000316500662
572.866667,0.505145735,0.000316317667
572.9,0.505156278,0.000316135721
572.933333,0.505166816,0.000315953706
572.966667,0.505177348,0.00031569547
573,0.505187871,0.000315502854
573.033333,0.505198388,0.000315320527
573.066667,0.505208899,0.00031513814
573.1,0.505219403,0.000314888652
573.133333,0.5052299,0.000314686414
573.166667,0.505240389,0.000314503732
573.2,0.505250873,0.000314320987
573.233333,0.50526135,0.000314080273
573.266667,0.505271819,0.000313868346
573.3,0.505282282,0.000313685283
573.333333,0.505292738,0.000313502155
573.366667,0.505303188,0.00031327024
573.4,0.50531363,0.000313048611
573.433333,0.505324065,0.000312865202
573.466667,0.505334494,0.000312681739
573.5,0.505344917,0.000312458725
573.533333,0.505355332,0.00031222741
573.566667,0.50536574,0.000312043679
573.6,0.505376141,0.00031185989
573.633333,0.505386536,0.000311645797
573.666667,0.505396925,0.000311404736
573.7,0.505407305,0.00031122067
573.733333,0.505417679,0.000311036551
573.766667,0.505428047,0.000310831428
573.8,0.505438408,0.000310580645
573.833333,0.50544876,0.0003103963
573.866667,0.505459107,0.000310211911
573.9,0.505469447,0.000310015848
573.933333,0.505479781,0.00030975536
573.966667,0.505490106,0.000309570744
574,0.505500425,0.000309386077
574.033333,0.505510738,0.000309199081
574.066667,0.505521045,0.00030892883
574.1,0.505531343,0.000308743939
574.133333,0.505541634,0.000308559007
574.166667,0.505551919,0.000308374036
574.2,0.505562198,0.000308108264
574.233333,0.505572469,0.000307916057
574.266667,0.505582733,0.000307730909
574.3,0.50559299,0.000307545722
574.333333,0.505603242,0.000307289024
574.366667,0.505613485,0.000307087179
574.4,0.505623721,0.000306901785
574.433333,0.505633951,0.000306716349
574.466667,0.505644175,0.000306468715
574.5,0.505654391,0.000306257212
574.533333,0.505664599,0.000306071594
574.566667,0.505674801,0.000305885943
574.6,0.505684998,0.000305647457
574.633333,0.505695186,0.000305426317
574.666667,0.505705367,0.000305240497
574.7,0.505715542,0.000305054637
574.733333,0.50572571,0.000304825293
574.766667,0.505735871,0.000304594443
574.8,0.505746024,0.000304408375
574.833333,0.505756171,0.000304222266
574.866667,0.505766312,0.000304002058
574.9,0.505776445,0.000303761483
574.933333,0.50578657,0.000303575192
574.966667,0.50579669,0.000303388865
575,0.505806803,0.000303177857
575.033333,0.505816909,0.000302927553
575.066667,0.505827006,0.000302741029
575.1,0.505837097,0.000302554458
575.133333,0.505847183,0.00030235262
575.166667,0.505857261,0.000302092487
575.2,0.505867331,0.000301905682
575.233333,0.505877394,0.000301718831
575.266667,0.505887452,0.000301526174
575.3,0.505897502,0.000301256205
575.333333,0.505907544,0.000301069147
575.366667,0.50591758,0.000300882043
575.4,0.505927609,0.000300694894
575.433333,0.505937633,0.000300422497
575.466667,0.505947647,0.000300231427
575.5,0.505957654,0.000300044022
575.533333,0.505967656,0.000299856561
575.566667,0.505977651,0.000299593207
575.6,0.505987637,0.000299392303
575.633333,0.505997617,0.000299204584
575.666667,0.506007591,0.000299016814
575.7,0.506017558,0.000298762573
575.733333,0.506027517,0.000298551837
575.766667,0.506037468,0.000298363822
575.8,0.506047414,0.000298175752
575.833333,0.506057353,0.000297930628
575.866667,0.506067284,0.000297709977
575.9,0.506077208,0.000297521616
575.933333,0.506087125,0.000297333193
575.966667,0.506097036,0.000297097171
576,0.506106939,0.000296866564
576.033333,0.506116835,0.000296677871
576.066667,0.506126724,0.000296489126
576.1,0.506136607,0.000296262288
576.133333,0.506146483,0.000296021732
576.166667,0.50615635,0.00029583272
576.2,0.506166211,0.000295643647
576.233333,0.506176066,0.000295425996
576.266667,0.506185913,0.000295175401
576.3,0.506195753,0.00029498603
576.333333,0.506205586,0.0002947966
576.366667,0.506215412,0.000294588157
576.4,0.506225232,0.000294327519
576.433333,0.506235043,0.000294137832
576.466667,0.506244847,0.000293948094
576.5,0.506254645,0.000293748944
576.533333,0.506264437,0.00029347827
576.566667,0.50627422,0.000293288268
576.6,0.506283996,0.000293098206
576.633333,0.506293766,0.000292908085
576.666667,0.50630353,0.000292627824
576.7,0.506313284,0.000292437223
576.733333,0.506323032,0.000292246836
576.766667,0.506332773,0.0002920564
576.8,0.506342508,0.000291785369
576.833333,0.506352235,0.000291584834
576.866667,0.506361954,0.000291394174
576.9,0.506371667,0.000291203467
576.933333,0.506381374,0.000290941718
576.966667,0.506391072,0.000290731206
577,0.506400763,0.000290540248
577.033333,0.506410448,0.000290349238
577.066667,0.506420126,0.000290096768
577.1,0.506429796,0.000289876252
577.133333,0.506439459,0.000289685019
577.166667,0.506449115,0.000289493745
577.2,0.506458765,0.000289250651
577.233333,0.506468406,0.000289020166
577.266667,0.50647804,0.000288828695
577.3,0.506487668,0.00028863718
577.333333,0.506497289,0.000288403484
577.366667,0.506506903,0.00028816297
577.4,0.506516508,0.000287971229
577.433333,0.506526107,0.000287779445
577.466667,0.5065357,0.000287555154
577.5,0.506545285,0.000287304605
577.533333,0.506554862,0.000287112633
577.566667,0.506564432,0.000286920624
577.6,0.506573996,0.000286705821
577.633333,0.506583553,0.000286445262
577.666667,0.506593101,0.000286253067
577.7,0.506602643,0.000286060828
577.733333,0.506612178,0.000285855507
577.766667,0.506621707,0.000285584859
577.8,0.506631226,0.000285392409
577.833333,0.506640739,0.000285199919
577.866667,0.506650246,0.000285004099
577.9,0.506659746,0.000284723372
577.933333,0.506669237,0.000284530707
577.966667,0.506678721,0.000284338005
578,0.506688199,0.000284145267
578.033333,0.506697671,0.000283867412
578.066667,0.506707133,0.000283668034
578.1,0.506716589,0.000283475088
578.133333,0.506726038,0.000283282096
578.166667,0.50673548,0.000283013655
578.2,0.506744914,0.000282804223
578.233333,0.506754341,0.000282611024
578.266667,0.506763761,0.000282417786
578.3,0.506773175,0.000282158825
578.333333,0.506782581,0.000281939352
578.366667,0.506791979,0.000281745926
578.4,0.50680137,0.000281552457
578.433333,0.506810755,0.000281302983
578.466667,0.506820132,0.000281073399
578.5,0.506829501,0.000280879698
578.533333,0.506838864,0.000280685948
578.566667,0.50684822,0.000280445939
578.6,0.506857568,0.000280206205
578.633333,0.506866908,0.000280012239
578.666667,0.506876242,0.00027981823
578.7,0.506885569,0.000279587752
578.733333,0.506894889,0.000279337876
578.766667,0.5069042,0.000279143651
578.8,0.506913505,0.000278949376
578.833333,0.506922803,0.000278728423
578.866667,0.506932094,0.000278468314
578.9,0.506941377,0.000278273785
578.933333,0.506950652,0.000278079207
578.966667,0.506959922,0.000277867782
579,0.506969184,0.000277597425
579.033333,0.506978437,0.000277402621
579.066667,0.506987684,0.000277207772
579.1,0.506996924,0.000277005942
579.133333,0.507006158,0.000276725333
579.166667,0.507015382,0.000276530245
579.2,0.5070246,0.000276335102
579.233333,0.507033811,0.000276139905
579.266667,0.507043015,0.000275854857
579.3,0.507052211,0.000275656503
579.333333,0.507061399,0.000275461053
579.366667,0.507070581,0.000275265555
579.4,0.507079757,0.000274990012
579.433333,0.507088923,0.00027478147
579.466667,0.507098082,0.000274585751
579.5,0.507107235,0.000274389983
579.533333,0.507116382,0.000274123983
579.566667,0.507125519,0.000273905202
579.6,0.507134649,0.000273709182
579.633333,0.507143773,0.000273513109
579.666667,0.50715289,0.00027325664
579.7,0.507161999,0.000273027584
579.733333,0.507171099,0.000272831278
579.766667,0.507180194,0.000272634927
579.8,0.507189282,0.000272388075
579.833333,0.507198361,0.000272148767
579.866667,0.507207433,0.000271952205
579.9,0.507216498,0.000271755594
579.933333,0.507225557,0.000271518379
579.966667,0.507234607,0.00027126876
580,0.507243649,0.000271071911
580.033333,0.507252685,0.000270875014
580.066667,0.507261714,0.000270647447
580.1,0.507270736,0.000270387509
580.133333,0.507279749,0.000270190408
580.166667,0.507288755,0.000269993269
580.2,0.507297755,0.000269775431
580.233333,0.507306747,0.000269505195
580.266667,0.507315731,0.000269307857
580.3,0.507324708,0.000269110473
580.333333,0.507333678,0.000268902368
580.366667,0.507342642,0.000268621768
580.4,0.507351596,0.000268424168
580.433333,0.507360543,0.000268226529
580.466667,0.507369484,0.000268028184
580.5,0.507378418,0.000267737236
580.533333,0.507387343,0.00026753942
580.566667,0.507396261,0.000267341568
580.6,0.507405172,0.00026714368
580.633333,0.507414077,0.000266861127
580.666667,0.507422972,0.000266653716
580.7,0.507431861,0.00026645563
580.733333,0.507440743,0.000266264674
580.766667,0.507449618,0.000265960565
580.8,0.507458484,0.000265794172
580.833333,0.507467343,0.000265597282
580.866667,0.507476197,0.000265328661
580.9,0.507485041,0.000265148451
580.933333,0.507493879,0.000265003712
580.966667,0.507502713,0.000264883063
581,0.507511542,0.000264792458
581.033333,0.507520369,0.000264798546
581.066667,0.507529195,0.000264849367
581.1,0.507538023,0.000264935373
581.133333,0.507546855,0.000265111982
581.166667,0.507555692,0.00026531849
581.2,0.507564536,0.000265515857
581.233333,0.507573386,0.000265727877
581.266667,0.507582244,0.000266020111
581.3,0.507591111,0.000266342541
581.333333,0.507599989,0.00026664118
581.366667,0.507608877,0.000266966613
581.4,0.507617776,0.000267409473
581.433333,0.50762669,0.000267950223
581.466667,0.507635621,0.000268419019
581.5,0.507644569,0.000268911268
581.533333,0.507653532,0.000269511455
581.566667,0.507662516,0.000270227216
581.6,0.507671524,0.00027078284
581.633333,0.50768055,0.000271346376
581.666667,0.507689595,0.000271980167
581.7,0.507698661,0.000272797026
581.733333,0.507707754,0.000273425612
581.766667,0.507716868,0.000274076442
581.8,0.507726004,0.000274790219
581.833333,0.507735164,0.00027581356
581.866667,0.507744357,0.000276569011
581.9,0.507753576,0.000277337615
581.933333,0.507762821,0.000278122331
581.966667,0.507772092,0.000279288578
582,0.507781401,0.000280089073
582.033333,0.507790738,0.00028089521
582.066667,0.507800101,0.000281707452
582.1,0.507809491,0.000282895678
582.133333,0.507818921,0.000283798326
582.166667,0.507828381,0.000284682285
582.2,0.50783787,0.000285585473
582.233333,0.50784739,0.000286873579
582.266667,0.507856952,0.00028792788
582.3,0.50786655,0.000288898511
582.333333,0.50787618,0.000289875835
582.366667,0.507885842,0.000291180492
582.4,0.507895548,0.000292314375
582.433333,0.507905292,0.000293309664
582.466667,0.507915069,0.000294312434
582.5,0.50792488,0.000295613107
582.533333,0.507934733,0.000296868401
582.566667,0.507944629,0.000297939037
582.6,0.50795456,0.000299025367
582.633333,0.507964528,0.000300382551
582.666667,0.507974541,0.000301788685
582.7,0.5079846,0.000302921581
582.733333,0.507994698,0.000304057477
582.766667,0.508004833,0.00030539492
582.8,0.508015013,0.000306879078
582.833333,0.508025242,0.000308029574
582.866667,0.50803551,0.000309188406
582.9,0.508045816,0.000310505058
582.933333,0.508056166,0.000312119467
582.966667,0.50806657,0.000313337006
583,0.508077015,0.000314565418
583.033333,0.5080875,0.00031589685
583.066667,0.50809803,0.000317648544
583.1,0.508108618,0.000318900996
583.133333,0.508119248,0.000320152992
583.166667,0.50812992,0.000321433062
583.2,0.508140635,0.000323250573
583.233333,0.50815141,0.000324509644
583.266667,0.508162227,0.000325775926
583.3,0.508173086,0.000327049675
583.333333,0.508183987,0.000328917483
583.366667,0.508194951,0.000330260054
583.4,0.50820596,0.000331571486
583.433333,0.508217012,0.00033288699
583.466667,0.508228109,0.000334724642
583.5,0.508239266,0.000336137581
583.533333,0.508250471,0.000337443378
583.566667,0.508261719,0.000338745679
583.6,0.50827301,0.000340493179
583.633333,0.50828436,0.000341961398
583.666667,0.508295759,0.000343266436
583.7,0.508307201,0.000344575432
583.733333,0.508318687,0.000346279534
583.766667,0.508330229,0.000347838008
583.8,0.508341824,0.000349157864
583.833333,0.508353463,0.000350475153
583.866667,0.508365145,0.000352105648
583.9,0.508376882,0.000353701527
583.933333,0.508388672,0.000354988553
583.966667,0.508400505,0.000356269751
584,0.508412381,0.00035779106
584.033333,0.508424307,0.000359419171
584.066667,0.508436288,0.000360690195
584.1,0.508448311,0.000361961301
584.133333,0.508460376,0.000363414153
584.166667,0.50847249,0.000365101873
584.2,0.50848466,0.000366360391
584.233333,0.508496872,0.000367611398
584.266667,0.508509126,0.000368967084
584.3,0.508521425,0.000370657865
584.333333,0.50853378,0.000371865909
584.366667,0.508546175,0.000373067281
584.4,0.508558611,0.000374311513
584.433333,0.508571088,0.0003760137
584.466667,0.508583622,0.000377197435
584.5,0.508596195,0.000378378511
584.533333,0.508608808,0.000379556851
584.566667,0.50862146,0.000381270187
584.6,0.508634169,0.000382435292
584.633333,0.508646916,0.00038357997
584.666667,0.508659702,0.000384714943
584.7,0.508672526,0.000386295525
584.733333,0.508685403,0.000387462619
584.766667,0.508698318,0.000388557284
584.8,0.50871127,0.000389646576
584.833333,0.508724258,0.000391124242
584.866667,0.508737296,0.000392321589
584.9,0.508750373,0.000393395524
584.933333,0.508763486,0.000394465328
584.966667,0.508776635,0.000395858777
585,0.50878983,0.000397073625
585.033333,0.508803066,0.000398108173
585.066667,0.508816337,0.000399134022
585.1,0.508829641,0.000400413487
585.133333,0.508842988,0.000401626494
585.166667,0.508856376,0.000402621723
585.2,0.508869796,0.000403613817
585.233333,0.50888325,0.000404812502
585.266667,0.508896744,0.000406056765
585.3,0.508910279,0.00040703786
585.333333,0.508923847,0.000408014901
585.366667,0.508937448,0.000409142291
585.4,0.508951086,0.000410400974
585.433333,0.508964766,0.000411348279
585.466667,0.508978477,0.00041228929
585.5,0.50899222,0.00041332639
585.533333,0.509005998,0.000414589604
585.566667,0.509019817,0.000415512507
585.6,0.509033668,0.000416434478
585.633333,0.509047549,0.000417410977
585.666667,0.509061463,0.000418712035
585.7,0.50907542,0.000419627939
585.733333,0.509089407,0.000420540173
585.766667,0.509103425,0.000421456929
585.8,0.509117474,0.000422773672
585.833333,0.509131566,0.000423662535
585.866667,0.509145689,0.000424547384
585.9,0.50915984,0.000425428382
585.933333,0.509174021,0.000426685412
585.966667,0.509188244,0.000427597564
586,0.509202497,0.000428473503
586.033333,0.50921678,0.000429349359
586.066667,0.509231091,0.000430558885
586.1,0.509245443,0.000431509887
586.133333,0.509259827,0.000432376381
586.166667,0.509274239,0.00043323894
586.2,0.509288681,0.000434377809
586.233333,0.50930316,0.000435345404
586.266667,0.509317671,0.000436188058
586.3,0.509332211,0.000437028061
586.333333,0.509346779,0.000438100946
586.366667,0.509361382,0.000439098821
586.4,0.509376019,0.00043993412
586.433333,0.509390683,0.000440768341
586.466667,0.509405375,0.000441792034
586.5,0.509420102,0.000442819515
586.533333,0.509434862,0.000443638706
586.566667,0.50944965,0.000444453002
586.6,0.509464466,0.000445405585
586.633333,0.509479312,0.000446439275
586.666667,0.509494194,0.000447231936
586.7,0.509509101,0.000448021732
586.733333,0.509524036,0.000448910077
586.766667,0.509538999,0.000449963769
586.8,0.509553998,0.000450743152
586.833333,0.509569023,0.000451519384
586.866667,0.509584073,0.000452352268
586.9,0.509599152,0.000453417469
586.933333,0.509614266,0.000454169896
586.966667,0.509629405,0.000454916104
587,0.509644569,0.000455676281
587.033333,0.509659758,0.000456730802
587.066667,0.509674982,0.0004574511
587.1,0.509690231,0.000458167643
587.133333,0.509705503,0.000458880493
587.166667,0.509720799,0.000459906034
587.2,0.509736129,0.000460620729
587.233333,0.509751483,0.000461313981
587.266667,0.50976686,0.000462001843
587.3,0.50978226,0.000462949705
587.333333,0.509797692,0.000463661428
587.366667,0.509813147,0.000464316345
587.4,0.509828624,0.000464964403
587.433333,0.509844123,0.000465825429
587.466667,0.509859651,0.000466531046
587.5,0.509875202,0.000467153074
587.533333,0.509890774,0.000467770594
587.566667,0.509906366,0.000468564051
587.6,0.509921985,0.000469269893
587.633333,0.509937627,0.000469862463
587.666667,0.509953289,0.000470448531
587.7,0.509968971,0.000471167662
587.733333,0.509984676,0.00047185633
587.766667,0.510000405,0.0004724084
587.8,0.510016152,0.000472954089
587.833333,0.510031917,0.000473598195
587.866667,0.510047704,0.000474272152
587.9,0.510063513,0.000474793495
587.933333,0.510079339,0.000475310404
587.966667,0.510095183,0.00047589708
588,0.510111046,0.000476562643
588.033333,0.510126931,0.000477054689
588.066667,0.510142833,0.000477540504
588.1,0.510158751,0.000478065136
588.133333,0.510174687,0.000478707471
588.166667,0.510190644,0.000479163984
588.2,0.510206616,0.000479615637
588.233333,0.510222603,0.000480082863
588.266667,0.510238606,0.00048071038
588.3,0.510254629,0.000481143544
588.333333,0.510270668,0.000481573168
588.366667,0.51028672,0.000481999233
588.4,0.510302787,0.000482614177
588.433333,0.510318874,0.000483025272
588.466667,0.510334975,0.00048342956
588.5,0.510351089,0.00048382892
588.533333,0.510367217,0.000484383925
588.566667,0.510383363,0.000484788592
588.6,0.510399522,0.000485168818
588.633333,0.510415695,0.000485546189
588.666667,0.51043188,0.000486057391
588.7,0.510448081,0.000486465936
588.733333,0.510464297,0.000486832542
588.766667,0.510480525,0.000487196607
588.8,0.510496765,0.000487670321
588.833333,0.51051302,0.000488078465
588.866667,0.51052929,0.000488426888
588.9,0.51054557,0.000488772003
588.933333,0.510561863,0.000489203563
588.966667,0.51057817,0.000489609185
589,0.51059449,0.000489942959
589.033333,0.510610821,0.00049027534
589.066667,0.510627164,0.00049067778
589.1,0.51064352,0.000491090943
589.133333,0.51065989,0.000491417021
589.166667,0.51067627,0.000491741168
589.2,0.510692661,0.00049211585
589.233333,0.510709065,0.000492529958
589.266667,0.510725483,0.000492842397
589.3,0.510741911,0.000493152573
589.333333,0.510758349,0.000493495647
589.366667,0.510774799,0.000493909728
589.4,0.510791263,0.000494212658
589.433333,0.510807737,0.000494514706
589.466667,0.510824221,0.000494835308
589.5,0.510840715,0.000495256954
589.533333,0.510857224,0.000495553178
589.566667,0.510873742,0.000495847328
589.6,0.51089027,0.000496143385
589.633333,0.510906808,0.000496562976
589.666667,0.510923361,0.00049684574
589.7,0.510939922,0.000497126458
589.733333,0.510956493,0.00049740517
589.766667,0.510973073,0.000497801824
589.8,0.510989667,0.000498085253
589.833333,0.511006269,0.000498357283
589.866667,0.511022881,0.000498627953
589.9,0.511039502,0.000498999445
589.933333,0.511056136,0.000499285995
589.966667,0.511072778,0.000499546375
590,0.51108943,0.000499803988
590.033333,0.51110609,0.000500141905
590.066667,0.511122761,0.000500423499
590.1,0.511139442,0.000500667829
590.133333,0.511156131,0.000500909819
590.166667,0.511172828,0.000501216825
590.2,0.511189535,0.000501496193
590.233333,0.511206252,0.000501728363
590.266667,0.511222976,0.000501958246
590.3,0.511239708,0.000502237724
590.333333,0.511256449,0.000502511025
590.366667,0.5112732,0.000502726634
590.4,0.511289957,0.000502938825
590.433333,0.511306722,0.000503184659
590.466667,0.511323495,0.000503444394
590.5,0.511340276,0.000503641239
590.533333,0.511357064,0.00050383539
590.566667,0.511373859,0.000504051861
590.6,0.511390661,0.000504301432
590.633333,0.511407471,0.000504483152
590.666667,0.511424287,0.000504661913
590.7,0.511441109,0.000504851723
590.733333,0.511457937,0.000505086466
590.766667,0.511474773,0.000505248859
590.8,0.511491615,0.000505407697
590.833333,0.511508462,0.000505567818
590.866667,0.511525314,0.000505782556
590.9,0.511542174,0.000505926198
590.933333,0.511559038,0.000506067246
590.966667,0.511575907,0.000506205721
591,0.51159278,0.000506400561
591.033333,0.51160966,0.000506531561
591.066667,0.511626545,0.000506657163
591.1,0.511643433,0.000506779775
591.133333,0.511660326,0.000506944207
591.166667,0.511677224,0.000507062683
591.2,0.511694126,0.000507170131
591.233333,0.511711032,0.000507274661
591.266667,0.511727941,0.00050741034
591.3,0.511744855,0.00050751765
591.333333,0.511761772,0.000507611062
591.366667,0.511778692,0.000507702495
591.4,0.511795616,0.000507817744
591.433333,0.511812543,0.000507916469
591.466667,0.511829473,0.000507997805
591.5,0.511846407,0.000508076808
591.533333,0.511863343,0.000508171412
591.566667,0.511880282,0.000508258188
591.6,0.511897224,0.000508326403
591.633333,0.511914168,0.000508392804
591.666667,0.511931114,0.000508469975
591.7,0.511948063,0.000508548438
591.733333,0.511965015,0.000508608484
591.766667,0.511981968,0.000508667432
591.8,0.511998924,0.000508733726
591.833333,0.512015882,0.000508806667
591.866667,0.512032842,0.000508859587
591.9,0.512049804,0.000508911092
591.933333,0.512066768,0.000508965963
591.966667,0.512083733,0.000509030997
592,0.512100701,0.000509076675
592.033333,0.51211767,0.000509121635
592.066667,0.512134641,0.000509168137
592.1,0.512151613,0.00050923004
592.133333,0.512168588,0.00050927296
592.166667,0.512185563,0.000509315497
592.2,0.51220254,0.000509357657
592.233333,0.512219519,0.000509418227
592.266667,0.5122365,0.000509457984
592.3,0.512253482,0.000509497032
592.333333,0.512270465,0.000509535382
592.366667,0.512287449,0.000509588541
592.4,0.512304436,0.000509627092
592.433333,0.512321423,0.000509663702
592.466667,0.512338412,0.000509700254
592.5,0.512355402,0.000509750581
592.533333,0.512372394,0.000509790979
592.566667,0.512389387,0.000509827517
592.6,0.512406381,0.000509863871
592.633333,0.512423376,0.000509911263
592.666667,0.512440373,0.000509951489
592.7,0.512457372,0.000509985792
592.733333,0.512474371,0.000510019654
592.766667,0.512491372,0.000510062019
592.8,0.512508374,0.000510101614
592.833333,0.512525377,0.000510134471
592.866667,0.512542382,0.000510167289
592.9,0.512559388,0.000510207334
592.933333,0.512576394,0.000510248087
592.966667,0.512593403,0.000510280103
593,0.512610412,0.000510311656
593.033333,0.512627422,0.000510347743
593.066667,0.512644434,0.000510386231
593.1,0.512661447,0.000510414662
593.133333,0.512678461,0.000510442469
593.166667,0.512695475,0.000510472799
593.2,0.512712491,0.000510508265
593.233333,0.512729508,0.000510533784
593.266667,0.512746526,0.000510558873
593.3,0.512763545,0.000510585175
593.333333,0.512780564,0.00051061815
593.366667,0.512797585,0.000510640202
593.4,0.512814606,0.000510661298
593.433333,0.512831628,0.000510681756
593.466667,0.512848651,0.000510708032
593.5,0.512865674,0.000510724135
593.533333,0.512882699,0.000510739295
593.566667,0.512899723,0.000510753522
593.6,0.512916748,0.000510771838
593.633333,0.512933774,0.000510783382
593.666667,0.5129508,0.000510793665
593.7,0.512967827,0.000510803073
593.733333,0.512984853,0.000510813747
593.766667,0.513001881,0.000510819652
593.8,0.513018908,0.000510823629
593.833333,0.513035935,0.000510826323
593.866667,0.513052963,0.000510827069
593.9,0.51306999,0.000510825074
593.933333,0.513087018,0.000510821952
593.966667,0.513104045,0.000510817781
594,0.513121073,0.000510810444
594.033333,0.5131381,0.000510801609
594.066667,0.513155126,0.000510792821
594.1,0.513172153,0.000510783006
594.133333,0.513189179,0.000510768872
594.166667,0.513206204,0.000510752014
594.2,0.51322323,0.000510736591
594.233333,0.513240254,0.000510719975
594.266667,0.513257278,0.000510698324
594.3,0.513274301,0.00051067239
594.333333,0.513291324,0.000510650853
594.366667,0.513308345,0.000510628512
594.4,0.513325366,0.000510601979
594.433333,0.513342386,0.000510569036
594.466667,0.513359405,0.000510543164
594.5,0.513376424,0.000510516508
594.533333,0.513393441,0.000510486489
594.566667,0.513410457,0.00051044601
594.6,0.513427472,0.000510415406
594.633333,0.513444486,0.000510384076
594.666667,0.513461499,0.000510350791
594.7,0.51347851,0.000510303164
594.733333,0.51349552,0.000510269312
594.766667,0.513512529,0.000510235172
594.8,0.513529537,0.000510200752
594.833333,0.513546544,0.000510149792
594.866667,0.513563549,0.000510113946
594.9,0.513580553,0.000510078266
594.933333,0.513597555,0.000510042285
594.966667,0.513614557,0.000509990761
595,0.513631556,0.000509951392
595.033333,0.513648555,0.000509914248
595.066667,0.513665552,0.000509877008
595.1,0.513682548,0.000509826411
595.133333,0.513699542,0.000509785254
595.166667,0.513716535,0.000509748608
595.2,0.513733526,0.000509712189
595.233333,0.513750517,0.000509664992
595.266667,0.513767506,0.000509623413
595.3,0.513784493,0.000509587941
595.333333,0.513801479,0.000509552625
595.366667,0.513818464,0.000509508469
595.4,0.513835448,0.000509466285
595.433333,0.51385243,0.000509432034
595.466667,0.513869411,0.000509398148
595.5,0.513886391,0.000509357925
595.533333,0.51390337,0.000509316936
595.566667,0.513920347,0.000509285362
595.6,0.513937323,0.000509254283
595.633333,0.513954298,0.000509219044
595.666667,0.513971272,0.000509179965
595.7,0.513988245,0.000509150883
595.733333,0.514005217,0.00050912215
595.766667,0.514022188,0.000509090819
595.8,0.514039157,0.000509053065
595.833333,0.514056126,0.000509026227
595.866667,0.514073093,0.00050899988
595.9,0.51409006,0.000508972654
595.933333,0.514107026,0.000508937487
595.966667,0.51412399,0.000508913593
596,0.514140954,0.000508890129
596.033333,0.514157917,0.000508866974
596.066667,0.514174879,0.000508834051
596.1,0.51419184,0.000508812152
596.133333,0.514208801,0.000508790492
596.166667,0.51422576,0.000508769075
596.2,0.514242719,0.000508739134
596.233333,0.514259677,0.000508717806
596.266667,0.514276635,0.000508697748
596.3,0.514293591,0.000508678
596.333333,0.514310547,0.000508651481
596.366667,0.514327502,0.000508630879
596.4,0.514344457,0.000508612256
596.433333,0.51436141,0.000508593752
596.466667,0.514378363,0.0005085693
596.5,0.514395316,0.000508548162
596.533333,0.514412267,0.000508529698
596.566667,0.514429218,0.000508511212
596.6,0.514446169,0.000508487582
596.633333,0.514463118,0.000508465448
596.666667,0.514480067,0.00050844699
596.7,0.514497015,0.000508428537
596.733333,0.514513963,0.000508405885
596.766667,0.51453091,0.000508382647
596.8,0.514547856,0.000508363802
596.833333,0.514564801,0.000508344763
596.866667,0.514581746,0.000508322032
596.9,0.51459869,0.000508296279
596.933333,0.514615634,0.000508276058
596.966667,0.514632576,0.000508255606
597,0.514649518,0.000508232288
597.033333,0.514666459,0.000508203824
597.066667,0.514683399,0.000508182437
597.1,0.514700339,0.000508160855
597.133333,0.514717277,0.000508137426
597.166667,0.514734215,0.000508106232
597.2,0.514751152,0.000508083439
597.233333,0.514768088,0.000508060325
597.266667,0.514785023,0.00050803632
597.3,0.514801958,0.000508001402
597.333333,0.514818891,0.000507976809
597.366667,0.514835824,0.000507951981
597.4,0.514852756,0.000507926924
597.433333,0.514869687,0.000507890155
597.466667,0.514886616,0.000507863751
597.5,0.514903545,0.000507837871
597.533333,0.514920473,0.000507811823
597.566667,0.5149374,0.000507774985
597.6,0.514954326,0.000507746147
597.633333,0.514971251,0.000507719165
597.666667,0.514988175,0.000507691994
597.7,0.515005098,0.000507655056
597.733333,0.51502202,0.000507623873
597.766667,0.51503894,0.000507596195
597.8,0.51505586,0.000507568501
597.833333,0.515072779,0.000507532663
597.866667,0.515089697,0.000507500154
597.9,0.515106614,0.00050747266
597.933333,0.515123529,0.000507445219
597.966667,0.515140444,0.000507411156
598,0.515157358,0.000507377629
598.033333,0.515174271,0.000507350482
598.066667,0.515191182,0.00050732344
598.1,0.515208093,0.000507291358
598.133333,0.515225003,0.000507257424
598.166667,0.515241911,0.000507231316
598.2,0.515258819,0.000507205493
598.233333,0.515275726,0.000507176405
598.266667,0.515292632,0.000507143359
598.3,0.515309537,0.000507119063
598.333333,0.51532644,0.000507095088
598.366667,0.515343344,0.0005070693
598.4,0.515360246,0.000507037542
598.433333,0.515377147,0.000507015162
598.466667,0.515394048,0.000506993166
598.5,0.515410947,0.000506970685
598.533333,0.515427847,0.000506940984
598.566667,0.515444745,0.000506921133
598.6,0.515461642,0.000506901787
598.633333,0.515478539,0.000506882947
598.666667,0.515495435,0.000506856725
598.7,0.51551233,0.000506839624
598.733333,0.515529225,0.00050682315
598.766667,0.515546119,0.000506807147
598.8,0.515563012,0.000506785677
598.833333,0.515579905,0.000506770569
598.866667,0.515596798,0.000506756864
598.9,0.515613689,0.000506743665
598.933333,0.515630581,0.000506726869
598.966667,0.515647472,0.000506714348
599,0.515664362,0.000506703714
599.033333,0.515681252,0.000506693606
599.066667,0.515698142,0.000506681392
599.1,0.515715032,0.00050667165
599.133333,0.515731921,0.000506663835
599.166667,0.515748809,0.000506656453
599.2,0.515765698,0.00050664793
599.233333,0.515782586,0.000506640723
599.266667,0.515799474,0.000506635369
599.3,0.515816362,0.000506630441
599.333333,0.51583325,0.000506625193
599.366667,0.515850137,0.000506620737
599.4,0.515867025,0.000506617792
599.433333,0.515883912,0.000506615215
599.466667,0.515900799,0.000506612754
599.5,0.515917686,0.000506610739
599.533333,0.515934573,0.000506609634
599.566667,0.51595146,0.000506608781
599.6,0.515968347,0.000506608165
599.633333,0.515985234,0.000506608023
599.666667,0.516002121,0.000506608314
599.7,0.516019008,0.000506608834
599.733333,0.516035895,0.000506609653
599.766667,0.516052782,0.000506611304
599.8,0.516069669,0.000506612785
599.833333,0.516086556,0.000506614405
599.866667,0.516103443,0.000506616179
599.9,0.51612033,0.000506619018
599.933333,0.516137218,0.000506621081
599.966667,0.516154105,0.000506622798
600,0.516170992,0.000506622798
